#-----------------------------------------------------------
# Vivado v2024.1 (64-bit)
# SW Build 5076996 on Wed May 22 18:37:14 MDT 2024
# IP Build 5075265 on Wed May 22 21:45:21 MDT 2024
# SharedData Build 5076995 on Wed May 22 18:29:18 MDT 2024
# Start of session at: Mon Sep 28 22:00:01 2026
# Process ID: 20252
# Current directory: D:/MPSOC_YOLO/06_vivado/proj
# Command line: vivado.exe -gui_launcher_event rodinguilauncherevent13888 D:\MPSOC_YOLO\06_vivado\proj\yolo_zcu104.xpr
# Log file: D:/MPSOC_YOLO/06_vivado/proj/vivado.log
# Journal file: D:/MPSOC_YOLO/06_vivado/proj\vivado.jou
# Running On        :Gaurav
# Platform          :Windows Server 2016 or Windows 10
# Operating System  :26200
# Processor Detail  :13th Gen Intel(R) Core(TM) i5-13420H
# CPU Frequency     :2611 MHz
# CPU Physical cores:8
# CPU Logical cores :12
# Host memory       :16802 MB
# Swap memory       :13008 MB
# Total Virtual     :29811 MB
# Available Virtual :2900 MB
#-----------------------------------------------------------
start_gui
open_project D:/MPSOC_YOLO/06_vivado/proj/yolo_zcu104.xpr
Scanning sources...
Finished scanning sources
WARNING: [Board 49-26] cannot add Board Part xilinx.com:kcu105:part0:1.6 available at C:/Xilinx/Vivado/2024.1/data/xhub/boards/XilinxBoardStore/boards/Xilinx/kcu105/1.6/board.xml as part xcku040-ffva1156-2-e specified in board_part file is either invalid or not available
WARNING: [Board 49-26] cannot add Board Part xilinx.com:kcu105:part0:1.7 available at C:/Xilinx/Vivado/2024.1/data/xhub/boards/XilinxBoardStore/boards/Xilinx/kcu105/1.7/board.xml as part xcku040-ffva1156-2-e specified in board_part file is either invalid or not available
WARNING: [Board 49-26] cannot add Board Part xilinx.com:kcu116:part0:1.4 available at C:/Xilinx/Vivado/2024.1/data/xhub/boards/XilinxBoardStore/boards/Xilinx/kcu116/1.4/board.xml as part xcku5p-ffvb676-2-e specified in board_part file is either invalid or not available
WARNING: [Board 49-26] cannot add Board Part xilinx.com:kcu116:part0:1.5 available at C:/Xilinx/Vivado/2024.1/data/xhub/boards/XilinxBoardStore/boards/Xilinx/kcu116/1.5/board.xml as part xcku5p-ffvb676-2-e specified in board_part file is either invalid or not available
WARNING: [Board 49-26] cannot add Board Part xilinx.com:kcu1500:part0:1.2 available at C:/Xilinx/Vivado/2024.1/data/xhub/boards/XilinxBoardStore/boards/Xilinx/kcu1500/1.2/board.xml as part xcku115-flvb2104-2-e specified in board_part file is either invalid or not available
WARNING: [Board 49-26] cannot add Board Part xilinx.com:vck190:part0:2.2 available at C:/Xilinx/Vivado/2024.1/data/xhub/boards/XilinxBoardStore/boards/Xilinx/vck190/production/2.2/board.xml as part xcvc1902-vsva2197-2mp-e-s specified in board_part file is either invalid or not available
WARNING: [Board 49-26] cannot add Board Part xilinx.com:vck190:part0:3.0 available at C:/Xilinx/Vivado/2024.1/data/xhub/boards/XilinxBoardStore/boards/Xilinx/vck190/production/3.0/board.xml as part xcvc1902-vsva2197-2mp-e-s specified in board_part file is either invalid or not available
WARNING: [Board 49-26] cannot add Board Part xilinx.com:vck190:part0:3.1 available at C:/Xilinx/Vivado/2024.1/data/xhub/boards/XilinxBoardStore/boards/Xilinx/vck190/production/3.1/board.xml as part xcvc1902-vsva2197-2mp-e-s specified in board_part file is either invalid or not available
WARNING: [Board 49-26] cannot add Board Part xilinx.com:vck190:part0:3.2 available at C:/Xilinx/Vivado/2024.1/data/xhub/boards/XilinxBoardStore/boards/Xilinx/vck190/production/3.2/board.xml as part xcvc1902-vsva2197-2mp-e-s specified in board_part file is either invalid or not available
WARNING: [Board 49-26] cannot add Board Part xilinx.com:vck190:part0:3.3 available at C:/Xilinx/Vivado/2024.1/data/xhub/boards/XilinxBoardStore/boards/Xilinx/vck190/production/3.3/board.xml as part xcvc1902-vsva2197-2mp-e-s specified in board_part file is either invalid or not available
WARNING: [Board 49-26] cannot add Board Part xilinx.com:vck190_newl:part0:1.0 available at C:/Xilinx/Vivado/2024.1/data/xhub/boards/XilinxBoardStore/boards/Xilinx/vck190_newl/production/1.0/board.xml as part xcvc1902-vsva2197-2mp-e-s specified in board_part file is either invalid or not available
WARNING: [Board 49-26] cannot add Board Part xilinx.com:vck190_newl:part0:1.1 available at C:/Xilinx/Vivado/2024.1/data/xhub/boards/XilinxBoardStore/boards/Xilinx/vck190_newl/production/1.1/board.xml as part xcvc1902-vsva2197-2mp-e-s specified in board_part file is either invalid or not available
WARNING: [Board 49-26] cannot add Board Part xilinx.com:vck190_newl:part0:1.2 available at C:/Xilinx/Vivado/2024.1/data/xhub/boards/XilinxBoardStore/boards/Xilinx/vck190_newl/production/1.2/board.xml as part xcvc1902-vsva2197-2mp-e-s specified in board_part file is either invalid or not available
WARNING: [Board 49-26] cannot add Board Part xilinx.com:vcu108:part0:1.6 available at C:/Xilinx/Vivado/2024.1/data/xhub/boards/XilinxBoardStore/boards/Xilinx/vcu108/1.6/board.xml as part xcvu095-ffva2104-2-e specified in board_part file is either invalid or not available
WARNING: [Board 49-26] cannot add Board Part xilinx.com:vcu108:part0:1.7 available at C:/Xilinx/Vivado/2024.1/data/xhub/boards/XilinxBoardStore/boards/Xilinx/vcu108/1.7/board.xml as part xcvu095-ffva2104-2-e specified in board_part file is either invalid or not available
WARNING: [Board 49-26] cannot add Board Part xilinx.com:vcu110:part0:1.4 available at C:/Xilinx/Vivado/2024.1/data/xhub/boards/XilinxBoardStore/boards/Xilinx/vcu110/1.4/board.xml as part xcvu190-flgc2104-2-e specified in board_part file is either invalid or not available
WARNING: [Board 49-26] cannot add Board Part xilinx.com:vcu118:part0:2.0 available at C:/Xilinx/Vivado/2024.1/data/xhub/boards/XilinxBoardStore/boards/Xilinx/vcu118/2.0/board.xml as part xcvu9p-flga2104-2l-e specified in board_part file is either invalid or not available
WARNING: [Board 49-26] cannot add Board Part xilinx.com:vcu118:part0:2.3 available at C:/Xilinx/Vivado/2024.1/data/xhub/boards/XilinxBoardStore/boards/Xilinx/vcu118/2.3/board.xml as part xcvu9p-flga2104-2l-e specified in board_part file is either invalid or not available
WARNING: [Board 49-26] cannot add Board Part xilinx.com:vcu118:part0:2.4 available at C:/Xilinx/Vivado/2024.1/data/xhub/boards/XilinxBoardStore/boards/Xilinx/vcu118/2.4/board.xml as part xcvu9p-flga2104-2l-e specified in board_part file is either invalid or not available
WARNING: [Board 49-26] cannot add Board Part xilinx.com:vcu128:part0:1.0 available at C:/Xilinx/Vivado/2024.1/data/xhub/boards/XilinxBoardStore/boards/Xilinx/vcu128/production/1.0/board.xml as part xcvu37p-fsvh2892-2l-e specified in board_part file is either invalid or not available
WARNING: [Board 49-26] cannot add Board Part xilinx.com:vcu129:part0:1.0 available at C:/Xilinx/Vivado/2024.1/data/xhub/boards/XilinxBoardStore/boards/Xilinx/vcu129/production/1.0/board.xml as part xcvu29p-fsga2577-2l-e specified in board_part file is either invalid or not available
WARNING: [Board 49-26] cannot add Board Part xilinx.com:vcu1525:part0:1.3 available at C:/Xilinx/Vivado/2024.1/data/xhub/boards/XilinxBoardStore/boards/Xilinx/vcu1525/1.3/board.xml as part xcvu9p-fsgd2104-2l-e specified in board_part file is either invalid or not available
WARNING: [Board 49-26] cannot add Board Part xilinx.com:vek280:part0:1.0 available at C:/Xilinx/Vivado/2024.1/data/xhub/boards/XilinxBoardStore/boards/Xilinx/vek280/production/1.0/board.xml as part xcve2802-vsvh1760-2mp-e-s specified in board_part file is either invalid or not available
WARNING: [Board 49-26] cannot add Board Part xilinx.com:vek280:part0:1.1 available at C:/Xilinx/Vivado/2024.1/data/xhub/boards/XilinxBoardStore/boards/Xilinx/vek280/production/1.1/board.xml as part xcve2802-vsvh1760-2mp-e-s specified in board_part file is either invalid or not available
WARNING: [Board 49-26] cannot add Board Part xilinx.com:vek280:part0:1.2 available at C:/Xilinx/Vivado/2024.1/data/xhub/boards/XilinxBoardStore/boards/Xilinx/vek280/production/1.2/board.xml as part xcve2802-vsvh1760-2mp-e-s specified in board_part file is either invalid or not available
WARNING: [Board 49-26] cannot add Board Part xilinx.com:vek280_es:part0:1.0 available at C:/Xilinx/Vivado/2024.1/data/xhub/boards/XilinxBoardStore/boards/Xilinx/vek280/es/rev_a/1.0/board.xml as part xcve2802-vsvh1760-2lp-e-s-es1 specified in board_part file is either invalid or not available
WARNING: [Board 49-26] cannot add Board Part xilinx.com:vek280_es:part0:1.1 available at C:/Xilinx/Vivado/2024.1/data/xhub/boards/XilinxBoardStore/boards/Xilinx/vek280/es/rev_a/1.1/board.xml as part xcve2802-vsvh1760-2lp-e-s-es1 specified in board_part file is either invalid or not available
WARNING: [Board 49-26] cannot add Board Part xilinx.com:vek280_es_revb:part0:1.0 available at C:/Xilinx/Vivado/2024.1/data/xhub/boards/XilinxBoardStore/boards/Xilinx/vek280/es/rev_b/1.0/board.xml as part xcve2802-vsvh1760-2mp-e-s-es1 specified in board_part file is either invalid or not available
WARNING: [Board 49-26] cannot add Board Part xilinx.com:vek280_es_revb:part0:1.1 available at C:/Xilinx/Vivado/2024.1/data/xhub/boards/XilinxBoardStore/boards/Xilinx/vek280/es/rev_b/1.1/board.xml as part xcve2802-vsvh1760-2mp-e-s-es1 specified in board_part file is either invalid or not available
WARNING: [Board 49-26] cannot add Board Part xilinx.com:vhk158:part0:1.0 available at C:/Xilinx/Vivado/2024.1/data/xhub/boards/XilinxBoardStore/boards/Xilinx/vhk158/production/1.0/board.xml as part xcvh1582-vsva3697-2mp-e-s specified in board_part file is either invalid or not available
WARNING: [Board 49-26] cannot add Board Part xilinx.com:vhk158:part0:1.1 available at C:/Xilinx/Vivado/2024.1/data/xhub/boards/XilinxBoardStore/boards/Xilinx/vhk158/production/1.1/board.xml as part xcvh1582-vsva3697-2mp-e-s specified in board_part file is either invalid or not available
WARNING: [Board 49-26] cannot add Board Part xilinx.com:vhk158_es:part0:1.0 available at C:/Xilinx/Vivado/2024.1/data/xhub/boards/XilinxBoardStore/boards/Xilinx/vhk158/es/1.0/board.xml as part xcvh1582-vsva3697-2mp-e-s-es1 specified in board_part file is either invalid or not available
WARNING: [Board 49-26] cannot add Board Part xilinx.com:vhk158_es:part0:1.1 available at C:/Xilinx/Vivado/2024.1/data/xhub/boards/XilinxBoardStore/boards/Xilinx/vhk158/es/1.1/board.xml as part xcvh1582-vsva3697-2mp-e-s-es1 specified in board_part file is either invalid or not available
WARNING: [Board 49-26] cannot add Board Part xilinx.com:vmk180:part0:2.2 available at C:/Xilinx/Vivado/2024.1/data/xhub/boards/XilinxBoardStore/boards/Xilinx/vmk180/production/2.2/board.xml as part xcvm1802-vsva2197-2mp-e-s specified in board_part file is either invalid or not available
WARNING: [Board 49-26] cannot add Board Part xilinx.com:vmk180:part0:3.0 available at C:/Xilinx/Vivado/2024.1/data/xhub/boards/XilinxBoardStore/boards/Xilinx/vmk180/production/3.0/board.xml as part xcvm1802-vsva2197-2mp-e-s specified in board_part file is either invalid or not available
WARNING: [Board 49-26] cannot add Board Part xilinx.com:vmk180:part0:3.1 available at C:/Xilinx/Vivado/2024.1/data/xhub/boards/XilinxBoardStore/boards/Xilinx/vmk180/production/3.1/board.xml as part xcvm1802-vsva2197-2mp-e-s specified in board_part file is either invalid or not available
WARNING: [Board 49-26] cannot add Board Part xilinx.com:vmk180:part0:3.2 available at C:/Xilinx/Vivado/2024.1/data/xhub/boards/XilinxBoardStore/boards/Xilinx/vmk180/production/3.2/board.xml as part xcvm1802-vsva2197-2mp-e-s specified in board_part file is either invalid or not available
WARNING: [Board 49-26] cannot add Board Part xilinx.com:vmk180_newl:part0:1.0 available at C:/Xilinx/Vivado/2024.1/data/xhub/boards/XilinxBoardStore/boards/Xilinx/vmk180_newl/production/1.0/board.xml as part xcvm1802-vsva2197-2mp-e-s specified in board_part file is either invalid or not available
WARNING: [Board 49-26] cannot add Board Part xilinx.com:vmk180_newl:part0:1.1 available at C:/Xilinx/Vivado/2024.1/data/xhub/boards/XilinxBoardStore/boards/Xilinx/vmk180_newl/production/1.1/board.xml as part xcvm1802-vsva2197-2mp-e-s specified in board_part file is either invalid or not available
WARNING: [Board 49-26] cannot add Board Part xilinx.com:vpk120:part0:1.0 available at C:/Xilinx/Vivado/2024.1/data/xhub/boards/XilinxBoardStore/boards/Xilinx/vpk120/production/1.0/board.xml as part xcvp1202-vsva2785-2mp-e-s specified in board_part file is either invalid or not available
WARNING: [Board 49-26] cannot add Board Part xilinx.com:vpk120:part0:1.1 available at C:/Xilinx/Vivado/2024.1/data/xhub/boards/XilinxBoardStore/boards/Xilinx/vpk120/production/1.1/board.xml as part xcvp1202-vsva2785-2mp-e-s specified in board_part file is either invalid or not available
WARNING: [Board 49-26] cannot add Board Part xilinx.com:vpk120:part0:1.2 available at C:/Xilinx/Vivado/2024.1/data/xhub/boards/XilinxBoardStore/boards/Xilinx/vpk120/production/1.2/board.xml as part xcvp1202-vsva2785-2mp-e-s specified in board_part file is either invalid or not available
WARNING: [Board 49-26] cannot add Board Part xilinx.com:vpk180:part0:1.0 available at C:/Xilinx/Vivado/2024.1/data/xhub/boards/XilinxBoardStore/boards/Xilinx/vpk180/production/1.0/board.xml as part xcvp1802-lsvc4072-2mp-e-s specified in board_part file is either invalid or not available
WARNING: [Board 49-26] cannot add Board Part xilinx.com:vpk180:part0:1.1 available at C:/Xilinx/Vivado/2024.1/data/xhub/boards/XilinxBoardStore/boards/Xilinx/vpk180/production/1.1/board.xml as part xcvp1802-lsvc4072-2mp-e-s specified in board_part file is either invalid or not available
WARNING: [Board 49-26] cannot add Board Part xilinx.com:vpk180:part0:1.2 available at C:/Xilinx/Vivado/2024.1/data/xhub/boards/XilinxBoardStore/boards/Xilinx/vpk180/production/1.2/board.xml as part xcvp1802-lsvc4072-2mp-e-s specified in board_part file is either invalid or not available
WARNING: [Board 49-26] cannot add Board Part xilinx.com:zcu208ld:part0:2.0 available at C:/Xilinx/Vivado/2024.1/data/xhub/boards/XilinxBoardStore/boards/Xilinx/zcu208ld/production/2.0/board.xml as part xczu58dr-fsvg1517-2-i specified in board_part file is either invalid or not available
WARNING: [Board 49-26] cannot add Board Part xilinx.com:zcu216ld:part0:2.0 available at C:/Xilinx/Vivado/2024.1/data/xhub/boards/XilinxBoardStore/boards/Xilinx/zcu216ld/production/2.0/board.xml as part xczu59dr-ffvf1760-2-i specified in board_part file is either invalid or not available
WARNING: [Board 49-26] cannot add Board Part xilinx.com:zcu670ld:part0:1.0 available at C:/Xilinx/Vivado/2024.1/data/xhub/boards/XilinxBoardStore/boards/Xilinx/zcu670ld/1.0/board.xml as part xczu57dr-fsve1156-2-i specified in board_part file is either invalid or not available
INFO: [IP_Flow 19-234] Refreshing IP repositories
INFO: [IP_Flow 19-1704] No user IP repositories specified
INFO: [IP_Flow 19-2313] Loaded Vivado IP repository 'C:/Xilinx/Vivado/2024.1/data/ip'.
open_project: Time (s): cpu = 00:00:51 ; elapsed = 00:00:45 . Memory (MB): peak = 1795.465 ; gain = 719.297
open_bd_design {D:/MPSOC_YOLO/06_vivado/proj/yolo_zcu104.srcs/sources_1/bd/system/system.bd}
Reading block design file <D:/MPSOC_YOLO/06_vivado/proj/yolo_zcu104.srcs/sources_1/bd/system/system.bd>...
Adding component instance block -- xilinx.com:ip:zynq_ultra_ps_e:3.5 - zynq_ps
Adding component instance block -- xilinx.com:module_ref:yolo_accel_wrap:1.0 - yolo_accel
Adding component instance block -- xilinx.com:ip:proc_sys_reset:5.0 - rst_pl0
Adding component instance block -- xilinx.com:ip:smartconnect:1.0 - sc_ctrl
Adding component instance block -- xilinx.com:ip:smartconnect:1.0 - sc_mem
Excluding slave segment /zynq_ps/SAXIGP2/HP0_LPS_OCM from address space /yolo_accel/m_axi.
Excluding slave segment /zynq_ps/SAXIGP2/HP0_QSPI from address space /yolo_accel/m_axi.
Successfully read diagram <system> from block design file <D:/MPSOC_YOLO/06_vivado/proj/yolo_zcu104.srcs/sources_1/bd/system/system.bd>
open_bd_design: Time (s): cpu = 00:00:07 ; elapsed = 00:00:09 . Memory (MB): peak = 2200.254 ; gain = 130.809
update_compile_order -fileset sources_1
launch_simulation
Command: launch_simulation 
INFO: [Vivado 12-12493] Simulation top is 'system_wrapper'
WARNING: [Vivado 12-13340] Unable to auto find GCC executables from simulator install path! (path not set)
INFO: [Vivado 12-5682] Launching behavioral simulation in 'D:/MPSOC_YOLO/06_vivado/proj/yolo_zcu104.sim/sim_1/behav/xsim'
INFO: [Vivado 12-13660] Precompiled IP simulation library mode is enabled (default). The design IP libraries will be referenced from the compiled library path. Please note that if the precompiled version of the library is not found from the path or the IP is in locked state, then the library source files for these IPs will be compiled locally as part of the compile order.
INFO: [Vivado 12-4795] Using compiled simulation libraries for IPs
INFO: [SIM-utils-51] Simulation object is 'sim_1'
INFO: [SIM-utils-72] Using boost library from 'C:/Xilinx/Vivado/2024.1/tps/boost_1_72_0'
INFO: [USF-XSim-7] Finding pre-compiled libraries...
INFO: [USF-XSim-11] File 'C:/Xilinx/Vivado/2024.1/data/xsim/xsim.ini' copied to run dir:'D:/MPSOC_YOLO/06_vivado/proj/yolo_zcu104.sim/sim_1/behav/xsim'
INFO: [SIM-utils-54] Inspecting design source files for 'system_wrapper' in fileset 'sim_1'...
INFO: [SIM-utils-43] Exported 'D:/MPSOC_YOLO/06_vivado/proj/yolo_zcu104.sim/sim_1/behav/xsim/sc_xtlm_system_sc_ctrl_0.mem'
INFO: [SIM-utils-43] Exported 'D:/MPSOC_YOLO/06_vivado/proj/yolo_zcu104.sim/sim_1/behav/xsim/sc_xtlm_system_sc_mem_0.mem'
INFO: [USF-XSim-97] Finding global include files...
INFO: [USF-XSim-98] Fetching design files from 'sim_1'...
INFO: [USF-XSim-2] XSim::Compile design
INFO: [USF-XSim-61] Executing 'COMPILE and ANALYZE' step in 'D:/MPSOC_YOLO/06_vivado/proj/yolo_zcu104.sim/sim_1/behav/xsim'
"xvlog --incr --relax -L uvm -L axi_vip_v1_1_17 -L smartconnect_v1_0 -L zynq_ultra_ps_e_vip_v1_0_17 -L xilinx_vip -prj system_wrapper_vlog.prj"
INFO: [VRFC 10-2263] Analyzing SystemVerilog file "D:/MPSOC_YOLO/04_rtl/yolo_pkg.sv" into library xil_defaultlib
INFO: [VRFC 10-2263] Analyzing SystemVerilog file "D:/MPSOC_YOLO/04_rtl/axil_regs.sv" into library xil_defaultlib
INFO: [VRFC 10-311] analyzing module axil_regs
INFO: [VRFC 10-2263] Analyzing SystemVerilog file "D:/MPSOC_YOLO/04_rtl/burst_gen.sv" into library xil_defaultlib
INFO: [VRFC 10-311] analyzing module burst_gen
INFO: [VRFC 10-2263] Analyzing SystemVerilog file "D:/MPSOC_YOLO/04_rtl/conv_engine.sv" into library xil_defaultlib
INFO: [VRFC 10-311] analyzing module conv_engine
INFO: [VRFC 10-2263] Analyzing SystemVerilog file "D:/MPSOC_YOLO/04_rtl/epilogue.sv" into library xil_defaultlib
INFO: [VRFC 10-311] analyzing module epilogue
INFO: [VRFC 10-2263] Analyzing SystemVerilog file "D:/MPSOC_YOLO/04_rtl/line_loader.sv" into library xil_defaultlib
INFO: [VRFC 10-311] analyzing module line_loader
INFO: [VRFC 10-2263] Analyzing SystemVerilog file "D:/MPSOC_YOLO/04_rtl/pe_array.sv" into library xil_defaultlib
INFO: [VRFC 10-311] analyzing module pe_array
INFO: [VRFC 10-2263] Analyzing SystemVerilog file "D:/MPSOC_YOLO/04_rtl/sdp_ram.sv" into library xil_defaultlib
INFO: [VRFC 10-311] analyzing module sdp_ram
INFO: [VRFC 10-2263] Analyzing SystemVerilog file "D:/MPSOC_YOLO/04_rtl/sync_fifo.sv" into library xil_defaultlib
INFO: [VRFC 10-311] analyzing module sync_fifo
INFO: [VRFC 10-2263] Analyzing SystemVerilog file "D:/MPSOC_YOLO/04_rtl/weight_loader.sv" into library xil_defaultlib
INFO: [VRFC 10-311] analyzing module weight_loader
INFO: [VRFC 10-2263] Analyzing SystemVerilog file "D:/MPSOC_YOLO/04_rtl/writer.sv" into library xil_defaultlib
INFO: [VRFC 10-311] analyzing module writer
INFO: [VRFC 10-2263] Analyzing SystemVerilog file "D:/MPSOC_YOLO/04_rtl/yolo_accel.sv" into library xil_defaultlib
INFO: [VRFC 10-311] analyzing module yolo_accel
INFO: [VRFC 10-2263] Analyzing Verilog file "D:/MPSOC_YOLO/04_rtl/yolo_accel_wrap.v" into library xil_defaultlib
INFO: [VRFC 10-311] analyzing module yolo_accel_wrap
INFO: [VRFC 10-2263] Analyzing Verilog file "D:/MPSOC_YOLO/06_vivado/proj/yolo_zcu104.ip_user_files/bd/system/ip/system_zynq_ps_0/sim/system_zynq_ps_0_vip_wrapper.v" into library xil_defaultlib
INFO: [VRFC 10-311] analyzing module system_zynq_ps_0
INFO: [VRFC 10-2263] Analyzing Verilog file "D:/MPSOC_YOLO/06_vivado/proj/yolo_zcu104.ip_user_files/bd/system/ip/system_yolo_accel_0/sim/system_yolo_accel_0.v" into library xil_defaultlib
INFO: [VRFC 10-311] analyzing module system_yolo_accel_0
INFO: [VRFC 10-2263] Analyzing Verilog file "D:/MPSOC_YOLO/06_vivado/proj/yolo_zcu104.ip_user_files/bd/system/ip/system_sc_ctrl_0/bd_0/ip/ip_0/sim/bd_73a6_one_0.v" into library xil_defaultlib
INFO: [VRFC 10-311] analyzing module bd_73a6_one_0
INFO: [VRFC 10-2263] Analyzing SystemVerilog file "D:/MPSOC_YOLO/06_vivado/proj/yolo_zcu104.ip_user_files/bd/system/ip/system_sc_ctrl_0/bd_0/ip/ip_2/sim/bd_73a6_s00mmu_0.sv" into library xil_defaultlib
INFO: [VRFC 10-311] analyzing module bd_73a6_s00mmu_0
INFO: [VRFC 10-2263] Analyzing SystemVerilog file "D:/MPSOC_YOLO/06_vivado/proj/yolo_zcu104.ip_user_files/bd/system/ip/system_sc_ctrl_0/bd_0/ip/ip_3/sim/bd_73a6_s00tr_0.sv" into library xil_defaultlib
INFO: [VRFC 10-311] analyzing module bd_73a6_s00tr_0
INFO: [VRFC 10-2263] Analyzing SystemVerilog file "D:/MPSOC_YOLO/06_vivado/proj/yolo_zcu104.ip_user_files/bd/system/ip/system_sc_ctrl_0/bd_0/ip/ip_4/sim/bd_73a6_s00sic_0.sv" into library xil_defaultlib
INFO: [VRFC 10-311] analyzing module bd_73a6_s00sic_0
INFO: [VRFC 10-2263] Analyzing SystemVerilog file "D:/MPSOC_YOLO/06_vivado/proj/yolo_zcu104.ip_user_files/bd/system/ip/system_sc_ctrl_0/bd_0/ip/ip_5/sim/bd_73a6_s00a2s_0.sv" into library xil_defaultlib
INFO: [VRFC 10-311] analyzing module bd_73a6_s00a2s_0
INFO: [VRFC 10-2263] Analyzing SystemVerilog file "D:/MPSOC_YOLO/06_vivado/proj/yolo_zcu104.ip_user_files/bd/system/ip/system_sc_ctrl_0/bd_0/ip/ip_6/sim/bd_73a6_sarn_0.sv" into library xil_defaultlib
INFO: [VRFC 10-311] analyzing module bd_73a6_sarn_0
INFO: [VRFC 10-2263] Analyzing SystemVerilog file "D:/MPSOC_YOLO/06_vivado/proj/yolo_zcu104.ip_user_files/bd/system/ip/system_sc_ctrl_0/bd_0/ip/ip_7/sim/bd_73a6_srn_0.sv" into library xil_defaultlib
INFO: [VRFC 10-311] analyzing module bd_73a6_srn_0
INFO: [VRFC 10-2263] Analyzing SystemVerilog file "D:/MPSOC_YOLO/06_vivado/proj/yolo_zcu104.ip_user_files/bd/system/ip/system_sc_ctrl_0/bd_0/ip/ip_8/sim/bd_73a6_sawn_0.sv" into library xil_defaultlib
INFO: [VRFC 10-311] analyzing module bd_73a6_sawn_0
INFO: [VRFC 10-2263] Analyzing SystemVerilog file "D:/MPSOC_YOLO/06_vivado/proj/yolo_zcu104.ip_user_files/bd/system/ip/system_sc_ctrl_0/bd_0/ip/ip_9/sim/bd_73a6_swn_0.sv" into library xil_defaultlib
INFO: [VRFC 10-311] analyzing module bd_73a6_swn_0
INFO: [VRFC 10-2263] Analyzing SystemVerilog file "D:/MPSOC_YOLO/06_vivado/proj/yolo_zcu104.ip_user_files/bd/system/ip/system_sc_ctrl_0/bd_0/ip/ip_10/sim/bd_73a6_sbn_0.sv" into library xil_defaultlib
INFO: [VRFC 10-311] analyzing module bd_73a6_sbn_0
INFO: [VRFC 10-2263] Analyzing SystemVerilog file "D:/MPSOC_YOLO/06_vivado/proj/yolo_zcu104.ip_user_files/bd/system/ip/system_sc_ctrl_0/bd_0/ip/ip_11/sim/bd_73a6_m00s2a_0.sv" into library xil_defaultlib
INFO: [VRFC 10-311] analyzing module bd_73a6_m00s2a_0
INFO: [VRFC 10-2263] Analyzing SystemVerilog file "D:/MPSOC_YOLO/06_vivado/proj/yolo_zcu104.ip_user_files/bd/system/ip/system_sc_ctrl_0/bd_0/ip/ip_12/sim/bd_73a6_m00e_0.sv" into library xil_defaultlib
INFO: [VRFC 10-311] analyzing module bd_73a6_m00e_0
INFO: [VRFC 10-2263] Analyzing Verilog file "D:/MPSOC_YOLO/06_vivado/proj/yolo_zcu104.ip_user_files/bd/system/ip/system_sc_ctrl_0/bd_0/sim/bd_73a6.v" into library xil_defaultlib
INFO: [VRFC 10-311] analyzing module bd_73a6
INFO: [VRFC 10-311] analyzing module clk_map_imp_1MM1RYS
INFO: [VRFC 10-311] analyzing module m00_exit_pipeline_imp_C36SR3
INFO: [VRFC 10-311] analyzing module s00_entry_pipeline_imp_1ATB024
INFO: [VRFC 10-311] analyzing module s00_nodes_imp_1GFXR86
INFO: [VRFC 10-2263] Analyzing Verilog file "D:/MPSOC_YOLO/06_vivado/proj/yolo_zcu104.ip_user_files/bd/system/ip/system_sc_ctrl_0/sim/system_sc_ctrl_0.v" into library xil_defaultlib
INFO: [VRFC 10-311] analyzing module system_sc_ctrl_0
INFO: [VRFC 10-2263] Analyzing Verilog file "D:/MPSOC_YOLO/06_vivado/proj/yolo_zcu104.ip_user_files/bd/system/ip/system_sc_mem_0/bd_0/ip/ip_0/sim/bd_0182_one_0.v" into library xil_defaultlib
INFO: [VRFC 10-311] analyzing module bd_0182_one_0
INFO: [VRFC 10-2263] Analyzing SystemVerilog file "D:/MPSOC_YOLO/06_vivado/proj/yolo_zcu104.ip_user_files/bd/system/ip/system_sc_mem_0/bd_0/ip/ip_2/sim/bd_0182_s00mmu_0.sv" into library xil_defaultlib
INFO: [VRFC 10-311] analyzing module bd_0182_s00mmu_0
INFO: [VRFC 10-2263] Analyzing SystemVerilog file "D:/MPSOC_YOLO/06_vivado/proj/yolo_zcu104.ip_user_files/bd/system/ip/system_sc_mem_0/bd_0/ip/ip_3/sim/bd_0182_s00tr_0.sv" into library xil_defaultlib
INFO: [VRFC 10-311] analyzing module bd_0182_s00tr_0
INFO: [VRFC 10-2263] Analyzing SystemVerilog file "D:/MPSOC_YOLO/06_vivado/proj/yolo_zcu104.ip_user_files/bd/system/ip/system_sc_mem_0/bd_0/ip/ip_4/sim/bd_0182_s00sic_0.sv" into library xil_defaultlib
INFO: [VRFC 10-311] analyzing module bd_0182_s00sic_0
INFO: [VRFC 10-2263] Analyzing SystemVerilog file "D:/MPSOC_YOLO/06_vivado/proj/yolo_zcu104.ip_user_files/bd/system/ip/system_sc_mem_0/bd_0/ip/ip_5/sim/bd_0182_s00a2s_0.sv" into library xil_defaultlib
INFO: [VRFC 10-311] analyzing module bd_0182_s00a2s_0
INFO: [VRFC 10-2263] Analyzing SystemVerilog file "D:/MPSOC_YOLO/06_vivado/proj/yolo_zcu104.ip_user_files/bd/system/ip/system_sc_mem_0/bd_0/ip/ip_6/sim/bd_0182_sarn_0.sv" into library xil_defaultlib
INFO: [VRFC 10-311] analyzing module bd_0182_sarn_0
INFO: [VRFC 10-2263] Analyzing SystemVerilog file "D:/MPSOC_YOLO/06_vivado/proj/yolo_zcu104.ip_user_files/bd/system/ip/system_sc_mem_0/bd_0/ip/ip_7/sim/bd_0182_srn_0.sv" into library xil_defaultlib
INFO: [VRFC 10-311] analyzing module bd_0182_srn_0
INFO: [VRFC 10-2263] Analyzing SystemVerilog file "D:/MPSOC_YOLO/06_vivado/proj/yolo_zcu104.ip_user_files/bd/system/ip/system_sc_mem_0/bd_0/ip/ip_8/sim/bd_0182_sawn_0.sv" into library xil_defaultlib
INFO: [VRFC 10-311] analyzing module bd_0182_sawn_0
INFO: [VRFC 10-2263] Analyzing SystemVerilog file "D:/MPSOC_YOLO/06_vivado/proj/yolo_zcu104.ip_user_files/bd/system/ip/system_sc_mem_0/bd_0/ip/ip_9/sim/bd_0182_swn_0.sv" into library xil_defaultlib
INFO: [VRFC 10-311] analyzing module bd_0182_swn_0
INFO: [VRFC 10-2263] Analyzing SystemVerilog file "D:/MPSOC_YOLO/06_vivado/proj/yolo_zcu104.ip_user_files/bd/system/ip/system_sc_mem_0/bd_0/ip/ip_10/sim/bd_0182_sbn_0.sv" into library xil_defaultlib
INFO: [VRFC 10-311] analyzing module bd_0182_sbn_0
INFO: [VRFC 10-2263] Analyzing SystemVerilog file "D:/MPSOC_YOLO/06_vivado/proj/yolo_zcu104.ip_user_files/bd/system/ip/system_sc_mem_0/bd_0/ip/ip_11/sim/bd_0182_m00s2a_0.sv" into library xil_defaultlib
INFO: [VRFC 10-311] analyzing module bd_0182_m00s2a_0
INFO: [VRFC 10-2263] Analyzing SystemVerilog file "D:/MPSOC_YOLO/06_vivado/proj/yolo_zcu104.ip_user_files/bd/system/ip/system_sc_mem_0/bd_0/ip/ip_12/sim/bd_0182_m00e_0.sv" into library xil_defaultlib
INFO: [VRFC 10-311] analyzing module bd_0182_m00e_0
INFO: [VRFC 10-2263] Analyzing Verilog file "D:/MPSOC_YOLO/06_vivado/proj/yolo_zcu104.ip_user_files/bd/system/ip/system_sc_mem_0/bd_0/sim/bd_0182.v" into library xil_defaultlib
INFO: [VRFC 10-311] analyzing module bd_0182
INFO: [VRFC 10-311] analyzing module clk_map_imp_9ADCLJ
INFO: [VRFC 10-311] analyzing module m00_exit_pipeline_imp_1OFXE58
INFO: [VRFC 10-311] analyzing module s00_entry_pipeline_imp_P8Y0V3
INFO: [VRFC 10-311] analyzing module s00_nodes_imp_LZUAX1
INFO: [VRFC 10-2263] Analyzing Verilog file "D:/MPSOC_YOLO/06_vivado/proj/yolo_zcu104.ip_user_files/bd/system/ip/system_sc_mem_0/sim/system_sc_mem_0.v" into library xil_defaultlib
INFO: [VRFC 10-311] analyzing module system_sc_mem_0
INFO: [VRFC 10-2263] Analyzing Verilog file "D:/MPSOC_YOLO/06_vivado/proj/yolo_zcu104.ip_user_files/bd/system/sim/system.v" into library xil_defaultlib
INFO: [VRFC 10-311] analyzing module system
INFO: [VRFC 10-2263] Analyzing Verilog file "D:/MPSOC_YOLO/06_vivado/proj/yolo_zcu104.gen/sources_1/bd/system/hdl/system_wrapper.v" into library xil_defaultlib
INFO: [VRFC 10-311] analyzing module system_wrapper
INFO: [VRFC 10-2263] Analyzing Verilog file "D:/MPSOC_YOLO/06_vivado/proj/yolo_zcu104.sim/sim_1/behav/xsim/glbl.v" into library xil_defaultlib
INFO: [VRFC 10-311] analyzing module glbl
"xvhdl --incr --relax -prj system_wrapper_vhdl.prj"
INFO: [VRFC 10-163] Analyzing VHDL file "D:/MPSOC_YOLO/06_vivado/proj/yolo_zcu104.ip_user_files/bd/system/ip/system_rst_pl0_0/sim/system_rst_pl0_0.vhd" into library xil_defaultlib
INFO: [VRFC 10-3107] analyzing entity 'system_rst_pl0_0'
INFO: [VRFC 10-163] Analyzing VHDL file "D:/MPSOC_YOLO/06_vivado/proj/yolo_zcu104.ip_user_files/bd/system/ip/system_sc_ctrl_0/bd_0/ip/ip_1/sim/bd_73a6_psr_aclk_0.vhd" into library xil_defaultlib
INFO: [VRFC 10-3107] analyzing entity 'bd_73a6_psr_aclk_0'
INFO: [VRFC 10-163] Analyzing VHDL file "D:/MPSOC_YOLO/06_vivado/proj/yolo_zcu104.ip_user_files/bd/system/ip/system_sc_mem_0/bd_0/ip/ip_1/sim/bd_0182_psr_aclk_0.vhd" into library xil_defaultlib
INFO: [VRFC 10-3107] analyzing entity 'bd_0182_psr_aclk_0'
run_program: Time (s): cpu = 00:00:01 ; elapsed = 00:00:08 . Memory (MB): peak = 2243.223 ; gain = 0.000
INFO: [USF-XSim-69] 'compile' step finished in '8' seconds
INFO: [USF-XSim-3] XSim::Elaborate design
INFO: [USF-XSim-61] Executing 'ELABORATE' step in 'D:/MPSOC_YOLO/06_vivado/proj/yolo_zcu104.sim/sim_1/behav/xsim'
"xelab --incr --debug typical --relax --mt 2 -L xil_defaultlib -L axi_infrastructure_v1_1_0 -L axi_vip_v1_1_17 -L zynq_ultra_ps_e_vip_v1_0_17 -L lib_cdc_v1_0_3 -L proc_sys_reset_v5_0_15 -L xlconstant_v1_1_9 -L smartconnect_v1_0 -L axi_register_slice_v2_1_31 -L uvm -L xilinx_vip -L unisims_ver -L unimacro_ver -L secureip -L xpm --snapshot system_wrapper_behav xil_defaultlib.system_wrapper xil_defaultlib.glbl -log elaborate.log"
Vivado Simulator v2024.1
Copyright 1986-2022 Xilinx, Inc. All Rights Reserved.
Copyright 2022-2024 Advanced Micro Devices, Inc. All Rights Reserved.
Running: C:/Xilinx/Vivado/2024.1/bin/unwrapped/win64.o/xelab.exe --incr --debug typical --relax --mt 2 -L xil_defaultlib -L axi_infrastructure_v1_1_0 -L axi_vip_v1_1_17 -L zynq_ultra_ps_e_vip_v1_0_17 -L lib_cdc_v1_0_3 -L proc_sys_reset_v5_0_15 -L xlconstant_v1_1_9 -L smartconnect_v1_0 -L axi_register_slice_v2_1_31 -L uvm -L xilinx_vip -L unisims_ver -L unimacro_ver -L secureip -L xpm --snapshot system_wrapper_behav xil_defaultlib.system_wrapper xil_defaultlib.glbl -log elaborate.log 
Using 2 slave threads.
Starting static elaboration
Pass Through NonSizing Optimizer
WARNING: [VRFC 10-3091] actual bit length 32 differs from formal bit length 128 for port 'MAXIGP0WDATA' [D:/MPSOC_YOLO/06_vivado/proj/yolo_zcu104.ip_user_files/bd/system/ip/system_zynq_ps_0/sim/system_zynq_ps_0_vip_wrapper.v:314]
WARNING: [VRFC 10-3091] actual bit length 4 differs from formal bit length 16 for port 'MAXIGP0WSTRB' [D:/MPSOC_YOLO/06_vivado/proj/yolo_zcu104.ip_user_files/bd/system/ip/system_zynq_ps_0/sim/system_zynq_ps_0_vip_wrapper.v:322]
WARNING: [VRFC 10-3091] actual bit length 32 differs from formal bit length 128 for port 'MAXIGP0RDATA' [D:/MPSOC_YOLO/06_vivado/proj/yolo_zcu104.ip_user_files/bd/system/ip/system_zynq_ps_0/sim/system_zynq_ps_0_vip_wrapper.v:334]
WARNING: [VRFC 10-3091] actual bit length 12 differs from formal bit length 16 for port 'MAXIGP1BID' [D:/MPSOC_YOLO/06_vivado/proj/yolo_zcu104.ip_user_files/bd/system/ip/system_zynq_ps_0/sim/system_zynq_ps_0_vip_wrapper.v:370]
WARNING: [VRFC 10-3091] actual bit length 12 differs from formal bit length 16 for port 'MAXIGP1RID' [D:/MPSOC_YOLO/06_vivado/proj/yolo_zcu104.ip_user_files/bd/system/ip/system_zynq_ps_0/sim/system_zynq_ps_0_vip_wrapper.v:371]
WARNING: [VRFC 10-3091] actual bit length 32 differs from formal bit length 128 for port 'MAXIGP1RDATA' [D:/MPSOC_YOLO/06_vivado/proj/yolo_zcu104.ip_user_files/bd/system/ip/system_zynq_ps_0/sim/system_zynq_ps_0_vip_wrapper.v:374]
WARNING: [VRFC 10-3091] actual bit length 12 differs from formal bit length 16 for port 'MAXIGP2BID' [D:/MPSOC_YOLO/06_vivado/proj/yolo_zcu104.ip_user_files/bd/system/ip/system_zynq_ps_0/sim/system_zynq_ps_0_vip_wrapper.v:411]
WARNING: [VRFC 10-3091] actual bit length 12 differs from formal bit length 16 for port 'MAXIGP2RID' [D:/MPSOC_YOLO/06_vivado/proj/yolo_zcu104.ip_user_files/bd/system/ip/system_zynq_ps_0/sim/system_zynq_ps_0_vip_wrapper.v:412]
WARNING: [VRFC 10-3091] actual bit length 32 differs from formal bit length 128 for port 'MAXIGP2RDATA' [D:/MPSOC_YOLO/06_vivado/proj/yolo_zcu104.ip_user_files/bd/system/ip/system_zynq_ps_0/sim/system_zynq_ps_0_vip_wrapper.v:415]
WARNING: [VRFC 10-3091] actual bit length 2 differs from formal bit length 1 for port 'SAXIGP0ARLOCK' [D:/MPSOC_YOLO/06_vivado/proj/yolo_zcu104.ip_user_files/bd/system/ip/system_zynq_ps_0/sim/system_zynq_ps_0_vip_wrapper.v:442]
WARNING: [VRFC 10-3091] actual bit length 2 differs from formal bit length 1 for port 'SAXIGP0AWLOCK' [D:/MPSOC_YOLO/06_vivado/proj/yolo_zcu104.ip_user_files/bd/system/ip/system_zynq_ps_0/sim/system_zynq_ps_0_vip_wrapper.v:445]
WARNING: [VRFC 10-3091] actual bit length 32 differs from formal bit length 40 for port 'SAXIGP0ARADDR' [D:/MPSOC_YOLO/06_vivado/proj/yolo_zcu104.ip_user_files/bd/system/ip/system_zynq_ps_0/sim/system_zynq_ps_0_vip_wrapper.v:449]
WARNING: [VRFC 10-3091] actual bit length 32 differs from formal bit length 40 for port 'SAXIGP0AWADDR' [D:/MPSOC_YOLO/06_vivado/proj/yolo_zcu104.ip_user_files/bd/system/ip/system_zynq_ps_0/sim/system_zynq_ps_0_vip_wrapper.v:450]
WARNING: [VRFC 10-3091] actual bit length 32 differs from formal bit length 128 for port 'SAXIGP0WDATA' [D:/MPSOC_YOLO/06_vivado/proj/yolo_zcu104.ip_user_files/bd/system/ip/system_zynq_ps_0/sim/system_zynq_ps_0_vip_wrapper.v:451]
WARNING: [VRFC 10-3091] actual bit length 4 differs from formal bit length 8 for port 'SAXIGP0ARLEN' [D:/MPSOC_YOLO/06_vivado/proj/yolo_zcu104.ip_user_files/bd/system/ip/system_zynq_ps_0/sim/system_zynq_ps_0_vip_wrapper.v:453]
WARNING: [VRFC 10-3091] actual bit length 4 differs from formal bit length 8 for port 'SAXIGP0AWLEN' [D:/MPSOC_YOLO/06_vivado/proj/yolo_zcu104.ip_user_files/bd/system/ip/system_zynq_ps_0/sim/system_zynq_ps_0_vip_wrapper.v:456]
WARNING: [VRFC 10-3091] actual bit length 4 differs from formal bit length 16 for port 'SAXIGP0WSTRB' [D:/MPSOC_YOLO/06_vivado/proj/yolo_zcu104.ip_user_files/bd/system/ip/system_zynq_ps_0/sim/system_zynq_ps_0_vip_wrapper.v:458]
WARNING: [VRFC 10-3091] actual bit length 2 differs from formal bit length 1 for port 'SAXIGP1ARLOCK' [D:/MPSOC_YOLO/06_vivado/proj/yolo_zcu104.ip_user_files/bd/system/ip/system_zynq_ps_0/sim/system_zynq_ps_0_vip_wrapper.v:487]
WARNING: [VRFC 10-3091] actual bit length 2 differs from formal bit length 1 for port 'SAXIGP1AWLOCK' [D:/MPSOC_YOLO/06_vivado/proj/yolo_zcu104.ip_user_files/bd/system/ip/system_zynq_ps_0/sim/system_zynq_ps_0_vip_wrapper.v:490]
WARNING: [VRFC 10-3091] actual bit length 32 differs from formal bit length 40 for port 'SAXIGP1ARADDR' [D:/MPSOC_YOLO/06_vivado/proj/yolo_zcu104.ip_user_files/bd/system/ip/system_zynq_ps_0/sim/system_zynq_ps_0_vip_wrapper.v:494]
WARNING: [VRFC 10-3091] actual bit length 32 differs from formal bit length 40 for port 'SAXIGP1AWADDR' [D:/MPSOC_YOLO/06_vivado/proj/yolo_zcu104.ip_user_files/bd/system/ip/system_zynq_ps_0/sim/system_zynq_ps_0_vip_wrapper.v:495]
WARNING: [VRFC 10-3091] actual bit length 32 differs from formal bit length 128 for port 'SAXIGP1WDATA' [D:/MPSOC_YOLO/06_vivado/proj/yolo_zcu104.ip_user_files/bd/system/ip/system_zynq_ps_0/sim/system_zynq_ps_0_vip_wrapper.v:496]
WARNING: [VRFC 10-3091] actual bit length 4 differs from formal bit length 8 for port 'SAXIGP1ARLEN' [D:/MPSOC_YOLO/06_vivado/proj/yolo_zcu104.ip_user_files/bd/system/ip/system_zynq_ps_0/sim/system_zynq_ps_0_vip_wrapper.v:498]
WARNING: [VRFC 10-3091] actual bit length 4 differs from formal bit length 8 for port 'SAXIGP1AWLEN' [D:/MPSOC_YOLO/06_vivado/proj/yolo_zcu104.ip_user_files/bd/system/ip/system_zynq_ps_0/sim/system_zynq_ps_0_vip_wrapper.v:501]
WARNING: [VRFC 10-3091] actual bit length 4 differs from formal bit length 16 for port 'SAXIGP1WSTRB' [D:/MPSOC_YOLO/06_vivado/proj/yolo_zcu104.ip_user_files/bd/system/ip/system_zynq_ps_0/sim/system_zynq_ps_0_vip_wrapper.v:503]
WARNING: [VRFC 10-3091] actual bit length 1 differs from formal bit length 4 for port 'SAXIGP2RACOUNT' [D:/MPSOC_YOLO/06_vivado/proj/yolo_zcu104.ip_user_files/bd/system/ip/system_zynq_ps_0/sim/system_zynq_ps_0_vip_wrapper.v:510]
WARNING: [VRFC 10-3091] actual bit length 1 differs from formal bit length 4 for port 'SAXIGP2WACOUNT' [D:/MPSOC_YOLO/06_vivado/proj/yolo_zcu104.ip_user_files/bd/system/ip/system_zynq_ps_0/sim/system_zynq_ps_0_vip_wrapper.v:511]
WARNING: [VRFC 10-3091] actual bit length 1 differs from formal bit length 8 for port 'SAXIGP2RCOUNT' [D:/MPSOC_YOLO/06_vivado/proj/yolo_zcu104.ip_user_files/bd/system/ip/system_zynq_ps_0/sim/system_zynq_ps_0_vip_wrapper.v:512]
WARNING: [VRFC 10-3091] actual bit length 1 differs from formal bit length 8 for port 'SAXIGP2WCOUNT' [D:/MPSOC_YOLO/06_vivado/proj/yolo_zcu104.ip_user_files/bd/system/ip/system_zynq_ps_0/sim/system_zynq_ps_0_vip_wrapper.v:513]
WARNING: [VRFC 10-3091] actual bit length 49 differs from formal bit length 40 for port 'SAXIGP2ARADDR' [D:/MPSOC_YOLO/06_vivado/proj/yolo_zcu104.ip_user_files/bd/system/ip/system_zynq_ps_0/sim/system_zynq_ps_0_vip_wrapper.v:539]
WARNING: [VRFC 10-3091] actual bit length 49 differs from formal bit length 40 for port 'SAXIGP2AWADDR' [D:/MPSOC_YOLO/06_vivado/proj/yolo_zcu104.ip_user_files/bd/system/ip/system_zynq_ps_0/sim/system_zynq_ps_0_vip_wrapper.v:540]
WARNING: [VRFC 10-3091] actual bit length 2 differs from formal bit length 1 for port 'SAXIGP3ARLOCK' [D:/MPSOC_YOLO/06_vivado/proj/yolo_zcu104.ip_user_files/bd/system/ip/system_zynq_ps_0/sim/system_zynq_ps_0_vip_wrapper.v:577]
WARNING: [VRFC 10-3091] actual bit length 2 differs from formal bit length 1 for port 'SAXIGP3AWLOCK' [D:/MPSOC_YOLO/06_vivado/proj/yolo_zcu104.ip_user_files/bd/system/ip/system_zynq_ps_0/sim/system_zynq_ps_0_vip_wrapper.v:580]
WARNING: [VRFC 10-3091] actual bit length 32 differs from formal bit length 40 for port 'SAXIGP3ARADDR' [D:/MPSOC_YOLO/06_vivado/proj/yolo_zcu104.ip_user_files/bd/system/ip/system_zynq_ps_0/sim/system_zynq_ps_0_vip_wrapper.v:584]
WARNING: [VRFC 10-3091] actual bit length 32 differs from formal bit length 40 for port 'SAXIGP3AWADDR' [D:/MPSOC_YOLO/06_vivado/proj/yolo_zcu104.ip_user_files/bd/system/ip/system_zynq_ps_0/sim/system_zynq_ps_0_vip_wrapper.v:585]
WARNING: [VRFC 10-3091] actual bit length 32 differs from formal bit length 128 for port 'SAXIGP3WDATA' [D:/MPSOC_YOLO/06_vivado/proj/yolo_zcu104.ip_user_files/bd/system/ip/system_zynq_ps_0/sim/system_zynq_ps_0_vip_wrapper.v:586]
WARNING: [VRFC 10-3091] actual bit length 4 differs from formal bit length 8 for port 'SAXIGP3ARLEN' [D:/MPSOC_YOLO/06_vivado/proj/yolo_zcu104.ip_user_files/bd/system/ip/system_zynq_ps_0/sim/system_zynq_ps_0_vip_wrapper.v:588]
WARNING: [VRFC 10-3091] actual bit length 4 differs from formal bit length 8 for port 'SAXIGP3AWLEN' [D:/MPSOC_YOLO/06_vivado/proj/yolo_zcu104.ip_user_files/bd/system/ip/system_zynq_ps_0/sim/system_zynq_ps_0_vip_wrapper.v:591]
WARNING: [VRFC 10-3091] actual bit length 4 differs from formal bit length 16 for port 'SAXIGP3WSTRB' [D:/MPSOC_YOLO/06_vivado/proj/yolo_zcu104.ip_user_files/bd/system/ip/system_zynq_ps_0/sim/system_zynq_ps_0_vip_wrapper.v:593]
WARNING: [VRFC 10-3091] actual bit length 2 differs from formal bit length 1 for port 'SAXIGP4ARLOCK' [D:/MPSOC_YOLO/06_vivado/proj/yolo_zcu104.ip_user_files/bd/system/ip/system_zynq_ps_0/sim/system_zynq_ps_0_vip_wrapper.v:622]
WARNING: [VRFC 10-3091] actual bit length 2 differs from formal bit length 1 for port 'SAXIGP4AWLOCK' [D:/MPSOC_YOLO/06_vivado/proj/yolo_zcu104.ip_user_files/bd/system/ip/system_zynq_ps_0/sim/system_zynq_ps_0_vip_wrapper.v:625]
WARNING: [VRFC 10-3091] actual bit length 32 differs from formal bit length 40 for port 'SAXIGP4ARADDR' [D:/MPSOC_YOLO/06_vivado/proj/yolo_zcu104.ip_user_files/bd/system/ip/system_zynq_ps_0/sim/system_zynq_ps_0_vip_wrapper.v:629]
WARNING: [VRFC 10-3091] actual bit length 32 differs from formal bit length 40 for port 'SAXIGP4AWADDR' [D:/MPSOC_YOLO/06_vivado/proj/yolo_zcu104.ip_user_files/bd/system/ip/system_zynq_ps_0/sim/system_zynq_ps_0_vip_wrapper.v:630]
WARNING: [VRFC 10-3091] actual bit length 32 differs from formal bit length 128 for port 'SAXIGP4WDATA' [D:/MPSOC_YOLO/06_vivado/proj/yolo_zcu104.ip_user_files/bd/system/ip/system_zynq_ps_0/sim/system_zynq_ps_0_vip_wrapper.v:631]
WARNING: [VRFC 10-3091] actual bit length 4 differs from formal bit length 8 for port 'SAXIGP4ARLEN' [D:/MPSOC_YOLO/06_vivado/proj/yolo_zcu104.ip_user_files/bd/system/ip/system_zynq_ps_0/sim/system_zynq_ps_0_vip_wrapper.v:633]
WARNING: [VRFC 10-3091] actual bit length 4 differs from formal bit length 8 for port 'SAXIGP4AWLEN' [D:/MPSOC_YOLO/06_vivado/proj/yolo_zcu104.ip_user_files/bd/system/ip/system_zynq_ps_0/sim/system_zynq_ps_0_vip_wrapper.v:636]
WARNING: [VRFC 10-3091] actual bit length 4 differs from formal bit length 16 for port 'SAXIGP4WSTRB' [D:/MPSOC_YOLO/06_vivado/proj/yolo_zcu104.ip_user_files/bd/system/ip/system_zynq_ps_0/sim/system_zynq_ps_0_vip_wrapper.v:638]
WARNING: [VRFC 10-3091] actual bit length 2 differs from formal bit length 1 for port 'SAXIGP5ARLOCK' [D:/MPSOC_YOLO/06_vivado/proj/yolo_zcu104.ip_user_files/bd/system/ip/system_zynq_ps_0/sim/system_zynq_ps_0_vip_wrapper.v:667]
WARNING: [VRFC 10-3091] actual bit length 2 differs from formal bit length 1 for port 'SAXIGP5AWLOCK' [D:/MPSOC_YOLO/06_vivado/proj/yolo_zcu104.ip_user_files/bd/system/ip/system_zynq_ps_0/sim/system_zynq_ps_0_vip_wrapper.v:670]
WARNING: [VRFC 10-3091] actual bit length 32 differs from formal bit length 40 for port 'SAXIGP5ARADDR' [D:/MPSOC_YOLO/06_vivado/proj/yolo_zcu104.ip_user_files/bd/system/ip/system_zynq_ps_0/sim/system_zynq_ps_0_vip_wrapper.v:674]
WARNING: [VRFC 10-3091] actual bit length 32 differs from formal bit length 40 for port 'SAXIGP5AWADDR' [D:/MPSOC_YOLO/06_vivado/proj/yolo_zcu104.ip_user_files/bd/system/ip/system_zynq_ps_0/sim/system_zynq_ps_0_vip_wrapper.v:675]
WARNING: [VRFC 10-3091] actual bit length 32 differs from formal bit length 128 for port 'SAXIGP5WDATA' [D:/MPSOC_YOLO/06_vivado/proj/yolo_zcu104.ip_user_files/bd/system/ip/system_zynq_ps_0/sim/system_zynq_ps_0_vip_wrapper.v:676]
WARNING: [VRFC 10-3091] actual bit length 4 differs from formal bit length 8 for port 'SAXIGP5ARLEN' [D:/MPSOC_YOLO/06_vivado/proj/yolo_zcu104.ip_user_files/bd/system/ip/system_zynq_ps_0/sim/system_zynq_ps_0_vip_wrapper.v:678]
WARNING: [VRFC 10-3091] actual bit length 4 differs from formal bit length 8 for port 'SAXIGP5AWLEN' [D:/MPSOC_YOLO/06_vivado/proj/yolo_zcu104.ip_user_files/bd/system/ip/system_zynq_ps_0/sim/system_zynq_ps_0_vip_wrapper.v:681]
WARNING: [VRFC 10-3091] actual bit length 4 differs from formal bit length 16 for port 'SAXIGP5WSTRB' [D:/MPSOC_YOLO/06_vivado/proj/yolo_zcu104.ip_user_files/bd/system/ip/system_zynq_ps_0/sim/system_zynq_ps_0_vip_wrapper.v:683]
WARNING: [VRFC 10-3091] actual bit length 2 differs from formal bit length 1 for port 'SAXIGP6ARLOCK' [D:/MPSOC_YOLO/06_vivado/proj/yolo_zcu104.ip_user_files/bd/system/ip/system_zynq_ps_0/sim/system_zynq_ps_0_vip_wrapper.v:712]
WARNING: [VRFC 10-3091] actual bit length 2 differs from formal bit length 1 for port 'SAXIGP6AWLOCK' [D:/MPSOC_YOLO/06_vivado/proj/yolo_zcu104.ip_user_files/bd/system/ip/system_zynq_ps_0/sim/system_zynq_ps_0_vip_wrapper.v:715]
WARNING: [VRFC 10-3091] actual bit length 32 differs from formal bit length 40 for port 'SAXIGP6ARADDR' [D:/MPSOC_YOLO/06_vivado/proj/yolo_zcu104.ip_user_files/bd/system/ip/system_zynq_ps_0/sim/system_zynq_ps_0_vip_wrapper.v:719]
WARNING: [VRFC 10-3091] actual bit length 32 differs from formal bit length 40 for port 'SAXIGP6AWADDR' [D:/MPSOC_YOLO/06_vivado/proj/yolo_zcu104.ip_user_files/bd/system/ip/system_zynq_ps_0/sim/system_zynq_ps_0_vip_wrapper.v:720]
WARNING: [VRFC 10-3091] actual bit length 32 differs from formal bit length 128 for port 'SAXIGP6WDATA' [D:/MPSOC_YOLO/06_vivado/proj/yolo_zcu104.ip_user_files/bd/system/ip/system_zynq_ps_0/sim/system_zynq_ps_0_vip_wrapper.v:721]
WARNING: [VRFC 10-3091] actual bit length 4 differs from formal bit length 8 for port 'SAXIGP6ARLEN' [D:/MPSOC_YOLO/06_vivado/proj/yolo_zcu104.ip_user_files/bd/system/ip/system_zynq_ps_0/sim/system_zynq_ps_0_vip_wrapper.v:723]
WARNING: [VRFC 10-3091] actual bit length 4 differs from formal bit length 8 for port 'SAXIGP6AWLEN' [D:/MPSOC_YOLO/06_vivado/proj/yolo_zcu104.ip_user_files/bd/system/ip/system_zynq_ps_0/sim/system_zynq_ps_0_vip_wrapper.v:726]
WARNING: [VRFC 10-3091] actual bit length 4 differs from formal bit length 16 for port 'SAXIGP6WSTRB' [D:/MPSOC_YOLO/06_vivado/proj/yolo_zcu104.ip_user_files/bd/system/ip/system_zynq_ps_0/sim/system_zynq_ps_0_vip_wrapper.v:728]
WARNING: [VRFC 10-3091] actual bit length 3 differs from formal bit length 5 for port 'SAXIACPARID' [D:/MPSOC_YOLO/06_vivado/proj/yolo_zcu104.ip_user_files/bd/system/ip/system_zynq_ps_0/sim/system_zynq_ps_0_vip_wrapper.v:749]
WARNING: [VRFC 10-3091] actual bit length 3 differs from formal bit length 5 for port 'SAXIACPAWID' [D:/MPSOC_YOLO/06_vivado/proj/yolo_zcu104.ip_user_files/bd/system/ip/system_zynq_ps_0/sim/system_zynq_ps_0_vip_wrapper.v:751]
WARNING: [VRFC 10-3091] actual bit length 32 differs from formal bit length 40 for port 'SAXIACPARADDR' [D:/MPSOC_YOLO/06_vivado/proj/yolo_zcu104.ip_user_files/bd/system/ip/system_zynq_ps_0/sim/system_zynq_ps_0_vip_wrapper.v:753]
WARNING: [VRFC 10-3091] actual bit length 32 differs from formal bit length 40 for port 'SAXIACPAWADDR' [D:/MPSOC_YOLO/06_vivado/proj/yolo_zcu104.ip_user_files/bd/system/ip/system_zynq_ps_0/sim/system_zynq_ps_0_vip_wrapper.v:754]
WARNING: [VRFC 10-3091] actual bit length 4 differs from formal bit length 8 for port 'SAXIACPARLEN' [D:/MPSOC_YOLO/06_vivado/proj/yolo_zcu104.ip_user_files/bd/system/ip/system_zynq_ps_0/sim/system_zynq_ps_0_vip_wrapper.v:756]
WARNING: [VRFC 10-3091] actual bit length 4 differs from formal bit length 8 for port 'SAXIACPAWLEN' [D:/MPSOC_YOLO/06_vivado/proj/yolo_zcu104.ip_user_files/bd/system/ip/system_zynq_ps_0/sim/system_zynq_ps_0_vip_wrapper.v:759]
WARNING: [VRFC 10-3091] actual bit length 2 differs from formal bit length 1 for port 'SAXIACPARLOCK' [D:/MPSOC_YOLO/06_vivado/proj/yolo_zcu104.ip_user_files/bd/system/ip/system_zynq_ps_0/sim/system_zynq_ps_0_vip_wrapper.v:762]
WARNING: [VRFC 10-3091] actual bit length 2 differs from formal bit length 1 for port 'SAXIACPAWLOCK' [D:/MPSOC_YOLO/06_vivado/proj/yolo_zcu104.ip_user_files/bd/system/ip/system_zynq_ps_0/sim/system_zynq_ps_0_vip_wrapper.v:765]
WARNING: [VRFC 10-3091] actual bit length 5 differs from formal bit length 2 for port 'SAXIACPARUSER' [D:/MPSOC_YOLO/06_vivado/proj/yolo_zcu104.ip_user_files/bd/system/ip/system_zynq_ps_0/sim/system_zynq_ps_0_vip_wrapper.v:767]
WARNING: [VRFC 10-3091] actual bit length 5 differs from formal bit length 2 for port 'SAXIACPAWUSER' [D:/MPSOC_YOLO/06_vivado/proj/yolo_zcu104.ip_user_files/bd/system/ip/system_zynq_ps_0/sim/system_zynq_ps_0_vip_wrapper.v:768]
WARNING: [VRFC 10-3091] actual bit length 64 differs from formal bit length 128 for port 'SAXIACPWDATA' [D:/MPSOC_YOLO/06_vivado/proj/yolo_zcu104.ip_user_files/bd/system/ip/system_zynq_ps_0/sim/system_zynq_ps_0_vip_wrapper.v:769]
WARNING: [VRFC 10-3091] actual bit length 8 differs from formal bit length 16 for port 'SAXIACPWSTRB' [D:/MPSOC_YOLO/06_vivado/proj/yolo_zcu104.ip_user_files/bd/system/ip/system_zynq_ps_0/sim/system_zynq_ps_0_vip_wrapper.v:770]
WARNING: [VRFC 10-3091] actual bit length 1 differs from formal bit length 8 for port 'PLPSIRQ0' [D:/MPSOC_YOLO/06_vivado/proj/yolo_zcu104.ip_user_files/bd/system/ip/system_zynq_ps_0/sim/system_zynq_ps_0_vip_wrapper.v:836]
WARNING: [VRFC 10-3091] actual bit length 32 differs from formal bit length 1 for port 'S_AWREGION' [/scratch/proj/xbuilds/SWIP/2024.1_0522_2023/infra/XSIM/lin/.cxl.ip/incl/zynq_ultra_ps_e_vip_v1_0_17_axi_acp.sv:71]
WARNING: [VRFC 10-3091] actual bit length 32 differs from formal bit length 1 for port 'S_ARREGION' [/scratch/proj/xbuilds/SWIP/2024.1_0522_2023/infra/XSIM/lin/.cxl.ip/incl/zynq_ultra_ps_e_vip_v1_0_17_axi_acp.sv:72]
WARNING: [VRFC 10-3091] actual bit length 32 differs from formal bit length 1 for port 'S_WUSER' [/scratch/proj/xbuilds/SWIP/2024.1_0522_2023/infra/XSIM/lin/.cxl.ip/incl/zynq_ultra_ps_e_vip_v1_0_17_axi_acp.sv:74]
WARNING: [VRFC 10-3091] actual bit length 2 differs from formal bit length 1 for port 's_axi_awuser' [/wrk/ci/prod/2024.1/sw/continuous/35389/packages/customer/vivado/data/ip/xilinx/zynq_ultra_ps_e_vip_v1_0/hdl/zynq_ultra_ps_e_vip_v1_0_vl_rfs.sv:6300]
WARNING: [VRFC 10-3091] actual bit length 1 differs from formal bit length 5 for port 's_axi_wid' [/wrk/ci/prod/2024.1/sw/continuous/35389/packages/customer/vivado/data/ip/xilinx/zynq_ultra_ps_e_vip_v1_0/hdl/zynq_ultra_ps_e_vip_v1_0_vl_rfs.sv:6303]
WARNING: [VRFC 10-3091] actual bit length 2 differs from formal bit length 1 for port 's_axi_aruser' [/wrk/ci/prod/2024.1/sw/continuous/35389/packages/customer/vivado/data/ip/xilinx/zynq_ultra_ps_e_vip_v1_0/hdl/zynq_ultra_ps_e_vip_v1_0_vl_rfs.sv:6325]
WARNING: [VRFC 10-3091] actual bit length 12 differs from formal bit length 5 for port 'm_axi_bid' [/wrk/ci/prod/2024.1/sw/continuous/35389/packages/customer/vivado/data/ip/xilinx/zynq_ultra_ps_e_vip_v1_0/hdl/zynq_ultra_ps_e_vip_v1_0_vl_rfs.sv:6355]
WARNING: [VRFC 10-3091] actual bit length 12 differs from formal bit length 5 for port 'm_axi_rid' [/wrk/ci/prod/2024.1/sw/continuous/35389/packages/customer/vivado/data/ip/xilinx/zynq_ultra_ps_e_vip_v1_0/hdl/zynq_ultra_ps_e_vip_v1_0_vl_rfs.sv:6373]
WARNING: [VRFC 10-3091] actual bit length 32 differs from formal bit length 128 for port 'm_axi_rdata' [/wrk/ci/prod/2024.1/sw/continuous/35389/packages/customer/vivado/data/ip/xilinx/zynq_ultra_ps_e_vip_v1_0/hdl/zynq_ultra_ps_e_vip_v1_0_vl_rfs.sv:6374]
WARNING: [VRFC 10-3091] actual bit length 4 differs from formal bit length 2 for port 'S_RRESP' [/scratch/proj/xbuilds/SWIP/2024.1_0522_2023/infra/XSIM/lin/.cxl.ip/incl/zynq_ultra_ps_e_vip_v1_0_17_axi_ace.sv:64]
WARNING: [VRFC 10-3091] actual bit length 16 differs from formal bit length 15 for port 'S_AWUSER' [/scratch/proj/xbuilds/SWIP/2024.1_0522_2023/infra/XSIM/lin/.cxl.ip/incl/zynq_ultra_ps_e_vip_v1_0_17_axi_ace.sv:73]
WARNING: [VRFC 10-3091] actual bit length 16 differs from formal bit length 15 for port 'S_ARUSER' [/scratch/proj/xbuilds/SWIP/2024.1_0522_2023/infra/XSIM/lin/.cxl.ip/incl/zynq_ultra_ps_e_vip_v1_0_17_axi_ace.sv:76]
WARNING: [VRFC 10-3091] actual bit length 15 differs from formal bit length 1 for port 's_axi_awuser' [/wrk/ci/prod/2024.1/sw/continuous/35389/packages/customer/vivado/data/ip/xilinx/zynq_ultra_ps_e_vip_v1_0/hdl/zynq_ultra_ps_e_vip_v1_0_vl_rfs.sv:4835]
WARNING: [VRFC 10-3091] actual bit length 1 differs from formal bit length 6 for port 's_axi_wid' [/wrk/ci/prod/2024.1/sw/continuous/35389/packages/customer/vivado/data/ip/xilinx/zynq_ultra_ps_e_vip_v1_0/hdl/zynq_ultra_ps_e_vip_v1_0_vl_rfs.sv:4838]
WARNING: [VRFC 10-3091] actual bit length 15 differs from formal bit length 1 for port 's_axi_aruser' [/wrk/ci/prod/2024.1/sw/continuous/35389/packages/customer/vivado/data/ip/xilinx/zynq_ultra_ps_e_vip_v1_0/hdl/zynq_ultra_ps_e_vip_v1_0_vl_rfs.sv:4860]
WARNING: [VRFC 10-3091] actual bit length 12 differs from formal bit length 6 for port 'm_axi_bid' [/wrk/ci/prod/2024.1/sw/continuous/35389/packages/customer/vivado/data/ip/xilinx/zynq_ultra_ps_e_vip_v1_0/hdl/zynq_ultra_ps_e_vip_v1_0_vl_rfs.sv:4890]
WARNING: [VRFC 10-3091] actual bit length 12 differs from formal bit length 6 for port 'm_axi_rid' [/wrk/ci/prod/2024.1/sw/continuous/35389/packages/customer/vivado/data/ip/xilinx/zynq_ultra_ps_e_vip_v1_0/hdl/zynq_ultra_ps_e_vip_v1_0_vl_rfs.sv:4908]
WARNING: [VRFC 10-3091] actual bit length 32 differs from formal bit length 128 for port 'm_axi_rdata' [/wrk/ci/prod/2024.1/sw/continuous/35389/packages/customer/vivado/data/ip/xilinx/zynq_ultra_ps_e_vip_v1_0/hdl/zynq_ultra_ps_e_vip_v1_0_vl_rfs.sv:4909]
WARNING: [VRFC 10-3091] actual bit length 32 differs from formal bit length 1 for port 'S_AWREGION' [/scratch/proj/xbuilds/SWIP/2024.1_0522_2023/infra/XSIM/lin/.cxl.ip/incl/zynq_ultra_ps_e_vip_v1_0_17_axi_gp.sv:72]
WARNING: [VRFC 10-3091] actual bit length 32 differs from formal bit length 1 for port 'S_ARREGION' [/scratch/proj/xbuilds/SWIP/2024.1_0522_2023/infra/XSIM/lin/.cxl.ip/incl/zynq_ultra_ps_e_vip_v1_0_17_axi_gp.sv:73]
WARNING: [VRFC 10-3091] actual bit length 32 differs from formal bit length 1 for port 'S_WUSER' [/scratch/proj/xbuilds/SWIP/2024.1_0522_2023/infra/XSIM/lin/.cxl.ip/incl/zynq_ultra_ps_e_vip_v1_0_17_axi_gp.sv:75]
WARNING: [VRFC 10-3091] actual bit length 32 differs from formal bit length 1 for port 'S_AWREGION' [/scratch/proj/xbuilds/SWIP/2024.1_0522_2023/infra/XSIM/lin/.cxl.ip/incl/zynq_ultra_ps_e_vip_v1_0_17_axi_gp.sv:166]
WARNING: [VRFC 10-3091] actual bit length 32 differs from formal bit length 1 for port 'S_ARREGION' [/scratch/proj/xbuilds/SWIP/2024.1_0522_2023/infra/XSIM/lin/.cxl.ip/incl/zynq_ultra_ps_e_vip_v1_0_17_axi_gp.sv:167]
WARNING: [VRFC 10-3091] actual bit length 32 differs from formal bit length 1 for port 'S_WUSER' [/scratch/proj/xbuilds/SWIP/2024.1_0522_2023/infra/XSIM/lin/.cxl.ip/incl/zynq_ultra_ps_e_vip_v1_0_17_axi_gp.sv:169]
WARNING: [VRFC 10-3091] actual bit length 32 differs from formal bit length 1 for port 'S_AWREGION' [/scratch/proj/xbuilds/SWIP/2024.1_0522_2023/infra/XSIM/lin/.cxl.ip/incl/zynq_ultra_ps_e_vip_v1_0_17_axi_gp.sv:260]
WARNING: [VRFC 10-3091] actual bit length 32 differs from formal bit length 1 for port 'S_ARREGION' [/scratch/proj/xbuilds/SWIP/2024.1_0522_2023/infra/XSIM/lin/.cxl.ip/incl/zynq_ultra_ps_e_vip_v1_0_17_axi_gp.sv:261]
WARNING: [VRFC 10-3091] actual bit length 32 differs from formal bit length 1 for port 'S_WUSER' [/scratch/proj/xbuilds/SWIP/2024.1_0522_2023/infra/XSIM/lin/.cxl.ip/incl/zynq_ultra_ps_e_vip_v1_0_17_axi_gp.sv:263]
WARNING: [VRFC 10-3091] actual bit length 32 differs from formal bit length 1 for port 'S_AWREGION' [/scratch/proj/xbuilds/SWIP/2024.1_0522_2023/infra/XSIM/lin/.cxl.ip/incl/zynq_ultra_ps_e_vip_v1_0_17_axi_gp.sv:354]
WARNING: [VRFC 10-3091] actual bit length 32 differs from formal bit length 1 for port 'S_ARREGION' [/scratch/proj/xbuilds/SWIP/2024.1_0522_2023/infra/XSIM/lin/.cxl.ip/incl/zynq_ultra_ps_e_vip_v1_0_17_axi_gp.sv:355]
WARNING: [VRFC 10-3091] actual bit length 32 differs from formal bit length 1 for port 'S_WUSER' [/scratch/proj/xbuilds/SWIP/2024.1_0522_2023/infra/XSIM/lin/.cxl.ip/incl/zynq_ultra_ps_e_vip_v1_0_17_axi_gp.sv:357]
WARNING: [VRFC 10-3091] actual bit length 32 differs from formal bit length 1 for port 'S_AWREGION' [/scratch/proj/xbuilds/SWIP/2024.1_0522_2023/infra/XSIM/lin/.cxl.ip/incl/zynq_ultra_ps_e_vip_v1_0_17_axi_gp.sv:448]
WARNING: [VRFC 10-3091] actual bit length 32 differs from formal bit length 1 for port 'S_ARREGION' [/scratch/proj/xbuilds/SWIP/2024.1_0522_2023/infra/XSIM/lin/.cxl.ip/incl/zynq_ultra_ps_e_vip_v1_0_17_axi_gp.sv:449]
WARNING: [VRFC 10-3091] actual bit length 32 differs from formal bit length 1 for port 'S_WUSER' [/scratch/proj/xbuilds/SWIP/2024.1_0522_2023/infra/XSIM/lin/.cxl.ip/incl/zynq_ultra_ps_e_vip_v1_0_17_axi_gp.sv:451]
WARNING: [VRFC 10-3091] actual bit length 32 differs from formal bit length 1 for port 'S_AWREGION' [/scratch/proj/xbuilds/SWIP/2024.1_0522_2023/infra/XSIM/lin/.cxl.ip/incl/zynq_ultra_ps_e_vip_v1_0_17_axi_gp.sv:542]
WARNING: [VRFC 10-3091] actual bit length 32 differs from formal bit length 1 for port 'S_ARREGION' [/scratch/proj/xbuilds/SWIP/2024.1_0522_2023/infra/XSIM/lin/.cxl.ip/incl/zynq_ultra_ps_e_vip_v1_0_17_axi_gp.sv:543]
WARNING: [VRFC 10-3091] actual bit length 32 differs from formal bit length 1 for port 'S_WUSER' [/scratch/proj/xbuilds/SWIP/2024.1_0522_2023/infra/XSIM/lin/.cxl.ip/incl/zynq_ultra_ps_e_vip_v1_0_17_axi_gp.sv:545]
WARNING: [VRFC 10-3091] actual bit length 32 differs from formal bit length 1 for port 'S_AWREGION' [/scratch/proj/xbuilds/SWIP/2024.1_0522_2023/infra/XSIM/lin/.cxl.ip/incl/zynq_ultra_ps_e_vip_v1_0_17_axi_gp.sv:636]
WARNING: [VRFC 10-3091] actual bit length 32 differs from formal bit length 1 for port 'S_ARREGION' [/scratch/proj/xbuilds/SWIP/2024.1_0522_2023/infra/XSIM/lin/.cxl.ip/incl/zynq_ultra_ps_e_vip_v1_0_17_axi_gp.sv:637]
WARNING: [VRFC 10-3091] actual bit length 32 differs from formal bit length 1 for port 'S_WUSER' [/scratch/proj/xbuilds/SWIP/2024.1_0522_2023/infra/XSIM/lin/.cxl.ip/incl/zynq_ultra_ps_e_vip_v1_0_17_axi_gp.sv:639]
WARNING: [VRFC 10-3091] actual bit length 128 differs from formal bit length 32 for port 'M_WDATA' [/scratch/proj/xbuilds/SWIP/2024.1_0522_2023/infra/XSIM/lin/.cxl.ip/incl/zynq_ultra_ps_e_vip_v1_0_17_axi_gp.sv:700]
WARNING: [VRFC 10-3091] actual bit length 16 differs from formal bit length 4 for port 'M_WSTRB' [/scratch/proj/xbuilds/SWIP/2024.1_0522_2023/infra/XSIM/lin/.cxl.ip/incl/zynq_ultra_ps_e_vip_v1_0_17_axi_gp.sv:701]
WARNING: [VRFC 10-3091] actual bit length 128 differs from formal bit length 32 for port 'M_RDATA' [/scratch/proj/xbuilds/SWIP/2024.1_0522_2023/infra/XSIM/lin/.cxl.ip/incl/zynq_ultra_ps_e_vip_v1_0_17_axi_gp.sv:723]
WARNING: [VRFC 10-3091] actual bit length 16 differs from formal bit length 1 for port 'M_AWUSER' [/scratch/proj/xbuilds/SWIP/2024.1_0522_2023/infra/XSIM/lin/.cxl.ip/incl/zynq_ultra_ps_e_vip_v1_0_17_axi_gp.sv:733]
WARNING: [VRFC 10-3091] actual bit length 32 differs from formal bit length 1 for port 'M_BUSER' [/scratch/proj/xbuilds/SWIP/2024.1_0522_2023/infra/XSIM/lin/.cxl.ip/incl/zynq_ultra_ps_e_vip_v1_0_17_axi_gp.sv:735]
WARNING: [VRFC 10-3091] actual bit length 16 differs from formal bit length 1 for port 'M_ARUSER' [/scratch/proj/xbuilds/SWIP/2024.1_0522_2023/infra/XSIM/lin/.cxl.ip/incl/zynq_ultra_ps_e_vip_v1_0_17_axi_gp.sv:736]
WARNING: [VRFC 10-3091] actual bit length 32 differs from formal bit length 1 for port 'M_RUSER' [/scratch/proj/xbuilds/SWIP/2024.1_0522_2023/infra/XSIM/lin/.cxl.ip/incl/zynq_ultra_ps_e_vip_v1_0_17_axi_gp.sv:737]
WARNING: [VRFC 10-3091] actual bit length 12 differs from formal bit length 16 for port 's_axi_awid' [/wrk/ci/prod/2024.1/sw/continuous/35389/packages/customer/vivado/data/ip/xilinx/zynq_ultra_ps_e_vip_v1_0/hdl/zynq_ultra_ps_e_vip_v1_0_vl_rfs.sv:7822]
WARNING: [VRFC 10-3091] actual bit length 32 differs from formal bit length 40 for port 's_axi_awaddr' [/wrk/ci/prod/2024.1/sw/continuous/35389/packages/customer/vivado/data/ip/xilinx/zynq_ultra_ps_e_vip_v1_0/hdl/zynq_ultra_ps_e_vip_v1_0_vl_rfs.sv:7823]
WARNING: [VRFC 10-3091] actual bit length 4 differs from formal bit length 8 for port 's_axi_awlen' [/wrk/ci/prod/2024.1/sw/continuous/35389/packages/customer/vivado/data/ip/xilinx/zynq_ultra_ps_e_vip_v1_0/hdl/zynq_ultra_ps_e_vip_v1_0_vl_rfs.sv:7824]
WARNING: [VRFC 10-3091] actual bit length 2 differs from formal bit length 1 for port 's_axi_awlock' [/wrk/ci/prod/2024.1/sw/continuous/35389/packages/customer/vivado/data/ip/xilinx/zynq_ultra_ps_e_vip_v1_0/hdl/zynq_ultra_ps_e_vip_v1_0_vl_rfs.sv:7827]
WARNING: [VRFC 10-3091] actual bit length 12 differs from formal bit length 16 for port 's_axi_wid' [/wrk/ci/prod/2024.1/sw/continuous/35389/packages/customer/vivado/data/ip/xilinx/zynq_ultra_ps_e_vip_v1_0/hdl/zynq_ultra_ps_e_vip_v1_0_vl_rfs.sv:7835]
WARNING: [VRFC 10-3091] actual bit length 12 differs from formal bit length 16 for port 's_axi_arid' [/wrk/ci/prod/2024.1/sw/continuous/35389/packages/customer/vivado/data/ip/xilinx/zynq_ultra_ps_e_vip_v1_0/hdl/zynq_ultra_ps_e_vip_v1_0_vl_rfs.sv:7847]
WARNING: [VRFC 10-3091] actual bit length 32 differs from formal bit length 40 for port 's_axi_araddr' [/wrk/ci/prod/2024.1/sw/continuous/35389/packages/customer/vivado/data/ip/xilinx/zynq_ultra_ps_e_vip_v1_0/hdl/zynq_ultra_ps_e_vip_v1_0_vl_rfs.sv:7848]
WARNING: [VRFC 10-3091] actual bit length 4 differs from formal bit length 8 for port 's_axi_arlen' [/wrk/ci/prod/2024.1/sw/continuous/35389/packages/customer/vivado/data/ip/xilinx/zynq_ultra_ps_e_vip_v1_0/hdl/zynq_ultra_ps_e_vip_v1_0_vl_rfs.sv:7849]
WARNING: [VRFC 10-3091] actual bit length 2 differs from formal bit length 1 for port 's_axi_arlock' [/wrk/ci/prod/2024.1/sw/continuous/35389/packages/customer/vivado/data/ip/xilinx/zynq_ultra_ps_e_vip_v1_0/hdl/zynq_ultra_ps_e_vip_v1_0_vl_rfs.sv:7852]
WARNING: [VRFC 10-3091] actual bit length 16 differs from formal bit length 1 for port 'M_AWUSER' [/scratch/proj/xbuilds/SWIP/2024.1_0522_2023/infra/XSIM/lin/.cxl.ip/incl/zynq_ultra_ps_e_vip_v1_0_17_axi_gp.sv:804]
WARNING: [VRFC 10-3091] actual bit length 32 differs from formal bit length 1 for port 'M_BUSER' [/scratch/proj/xbuilds/SWIP/2024.1_0522_2023/infra/XSIM/lin/.cxl.ip/incl/zynq_ultra_ps_e_vip_v1_0_17_axi_gp.sv:806]
WARNING: [VRFC 10-3091] actual bit length 16 differs from formal bit length 1 for port 'M_ARUSER' [/scratch/proj/xbuilds/SWIP/2024.1_0522_2023/infra/XSIM/lin/.cxl.ip/incl/zynq_ultra_ps_e_vip_v1_0_17_axi_gp.sv:807]
WARNING: [VRFC 10-3091] actual bit length 32 differs from formal bit length 1 for port 'M_RUSER' [/scratch/proj/xbuilds/SWIP/2024.1_0522_2023/infra/XSIM/lin/.cxl.ip/incl/zynq_ultra_ps_e_vip_v1_0_17_axi_gp.sv:808]
WARNING: [VRFC 10-3091] actual bit length 32 differs from formal bit length 128 for port 's_axi_wdata' [/wrk/ci/prod/2024.1/sw/continuous/35389/packages/customer/vivado/data/ip/xilinx/zynq_ultra_ps_e_vip_v1_0/hdl/zynq_ultra_ps_e_vip_v1_0_vl_rfs.sv:7836]
WARNING: [VRFC 10-3091] actual bit length 4 differs from formal bit length 16 for port 's_axi_wstrb' [/wrk/ci/prod/2024.1/sw/continuous/35389/packages/customer/vivado/data/ip/xilinx/zynq_ultra_ps_e_vip_v1_0/hdl/zynq_ultra_ps_e_vip_v1_0_vl_rfs.sv:7837]
WARNING: [VRFC 10-3091] actual bit length 128 differs from formal bit length 32 for port 'M_WDATA' [/scratch/proj/xbuilds/SWIP/2024.1_0522_2023/infra/XSIM/lin/.cxl.ip/incl/zynq_ultra_ps_e_vip_v1_0_17_axi_gp.sv:842]
WARNING: [VRFC 10-3091] actual bit length 16 differs from formal bit length 4 for port 'M_WSTRB' [/scratch/proj/xbuilds/SWIP/2024.1_0522_2023/infra/XSIM/lin/.cxl.ip/incl/zynq_ultra_ps_e_vip_v1_0_17_axi_gp.sv:843]
WARNING: [VRFC 10-3091] actual bit length 128 differs from formal bit length 32 for port 'M_RDATA' [/scratch/proj/xbuilds/SWIP/2024.1_0522_2023/infra/XSIM/lin/.cxl.ip/incl/zynq_ultra_ps_e_vip_v1_0_17_axi_gp.sv:865]
WARNING: [VRFC 10-3091] actual bit length 16 differs from formal bit length 1 for port 'M_AWUSER' [/scratch/proj/xbuilds/SWIP/2024.1_0522_2023/infra/XSIM/lin/.cxl.ip/incl/zynq_ultra_ps_e_vip_v1_0_17_axi_gp.sv:875]
WARNING: [VRFC 10-3091] actual bit length 32 differs from formal bit length 1 for port 'M_BUSER' [/scratch/proj/xbuilds/SWIP/2024.1_0522_2023/infra/XSIM/lin/.cxl.ip/incl/zynq_ultra_ps_e_vip_v1_0_17_axi_gp.sv:877]
WARNING: [VRFC 10-3091] actual bit length 16 differs from formal bit length 1 for port 'M_ARUSER' [/scratch/proj/xbuilds/SWIP/2024.1_0522_2023/infra/XSIM/lin/.cxl.ip/incl/zynq_ultra_ps_e_vip_v1_0_17_axi_gp.sv:878]
WARNING: [VRFC 10-3091] actual bit length 32 differs from formal bit length 1 for port 'M_RUSER' [/scratch/proj/xbuilds/SWIP/2024.1_0522_2023/infra/XSIM/lin/.cxl.ip/incl/zynq_ultra_ps_e_vip_v1_0_17_axi_gp.sv:879]
WARNING: [VRFC 10-3091] actual bit length 1 differs from formal bit length 4 for port 'wr_qos' [/wrk/ci/prod/2024.1/sw/continuous/35389/packages/customer/vivado/data/ip/xilinx/zynq_ultra_ps_e_vip_v1_0/hdl/zynq_ultra_ps_e_vip_v1_0_vl_rfs.sv:3798]
WARNING: [VRFC 10-3091] actual bit length 1 differs from formal bit length 4 for port 'rd_qos' [/wrk/ci/prod/2024.1/sw/continuous/35389/packages/customer/vivado/data/ip/xilinx/zynq_ultra_ps_e_vip_v1_0/hdl/zynq_ultra_ps_e_vip_v1_0_vl_rfs.sv:3805]
WARNING: [VRFC 10-3091] actual bit length 1 differs from formal bit length 4 for port 'wr_qos_1' [/wrk/ci/prod/2024.1/sw/continuous/35389/packages/customer/vivado/data/ip/xilinx/zynq_ultra_ps_e_vip_v1_0/hdl/zynq_ultra_ps_e_vip_v1_0_vl_rfs.sv:3818]
WARNING: [VRFC 10-3091] actual bit length 1 differs from formal bit length 4 for port 'rd_qos_1' [/wrk/ci/prod/2024.1/sw/continuous/35389/packages/customer/vivado/data/ip/xilinx/zynq_ultra_ps_e_vip_v1_0/hdl/zynq_ultra_ps_e_vip_v1_0_vl_rfs.sv:3825]
WARNING: [VRFC 10-5021] port 'mb_reset' is not connected on this instance [D:/MPSOC_YOLO/06_vivado/proj/yolo_zcu104.ip_user_files/bd/system/sim/system.v:153]
WARNING: [VRFC 10-5021] port 'mb_reset' is not connected on this instance [D:/MPSOC_YOLO/06_vivado/proj/yolo_zcu104.ip_user_files/bd/system/ip/system_sc_ctrl_0/bd_0/sim/bd_73a6.v:759]
WARNING: [VRFC 10-5021] port 'mb_reset' is not connected on this instance [D:/MPSOC_YOLO/06_vivado/proj/yolo_zcu104.ip_user_files/bd/system/ip/system_sc_mem_0/bd_0/sim/bd_0182.v:839]
WARNING: [VRFC 10-5021] port 'PSS_ALTO_CORE_PAD_CLK' is not connected on this instance [D:/MPSOC_YOLO/06_vivado/proj/yolo_zcu104.ip_user_files/bd/system/ip/system_zynq_ps_0/sim/system_zynq_ps_0_vip_wrapper.v:267]
WARNING: [VRFC 10-3129] assignment to input 'wr_dv_ddr_acp' [/wrk/ci/prod/2024.1/sw/continuous/35389/packages/customer/vivado/data/ip/xilinx/zynq_ultra_ps_e_vip_v1_0/hdl/zynq_ultra_ps_e_vip_v1_0_vl_rfs.sv:3714]
WARNING: [VRFC 10-3129] assignment to input 'wr_dv_ddr_ace' [/wrk/ci/prod/2024.1/sw/continuous/35389/packages/customer/vivado/data/ip/xilinx/zynq_ultra_ps_e_vip_v1_0/hdl/zynq_ultra_ps_e_vip_v1_0_vl_rfs.sv:3728]
WARNING: [VRFC 10-3129] assignment to input 'wr_dv_ddr_gp0' [/wrk/ci/prod/2024.1/sw/continuous/35389/packages/customer/vivado/data/ip/xilinx/zynq_ultra_ps_e_vip_v1_0/hdl/zynq_ultra_ps_e_vip_v1_0_vl_rfs.sv:3776]
WARNING: [VRFC 10-3129] assignment to input 'wr_dv_ddr_gp1' [/wrk/ci/prod/2024.1/sw/continuous/35389/packages/customer/vivado/data/ip/xilinx/zynq_ultra_ps_e_vip_v1_0/hdl/zynq_ultra_ps_e_vip_v1_0_vl_rfs.sv:3790]
WARNING: [VRFC 10-3129] assignment to input 'wr_dv_ddr_gp6' [/wrk/ci/prod/2024.1/sw/continuous/35389/packages/customer/vivado/data/ip/xilinx/zynq_ultra_ps_e_vip_v1_0/hdl/zynq_ultra_ps_e_vip_v1_0_vl_rfs.sv:3838]
WARNING: [VRFC 10-3129] assignment to input 'wr_dv_ddr_gp3' [/wrk/ci/prod/2024.1/sw/continuous/35389/packages/customer/vivado/data/ip/xilinx/zynq_ultra_ps_e_vip_v1_0/hdl/zynq_ultra_ps_e_vip_v1_0_vl_rfs.sv:3888]
WARNING: [VRFC 10-3129] assignment to input 'wr_dv_ddr_gp4' [/wrk/ci/prod/2024.1/sw/continuous/35389/packages/customer/vivado/data/ip/xilinx/zynq_ultra_ps_e_vip_v1_0/hdl/zynq_ultra_ps_e_vip_v1_0_vl_rfs.sv:3902]
WARNING: [VRFC 10-3129] assignment to input 'wr_dv_acp' [/wrk/ci/prod/2024.1/sw/continuous/35389/packages/customer/vivado/data/ip/xilinx/zynq_ultra_ps_e_vip_v1_0/hdl/zynq_ultra_ps_e_vip_v1_0_vl_rfs.sv:3004]
WARNING: [VRFC 10-3129] assignment to input 'wr_dv_ace' [/wrk/ci/prod/2024.1/sw/continuous/35389/packages/customer/vivado/data/ip/xilinx/zynq_ultra_ps_e_vip_v1_0/hdl/zynq_ultra_ps_e_vip_v1_0_vl_rfs.sv:3018]
WARNING: [VRFC 10-3129] assignment to input 'wr_dv_gp0' [/wrk/ci/prod/2024.1/sw/continuous/35389/packages/customer/vivado/data/ip/xilinx/zynq_ultra_ps_e_vip_v1_0/hdl/zynq_ultra_ps_e_vip_v1_0_vl_rfs.sv:3052]
WARNING: [VRFC 10-3129] assignment to input 'wr_dv_gp1' [/wrk/ci/prod/2024.1/sw/continuous/35389/packages/customer/vivado/data/ip/xilinx/zynq_ultra_ps_e_vip_v1_0/hdl/zynq_ultra_ps_e_vip_v1_0_vl_rfs.sv:3066]
WARNING: [VRFC 10-3129] assignment to input 'wr_dv_gp3' [/wrk/ci/prod/2024.1/sw/continuous/35389/packages/customer/vivado/data/ip/xilinx/zynq_ultra_ps_e_vip_v1_0/hdl/zynq_ultra_ps_e_vip_v1_0_vl_rfs.sv:3115]
WARNING: [VRFC 10-3129] assignment to input 'wr_dv_gp4' [/wrk/ci/prod/2024.1/sw/continuous/35389/packages/customer/vivado/data/ip/xilinx/zynq_ultra_ps_e_vip_v1_0/hdl/zynq_ultra_ps_e_vip_v1_0_vl_rfs.sv:3129]
WARNING: [VRFC 10-3705] select index 4096 into 'wrp_strb' is out of bounds [/wrk/ci/prod/2024.1/sw/continuous/35389/packages/customer/vivado/data/ip/xilinx/zynq_ultra_ps_e_vip_v1_0/hdl/zynq_ultra_ps_e_vip_v1_0_vl_rfs.sv:6968]
WARNING: [VRFC 10-3705] select index 2 into 'wr_fifo_rd_ptr' is out of bounds [/wrk/ci/prod/2024.1/sw/continuous/35389/packages/customer/vivado/data/ip/xilinx/zynq_ultra_ps_e_vip_v1_0/hdl/zynq_ultra_ps_e_vip_v1_0_vl_rfs.sv:7181]
WARNING: [VRFC 10-3705] select index 3 into 'ar_cnt' is out of bounds [/wrk/ci/prod/2024.1/sw/continuous/35389/packages/customer/vivado/data/ip/xilinx/zynq_ultra_ps_e_vip_v1_0/hdl/zynq_ultra_ps_e_vip_v1_0_vl_rfs.sv:7320]
WARNING: [VRFC 10-3705] select index 3 into 'wr_rresp_cnt' is out of bounds [/wrk/ci/prod/2024.1/sw/continuous/35389/packages/customer/vivado/data/ip/xilinx/zynq_ultra_ps_e_vip_v1_0/hdl/zynq_ultra_ps_e_vip_v1_0_vl_rfs.sv:7417]
WARNING: [VRFC 10-3705] select index 3 into 'rd_fifo_wr_ptr' is out of bounds [/wrk/ci/prod/2024.1/sw/continuous/35389/packages/customer/vivado/data/ip/xilinx/zynq_ultra_ps_e_vip_v1_0/hdl/zynq_ultra_ps_e_vip_v1_0_vl_rfs.sv:7436]
WARNING: [VRFC 10-3705] select index 3 into 'rd_cnt' is out of bounds [/wrk/ci/prod/2024.1/sw/continuous/35389/packages/customer/vivado/data/ip/xilinx/zynq_ultra_ps_e_vip_v1_0/hdl/zynq_ultra_ps_e_vip_v1_0_vl_rfs.sv:7577]
WARNING: [VRFC 10-3705] select index 3 into 'rresp_time_cnt' is out of bounds [/wrk/ci/prod/2024.1/sw/continuous/35389/packages/customer/vivado/data/ip/xilinx/zynq_ultra_ps_e_vip_v1_0/hdl/zynq_ultra_ps_e_vip_v1_0_vl_rfs.sv:7582]
WARNING: [VRFC 10-3705] select index 3 into 'rd_fifo_rd_ptr' is out of bounds [/wrk/ci/prod/2024.1/sw/continuous/35389/packages/customer/vivado/data/ip/xilinx/zynq_ultra_ps_e_vip_v1_0/hdl/zynq_ultra_ps_e_vip_v1_0_vl_rfs.sv:7587]
WARNING: [VRFC 10-3705] select index 4096 into 'wrp_strb' is out of bounds [/wrk/ci/prod/2024.1/sw/continuous/35389/packages/customer/vivado/data/ip/xilinx/zynq_ultra_ps_e_vip_v1_0/hdl/zynq_ultra_ps_e_vip_v1_0_vl_rfs.sv:5492]
Completed static elaboration
Starting simulation data flow analysis
WARNING: [XSIM 43-4099] "D:/MPSOC_YOLO/04_rtl/yolo_pkg.sv" Line 2. Module yolo_pkg doesn't have a timescale but at least one module in design has a timescale.
WARNING: [XSIM 43-4099] "D:/MPSOC_YOLO/04_rtl/yolo_pkg.sv" Line 2. Module yolo_pkg doesn't have a timescale but at least one module in design has a timescale.
WARNING: [XSIM 43-4099] "D:/MPSOC_YOLO/04_rtl/yolo_accel_wrap.v" Line 4. Module yolo_accel_wrap doesn't have a timescale but at least one module in design has a timescale.
WARNING: [XSIM 43-4099] "D:/MPSOC_YOLO/04_rtl/yolo_accel.sv" Line 7. Module yolo_accel doesn't have a timescale but at least one module in design has a timescale.
WARNING: [XSIM 43-4099] "D:/MPSOC_YOLO/04_rtl/axil_regs.sv" Line 12. Module axil_regs doesn't have a timescale but at least one module in design has a timescale.
WARNING: [XSIM 43-4099] "D:/MPSOC_YOLO/04_rtl/weight_loader.sv" Line 3. Module weight_loader doesn't have a timescale but at least one module in design has a timescale.
WARNING: [XSIM 43-4099] "D:/MPSOC_YOLO/04_rtl/burst_gen.sv" Line 3. Module burst_gen doesn't have a timescale but at least one module in design has a timescale.
WARNING: [XSIM 43-4099] "D:/MPSOC_YOLO/04_rtl/line_loader.sv" Line 5. Module line_loader doesn't have a timescale but at least one module in design has a timescale.
WARNING: [XSIM 43-4099] "D:/MPSOC_YOLO/04_rtl/burst_gen.sv" Line 3. Module burst_gen doesn't have a timescale but at least one module in design has a timescale.
WARNING: [XSIM 43-4099] "D:/MPSOC_YOLO/04_rtl/sdp_ram.sv" Line 3. Module sdp_ram(LAT=1) doesn't have a timescale but at least one module in design has a timescale.
WARNING: [XSIM 43-4099] "D:/MPSOC_YOLO/04_rtl/conv_engine.sv" Line 7. Module conv_engine_default doesn't have a timescale but at least one module in design has a timescale.
WARNING: [XSIM 43-4099] "D:/MPSOC_YOLO/04_rtl/sdp_ram.sv" Line 3. Module sdp_ram(LG=13) doesn't have a timescale but at least one module in design has a timescale.
WARNING: [XSIM 43-4099] "D:/MPSOC_YOLO/04_rtl/sdp_ram.sv" Line 3. Module sdp_ram(LG=9) doesn't have a timescale but at least one module in design has a timescale.
WARNING: [XSIM 43-4099] "D:/MPSOC_YOLO/04_rtl/sdp_ram.sv" Line 3. Module sdp_ram(LG=9) doesn't have a timescale but at least one module in design has a timescale.
WARNING: [XSIM 43-4099] "D:/MPSOC_YOLO/04_rtl/sdp_ram.sv" Line 3. Module sdp_ram(LG=9) doesn't have a timescale but at least one module in design has a timescale.
WARNING: [XSIM 43-4099] "D:/MPSOC_YOLO/04_rtl/sdp_ram.sv" Line 3. Module sdp_ram(LG=9) doesn't have a timescale but at least one module in design has a timescale.
WARNING: [XSIM 43-4099] "D:/MPSOC_YOLO/04_rtl/sdp_ram.sv" Line 3. Module sdp_ram(LG=9) doesn't have a timescale but at least one module in design has a timescale.
WARNING: [XSIM 43-4099] "D:/MPSOC_YOLO/04_rtl/sdp_ram.sv" Line 3. Module sdp_ram(LG=9) doesn't have a timescale but at least one module in design has a timescale.
WARNING: [XSIM 43-4099] "D:/MPSOC_YOLO/04_rtl/sdp_ram.sv" Line 3. Module sdp_ram(LG=9) doesn't have a timescale but at least one module in design has a timescale.
WARNING: [XSIM 43-4099] "D:/MPSOC_YOLO/04_rtl/sdp_ram.sv" Line 3. Module sdp_ram(LG=9) doesn't have a timescale but at least one module in design has a timescale.
WARNING: [XSIM 43-4099] "D:/MPSOC_YOLO/04_rtl/sdp_ram.sv" Line 3. Module sdp_ram(LG=9) doesn't have a timescale but at least one module in design has a timescale.
WARNING: [XSIM 43-4099] "D:/MPSOC_YOLO/04_rtl/sdp_ram.sv" Line 3. Module sdp_ram(LG=9) doesn't have a timescale but at least one module in design has a timescale.
WARNING: [XSIM 43-4099] "D:/MPSOC_YOLO/04_rtl/sdp_ram.sv" Line 3. Module sdp_ram(LG=9) doesn't have a timescale but at least one module in design has a timescale.
WARNING: [XSIM 43-4099] "D:/MPSOC_YOLO/04_rtl/sdp_ram.sv" Line 3. Module sdp_ram(LG=9) doesn't have a timescale but at least one module in design has a timescale.
WARNING: [XSIM 43-4099] "D:/MPSOC_YOLO/04_rtl/sdp_ram.sv" Line 3. Module sdp_ram(LG=9) doesn't have a timescale but at least one module in design has a timescale.
WARNING: [XSIM 43-4099] "D:/MPSOC_YOLO/04_rtl/sdp_ram.sv" Line 3. Module sdp_ram(LG=9) doesn't have a timescale but at least one module in design has a timescale.
WARNING: [XSIM 43-4099] "D:/MPSOC_YOLO/04_rtl/sdp_ram.sv" Line 3. Module sdp_ram(LG=9) doesn't have a timescale but at least one module in design has a timescale.
WARNING: [XSIM 43-4099] "D:/MPSOC_YOLO/04_rtl/sdp_ram.sv" Line 3. Module sdp_ram(LG=9) doesn't have a timescale but at least one module in design has a timescale.
WARNING: [XSIM 43-4099] "D:/MPSOC_YOLO/04_rtl/sdp_ram.sv" Line 3. Module sdp_ram(LG=9) doesn't have a timescale but at least one module in design has a timescale.
WARNING: [XSIM 43-4099] "D:/MPSOC_YOLO/04_rtl/sdp_ram.sv" Line 3. Module sdp_ram(LG=9) doesn't have a timescale but at least one module in design has a timescale.
WARNING: [XSIM 43-4099] "D:/MPSOC_YOLO/04_rtl/sdp_ram.sv" Line 3. Module sdp_ram(LG=9) doesn't have a timescale but at least one module in design has a timescale.
WARNING: [XSIM 43-4099] "D:/MPSOC_YOLO/04_rtl/sdp_ram.sv" Line 3. Module sdp_ram(LG=9) doesn't have a timescale but at least one module in design has a timescale.
WARNING: [XSIM 43-4099] "D:/MPSOC_YOLO/04_rtl/sdp_ram.sv" Line 3. Module sdp_ram(LG=9) doesn't have a timescale but at least one module in design has a timescale.
WARNING: [XSIM 43-4099] "D:/MPSOC_YOLO/04_rtl/sdp_ram.sv" Line 3. Module sdp_ram(LG=9) doesn't have a timescale but at least one module in design has a timescale.
WARNING: [XSIM 43-4099] "D:/MPSOC_YOLO/04_rtl/sdp_ram.sv" Line 3. Module sdp_ram(LG=9) doesn't have a timescale but at least one module in design has a timescale.
WARNING: [XSIM 43-4099] "D:/MPSOC_YOLO/04_rtl/sdp_ram.sv" Line 3. Module sdp_ram(LG=9) doesn't have a timescale but at least one module in design has a timescale.
WARNING: [XSIM 43-4099] "D:/MPSOC_YOLO/04_rtl/sdp_ram.sv" Line 3. Module sdp_ram(LG=9) doesn't have a timescale but at least one module in design has a timescale.
WARNING: [XSIM 43-4099] "D:/MPSOC_YOLO/04_rtl/sdp_ram.sv" Line 3. Module sdp_ram(LG=9) doesn't have a timescale but at least one module in design has a timescale.
WARNING: [XSIM 43-4099] "D:/MPSOC_YOLO/04_rtl/sdp_ram.sv" Line 3. Module sdp_ram(LG=9) doesn't have a timescale but at least one module in design has a timescale.
WARNING: [XSIM 43-4099] "D:/MPSOC_YOLO/04_rtl/sdp_ram.sv" Line 3. Module sdp_ram(LG=9) doesn't have a timescale but at least one module in design has a timescale.
WARNING: [XSIM 43-4099] "D:/MPSOC_YOLO/04_rtl/sdp_ram.sv" Line 3. Module sdp_ram(LG=9) doesn't have a timescale but at least one module in design has a timescale.
WARNING: [XSIM 43-4099] "D:/MPSOC_YOLO/04_rtl/sdp_ram.sv" Line 3. Module sdp_ram(LG=9) doesn't have a timescale but at least one module in design has a timescale.
WARNING: [XSIM 43-4099] "D:/MPSOC_YOLO/04_rtl/sdp_ram.sv" Line 3. Module sdp_ram(LG=9) doesn't have a timescale but at least one module in design has a timescale.
WARNING: [XSIM 43-4099] "D:/MPSOC_YOLO/04_rtl/sdp_ram.sv" Line 3. Module sdp_ram(LG=9) doesn't have a timescale but at least one module in design has a timescale.
WARNING: [XSIM 43-4099] "D:/MPSOC_YOLO/04_rtl/pe_array.sv" Line 3. Module pe_array doesn't have a timescale but at least one module in design has a timescale.
WARNING: [XSIM 43-4099] "D:/MPSOC_YOLO/04_rtl/epilogue.sv" Line 3. Module epilogue doesn't have a timescale but at least one module in design has a timescale.
WARNING: [XSIM 43-4099] "D:/MPSOC_YOLO/04_rtl/sync_fifo.sv" Line 2. Module sync_fifo doesn't have a timescale but at least one module in design has a timescale.
WARNING: [XSIM 43-4099] "D:/MPSOC_YOLO/04_rtl/writer.sv" Line 5. Module writer doesn't have a timescale but at least one module in design has a timescale.
WARNING: [XSIM 43-4099] "D:/MPSOC_YOLO/04_rtl/yolo_accel_wrap.v" Line 4. Module yolo_accel_wrap doesn't have a timescale but at least one module in design has a timescale.
WARNING: [XSIM 43-4099] "D:/MPSOC_YOLO/04_rtl/yolo_accel.sv" Line 7. Module yolo_accel doesn't have a timescale but at least one module in design has a timescale.
WARNING: [XSIM 43-4099] "D:/MPSOC_YOLO/04_rtl/axil_regs.sv" Line 12. Module axil_regs doesn't have a timescale but at least one module in design has a timescale.
WARNING: [XSIM 43-4099] "D:/MPSOC_YOLO/04_rtl/weight_loader.sv" Line 3. Module weight_loader doesn't have a timescale but at least one module in design has a timescale.
WARNING: [XSIM 43-4099] "D:/MPSOC_YOLO/04_rtl/burst_gen.sv" Line 3. Module burst_gen doesn't have a timescale but at least one module in design has a timescale.
WARNING: [XSIM 43-4099] "D:/MPSOC_YOLO/04_rtl/line_loader.sv" Line 5. Module line_loader doesn't have a timescale but at least one module in design has a timescale.
WARNING: [XSIM 43-4099] "D:/MPSOC_YOLO/04_rtl/burst_gen.sv" Line 3. Module burst_gen doesn't have a timescale but at least one module in design has a timescale.
WARNING: [XSIM 43-4099] "D:/MPSOC_YOLO/04_rtl/sdp_ram.sv" Line 3. Module sdp_ram(LAT=1) doesn't have a timescale but at least one module in design has a timescale.
WARNING: [XSIM 43-4099] "D:/MPSOC_YOLO/04_rtl/conv_engine.sv" Line 7. Module conv_engine_default doesn't have a timescale but at least one module in design has a timescale.
WARNING: [XSIM 43-4099] "D:/MPSOC_YOLO/04_rtl/sdp_ram.sv" Line 3. Module sdp_ram(LG=13) doesn't have a timescale but at least one module in design has a timescale.
WARNING: [XSIM 43-4099] "D:/MPSOC_YOLO/04_rtl/sdp_ram.sv" Line 3. Module sdp_ram(LG=9) doesn't have a timescale but at least one module in design has a timescale.
WARNING: [XSIM 43-4099] "D:/MPSOC_YOLO/04_rtl/sdp_ram.sv" Line 3. Module sdp_ram(LG=9) doesn't have a timescale but at least one module in design has a timescale.
WARNING: [XSIM 43-4099] "D:/MPSOC_YOLO/04_rtl/sdp_ram.sv" Line 3. Module sdp_ram(LG=9) doesn't have a timescale but at least one module in design has a timescale.
WARNING: [XSIM 43-4099] "D:/MPSOC_YOLO/04_rtl/sdp_ram.sv" Line 3. Module sdp_ram(LG=9) doesn't have a timescale but at least one module in design has a timescale.
WARNING: [XSIM 43-4099] "D:/MPSOC_YOLO/04_rtl/sdp_ram.sv" Line 3. Module sdp_ram(LG=9) doesn't have a timescale but at least one module in design has a timescale.
WARNING: [XSIM 43-4099] "D:/MPSOC_YOLO/04_rtl/sdp_ram.sv" Line 3. Module sdp_ram(LG=9) doesn't have a timescale but at least one module in design has a timescale.
WARNING: [XSIM 43-4099] "D:/MPSOC_YOLO/04_rtl/sdp_ram.sv" Line 3. Module sdp_ram(LG=9) doesn't have a timescale but at least one module in design has a timescale.
WARNING: [XSIM 43-4099] "D:/MPSOC_YOLO/04_rtl/sdp_ram.sv" Line 3. Module sdp_ram(LG=9) doesn't have a timescale but at least one module in design has a timescale.
WARNING: [XSIM 43-4099] "D:/MPSOC_YOLO/04_rtl/sdp_ram.sv" Line 3. Module sdp_ram(LG=9) doesn't have a timescale but at least one module in design has a timescale.
WARNING: [XSIM 43-4099] "D:/MPSOC_YOLO/04_rtl/sdp_ram.sv" Line 3. Module sdp_ram(LG=9) doesn't have a timescale but at least one module in design has a timescale.
WARNING: [XSIM 43-4099] "D:/MPSOC_YOLO/04_rtl/sdp_ram.sv" Line 3. Module sdp_ram(LG=9) doesn't have a timescale but at least one module in design has a timescale.
WARNING: [XSIM 43-4099] "D:/MPSOC_YOLO/04_rtl/sdp_ram.sv" Line 3. Module sdp_ram(LG=9) doesn't have a timescale but at least one module in design has a timescale.
WARNING: [XSIM 43-4099] "D:/MPSOC_YOLO/04_rtl/sdp_ram.sv" Line 3. Module sdp_ram(LG=9) doesn't have a timescale but at least one module in design has a timescale.
WARNING: [XSIM 43-4099] "D:/MPSOC_YOLO/04_rtl/sdp_ram.sv" Line 3. Module sdp_ram(LG=9) doesn't have a timescale but at least one module in design has a timescale.
WARNING: [XSIM 43-4099] "D:/MPSOC_YOLO/04_rtl/sdp_ram.sv" Line 3. Module sdp_ram(LG=9) doesn't have a timescale but at least one module in design has a timescale.
WARNING: [XSIM 43-4099] "D:/MPSOC_YOLO/04_rtl/sdp_ram.sv" Line 3. Module sdp_ram(LG=9) doesn't have a timescale but at least one module in design has a timescale.
WARNING: [XSIM 43-4099] "D:/MPSOC_YOLO/04_rtl/sdp_ram.sv" Line 3. Module sdp_ram(LG=9) doesn't have a timescale but at least one module in design has a timescale.
WARNING: [XSIM 43-4099] "D:/MPSOC_YOLO/04_rtl/sdp_ram.sv" Line 3. Module sdp_ram(LG=9) doesn't have a timescale but at least one module in design has a timescale.
WARNING: [XSIM 43-4099] "D:/MPSOC_YOLO/04_rtl/sdp_ram.sv" Line 3. Module sdp_ram(LG=9) doesn't have a timescale but at least one module in design has a timescale.
WARNING: [XSIM 43-4099] "D:/MPSOC_YOLO/04_rtl/sdp_ram.sv" Line 3. Module sdp_ram(LG=9) doesn't have a timescale but at least one module in design has a timescale.
WARNING: [XSIM 43-4099] "D:/MPSOC_YOLO/04_rtl/sdp_ram.sv" Line 3. Module sdp_ram(LG=9) doesn't have a timescale but at least one module in design has a timescale.
WARNING: [XSIM 43-4099] "D:/MPSOC_YOLO/04_rtl/sdp_ram.sv" Line 3. Module sdp_ram(LG=9) doesn't have a timescale but at least one module in design has a timescale.
WARNING: [XSIM 43-4099] "D:/MPSOC_YOLO/04_rtl/sdp_ram.sv" Line 3. Module sdp_ram(LG=9) doesn't have a timescale but at least one module in design has a timescale.
WARNING: [XSIM 43-4099] "D:/MPSOC_YOLO/04_rtl/sdp_ram.sv" Line 3. Module sdp_ram(LG=9) doesn't have a timescale but at least one module in design has a timescale.
WARNING: [XSIM 43-4099] "D:/MPSOC_YOLO/04_rtl/sdp_ram.sv" Line 3. Module sdp_ram(LG=9) doesn't have a timescale but at least one module in design has a timescale.
WARNING: [XSIM 43-4099] "D:/MPSOC_YOLO/04_rtl/sdp_ram.sv" Line 3. Module sdp_ram(LG=9) doesn't have a timescale but at least one module in design has a timescale.
WARNING: [XSIM 43-4099] "D:/MPSOC_YOLO/04_rtl/sdp_ram.sv" Line 3. Module sdp_ram(LG=9) doesn't have a timescale but at least one module in design has a timescale.
WARNING: [XSIM 43-4099] "D:/MPSOC_YOLO/04_rtl/sdp_ram.sv" Line 3. Module sdp_ram(LG=9) doesn't have a timescale but at least one module in design has a timescale.
WARNING: [XSIM 43-4099] "D:/MPSOC_YOLO/04_rtl/sdp_ram.sv" Line 3. Module sdp_ram(LG=9) doesn't have a timescale but at least one module in design has a timescale.
WARNING: [XSIM 43-4099] "D:/MPSOC_YOLO/04_rtl/sdp_ram.sv" Line 3. Module sdp_ram(LG=9) doesn't have a timescale but at least one module in design has a timescale.
WARNING: [XSIM 43-4099] "D:/MPSOC_YOLO/04_rtl/sdp_ram.sv" Line 3. Module sdp_ram(LG=9) doesn't have a timescale but at least one module in design has a timescale.
WARNING: [XSIM 43-4099] "D:/MPSOC_YOLO/04_rtl/sdp_ram.sv" Line 3. Module sdp_ram(LG=9) doesn't have a timescale but at least one module in design has a timescale.
WARNING: [XSIM 43-4099] "D:/MPSOC_YOLO/04_rtl/pe_array.sv" Line 3. Module pe_array doesn't have a timescale but at least one module in design has a timescale.
WARNING: [XSIM 43-4099] "D:/MPSOC_YOLO/04_rtl/epilogue.sv" Line 3. Module epilogue doesn't have a timescale but at least one module in design has a timescale.
WARNING: [XSIM 43-4099] "D:/MPSOC_YOLO/04_rtl/sync_fifo.sv" Line 2. Module sync_fifo doesn't have a timescale but at least one module in design has a timescale.
WARNING: [XSIM 43-4099] "D:/MPSOC_YOLO/04_rtl/writer.sv" Line 5. Module writer doesn't have a timescale but at least one module in design has a timescale.
Completed simulation data flow analysis
Time Resolution for simulation is 1ps
Compiling package std.standard
Compiling package std.textio
Compiling package ieee.std_logic_1164
Compiling package ieee.numeric_std
Compiling package unisim.vcomponents
Compiling package ieee.vital_timing
Compiling package ieee.vital_primitives
Compiling package unisim.vpkg
Compiling package ieee.std_logic_arith
Compiling package synopsys.attributes
Compiling package ieee.std_logic_misc
Compiling package smartconnect_v1_0.sc_util_v1_0_4_pkg
Compiling package xil_defaultlib.yolo_pkg
Compiling package xilinx_vip.axi_vip_pkg
Compiling package xilinx_vip.xil_common_vip_pkg
Compiling package std.std
Compiling architecture fdre_v of entity unisim.FDRE [fdre_default]
Compiling architecture fdre_v of entity unisim.FDRE [\FDRE(init='1')\]
Compiling architecture fdr_v of entity unisim.FDR [fdr_default]
Compiling architecture implementation of entity lib_cdc_v1_0_3.cdc_sync [\cdc_sync(c_vector_width=2,c_mtb...]
Compiling architecture srl16e_v of entity unisim.SRL16E [\SRL16E(init="1111111111111111")...]
Compiling architecture srl16_v of entity unisim.SRL16 [\SRL16(init="1111111111111111")(...]
Compiling architecture imp of entity proc_sys_reset_v5_0_15.lpf [\lpf(c_ext_rst_width=4,c_aux_rst...]
Compiling architecture imp of entity proc_sys_reset_v5_0_15.upcnt_n [\upcnt_n(c_size=6)\]
Compiling architecture imp of entity proc_sys_reset_v5_0_15.sequence_psr [sequence_psr_default]
Compiling architecture imp of entity proc_sys_reset_v5_0_15.proc_sys_reset [\proc_sys_reset(c_family="zynqup...]
Compiling architecture system_rst_pl0_0_arch of entity xil_defaultlib.system_rst_pl0_0 [system_rst_pl0_0_default]
Compiling module xlconstant_v1_1_9.xlconstant_v1_1_9_xlconstant
Compiling module xil_defaultlib.bd_73a6_one_0
Compiling architecture imp of entity proc_sys_reset_v5_0_15.lpf [\lpf(c_ext_rst_width=4,c_aux_rst...]
Compiling architecture imp of entity proc_sys_reset_v5_0_15.proc_sys_reset [\proc_sys_reset(c_family="zynqup...]
Compiling architecture bd_73a6_psr_aclk_0_arch of entity xil_defaultlib.bd_73a6_psr_aclk_0 [bd_73a6_psr_aclk_0_default]
Compiling module xil_defaultlib.clk_map_imp_1MM1RYS
Compiling module xpm.xpm_cdc_async_rst(DEST_SYNC_FF=3...
Compiling module xil_defaultlib.bd_73a6_m00e_0
Compiling module xil_defaultlib.m00_exit_pipeline_imp_C36SR3
Compiling module xil_defaultlib.bd_73a6_m00s2a_0
Compiling module xil_defaultlib.bd_73a6_s00a2s_0
Compiling module xil_defaultlib.bd_73a6_s00mmu_0
Compiling module xil_defaultlib.bd_73a6_s00sic_0
Compiling module xil_defaultlib.bd_73a6_s00tr_0
Compiling module xil_defaultlib.s00_entry_pipeline_imp_1ATB024
Compiling module xil_defaultlib.bd_73a6_sarn_0
Compiling module xil_defaultlib.bd_73a6_sawn_0
Compiling module xil_defaultlib.bd_73a6_sbn_0
Compiling module xil_defaultlib.bd_73a6_srn_0
Compiling module xil_defaultlib.bd_73a6_swn_0
Compiling module xil_defaultlib.s00_nodes_imp_1GFXR86
Compiling module xil_defaultlib.bd_73a6
Compiling module xil_defaultlib.system_sc_ctrl_0
Compiling module xil_defaultlib.bd_0182_one_0
Compiling architecture bd_0182_psr_aclk_0_arch of entity xil_defaultlib.bd_0182_psr_aclk_0 [bd_0182_psr_aclk_0_default]
Compiling module xil_defaultlib.clk_map_imp_9ADCLJ
Compiling module xil_defaultlib.bd_0182_m00e_0
Compiling module xil_defaultlib.m00_exit_pipeline_imp_1OFXE58
Compiling module xil_defaultlib.bd_0182_m00s2a_0
Compiling module xil_defaultlib.bd_0182_s00a2s_0
Compiling module xil_defaultlib.bd_0182_s00mmu_0
Compiling module xil_defaultlib.bd_0182_s00sic_0
Compiling module xil_defaultlib.bd_0182_s00tr_0
Compiling module xil_defaultlib.s00_entry_pipeline_imp_P8Y0V3
Compiling module xpm.xpm_memory_base(MEMORY_TYPE=1,ME...
Compiling module xpm.xpm_memory_sdpram(MEMORY_SIZE=50...
Compiling module xil_defaultlib.bd_0182_sarn_0
Compiling module xil_defaultlib.bd_0182_sawn_0
Compiling module xpm.xpm_memory_base(MEMORY_TYPE=1,ME...
Compiling module xpm.xpm_memory_sdpram(MEMORY_SIZE=76...
Compiling module xil_defaultlib.bd_0182_sbn_0
Compiling module xpm.xpm_memory_base(MEMORY_TYPE=1,ME...
Compiling module xpm.xpm_memory_sdpram(MEMORY_SIZE=53...
Compiling module xil_defaultlib.bd_0182_srn_0
Compiling module xpm.xpm_memory_base(MEMORY_TYPE=1,ME...
Compiling module xpm.xpm_memory_sdpram(MEMORY_SIZE=56...
Compiling module xil_defaultlib.bd_0182_swn_0
Compiling module xil_defaultlib.s00_nodes_imp_LZUAX1
Compiling module xil_defaultlib.bd_0182
Compiling module xil_defaultlib.system_sc_mem_0
Compiling module xil_defaultlib.axil_regs
Compiling module xil_defaultlib.burst_gen
Compiling module xil_defaultlib.weight_loader
Compiling module xil_defaultlib.sdp_ram(LAT=1)
Compiling module xil_defaultlib.line_loader
Compiling module xil_defaultlib.sdp_ram(LG=13)
Compiling module xil_defaultlib.sdp_ram(LG=9)
Compiling module xil_defaultlib.pe_array
Compiling module xil_defaultlib.epilogue
Compiling module xil_defaultlib.sync_fifo
Compiling module xil_defaultlib.conv_engine_default
Compiling module xil_defaultlib.writer
Compiling module xil_defaultlib.yolo_accel
Compiling module xil_defaultlib.yolo_accel_wrap
Compiling module xil_defaultlib.system_yolo_accel_0
Compiling module zynq_ultra_ps_e_vip_v1_0_17.zynq_ultra_ps_e_vip_v1_0_17_gen_...
Compiling module zynq_ultra_ps_e_vip_v1_0_17.zynq_ultra_ps_e_vip_v1_0_17_gen_...
Compiling module zynq_ultra_ps_e_vip_v1_0_17.zynq_ultra_ps_e_vip_v1_0_17_arb_...
Compiling module zynq_ultra_ps_e_vip_v1_0_17.zynq_ultra_ps_e_vip_v1_0_17_arb_...
Compiling module zynq_ultra_ps_e_vip_v1_0_17.zynq_ultra_ps_e_vip_v1_0_17_spar...
Compiling module zynq_ultra_ps_e_vip_v1_0_17.zynq_ultra_ps_e_vip_v1_0_17_ddrc...
Compiling module zynq_ultra_ps_e_vip_v1_0_17.zynq_ultra_ps_e_vip_v1_0_17_ocm_...
Compiling module zynq_ultra_ps_e_vip_v1_0_17.zynq_ultra_ps_e_vip_v1_0_17_ocmc...
Compiling module zynq_ultra_ps_e_vip_v1_0_17.zynq_ultra_ps_e_vip_v1_0_17_reg_...
Compiling module zynq_ultra_ps_e_vip_v1_0_17.zynq_ultra_ps_e_vip_v1_0_17_regc...
Compiling module xilinx_vip.axi_vip_axi4pc(WADDR_WIDTH=40,RA...
Compiling module xilinx_vip.cb
Compiling module xilinx_vip.axi_vip_if(C_AXI_ADDR_WIDTH=40,C...
Compiling module axi_vip_v1_1_17.axi_vip_v1_1_17_top(C_AXI_ADDR_W...
WARNING: [VRFC 10-3705] select index 4096 into 'wrp_strb' is out of bounds [/wrk/ci/prod/2024.1/sw/continuous/35389/packages/customer/vivado/data/ip/xilinx/zynq_ultra_ps_e_vip_v1_0/hdl/zynq_ultra_ps_e_vip_v1_0_vl_rfs.sv:6968]
WARNING: [VRFC 10-3705] select index 2 into 'wr_fifo_rd_ptr' is out of bounds [/wrk/ci/prod/2024.1/sw/continuous/35389/packages/customer/vivado/data/ip/xilinx/zynq_ultra_ps_e_vip_v1_0/hdl/zynq_ultra_ps_e_vip_v1_0_vl_rfs.sv:7181]
WARNING: [VRFC 10-3705] select index 3 into 'ar_cnt' is out of bounds [/wrk/ci/prod/2024.1/sw/continuous/35389/packages/customer/vivado/data/ip/xilinx/zynq_ultra_ps_e_vip_v1_0/hdl/zynq_ultra_ps_e_vip_v1_0_vl_rfs.sv:7320]
WARNING: [VRFC 10-3705] select index 3 into 'wr_rresp_cnt' is out of bounds [/wrk/ci/prod/2024.1/sw/continuous/35389/packages/customer/vivado/data/ip/xilinx/zynq_ultra_ps_e_vip_v1_0/hdl/zynq_ultra_ps_e_vip_v1_0_vl_rfs.sv:7417]
WARNING: [VRFC 10-3705] select index 3 into 'rd_fifo_wr_ptr' is out of bounds [/wrk/ci/prod/2024.1/sw/continuous/35389/packages/customer/vivado/data/ip/xilinx/zynq_ultra_ps_e_vip_v1_0/hdl/zynq_ultra_ps_e_vip_v1_0_vl_rfs.sv:7436]
WARNING: [VRFC 10-3705] select index 3 into 'rd_cnt' is out of bounds [/wrk/ci/prod/2024.1/sw/continuous/35389/packages/customer/vivado/data/ip/xilinx/zynq_ultra_ps_e_vip_v1_0/hdl/zynq_ultra_ps_e_vip_v1_0_vl_rfs.sv:7577]
WARNING: [VRFC 10-3705] select index 3 into 'rresp_time_cnt' is out of bounds [/wrk/ci/prod/2024.1/sw/continuous/35389/packages/customer/vivado/data/ip/xilinx/zynq_ultra_ps_e_vip_v1_0/hdl/zynq_ultra_ps_e_vip_v1_0_vl_rfs.sv:7582]
WARNING: [VRFC 10-3705] select index 3 into 'rd_fifo_rd_ptr' is out of bounds [/wrk/ci/prod/2024.1/sw/continuous/35389/packages/customer/vivado/data/ip/xilinx/zynq_ultra_ps_e_vip_v1_0/hdl/zynq_ultra_ps_e_vip_v1_0_vl_rfs.sv:7587]
Compiling module zynq_ultra_ps_e_vip_v1_0_17.zynq_ultra_ps_e_vip_v1_0_17_axi_...
Compiling module xilinx_vip.axi_vip_axi4pc(WADDR_WIDTH=40,RA...
Compiling module xilinx_vip.cb
Compiling module xilinx_vip.axi_vip_if(C_AXI_ADDR_WIDTH=40,C...
Compiling module axi_vip_v1_1_17.axi_vip_v1_1_17_top(C_AXI_ADDR_W...
WARNING: [VRFC 10-3705] select index 4096 into 'wrp_strb' is out of bounds [/wrk/ci/prod/2024.1/sw/continuous/35389/packages/customer/vivado/data/ip/xilinx/zynq_ultra_ps_e_vip_v1_0/hdl/zynq_ultra_ps_e_vip_v1_0_vl_rfs.sv:5492]
Compiling module zynq_ultra_ps_e_vip_v1_0_17.zynq_ultra_ps_e_vip_v1_0_17_axi_...
Compiling module zynq_ultra_ps_e_vip_v1_0_17.zynq_ultra_ps_e_vip_v1_0_17_axi_...
Compiling module zynq_ultra_ps_e_vip_v1_0_17.zynq_ultra_ps_e_vip_v1_0_17_axi_...
Compiling module zynq_ultra_ps_e_vip_v1_0_17.zynq_ultra_ps_e_vip_v1_0_17_axi_...
Compiling module zynq_ultra_ps_e_vip_v1_0_17.zynq_ultra_ps_e_vip_v1_0_17_axi_...
Compiling module zynq_ultra_ps_e_vip_v1_0_17.zynq_ultra_ps_e_vip_v1_0_17_axi_...
Compiling module zynq_ultra_ps_e_vip_v1_0_17.zynq_ultra_ps_e_vip_v1_0_17_axi_...
Compiling module zynq_ultra_ps_e_vip_v1_0_17.zynq_ultra_ps_e_vip_v1_0_17_axi_...
Compiling module xilinx_vip.axi_vip_axi4pc(WADDR_WIDTH=40,RA...
Compiling module xilinx_vip.cb
Compiling module xilinx_vip.axi_vip_if(C_AXI_ADDR_WIDTH=40,C...
Compiling module axi_vip_v1_1_17.axi_vip_v1_1_17_top(C_AXI_ADDR_W...
Compiling module zynq_ultra_ps_e_vip_v1_0_17.zynq_ultra_ps_e_vip_v1_0_17_axi_...
Compiling module xilinx_vip.axi_vip_axi4pc(WADDR_WIDTH=40,RA...
Compiling module xilinx_vip.cb
Compiling module xilinx_vip.axi_vip_if(C_AXI_ADDR_WIDTH=40,C...
Compiling module axi_vip_v1_1_17.axi_vip_v1_1_17_top(C_AXI_ADDR_W...
Compiling module zynq_ultra_ps_e_vip_v1_0_17.zynq_ultra_ps_e_vip_v1_0_17_axi_...
Compiling module zynq_ultra_ps_e_vip_v1_0_17.zynq_ultra_ps_e_vip_v1_0_17_axi_...
Compiling module zynq_ultra_ps_e_vip_v1_0_17.zynq_ultra_ps_e_vip_v1_0_17_arb_...
Compiling module zynq_ultra_ps_e_vip_v1_0_17.zynq_ultra_ps_e_vip_v1_0_17_arb_...
Compiling module zynq_ultra_ps_e_vip_v1_0_17.zynq_ultra_ps_e_vip_v1_0_17_arb_...
Compiling module zynq_ultra_ps_e_vip_v1_0_17.zynq_ultra_ps_e_vip_v1_0_17_ddr_...
Compiling module zynq_ultra_ps_e_vip_v1_0_17.zynq_ultra_ps_e_vip_v1_0_17_inte...
Compiling module zynq_ultra_ps_e_vip_v1_0_17.zynq_ultra_ps_e_vip_v1_0_17(C_FC...
Compiling module xil_defaultlib.system_zynq_ps_0
Compiling module xil_defaultlib.system
Compiling module xil_defaultlib.system_wrapper
Compiling module xil_defaultlib.glbl
Built simulation snapshot system_wrapper_behav
run_program: Time (s): cpu = 00:00:03 ; elapsed = 00:01:15 . Memory (MB): peak = 2243.223 ; gain = 0.000
INFO: [USF-XSim-69] 'elaborate' step finished in '75' seconds
INFO: [USF-XSim-4] XSim::Simulate design
INFO: [USF-XSim-61] Executing 'SIMULATE' step in 'D:/MPSOC_YOLO/06_vivado/proj/yolo_zcu104.sim/sim_1/behav/xsim'
INFO: [USF-XSim-98] *** Running xsim
   with args "system_wrapper_behav -key {Behavioral:sim_1:Functional:system_wrapper} -tclbatch {system_wrapper.tcl} -protoinst "protoinst_files/bd_73a6.protoinst" -protoinst "protoinst_files/bd_0182.protoinst" -protoinst "protoinst_files/system.protoinst" -log {simulate.log}"
INFO: [USF-XSim-8] Loading simulator feature
INFO: [Wavedata 42-565] Reading protoinst file protoinst_files/bd_73a6.protoinst
INFO: [Wavedata 42-564]   Found protocol instance at /system_wrapper/system_i/sc_ctrl/inst//m00_exit_pipeline/m00_exit/M_AXI
INFO: [Wavedata 42-564]   Found protocol instance at /system_wrapper/system_i/sc_ctrl/inst//m00_exit_pipeline/m00_exit/S_AXI
INFO: [Wavedata 42-564]   Found protocol instance at /system_wrapper/system_i/sc_ctrl/inst//m00_exit_pipeline/m_axi
INFO: [Wavedata 42-564]   Found protocol instance at /system_wrapper/system_i/sc_ctrl/inst//m00_exit_pipeline/s_axi
INFO: [Wavedata 42-564]   Found protocol instance at /system_wrapper/system_i/sc_ctrl/inst//m00_sc2axi/M_AXI
INFO: [Wavedata 42-564]   Found protocol instance at /system_wrapper/system_i/sc_ctrl/inst//s00_axi2sc/S_AXI
INFO: [Wavedata 42-564]   Found protocol instance at /system_wrapper/system_i/sc_ctrl/inst//s00_entry_pipeline/m_axi
INFO: [Wavedata 42-564]   Found protocol instance at /system_wrapper/system_i/sc_ctrl/inst//s00_entry_pipeline/s00_mmu/M_AXI
INFO: [Wavedata 42-564]   Found protocol instance at /system_wrapper/system_i/sc_ctrl/inst//s00_entry_pipeline/s00_mmu/S_AXI
INFO: [Wavedata 42-564]   Found protocol instance at /system_wrapper/system_i/sc_ctrl/inst//s00_entry_pipeline/s00_si_converter/M_AXI
INFO: [Wavedata 42-564]   Found protocol instance at /system_wrapper/system_i/sc_ctrl/inst//s00_entry_pipeline/s00_si_converter/S_AXI
INFO: [Wavedata 42-564]   Found protocol instance at /system_wrapper/system_i/sc_ctrl/inst//s00_entry_pipeline/s00_transaction_regulator/M_AXI
INFO: [Wavedata 42-564]   Found protocol instance at /system_wrapper/system_i/sc_ctrl/inst//s00_entry_pipeline/s00_transaction_regulator/S_AXI
INFO: [Wavedata 42-564]   Found protocol instance at /system_wrapper/system_i/sc_ctrl/inst//s00_entry_pipeline/s_axi
INFO: [Wavedata 42-565] Reading protoinst file protoinst_files/bd_0182.protoinst
INFO: [Wavedata 42-564]   Found protocol instance at /system_wrapper/system_i/sc_mem/inst//m00_exit_pipeline/m00_exit/M_AXI
INFO: [Wavedata 42-564]   Found protocol instance at /system_wrapper/system_i/sc_mem/inst//m00_exit_pipeline/m00_exit/S_AXI
INFO: [Wavedata 42-564]   Found protocol instance at /system_wrapper/system_i/sc_mem/inst//m00_exit_pipeline/m_axi
INFO: [Wavedata 42-564]   Found protocol instance at /system_wrapper/system_i/sc_mem/inst//m00_exit_pipeline/s_axi
INFO: [Wavedata 42-564]   Found protocol instance at /system_wrapper/system_i/sc_mem/inst//m00_sc2axi/M_AXI
INFO: [Wavedata 42-564]   Found protocol instance at /system_wrapper/system_i/sc_mem/inst//s00_axi2sc/S_AXI
INFO: [Wavedata 42-564]   Found protocol instance at /system_wrapper/system_i/sc_mem/inst//s00_entry_pipeline/m_axi
INFO: [Wavedata 42-564]   Found protocol instance at /system_wrapper/system_i/sc_mem/inst//s00_entry_pipeline/s00_mmu/M_AXI
INFO: [Wavedata 42-564]   Found protocol instance at /system_wrapper/system_i/sc_mem/inst//s00_entry_pipeline/s00_mmu/S_AXI
INFO: [Wavedata 42-564]   Found protocol instance at /system_wrapper/system_i/sc_mem/inst//s00_entry_pipeline/s00_si_converter/M_AXI
INFO: [Wavedata 42-564]   Found protocol instance at /system_wrapper/system_i/sc_mem/inst//s00_entry_pipeline/s00_si_converter/S_AXI
INFO: [Wavedata 42-564]   Found protocol instance at /system_wrapper/system_i/sc_mem/inst//s00_entry_pipeline/s00_transaction_regulator/M_AXI
INFO: [Wavedata 42-564]   Found protocol instance at /system_wrapper/system_i/sc_mem/inst//s00_entry_pipeline/s00_transaction_regulator/S_AXI
INFO: [Wavedata 42-564]   Found protocol instance at /system_wrapper/system_i/sc_mem/inst//s00_entry_pipeline/s_axi
INFO: [Wavedata 42-565] Reading protoinst file protoinst_files/system.protoinst
INFO: [Wavedata 42-564]   Found protocol instance at /system_wrapper/system_i//sc_ctrl/M00_AXI
INFO: [Wavedata 42-564]   Found protocol instance at /system_wrapper/system_i//sc_ctrl/S00_AXI
INFO: [Wavedata 42-564]   Found protocol instance at /system_wrapper/system_i//sc_mem/M00_AXI
INFO: [Wavedata 42-564]   Found protocol instance at /system_wrapper/system_i//sc_mem/S00_AXI
INFO: [Wavedata 42-564]   Found protocol instance at /system_wrapper/system_i//yolo_accel/m_axi
INFO: [Wavedata 42-564]   Found protocol instance at /system_wrapper/system_i//yolo_accel/s_axi
INFO: [Wavedata 42-564]   Found protocol instance at /system_wrapper/system_i//zynq_ps/M_AXI_HPM0_FPD
INFO: [Wavedata 42-564]   Found protocol instance at /system_wrapper/system_i//zynq_ps/S_AXI_HP0_FPD
Time resolution is 1 ps
source system_wrapper.tcl
# set curr_wave [current_wave_config]
# if { [string length $curr_wave] == 0 } {
#   if { [llength [get_objects]] > 0} {
#     add_wave /
#     set_property needs_save false [current_wave_config]
#   } else {
#      send_msg_id Add_Wave-1 WARNING "No top level signals found. Simulator will start without a wave window. If you want to open a wave window go to 'File->New Waveform Configuration' or type 'create_wave_config' in the TCL console."
#   }
# }
WARNING: [Simtcl 6-168] No object found for the given pattern.
WARNING: [Add_Wave-1] No top level signals found. Simulator will start without a wave window. If you want to open a wave window go to 'File->New Waveform Configuration' or type 'create_wave_config' in the TCL console.
# run 1000ns
XilinxAXIVIP: Found at Path: system_wrapper.system_i.zynq_ps.inst.S_AXI_ACP.slave
[0] : *ZYNQ_MPSoC_BFM_INFO : S_AXI_ACP : Port is DISABLED.
XilinxAXIVIP: Found at Path: system_wrapper.system_i.zynq_ps.inst.S_AXI_ACE.slave
[0] : *ZYNQ_MPSoC_BFM_INFO : S_AXI_ACE : Port is DISABLED.
XilinxAXIVIP: Found at Path: system_wrapper.system_i.zynq_ps.inst.S_AXI_HPC0_FPD.slave
[0] : *ZYNQ_MPSoC_BFM_INFO : S_AXI_GP0 : Port is DISABLED.
XilinxAXIVIP: Found at Path: system_wrapper.system_i.zynq_ps.inst.S_AXI_HPC1_FPD.slave
[0] : *ZYNQ_MPSoC_BFM_INFO : S_AXI_GP1 : Port is DISABLED.
XilinxAXIVIP: Found at Path: system_wrapper.system_i.zynq_ps.inst.S_AXI_HP0_FPD.slave
[0] : *ZYNQ_MPSoC_BFM_INFO : S_AXI_GP2 : Port is ENABLED.
XilinxAXIVIP: Found at Path: system_wrapper.system_i.zynq_ps.inst.S_AXI_HP1_FPD.slave
[0] : *ZYNQ_MPSoC_BFM_INFO : S_AXI_GP3 : Port is DISABLED.
XilinxAXIVIP: Found at Path: system_wrapper.system_i.zynq_ps.inst.S_AXI_HP2_FPD.slave
[0] : *ZYNQ_MPSoC_BFM_INFO : S_AXI_GP4 : Port is DISABLED.
XilinxAXIVIP: Found at Path: system_wrapper.system_i.zynq_ps.inst.S_AXI_HP3_FPD.slave
[0] : *ZYNQ_MPSoC_BFM_INFO : S_AXI_GP5 : Port is DISABLED.
XilinxAXIVIP: Found at Path: system_wrapper.system_i.zynq_ps.inst.S_AXI_HPM0_LPD.slave
[0] : *ZYNQ_MPSoC_BFM_INFO : S_AXI_GP6 : Port is DISABLED.
XilinxAXIVIP: Found at Path: system_wrapper.system_i.zynq_ps.inst.M_AXI_HPM0_FPD.master
[0] : *ZYNQ_MPSoC_BFM_INFO : M_AXI_GP0 : Port is ENABLED.
XilinxAXIVIP: Found at Path: system_wrapper.system_i.zynq_ps.inst.M_AXI_HPM1_FPD.master
[0] : *ZYNQ_MPSoC_BFM_INFO : M_AXI_GP1 : Port is DISABLED.
XilinxAXIVIP: Found at Path: system_wrapper.system_i.zynq_ps.inst.M_AXI_HPM0_LPD.master
[0] : *ZYNQ_MPSoC_BFM_INFO : M_AXI_GP2 : Port is DISABLED.
WARNING: 3 ns system_wrapper.system_i.zynq_ps.inst.M_AXI_HPM0_FPD.master.IF : ARESET_N can't be X/Z after 1 cycle of clock. To downgrade, use <hierarchy_path to VIP>.IF.set_enable_xchecks_to_warn(), or filter using clr_enable_xchecks.
INFO: [USF-XSim-96] XSim completed. Design snapshot 'system_wrapper_behav' loaded.
INFO: [USF-XSim-97] XSim simulation ran for 1000ns
launch_simulation: Time (s): cpu = 00:00:09 ; elapsed = 00:01:30 . Memory (MB): peak = 2243.223 ; gain = 0.000
add_wave {{/system_wrapper}} 
INFO: [Wavedata 42-43] There are no traceable objects to add.
current_wave_config {Untitled 1}
Untitled 1
add_wave {{/system_wrapper/system_i}} 
current_wave_config {Untitled 1}
Untitled 1
add_wave {{/glbl}} 
run 20 ms
run: Time (s): cpu = 00:00:02 ; elapsed = 00:00:07 . Memory (MB): peak = 2243.223 ; gain = 0.000
close_sim
Executing Axi4 End Of Simulation checks
Executing Axi4 End Of Simulation checks
Executing Axi4 End Of Simulation checks
Executing Axi4 End Of Simulation checks
Executing Axi4 End Of Simulation checks
Executing Axi4 End Of Simulation checks
Executing Axi4 End Of Simulation checks
Executing Axi4 End Of Simulation checks
Executing Axi4 End Of Simulation checks
Executing Axi4 End Of Simulation checks
Executing Axi4 End Of Simulation checks
Executing Axi4 End Of Simulation checks
INFO: [Simtcl 6-16] Simulation closed
synth_design -rtl -rtl_skip_mlo -name rtl_1
Command: synth_design -rtl -rtl_skip_mlo -name rtl_1
Starting synth_design
Using part: xczu7ev-ffvc1156-2-e
Top: system_wrapper
INFO: [Device 21-403] Loading part xczu7ev-ffvc1156-2-e
INFO: [Synth 8-7079] Multithreading enabled for synth_design using a maximum of 2 processes.
INFO: [Synth 8-7078] Launching helper process for spawning children vivado processes
INFO: [Synth 8-7075] Helper process launched with PID 6228
---------------------------------------------------------------------------------
Starting RTL Elaboration : Time (s): cpu = 00:00:07 ; elapsed = 00:00:06 . Memory (MB): peak = 3546.062 ; gain = 408.340
---------------------------------------------------------------------------------
INFO: [Synth 8-11241] undeclared symbol 'dp_audi_ref_clk', assumed default net type 'wire' [d:/MPSOC_YOLO/06_vivado/proj/yolo_zcu104.gen/sources_1/bd/system/ip/system_zynq_ps_0/hdl/zynq_ultra_ps_e_v3_5_3.v:2490]
INFO: [Synth 8-6157] synthesizing module 'system_wrapper' [D:/MPSOC_YOLO/06_vivado/proj/yolo_zcu104.gen/sources_1/bd/system/hdl/system_wrapper.v:13]
INFO: [Synth 8-6157] synthesizing module 'system' [d:/MPSOC_YOLO/06_vivado/proj/yolo_zcu104.gen/sources_1/bd/system/synth/system.v:13]
INFO: [Synth 8-638] synthesizing module 'system_rst_pl0_0' [d:/MPSOC_YOLO/06_vivado/proj/yolo_zcu104.gen/sources_1/bd/system/ip/system_rst_pl0_0/synth/system_rst_pl0_0.vhd:74]
	Parameter C_FAMILY bound to: zynquplus - type: string 
	Parameter C_EXT_RST_WIDTH bound to: 4 - type: integer 
	Parameter C_AUX_RST_WIDTH bound to: 4 - type: integer 
	Parameter C_EXT_RESET_HIGH bound to: 1'b0 
	Parameter C_AUX_RESET_HIGH bound to: 1'b0 
	Parameter C_NUM_BUS_RST bound to: 1 - type: integer 
	Parameter C_NUM_PERP_RST bound to: 1 - type: integer 
	Parameter C_NUM_INTERCONNECT_ARESETN bound to: 1 - type: integer 
	Parameter C_NUM_PERP_ARESETN bound to: 1 - type: integer 
INFO: [Synth 8-3491] module 'proc_sys_reset' declared at 'd:/MPSOC_YOLO/06_vivado/proj/yolo_zcu104.gen/sources_1/bd/system/ipshared/3a26/hdl/proc_sys_reset_v5_0_vh_rfs.vhd:1271' bound to instance 'U0' of component 'proc_sys_reset' [d:/MPSOC_YOLO/06_vivado/proj/yolo_zcu104.gen/sources_1/bd/system/ip/system_rst_pl0_0/synth/system_rst_pl0_0.vhd:129]
INFO: [Synth 8-638] synthesizing module 'proc_sys_reset' [d:/MPSOC_YOLO/06_vivado/proj/yolo_zcu104.gen/sources_1/bd/system/ipshared/3a26/hdl/proc_sys_reset_v5_0_vh_rfs.vhd:1330]
	Parameter INIT bound to: 1'b1 
INFO: [Synth 8-113] binding component instance 'FDRE_inst' to cell 'FDRE' [d:/MPSOC_YOLO/06_vivado/proj/yolo_zcu104.gen/sources_1/bd/system/ipshared/3a26/hdl/proc_sys_reset_v5_0_vh_rfs.vhd:1399]
	Parameter INIT bound to: 1'b1 
INFO: [Synth 8-113] binding component instance 'FDRE_BSR' to cell 'FDRE' [d:/MPSOC_YOLO/06_vivado/proj/yolo_zcu104.gen/sources_1/bd/system/ipshared/3a26/hdl/proc_sys_reset_v5_0_vh_rfs.vhd:1415]
	Parameter INIT bound to: 1'b0 
INFO: [Synth 8-113] binding component instance 'FDRE_BSR_N' to cell 'FDRE' [d:/MPSOC_YOLO/06_vivado/proj/yolo_zcu104.gen/sources_1/bd/system/ipshared/3a26/hdl/proc_sys_reset_v5_0_vh_rfs.vhd:1441]
	Parameter INIT bound to: 1'b1 
INFO: [Synth 8-113] binding component instance 'FDRE_PER' to cell 'FDRE' [d:/MPSOC_YOLO/06_vivado/proj/yolo_zcu104.gen/sources_1/bd/system/ipshared/3a26/hdl/proc_sys_reset_v5_0_vh_rfs.vhd:1464]
	Parameter INIT bound to: 1'b0 
INFO: [Synth 8-113] binding component instance 'FDRE_PER_N' to cell 'FDRE' [d:/MPSOC_YOLO/06_vivado/proj/yolo_zcu104.gen/sources_1/bd/system/ipshared/3a26/hdl/proc_sys_reset_v5_0_vh_rfs.vhd:1488]
INFO: [Synth 8-638] synthesizing module 'lpf' [d:/MPSOC_YOLO/06_vivado/proj/yolo_zcu104.gen/sources_1/bd/system/ipshared/3a26/hdl/proc_sys_reset_v5_0_vh_rfs.vhd:821]
INFO: [Synth 8-3491] module 'SRL16' declared at 'C:/Xilinx/Vivado/2024.1/scripts/rt/data/unisim_comp.v:137246' bound to instance 'POR_SRL_I' of component 'SRL16' [d:/MPSOC_YOLO/06_vivado/proj/yolo_zcu104.gen/sources_1/bd/system/ipshared/3a26/hdl/proc_sys_reset_v5_0_vh_rfs.vhd:873]
INFO: [Synth 8-6157] synthesizing module 'SRL16' [C:/Xilinx/Vivado/2024.1/scripts/rt/data/unisim_comp.v:137246]
INFO: [Synth 8-6155] done synthesizing module 'SRL16' (0#1) [C:/Xilinx/Vivado/2024.1/scripts/rt/data/unisim_comp.v:137246]
INFO: [Synth 8-638] synthesizing module 'cdc_sync' [d:/MPSOC_YOLO/06_vivado/proj/yolo_zcu104.gen/sources_1/bd/system/ipshared/2a4f/hdl/lib_cdc_v1_0_rfs.vhd:106]
	Parameter INIT bound to: 1'b0 
INFO: [Synth 8-113] binding component instance 'CROSS_PLEVEL_IN2SCNDRY_IN_cdc_to' to cell 'FDR' [d:/MPSOC_YOLO/06_vivado/proj/yolo_zcu104.gen/sources_1/bd/system/ipshared/2a4f/hdl/lib_cdc_v1_0_rfs.vhd:514]
	Parameter INIT bound to: 1'b0 
INFO: [Synth 8-113] binding component instance 'CROSS_PLEVEL_IN2SCNDRY_s_level_out_d2' to cell 'FDR' [d:/MPSOC_YOLO/06_vivado/proj/yolo_zcu104.gen/sources_1/bd/system/ipshared/2a4f/hdl/lib_cdc_v1_0_rfs.vhd:545]
	Parameter INIT bound to: 1'b0 
INFO: [Synth 8-113] binding component instance 'CROSS_PLEVEL_IN2SCNDRY_s_level_out_d3' to cell 'FDR' [d:/MPSOC_YOLO/06_vivado/proj/yolo_zcu104.gen/sources_1/bd/system/ipshared/2a4f/hdl/lib_cdc_v1_0_rfs.vhd:554]
	Parameter INIT bound to: 1'b0 
INFO: [Synth 8-113] binding component instance 'CROSS_PLEVEL_IN2SCNDRY_s_level_out_d4' to cell 'FDR' [d:/MPSOC_YOLO/06_vivado/proj/yolo_zcu104.gen/sources_1/bd/system/ipshared/2a4f/hdl/lib_cdc_v1_0_rfs.vhd:564]
	Parameter INIT bound to: 1'b0 
INFO: [Synth 8-113] binding component instance 'CROSS_PLEVEL_IN2SCNDRY_s_level_out_d5' to cell 'FDR' [d:/MPSOC_YOLO/06_vivado/proj/yolo_zcu104.gen/sources_1/bd/system/ipshared/2a4f/hdl/lib_cdc_v1_0_rfs.vhd:574]
	Parameter INIT bound to: 1'b0 
INFO: [Synth 8-113] binding component instance 'CROSS_PLEVEL_IN2SCNDRY_s_level_out_d6' to cell 'FDR' [d:/MPSOC_YOLO/06_vivado/proj/yolo_zcu104.gen/sources_1/bd/system/ipshared/2a4f/hdl/lib_cdc_v1_0_rfs.vhd:584]
INFO: [Synth 8-256] done synthesizing module 'cdc_sync' (0#1) [d:/MPSOC_YOLO/06_vivado/proj/yolo_zcu104.gen/sources_1/bd/system/ipshared/2a4f/hdl/lib_cdc_v1_0_rfs.vhd:106]
INFO: [Synth 8-256] done synthesizing module 'lpf' (0#1) [d:/MPSOC_YOLO/06_vivado/proj/yolo_zcu104.gen/sources_1/bd/system/ipshared/3a26/hdl/proc_sys_reset_v5_0_vh_rfs.vhd:821]
INFO: [Synth 8-638] synthesizing module 'sequence_psr' [d:/MPSOC_YOLO/06_vivado/proj/yolo_zcu104.gen/sources_1/bd/system/ipshared/3a26/hdl/proc_sys_reset_v5_0_vh_rfs.vhd:304]
INFO: [Synth 8-638] synthesizing module 'upcnt_n' [d:/MPSOC_YOLO/06_vivado/proj/yolo_zcu104.gen/sources_1/bd/system/ipshared/3a26/hdl/proc_sys_reset_v5_0_vh_rfs.vhd:126]
INFO: [Synth 8-256] done synthesizing module 'upcnt_n' (0#1) [d:/MPSOC_YOLO/06_vivado/proj/yolo_zcu104.gen/sources_1/bd/system/ipshared/3a26/hdl/proc_sys_reset_v5_0_vh_rfs.vhd:126]
INFO: [Synth 8-256] done synthesizing module 'sequence_psr' (0#1) [d:/MPSOC_YOLO/06_vivado/proj/yolo_zcu104.gen/sources_1/bd/system/ipshared/3a26/hdl/proc_sys_reset_v5_0_vh_rfs.vhd:304]
INFO: [Synth 8-256] done synthesizing module 'proc_sys_reset' (0#1) [d:/MPSOC_YOLO/06_vivado/proj/yolo_zcu104.gen/sources_1/bd/system/ipshared/3a26/hdl/proc_sys_reset_v5_0_vh_rfs.vhd:1330]
INFO: [Synth 8-256] done synthesizing module 'system_rst_pl0_0' (0#1) [d:/MPSOC_YOLO/06_vivado/proj/yolo_zcu104.gen/sources_1/bd/system/ip/system_rst_pl0_0/synth/system_rst_pl0_0.vhd:74]
WARNING: [Synth 8-7071] port 'mb_reset' of module 'system_rst_pl0_0' is unconnected for instance 'rst_pl0' [d:/MPSOC_YOLO/06_vivado/proj/yolo_zcu104.gen/sources_1/bd/system/synth/system.v:153]
WARNING: [Synth 8-7071] port 'bus_struct_reset' of module 'system_rst_pl0_0' is unconnected for instance 'rst_pl0' [d:/MPSOC_YOLO/06_vivado/proj/yolo_zcu104.gen/sources_1/bd/system/synth/system.v:153]
WARNING: [Synth 8-7071] port 'peripheral_reset' of module 'system_rst_pl0_0' is unconnected for instance 'rst_pl0' [d:/MPSOC_YOLO/06_vivado/proj/yolo_zcu104.gen/sources_1/bd/system/synth/system.v:153]
WARNING: [Synth 8-7023] instance 'rst_pl0' of module 'system_rst_pl0_0' has 10 connections declared, but only 7 given [d:/MPSOC_YOLO/06_vivado/proj/yolo_zcu104.gen/sources_1/bd/system/synth/system.v:153]
INFO: [Synth 8-6157] synthesizing module 'system_sc_ctrl_0' [d:/MPSOC_YOLO/06_vivado/proj/yolo_zcu104.gen/sources_1/bd/system/ip/system_sc_ctrl_0/synth/system_sc_ctrl_0.v:53]
INFO: [Synth 8-6157] synthesizing module 'bd_73a6' [d:/MPSOC_YOLO/06_vivado/proj/yolo_zcu104.gen/sources_1/bd/system/ip/system_sc_ctrl_0/bd_0/synth/bd_73a6.v:10]
INFO: [Synth 8-6157] synthesizing module 'clk_map_imp_1MM1RYS' [d:/MPSOC_YOLO/06_vivado/proj/yolo_zcu104.gen/sources_1/bd/system/ip/system_sc_ctrl_0/bd_0/synth/bd_73a6.v:724]
INFO: [Synth 8-6157] synthesizing module 'bd_73a6_one_0' [d:/MPSOC_YOLO/06_vivado/proj/yolo_zcu104.gen/sources_1/bd/system/ip/system_sc_ctrl_0/bd_0/ip/ip_0/synth/bd_73a6_one_0.v:53]
INFO: [Synth 8-6157] synthesizing module 'xlconstant_v1_1_9_xlconstant' [d:/MPSOC_YOLO/06_vivado/proj/yolo_zcu104.gen/sources_1/bd/system/ipshared/e2d2/hdl/xlconstant_v1_1_vl_rfs.v:68]
INFO: [Synth 8-6155] done synthesizing module 'xlconstant_v1_1_9_xlconstant' (0#1) [d:/MPSOC_YOLO/06_vivado/proj/yolo_zcu104.gen/sources_1/bd/system/ipshared/e2d2/hdl/xlconstant_v1_1_vl_rfs.v:68]
INFO: [Synth 8-6155] done synthesizing module 'bd_73a6_one_0' (0#1) [d:/MPSOC_YOLO/06_vivado/proj/yolo_zcu104.gen/sources_1/bd/system/ip/system_sc_ctrl_0/bd_0/ip/ip_0/synth/bd_73a6_one_0.v:53]
INFO: [Synth 8-638] synthesizing module 'bd_73a6_psr_aclk_0' [d:/MPSOC_YOLO/06_vivado/proj/yolo_zcu104.gen/sources_1/bd/system/ip/system_sc_ctrl_0/bd_0/ip/ip_1/synth/bd_73a6_psr_aclk_0.vhd:74]
	Parameter C_FAMILY bound to: zynquplus - type: string 
	Parameter C_EXT_RST_WIDTH bound to: 4 - type: integer 
	Parameter C_AUX_RST_WIDTH bound to: 1 - type: integer 
	Parameter C_EXT_RESET_HIGH bound to: 1'b0 
	Parameter C_AUX_RESET_HIGH bound to: 1'b0 
	Parameter C_NUM_BUS_RST bound to: 1 - type: integer 
	Parameter C_NUM_PERP_RST bound to: 1 - type: integer 
	Parameter C_NUM_INTERCONNECT_ARESETN bound to: 1 - type: integer 
	Parameter C_NUM_PERP_ARESETN bound to: 1 - type: integer 
INFO: [Synth 8-3491] module 'proc_sys_reset' declared at 'd:/MPSOC_YOLO/06_vivado/proj/yolo_zcu104.gen/sources_1/bd/system/ipshared/3a26/hdl/proc_sys_reset_v5_0_vh_rfs.vhd:1271' bound to instance 'U0' of component 'proc_sys_reset' [d:/MPSOC_YOLO/06_vivado/proj/yolo_zcu104.gen/sources_1/bd/system/ip/system_sc_ctrl_0/bd_0/ip/ip_1/synth/bd_73a6_psr_aclk_0.vhd:129]
INFO: [Synth 8-638] synthesizing module 'proc_sys_reset__parameterized1' [d:/MPSOC_YOLO/06_vivado/proj/yolo_zcu104.gen/sources_1/bd/system/ipshared/3a26/hdl/proc_sys_reset_v5_0_vh_rfs.vhd:1330]
	Parameter INIT bound to: 1'b1 
INFO: [Synth 8-113] binding component instance 'FDRE_inst' to cell 'FDRE' [d:/MPSOC_YOLO/06_vivado/proj/yolo_zcu104.gen/sources_1/bd/system/ipshared/3a26/hdl/proc_sys_reset_v5_0_vh_rfs.vhd:1399]
	Parameter INIT bound to: 1'b1 
INFO: [Synth 8-113] binding component instance 'FDRE_BSR' to cell 'FDRE' [d:/MPSOC_YOLO/06_vivado/proj/yolo_zcu104.gen/sources_1/bd/system/ipshared/3a26/hdl/proc_sys_reset_v5_0_vh_rfs.vhd:1415]
	Parameter INIT bound to: 1'b0 
INFO: [Synth 8-113] binding component instance 'FDRE_BSR_N' to cell 'FDRE' [d:/MPSOC_YOLO/06_vivado/proj/yolo_zcu104.gen/sources_1/bd/system/ipshared/3a26/hdl/proc_sys_reset_v5_0_vh_rfs.vhd:1441]
	Parameter INIT bound to: 1'b1 
INFO: [Synth 8-113] binding component instance 'FDRE_PER' to cell 'FDRE' [d:/MPSOC_YOLO/06_vivado/proj/yolo_zcu104.gen/sources_1/bd/system/ipshared/3a26/hdl/proc_sys_reset_v5_0_vh_rfs.vhd:1464]
	Parameter INIT bound to: 1'b0 
INFO: [Synth 8-113] binding component instance 'FDRE_PER_N' to cell 'FDRE' [d:/MPSOC_YOLO/06_vivado/proj/yolo_zcu104.gen/sources_1/bd/system/ipshared/3a26/hdl/proc_sys_reset_v5_0_vh_rfs.vhd:1488]
INFO: [Synth 8-638] synthesizing module 'lpf__parameterized0' [d:/MPSOC_YOLO/06_vivado/proj/yolo_zcu104.gen/sources_1/bd/system/ipshared/3a26/hdl/proc_sys_reset_v5_0_vh_rfs.vhd:821]
INFO: [Synth 8-3491] module 'SRL16' declared at 'C:/Xilinx/Vivado/2024.1/scripts/rt/data/unisim_comp.v:137246' bound to instance 'POR_SRL_I' of component 'SRL16' [d:/MPSOC_YOLO/06_vivado/proj/yolo_zcu104.gen/sources_1/bd/system/ipshared/3a26/hdl/proc_sys_reset_v5_0_vh_rfs.vhd:873]
INFO: [Synth 8-256] done synthesizing module 'lpf__parameterized0' (0#1) [d:/MPSOC_YOLO/06_vivado/proj/yolo_zcu104.gen/sources_1/bd/system/ipshared/3a26/hdl/proc_sys_reset_v5_0_vh_rfs.vhd:821]
INFO: [Synth 8-256] done synthesizing module 'proc_sys_reset__parameterized1' (0#1) [d:/MPSOC_YOLO/06_vivado/proj/yolo_zcu104.gen/sources_1/bd/system/ipshared/3a26/hdl/proc_sys_reset_v5_0_vh_rfs.vhd:1330]
INFO: [Synth 8-256] done synthesizing module 'bd_73a6_psr_aclk_0' (0#1) [d:/MPSOC_YOLO/06_vivado/proj/yolo_zcu104.gen/sources_1/bd/system/ip/system_sc_ctrl_0/bd_0/ip/ip_1/synth/bd_73a6_psr_aclk_0.vhd:74]
WARNING: [Synth 8-7071] port 'mb_reset' of module 'bd_73a6_psr_aclk_0' is unconnected for instance 'psr_aclk' [d:/MPSOC_YOLO/06_vivado/proj/yolo_zcu104.gen/sources_1/bd/system/ip/system_sc_ctrl_0/bd_0/synth/bd_73a6.v:759]
WARNING: [Synth 8-7071] port 'bus_struct_reset' of module 'bd_73a6_psr_aclk_0' is unconnected for instance 'psr_aclk' [d:/MPSOC_YOLO/06_vivado/proj/yolo_zcu104.gen/sources_1/bd/system/ip/system_sc_ctrl_0/bd_0/synth/bd_73a6.v:759]
WARNING: [Synth 8-7071] port 'peripheral_reset' of module 'bd_73a6_psr_aclk_0' is unconnected for instance 'psr_aclk' [d:/MPSOC_YOLO/06_vivado/proj/yolo_zcu104.gen/sources_1/bd/system/ip/system_sc_ctrl_0/bd_0/synth/bd_73a6.v:759]
WARNING: [Synth 8-7071] port 'peripheral_aresetn' of module 'bd_73a6_psr_aclk_0' is unconnected for instance 'psr_aclk' [d:/MPSOC_YOLO/06_vivado/proj/yolo_zcu104.gen/sources_1/bd/system/ip/system_sc_ctrl_0/bd_0/synth/bd_73a6.v:759]
WARNING: [Synth 8-7023] instance 'psr_aclk' of module 'bd_73a6_psr_aclk_0' has 10 connections declared, but only 6 given [d:/MPSOC_YOLO/06_vivado/proj/yolo_zcu104.gen/sources_1/bd/system/ip/system_sc_ctrl_0/bd_0/synth/bd_73a6.v:759]
INFO: [Synth 8-6155] done synthesizing module 'clk_map_imp_1MM1RYS' (0#1) [d:/MPSOC_YOLO/06_vivado/proj/yolo_zcu104.gen/sources_1/bd/system/ip/system_sc_ctrl_0/bd_0/synth/bd_73a6.v:724]
INFO: [Synth 8-6157] synthesizing module 'm00_exit_pipeline_imp_C36SR3' [d:/MPSOC_YOLO/06_vivado/proj/yolo_zcu104.gen/sources_1/bd/system/ip/system_sc_ctrl_0/bd_0/synth/bd_73a6.v:768]
INFO: [Synth 8-6157] synthesizing module 'bd_73a6_m00e_0' [d:/MPSOC_YOLO/06_vivado/proj/yolo_zcu104.gen/sources_1/bd/system/ip/system_sc_ctrl_0/bd_0/ip/ip_12/synth/bd_73a6_m00e_0.sv:53]
INFO: [Synth 8-6157] synthesizing module 'xpm_cdc_async_rst' [C:/Xilinx/Vivado/2024.1/data/ip/xpm/xpm_cdc/hdl/xpm_cdc.sv:1175]
INFO: [Synth 8-6155] done synthesizing module 'xpm_cdc_async_rst' (0#1) [C:/Xilinx/Vivado/2024.1/data/ip/xpm/xpm_cdc/hdl/xpm_cdc.sv:1175]
INFO: [Synth 8-6155] done synthesizing module 'bd_73a6_m00e_0' (0#1) [d:/MPSOC_YOLO/06_vivado/proj/yolo_zcu104.gen/sources_1/bd/system/ip/system_sc_ctrl_0/bd_0/ip/ip_12/synth/bd_73a6_m00e_0.sv:53]
INFO: [Synth 8-6155] done synthesizing module 'm00_exit_pipeline_imp_C36SR3' (0#1) [d:/MPSOC_YOLO/06_vivado/proj/yolo_zcu104.gen/sources_1/bd/system/ip/system_sc_ctrl_0/bd_0/synth/bd_73a6.v:768]
INFO: [Synth 8-6157] synthesizing module 'bd_73a6_m00s2a_0' [d:/MPSOC_YOLO/06_vivado/proj/yolo_zcu104.gen/sources_1/bd/system/ip/system_sc_ctrl_0/bd_0/ip/ip_11/synth/bd_73a6_m00s2a_0.sv:53]
INFO: [Synth 8-6155] done synthesizing module 'bd_73a6_m00s2a_0' (0#1) [d:/MPSOC_YOLO/06_vivado/proj/yolo_zcu104.gen/sources_1/bd/system/ip/system_sc_ctrl_0/bd_0/ip/ip_11/synth/bd_73a6_m00s2a_0.sv:53]
INFO: [Synth 8-6157] synthesizing module 'bd_73a6_s00a2s_0' [d:/MPSOC_YOLO/06_vivado/proj/yolo_zcu104.gen/sources_1/bd/system/ip/system_sc_ctrl_0/bd_0/ip/ip_5/synth/bd_73a6_s00a2s_0.sv:53]
INFO: [Synth 8-6155] done synthesizing module 'bd_73a6_s00a2s_0' (0#1) [d:/MPSOC_YOLO/06_vivado/proj/yolo_zcu104.gen/sources_1/bd/system/ip/system_sc_ctrl_0/bd_0/ip/ip_5/synth/bd_73a6_s00a2s_0.sv:53]
INFO: [Synth 8-6157] synthesizing module 's00_entry_pipeline_imp_1ATB024' [d:/MPSOC_YOLO/06_vivado/proj/yolo_zcu104.gen/sources_1/bd/system/ip/system_sc_ctrl_0/bd_0/synth/bd_73a6.v:1069]
INFO: [Synth 8-6157] synthesizing module 'bd_73a6_s00mmu_0' [d:/MPSOC_YOLO/06_vivado/proj/yolo_zcu104.gen/sources_1/bd/system/ip/system_sc_ctrl_0/bd_0/ip/ip_2/synth/bd_73a6_s00mmu_0.sv:53]
INFO: [Synth 8-6155] done synthesizing module 'bd_73a6_s00mmu_0' (0#1) [d:/MPSOC_YOLO/06_vivado/proj/yolo_zcu104.gen/sources_1/bd/system/ip/system_sc_ctrl_0/bd_0/ip/ip_2/synth/bd_73a6_s00mmu_0.sv:53]
INFO: [Synth 8-6157] synthesizing module 'bd_73a6_s00sic_0' [d:/MPSOC_YOLO/06_vivado/proj/yolo_zcu104.gen/sources_1/bd/system/ip/system_sc_ctrl_0/bd_0/ip/ip_4/synth/bd_73a6_s00sic_0.sv:53]
INFO: [Synth 8-6155] done synthesizing module 'bd_73a6_s00sic_0' (0#1) [d:/MPSOC_YOLO/06_vivado/proj/yolo_zcu104.gen/sources_1/bd/system/ip/system_sc_ctrl_0/bd_0/ip/ip_4/synth/bd_73a6_s00sic_0.sv:53]
INFO: [Synth 8-6157] synthesizing module 'bd_73a6_s00tr_0' [d:/MPSOC_YOLO/06_vivado/proj/yolo_zcu104.gen/sources_1/bd/system/ip/system_sc_ctrl_0/bd_0/ip/ip_3/synth/bd_73a6_s00tr_0.sv:53]
INFO: [Synth 8-6155] done synthesizing module 'bd_73a6_s00tr_0' (0#1) [d:/MPSOC_YOLO/06_vivado/proj/yolo_zcu104.gen/sources_1/bd/system/ip/system_sc_ctrl_0/bd_0/ip/ip_3/synth/bd_73a6_s00tr_0.sv:53]
INFO: [Synth 8-6155] done synthesizing module 's00_entry_pipeline_imp_1ATB024' (0#1) [d:/MPSOC_YOLO/06_vivado/proj/yolo_zcu104.gen/sources_1/bd/system/ip/system_sc_ctrl_0/bd_0/synth/bd_73a6.v:1069]
INFO: [Synth 8-6157] synthesizing module 's00_nodes_imp_1GFXR86' [d:/MPSOC_YOLO/06_vivado/proj/yolo_zcu104.gen/sources_1/bd/system/ip/system_sc_ctrl_0/bd_0/synth/bd_73a6.v:1728]
INFO: [Synth 8-6157] synthesizing module 'bd_73a6_sarn_0' [d:/MPSOC_YOLO/06_vivado/proj/yolo_zcu104.gen/sources_1/bd/system/ip/system_sc_ctrl_0/bd_0/ip/ip_6/synth/bd_73a6_sarn_0.sv:53]
INFO: [Synth 8-6155] done synthesizing module 'bd_73a6_sarn_0' (0#1) [d:/MPSOC_YOLO/06_vivado/proj/yolo_zcu104.gen/sources_1/bd/system/ip/system_sc_ctrl_0/bd_0/ip/ip_6/synth/bd_73a6_sarn_0.sv:53]
INFO: [Synth 8-6157] synthesizing module 'bd_73a6_sawn_0' [d:/MPSOC_YOLO/06_vivado/proj/yolo_zcu104.gen/sources_1/bd/system/ip/system_sc_ctrl_0/bd_0/ip/ip_8/synth/bd_73a6_sawn_0.sv:53]
INFO: [Synth 8-6155] done synthesizing module 'bd_73a6_sawn_0' (0#1) [d:/MPSOC_YOLO/06_vivado/proj/yolo_zcu104.gen/sources_1/bd/system/ip/system_sc_ctrl_0/bd_0/ip/ip_8/synth/bd_73a6_sawn_0.sv:53]
INFO: [Synth 8-6157] synthesizing module 'bd_73a6_sbn_0' [d:/MPSOC_YOLO/06_vivado/proj/yolo_zcu104.gen/sources_1/bd/system/ip/system_sc_ctrl_0/bd_0/ip/ip_10/synth/bd_73a6_sbn_0.sv:53]
INFO: [Synth 8-6155] done synthesizing module 'bd_73a6_sbn_0' (0#1) [d:/MPSOC_YOLO/06_vivado/proj/yolo_zcu104.gen/sources_1/bd/system/ip/system_sc_ctrl_0/bd_0/ip/ip_10/synth/bd_73a6_sbn_0.sv:53]
INFO: [Synth 8-6157] synthesizing module 'bd_73a6_srn_0' [d:/MPSOC_YOLO/06_vivado/proj/yolo_zcu104.gen/sources_1/bd/system/ip/system_sc_ctrl_0/bd_0/ip/ip_7/synth/bd_73a6_srn_0.sv:53]
INFO: [Synth 8-6155] done synthesizing module 'bd_73a6_srn_0' (0#1) [d:/MPSOC_YOLO/06_vivado/proj/yolo_zcu104.gen/sources_1/bd/system/ip/system_sc_ctrl_0/bd_0/ip/ip_7/synth/bd_73a6_srn_0.sv:53]
INFO: [Synth 8-6157] synthesizing module 'bd_73a6_swn_0' [d:/MPSOC_YOLO/06_vivado/proj/yolo_zcu104.gen/sources_1/bd/system/ip/system_sc_ctrl_0/bd_0/ip/ip_9/synth/bd_73a6_swn_0.sv:53]
INFO: [Synth 8-6155] done synthesizing module 'bd_73a6_swn_0' (0#1) [d:/MPSOC_YOLO/06_vivado/proj/yolo_zcu104.gen/sources_1/bd/system/ip/system_sc_ctrl_0/bd_0/ip/ip_9/synth/bd_73a6_swn_0.sv:53]
INFO: [Synth 8-6155] done synthesizing module 's00_nodes_imp_1GFXR86' (0#1) [d:/MPSOC_YOLO/06_vivado/proj/yolo_zcu104.gen/sources_1/bd/system/ip/system_sc_ctrl_0/bd_0/synth/bd_73a6.v:1728]
INFO: [Synth 8-6155] done synthesizing module 'bd_73a6' (0#1) [d:/MPSOC_YOLO/06_vivado/proj/yolo_zcu104.gen/sources_1/bd/system/ip/system_sc_ctrl_0/bd_0/synth/bd_73a6.v:10]
INFO: [Synth 8-6155] done synthesizing module 'system_sc_ctrl_0' (0#1) [d:/MPSOC_YOLO/06_vivado/proj/yolo_zcu104.gen/sources_1/bd/system/ip/system_sc_ctrl_0/synth/system_sc_ctrl_0.v:53]
WARNING: [Synth 8-7071] port 'M00_AXI_awprot' of module 'system_sc_ctrl_0' is unconnected for instance 'sc_ctrl' [d:/MPSOC_YOLO/06_vivado/proj/yolo_zcu104.gen/sources_1/bd/system/synth/system.v:161]
WARNING: [Synth 8-7071] port 'M00_AXI_arprot' of module 'system_sc_ctrl_0' is unconnected for instance 'sc_ctrl' [d:/MPSOC_YOLO/06_vivado/proj/yolo_zcu104.gen/sources_1/bd/system/synth/system.v:161]
WARNING: [Synth 8-7023] instance 'sc_ctrl' of module 'system_sc_ctrl_0' has 60 connections declared, but only 58 given [d:/MPSOC_YOLO/06_vivado/proj/yolo_zcu104.gen/sources_1/bd/system/synth/system.v:161]
INFO: [Synth 8-6157] synthesizing module 'system_sc_mem_0' [d:/MPSOC_YOLO/06_vivado/proj/yolo_zcu104.gen/sources_1/bd/system/ip/system_sc_mem_0/synth/system_sc_mem_0.v:53]
INFO: [Synth 8-6157] synthesizing module 'bd_0182' [d:/MPSOC_YOLO/06_vivado/proj/yolo_zcu104.gen/sources_1/bd/system/ip/system_sc_mem_0/bd_0/synth/bd_0182.v:10]
INFO: [Synth 8-6157] synthesizing module 'clk_map_imp_9ADCLJ' [d:/MPSOC_YOLO/06_vivado/proj/yolo_zcu104.gen/sources_1/bd/system/ip/system_sc_mem_0/bd_0/synth/bd_0182.v:804]
INFO: [Synth 8-6157] synthesizing module 'bd_0182_one_0' [d:/MPSOC_YOLO/06_vivado/proj/yolo_zcu104.gen/sources_1/bd/system/ip/system_sc_mem_0/bd_0/ip/ip_0/synth/bd_0182_one_0.v:53]
INFO: [Synth 8-6155] done synthesizing module 'bd_0182_one_0' (0#1) [d:/MPSOC_YOLO/06_vivado/proj/yolo_zcu104.gen/sources_1/bd/system/ip/system_sc_mem_0/bd_0/ip/ip_0/synth/bd_0182_one_0.v:53]
INFO: [Synth 8-638] synthesizing module 'bd_0182_psr_aclk_0' [d:/MPSOC_YOLO/06_vivado/proj/yolo_zcu104.gen/sources_1/bd/system/ip/system_sc_mem_0/bd_0/ip/ip_1/synth/bd_0182_psr_aclk_0.vhd:74]
	Parameter C_FAMILY bound to: zynquplus - type: string 
	Parameter C_EXT_RST_WIDTH bound to: 4 - type: integer 
	Parameter C_AUX_RST_WIDTH bound to: 1 - type: integer 
	Parameter C_EXT_RESET_HIGH bound to: 1'b0 
	Parameter C_AUX_RESET_HIGH bound to: 1'b0 
	Parameter C_NUM_BUS_RST bound to: 1 - type: integer 
	Parameter C_NUM_PERP_RST bound to: 1 - type: integer 
	Parameter C_NUM_INTERCONNECT_ARESETN bound to: 1 - type: integer 
	Parameter C_NUM_PERP_ARESETN bound to: 1 - type: integer 
INFO: [Synth 8-3491] module 'proc_sys_reset' declared at 'd:/MPSOC_YOLO/06_vivado/proj/yolo_zcu104.gen/sources_1/bd/system/ipshared/3a26/hdl/proc_sys_reset_v5_0_vh_rfs.vhd:1271' bound to instance 'U0' of component 'proc_sys_reset' [d:/MPSOC_YOLO/06_vivado/proj/yolo_zcu104.gen/sources_1/bd/system/ip/system_sc_mem_0/bd_0/ip/ip_1/synth/bd_0182_psr_aclk_0.vhd:129]
INFO: [Synth 8-256] done synthesizing module 'bd_0182_psr_aclk_0' (0#1) [d:/MPSOC_YOLO/06_vivado/proj/yolo_zcu104.gen/sources_1/bd/system/ip/system_sc_mem_0/bd_0/ip/ip_1/synth/bd_0182_psr_aclk_0.vhd:74]
WARNING: [Synth 8-7071] port 'mb_reset' of module 'bd_0182_psr_aclk_0' is unconnected for instance 'psr_aclk' [d:/MPSOC_YOLO/06_vivado/proj/yolo_zcu104.gen/sources_1/bd/system/ip/system_sc_mem_0/bd_0/synth/bd_0182.v:839]
WARNING: [Synth 8-7071] port 'bus_struct_reset' of module 'bd_0182_psr_aclk_0' is unconnected for instance 'psr_aclk' [d:/MPSOC_YOLO/06_vivado/proj/yolo_zcu104.gen/sources_1/bd/system/ip/system_sc_mem_0/bd_0/synth/bd_0182.v:839]
WARNING: [Synth 8-7071] port 'peripheral_reset' of module 'bd_0182_psr_aclk_0' is unconnected for instance 'psr_aclk' [d:/MPSOC_YOLO/06_vivado/proj/yolo_zcu104.gen/sources_1/bd/system/ip/system_sc_mem_0/bd_0/synth/bd_0182.v:839]
WARNING: [Synth 8-7071] port 'peripheral_aresetn' of module 'bd_0182_psr_aclk_0' is unconnected for instance 'psr_aclk' [d:/MPSOC_YOLO/06_vivado/proj/yolo_zcu104.gen/sources_1/bd/system/ip/system_sc_mem_0/bd_0/synth/bd_0182.v:839]
WARNING: [Synth 8-7023] instance 'psr_aclk' of module 'bd_0182_psr_aclk_0' has 10 connections declared, but only 6 given [d:/MPSOC_YOLO/06_vivado/proj/yolo_zcu104.gen/sources_1/bd/system/ip/system_sc_mem_0/bd_0/synth/bd_0182.v:839]
INFO: [Synth 8-6155] done synthesizing module 'clk_map_imp_9ADCLJ' (0#1) [d:/MPSOC_YOLO/06_vivado/proj/yolo_zcu104.gen/sources_1/bd/system/ip/system_sc_mem_0/bd_0/synth/bd_0182.v:804]
INFO: [Synth 8-6157] synthesizing module 'm00_exit_pipeline_imp_1OFXE58' [d:/MPSOC_YOLO/06_vivado/proj/yolo_zcu104.gen/sources_1/bd/system/ip/system_sc_mem_0/bd_0/synth/bd_0182.v:848]
INFO: [Synth 8-6157] synthesizing module 'bd_0182_m00e_0' [d:/MPSOC_YOLO/06_vivado/proj/yolo_zcu104.gen/sources_1/bd/system/ip/system_sc_mem_0/bd_0/ip/ip_12/synth/bd_0182_m00e_0.sv:53]
INFO: [Synth 8-6155] done synthesizing module 'bd_0182_m00e_0' (0#1) [d:/MPSOC_YOLO/06_vivado/proj/yolo_zcu104.gen/sources_1/bd/system/ip/system_sc_mem_0/bd_0/ip/ip_12/synth/bd_0182_m00e_0.sv:53]
INFO: [Synth 8-6155] done synthesizing module 'm00_exit_pipeline_imp_1OFXE58' (0#1) [d:/MPSOC_YOLO/06_vivado/proj/yolo_zcu104.gen/sources_1/bd/system/ip/system_sc_mem_0/bd_0/synth/bd_0182.v:848]
INFO: [Synth 8-6157] synthesizing module 'bd_0182_m00s2a_0' [d:/MPSOC_YOLO/06_vivado/proj/yolo_zcu104.gen/sources_1/bd/system/ip/system_sc_mem_0/bd_0/ip/ip_11/synth/bd_0182_m00s2a_0.sv:53]
INFO: [Synth 8-6155] done synthesizing module 'bd_0182_m00s2a_0' (0#1) [d:/MPSOC_YOLO/06_vivado/proj/yolo_zcu104.gen/sources_1/bd/system/ip/system_sc_mem_0/bd_0/ip/ip_11/synth/bd_0182_m00s2a_0.sv:53]
INFO: [Synth 8-6157] synthesizing module 'bd_0182_s00a2s_0' [d:/MPSOC_YOLO/06_vivado/proj/yolo_zcu104.gen/sources_1/bd/system/ip/system_sc_mem_0/bd_0/ip/ip_5/synth/bd_0182_s00a2s_0.sv:53]
INFO: [Synth 8-6155] done synthesizing module 'bd_0182_s00a2s_0' (0#1) [d:/MPSOC_YOLO/06_vivado/proj/yolo_zcu104.gen/sources_1/bd/system/ip/system_sc_mem_0/bd_0/ip/ip_5/synth/bd_0182_s00a2s_0.sv:53]
INFO: [Synth 8-6157] synthesizing module 's00_entry_pipeline_imp_P8Y0V3' [d:/MPSOC_YOLO/06_vivado/proj/yolo_zcu104.gen/sources_1/bd/system/ip/system_sc_mem_0/bd_0/synth/bd_0182.v:1229]
INFO: [Synth 8-6157] synthesizing module 'bd_0182_s00mmu_0' [d:/MPSOC_YOLO/06_vivado/proj/yolo_zcu104.gen/sources_1/bd/system/ip/system_sc_mem_0/bd_0/ip/ip_2/synth/bd_0182_s00mmu_0.sv:53]
INFO: [Synth 8-6155] done synthesizing module 'bd_0182_s00mmu_0' (0#1) [d:/MPSOC_YOLO/06_vivado/proj/yolo_zcu104.gen/sources_1/bd/system/ip/system_sc_mem_0/bd_0/ip/ip_2/synth/bd_0182_s00mmu_0.sv:53]
INFO: [Synth 8-6157] synthesizing module 'bd_0182_s00sic_0' [d:/MPSOC_YOLO/06_vivado/proj/yolo_zcu104.gen/sources_1/bd/system/ip/system_sc_mem_0/bd_0/ip/ip_4/synth/bd_0182_s00sic_0.sv:53]
INFO: [Synth 8-6155] done synthesizing module 'bd_0182_s00sic_0' (0#1) [d:/MPSOC_YOLO/06_vivado/proj/yolo_zcu104.gen/sources_1/bd/system/ip/system_sc_mem_0/bd_0/ip/ip_4/synth/bd_0182_s00sic_0.sv:53]
INFO: [Synth 8-6157] synthesizing module 'bd_0182_s00tr_0' [d:/MPSOC_YOLO/06_vivado/proj/yolo_zcu104.gen/sources_1/bd/system/ip/system_sc_mem_0/bd_0/ip/ip_3/synth/bd_0182_s00tr_0.sv:53]
INFO: [Synth 8-6155] done synthesizing module 'bd_0182_s00tr_0' (0#1) [d:/MPSOC_YOLO/06_vivado/proj/yolo_zcu104.gen/sources_1/bd/system/ip/system_sc_mem_0/bd_0/ip/ip_3/synth/bd_0182_s00tr_0.sv:53]
INFO: [Synth 8-6155] done synthesizing module 's00_entry_pipeline_imp_P8Y0V3' (0#1) [d:/MPSOC_YOLO/06_vivado/proj/yolo_zcu104.gen/sources_1/bd/system/ip/system_sc_mem_0/bd_0/synth/bd_0182.v:1229]
INFO: [Synth 8-6157] synthesizing module 's00_nodes_imp_LZUAX1' [d:/MPSOC_YOLO/06_vivado/proj/yolo_zcu104.gen/sources_1/bd/system/ip/system_sc_mem_0/bd_0/synth/bd_0182.v:1888]
INFO: [Synth 8-6157] synthesizing module 'bd_0182_sarn_0' [d:/MPSOC_YOLO/06_vivado/proj/yolo_zcu104.gen/sources_1/bd/system/ip/system_sc_mem_0/bd_0/ip/ip_6/synth/bd_0182_sarn_0.sv:53]
INFO: [Synth 8-6157] synthesizing module 'xpm_memory_sdpram' [C:/Xilinx/Vivado/2024.1/data/ip/xpm/xpm_memory/hdl/xpm_memory.sv:8556]
INFO: [Synth 8-6157] synthesizing module 'xpm_memory_base' [C:/Xilinx/Vivado/2024.1/data/ip/xpm/xpm_memory/hdl/xpm_memory.sv:54]
INFO: [Synth 8-6155] done synthesizing module 'xpm_memory_base' (0#1) [C:/Xilinx/Vivado/2024.1/data/ip/xpm/xpm_memory/hdl/xpm_memory.sv:54]
INFO: [Synth 8-6155] done synthesizing module 'xpm_memory_sdpram' (0#1) [C:/Xilinx/Vivado/2024.1/data/ip/xpm/xpm_memory/hdl/xpm_memory.sv:8556]
INFO: [Synth 8-6155] done synthesizing module 'bd_0182_sarn_0' (0#1) [d:/MPSOC_YOLO/06_vivado/proj/yolo_zcu104.gen/sources_1/bd/system/ip/system_sc_mem_0/bd_0/ip/ip_6/synth/bd_0182_sarn_0.sv:53]
INFO: [Synth 8-6157] synthesizing module 'bd_0182_sawn_0' [d:/MPSOC_YOLO/06_vivado/proj/yolo_zcu104.gen/sources_1/bd/system/ip/system_sc_mem_0/bd_0/ip/ip_8/synth/bd_0182_sawn_0.sv:53]
INFO: [Synth 8-6155] done synthesizing module 'bd_0182_sawn_0' (0#1) [d:/MPSOC_YOLO/06_vivado/proj/yolo_zcu104.gen/sources_1/bd/system/ip/system_sc_mem_0/bd_0/ip/ip_8/synth/bd_0182_sawn_0.sv:53]
INFO: [Synth 8-6157] synthesizing module 'bd_0182_sbn_0' [d:/MPSOC_YOLO/06_vivado/proj/yolo_zcu104.gen/sources_1/bd/system/ip/system_sc_mem_0/bd_0/ip/ip_10/synth/bd_0182_sbn_0.sv:53]
INFO: [Synth 8-6157] synthesizing module 'xpm_memory_sdpram__parameterized0' [C:/Xilinx/Vivado/2024.1/data/ip/xpm/xpm_memory/hdl/xpm_memory.sv:8556]
INFO: [Synth 8-6157] synthesizing module 'xpm_memory_base__parameterized0' [C:/Xilinx/Vivado/2024.1/data/ip/xpm/xpm_memory/hdl/xpm_memory.sv:54]
INFO: [Synth 8-6155] done synthesizing module 'xpm_memory_base__parameterized0' (0#1) [C:/Xilinx/Vivado/2024.1/data/ip/xpm/xpm_memory/hdl/xpm_memory.sv:54]
INFO: [Synth 8-6155] done synthesizing module 'xpm_memory_sdpram__parameterized0' (0#1) [C:/Xilinx/Vivado/2024.1/data/ip/xpm/xpm_memory/hdl/xpm_memory.sv:8556]
INFO: [Synth 8-6155] done synthesizing module 'bd_0182_sbn_0' (0#1) [d:/MPSOC_YOLO/06_vivado/proj/yolo_zcu104.gen/sources_1/bd/system/ip/system_sc_mem_0/bd_0/ip/ip_10/synth/bd_0182_sbn_0.sv:53]
INFO: [Synth 8-6157] synthesizing module 'bd_0182_srn_0' [d:/MPSOC_YOLO/06_vivado/proj/yolo_zcu104.gen/sources_1/bd/system/ip/system_sc_mem_0/bd_0/ip/ip_7/synth/bd_0182_srn_0.sv:53]
INFO: [Synth 8-6157] synthesizing module 'xpm_memory_sdpram__parameterized1' [C:/Xilinx/Vivado/2024.1/data/ip/xpm/xpm_memory/hdl/xpm_memory.sv:8556]
INFO: [Synth 8-6157] synthesizing module 'xpm_memory_base__parameterized1' [C:/Xilinx/Vivado/2024.1/data/ip/xpm/xpm_memory/hdl/xpm_memory.sv:54]
INFO: [Synth 8-6155] done synthesizing module 'xpm_memory_base__parameterized1' (0#1) [C:/Xilinx/Vivado/2024.1/data/ip/xpm/xpm_memory/hdl/xpm_memory.sv:54]
INFO: [Synth 8-6155] done synthesizing module 'xpm_memory_sdpram__parameterized1' (0#1) [C:/Xilinx/Vivado/2024.1/data/ip/xpm/xpm_memory/hdl/xpm_memory.sv:8556]
INFO: [Synth 8-6155] done synthesizing module 'bd_0182_srn_0' (0#1) [d:/MPSOC_YOLO/06_vivado/proj/yolo_zcu104.gen/sources_1/bd/system/ip/system_sc_mem_0/bd_0/ip/ip_7/synth/bd_0182_srn_0.sv:53]
INFO: [Synth 8-6157] synthesizing module 'bd_0182_swn_0' [d:/MPSOC_YOLO/06_vivado/proj/yolo_zcu104.gen/sources_1/bd/system/ip/system_sc_mem_0/bd_0/ip/ip_9/synth/bd_0182_swn_0.sv:53]
INFO: [Synth 8-6157] synthesizing module 'xpm_memory_sdpram__parameterized2' [C:/Xilinx/Vivado/2024.1/data/ip/xpm/xpm_memory/hdl/xpm_memory.sv:8556]
INFO: [Synth 8-6157] synthesizing module 'xpm_memory_base__parameterized2' [C:/Xilinx/Vivado/2024.1/data/ip/xpm/xpm_memory/hdl/xpm_memory.sv:54]
INFO: [Synth 8-6155] done synthesizing module 'xpm_memory_base__parameterized2' (0#1) [C:/Xilinx/Vivado/2024.1/data/ip/xpm/xpm_memory/hdl/xpm_memory.sv:54]
INFO: [Synth 8-6155] done synthesizing module 'xpm_memory_sdpram__parameterized2' (0#1) [C:/Xilinx/Vivado/2024.1/data/ip/xpm/xpm_memory/hdl/xpm_memory.sv:8556]
INFO: [Synth 8-6155] done synthesizing module 'bd_0182_swn_0' (0#1) [d:/MPSOC_YOLO/06_vivado/proj/yolo_zcu104.gen/sources_1/bd/system/ip/system_sc_mem_0/bd_0/ip/ip_9/synth/bd_0182_swn_0.sv:53]
INFO: [Synth 8-6155] done synthesizing module 's00_nodes_imp_LZUAX1' (0#1) [d:/MPSOC_YOLO/06_vivado/proj/yolo_zcu104.gen/sources_1/bd/system/ip/system_sc_mem_0/bd_0/synth/bd_0182.v:1888]
INFO: [Synth 8-6155] done synthesizing module 'bd_0182' (0#1) [d:/MPSOC_YOLO/06_vivado/proj/yolo_zcu104.gen/sources_1/bd/system/ip/system_sc_mem_0/bd_0/synth/bd_0182.v:10]
INFO: [Synth 8-6155] done synthesizing module 'system_sc_mem_0' (0#1) [d:/MPSOC_YOLO/06_vivado/proj/yolo_zcu104.gen/sources_1/bd/system/ip/system_sc_mem_0/synth/system_sc_mem_0.v:53]
INFO: [Synth 8-6157] synthesizing module 'system_yolo_accel_0' [d:/MPSOC_YOLO/06_vivado/proj/yolo_zcu104.gen/sources_1/bd/system/ip/system_yolo_accel_0/synth/system_yolo_accel_0.v:53]
INFO: [Synth 8-6157] synthesizing module 'yolo_accel_wrap' [D:/MPSOC_YOLO/04_rtl/yolo_accel_wrap.v:4]
INFO: [Synth 8-6157] synthesizing module 'yolo_accel' [D:/MPSOC_YOLO/04_rtl/yolo_accel.sv:7]
INFO: [Synth 8-6157] synthesizing module 'axil_regs' [D:/MPSOC_YOLO/04_rtl/axil_regs.sv:12]
INFO: [Synth 8-6155] done synthesizing module 'axil_regs' (0#1) [D:/MPSOC_YOLO/04_rtl/axil_regs.sv:12]
INFO: [Synth 8-6157] synthesizing module 'weight_loader' [D:/MPSOC_YOLO/04_rtl/weight_loader.sv:3]
INFO: [Synth 8-6157] synthesizing module 'burst_gen' [D:/MPSOC_YOLO/04_rtl/burst_gen.sv:3]
INFO: [Synth 8-6155] done synthesizing module 'burst_gen' (0#1) [D:/MPSOC_YOLO/04_rtl/burst_gen.sv:3]
INFO: [Synth 8-6155] done synthesizing module 'weight_loader' (0#1) [D:/MPSOC_YOLO/04_rtl/weight_loader.sv:3]
INFO: [Synth 8-6157] synthesizing module 'line_loader' [D:/MPSOC_YOLO/04_rtl/line_loader.sv:5]
INFO: [Synth 8-6157] synthesizing module 'sdp_ram' [D:/MPSOC_YOLO/04_rtl/sdp_ram.sv:3]
	Parameter W bound to: 32'sb00000000000000000000000010000000 
	Parameter LG bound to: 32'sb00000000000000000000000000001010 
	Parameter LAT bound to: 32'sb00000000000000000000000000000001 
INFO: [Synth 8-6155] done synthesizing module 'sdp_ram' (0#1) [D:/MPSOC_YOLO/04_rtl/sdp_ram.sv:3]
INFO: [Synth 8-6155] done synthesizing module 'line_loader' (0#1) [D:/MPSOC_YOLO/04_rtl/line_loader.sv:5]
INFO: [Synth 8-6157] synthesizing module 'conv_engine' [D:/MPSOC_YOLO/04_rtl/conv_engine.sv:7]
INFO: [Synth 8-6157] synthesizing module 'sdp_ram__parameterized0' [D:/MPSOC_YOLO/04_rtl/sdp_ram.sv:3]
	Parameter W bound to: 32'sb00000000000000000000000010000000 
	Parameter LG bound to: 32'sb00000000000000000000000000001001 
	Parameter LAT bound to: 32'sb00000000000000000000000000000010 
INFO: [Synth 8-6155] done synthesizing module 'sdp_ram__parameterized0' (0#1) [D:/MPSOC_YOLO/04_rtl/sdp_ram.sv:3]
INFO: [Synth 8-6157] synthesizing module 'sdp_ram__parameterized1' [D:/MPSOC_YOLO/04_rtl/sdp_ram.sv:3]
	Parameter W bound to: 32'sb00000000000000000000000010000000 
	Parameter LG bound to: 32'sb00000000000000000000000000001101 
	Parameter LAT bound to: 32'sb00000000000000000000000000000010 
INFO: [Synth 8-6155] done synthesizing module 'sdp_ram__parameterized1' (0#1) [D:/MPSOC_YOLO/04_rtl/sdp_ram.sv:3]
INFO: [Synth 8-6157] synthesizing module 'pe_array' [D:/MPSOC_YOLO/04_rtl/pe_array.sv:3]
INFO: [Synth 8-6155] done synthesizing module 'pe_array' (0#1) [D:/MPSOC_YOLO/04_rtl/pe_array.sv:3]
INFO: [Synth 8-6157] synthesizing module 'epilogue' [D:/MPSOC_YOLO/04_rtl/epilogue.sv:3]
INFO: [Synth 8-6155] done synthesizing module 'epilogue' (0#1) [D:/MPSOC_YOLO/04_rtl/epilogue.sv:3]
INFO: [Synth 8-6157] synthesizing module 'sync_fifo' [D:/MPSOC_YOLO/04_rtl/sync_fifo.sv:2]
	Parameter W bound to: 32'sb00000000000000000000000100000000 
	Parameter LG bound to: 32'sb00000000000000000000000000000100 
INFO: [Synth 8-6155] done synthesizing module 'sync_fifo' (0#1) [D:/MPSOC_YOLO/04_rtl/sync_fifo.sv:2]
INFO: [Synth 8-6155] done synthesizing module 'conv_engine' (0#1) [D:/MPSOC_YOLO/04_rtl/conv_engine.sv:7]
INFO: [Synth 8-6157] synthesizing module 'writer' [D:/MPSOC_YOLO/04_rtl/writer.sv:5]
INFO: [Synth 8-6155] done synthesizing module 'writer' (0#1) [D:/MPSOC_YOLO/04_rtl/writer.sv:5]
INFO: [Synth 8-6155] done synthesizing module 'yolo_accel' (0#1) [D:/MPSOC_YOLO/04_rtl/yolo_accel.sv:7]
INFO: [Synth 8-6155] done synthesizing module 'yolo_accel_wrap' (0#1) [D:/MPSOC_YOLO/04_rtl/yolo_accel_wrap.v:4]
INFO: [Synth 8-6155] done synthesizing module 'system_yolo_accel_0' (0#1) [d:/MPSOC_YOLO/06_vivado/proj/yolo_zcu104.gen/sources_1/bd/system/ip/system_yolo_accel_0/synth/system_yolo_accel_0.v:53]
INFO: [Synth 8-6157] synthesizing module 'system_zynq_ps_0' [d:/MPSOC_YOLO/06_vivado/proj/yolo_zcu104.gen/sources_1/bd/system/ip/system_zynq_ps_0/synth/system_zynq_ps_0.v:53]
INFO: [Synth 8-6157] synthesizing module 'zynq_ultra_ps_e_v3_5_3_zynq_ultra_ps_e' [d:/MPSOC_YOLO/06_vivado/proj/yolo_zcu104.gen/sources_1/bd/system/ip/system_zynq_ps_0/hdl/zynq_ultra_ps_e_v3_5_3.v:68]
INFO: [Synth 8-6157] synthesizing module 'BUFG_PS' [C:/Xilinx/Vivado/2024.1/scripts/rt/data/unisim_comp.v:2187]
INFO: [Synth 8-6155] done synthesizing module 'BUFG_PS' (0#1) [C:/Xilinx/Vivado/2024.1/scripts/rt/data/unisim_comp.v:2187]
INFO: [Synth 8-6157] synthesizing module 'PS8' [C:/Xilinx/Vivado/2024.1/scripts/rt/data/unisim_comp.v:116504]
INFO: [Synth 8-6155] done synthesizing module 'PS8' (0#1) [C:/Xilinx/Vivado/2024.1/scripts/rt/data/unisim_comp.v:116504]
WARNING: [Synth 8-689] width (5) of port connection 'EMIOSDIO0DATAIN' does not match port width (8) of module 'PS8' [d:/MPSOC_YOLO/06_vivado/proj/yolo_zcu104.gen/sources_1/bd/system/ip/system_zynq_ps_0/hdl/zynq_ultra_ps_e_v3_5_3.v:4674]
WARNING: [Synth 8-689] width (5) of port connection 'EMIOSDIO0DATAOUT' does not match port width (8) of module 'PS8' [d:/MPSOC_YOLO/06_vivado/proj/yolo_zcu104.gen/sources_1/bd/system/ip/system_zynq_ps_0/hdl/zynq_ultra_ps_e_v3_5_3.v:4675]
WARNING: [Synth 8-689] width (5) of port connection 'EMIOSDIO0DATAENA' does not match port width (8) of module 'PS8' [d:/MPSOC_YOLO/06_vivado/proj/yolo_zcu104.gen/sources_1/bd/system/ip/system_zynq_ps_0/hdl/zynq_ultra_ps_e_v3_5_3.v:4676]
WARNING: [Synth 8-689] width (4) of port connection 'EMIOSDIO1DATAIN' does not match port width (8) of module 'PS8' [d:/MPSOC_YOLO/06_vivado/proj/yolo_zcu104.gen/sources_1/bd/system/ip/system_zynq_ps_0/hdl/zynq_ultra_ps_e_v3_5_3.v:4687]
WARNING: [Synth 8-689] width (4) of port connection 'EMIOSDIO1DATAOUT' does not match port width (8) of module 'PS8' [d:/MPSOC_YOLO/06_vivado/proj/yolo_zcu104.gen/sources_1/bd/system/ip/system_zynq_ps_0/hdl/zynq_ultra_ps_e_v3_5_3.v:4688]
WARNING: [Synth 8-689] width (4) of port connection 'EMIOSDIO1DATAENA' does not match port width (8) of module 'PS8' [d:/MPSOC_YOLO/06_vivado/proj/yolo_zcu104.gen/sources_1/bd/system/ip/system_zynq_ps_0/hdl/zynq_ultra_ps_e_v3_5_3.v:4689]
WARNING: [Synth 8-7071] port 'PSS_ALTO_CORE_PAD_MGTTXN0OUT' of module 'PS8' is unconnected for instance 'PS8_i' [d:/MPSOC_YOLO/06_vivado/proj/yolo_zcu104.gen/sources_1/bd/system/ip/system_zynq_ps_0/hdl/zynq_ultra_ps_e_v3_5_3.v:3865]
WARNING: [Synth 8-7071] port 'PSS_ALTO_CORE_PAD_MGTTXN1OUT' of module 'PS8' is unconnected for instance 'PS8_i' [d:/MPSOC_YOLO/06_vivado/proj/yolo_zcu104.gen/sources_1/bd/system/ip/system_zynq_ps_0/hdl/zynq_ultra_ps_e_v3_5_3.v:3865]
WARNING: [Synth 8-7071] port 'PSS_ALTO_CORE_PAD_MGTTXN2OUT' of module 'PS8' is unconnected for instance 'PS8_i' [d:/MPSOC_YOLO/06_vivado/proj/yolo_zcu104.gen/sources_1/bd/system/ip/system_zynq_ps_0/hdl/zynq_ultra_ps_e_v3_5_3.v:3865]
WARNING: [Synth 8-7071] port 'PSS_ALTO_CORE_PAD_MGTTXN3OUT' of module 'PS8' is unconnected for instance 'PS8_i' [d:/MPSOC_YOLO/06_vivado/proj/yolo_zcu104.gen/sources_1/bd/system/ip/system_zynq_ps_0/hdl/zynq_ultra_ps_e_v3_5_3.v:3865]
WARNING: [Synth 8-7071] port 'PSS_ALTO_CORE_PAD_MGTTXP0OUT' of module 'PS8' is unconnected for instance 'PS8_i' [d:/MPSOC_YOLO/06_vivado/proj/yolo_zcu104.gen/sources_1/bd/system/ip/system_zynq_ps_0/hdl/zynq_ultra_ps_e_v3_5_3.v:3865]
WARNING: [Synth 8-7071] port 'PSS_ALTO_CORE_PAD_MGTTXP1OUT' of module 'PS8' is unconnected for instance 'PS8_i' [d:/MPSOC_YOLO/06_vivado/proj/yolo_zcu104.gen/sources_1/bd/system/ip/system_zynq_ps_0/hdl/zynq_ultra_ps_e_v3_5_3.v:3865]
WARNING: [Synth 8-7071] port 'PSS_ALTO_CORE_PAD_MGTTXP2OUT' of module 'PS8' is unconnected for instance 'PS8_i' [d:/MPSOC_YOLO/06_vivado/proj/yolo_zcu104.gen/sources_1/bd/system/ip/system_zynq_ps_0/hdl/zynq_ultra_ps_e_v3_5_3.v:3865]
WARNING: [Synth 8-7071] port 'PSS_ALTO_CORE_PAD_MGTTXP3OUT' of module 'PS8' is unconnected for instance 'PS8_i' [d:/MPSOC_YOLO/06_vivado/proj/yolo_zcu104.gen/sources_1/bd/system/ip/system_zynq_ps_0/hdl/zynq_ultra_ps_e_v3_5_3.v:3865]
WARNING: [Synth 8-7071] port 'PSS_ALTO_CORE_PAD_PADO' of module 'PS8' is unconnected for instance 'PS8_i' [d:/MPSOC_YOLO/06_vivado/proj/yolo_zcu104.gen/sources_1/bd/system/ip/system_zynq_ps_0/hdl/zynq_ultra_ps_e_v3_5_3.v:3865]
WARNING: [Synth 8-7071] port 'PSS_ALTO_CORE_PAD_BOOTMODE' of module 'PS8' is unconnected for instance 'PS8_i' [d:/MPSOC_YOLO/06_vivado/proj/yolo_zcu104.gen/sources_1/bd/system/ip/system_zynq_ps_0/hdl/zynq_ultra_ps_e_v3_5_3.v:3865]
WARNING: [Synth 8-7071] port 'PSS_ALTO_CORE_PAD_CLK' of module 'PS8' is unconnected for instance 'PS8_i' [d:/MPSOC_YOLO/06_vivado/proj/yolo_zcu104.gen/sources_1/bd/system/ip/system_zynq_ps_0/hdl/zynq_ultra_ps_e_v3_5_3.v:3865]
WARNING: [Synth 8-7071] port 'PSS_ALTO_CORE_PAD_DONEB' of module 'PS8' is unconnected for instance 'PS8_i' [d:/MPSOC_YOLO/06_vivado/proj/yolo_zcu104.gen/sources_1/bd/system/ip/system_zynq_ps_0/hdl/zynq_ultra_ps_e_v3_5_3.v:3865]
WARNING: [Synth 8-7071] port 'PSS_ALTO_CORE_PAD_DRAMA' of module 'PS8' is unconnected for instance 'PS8_i' [d:/MPSOC_YOLO/06_vivado/proj/yolo_zcu104.gen/sources_1/bd/system/ip/system_zynq_ps_0/hdl/zynq_ultra_ps_e_v3_5_3.v:3865]
WARNING: [Synth 8-7071] port 'PSS_ALTO_CORE_PAD_DRAMACTN' of module 'PS8' is unconnected for instance 'PS8_i' [d:/MPSOC_YOLO/06_vivado/proj/yolo_zcu104.gen/sources_1/bd/system/ip/system_zynq_ps_0/hdl/zynq_ultra_ps_e_v3_5_3.v:3865]
WARNING: [Synth 8-7071] port 'PSS_ALTO_CORE_PAD_DRAMALERTN' of module 'PS8' is unconnected for instance 'PS8_i' [d:/MPSOC_YOLO/06_vivado/proj/yolo_zcu104.gen/sources_1/bd/system/ip/system_zynq_ps_0/hdl/zynq_ultra_ps_e_v3_5_3.v:3865]
WARNING: [Synth 8-7071] port 'PSS_ALTO_CORE_PAD_DRAMBA' of module 'PS8' is unconnected for instance 'PS8_i' [d:/MPSOC_YOLO/06_vivado/proj/yolo_zcu104.gen/sources_1/bd/system/ip/system_zynq_ps_0/hdl/zynq_ultra_ps_e_v3_5_3.v:3865]
WARNING: [Synth 8-7071] port 'PSS_ALTO_CORE_PAD_DRAMBG' of module 'PS8' is unconnected for instance 'PS8_i' [d:/MPSOC_YOLO/06_vivado/proj/yolo_zcu104.gen/sources_1/bd/system/ip/system_zynq_ps_0/hdl/zynq_ultra_ps_e_v3_5_3.v:3865]
WARNING: [Synth 8-7071] port 'PSS_ALTO_CORE_PAD_DRAMCK' of module 'PS8' is unconnected for instance 'PS8_i' [d:/MPSOC_YOLO/06_vivado/proj/yolo_zcu104.gen/sources_1/bd/system/ip/system_zynq_ps_0/hdl/zynq_ultra_ps_e_v3_5_3.v:3865]
WARNING: [Synth 8-7071] port 'PSS_ALTO_CORE_PAD_DRAMCKE' of module 'PS8' is unconnected for instance 'PS8_i' [d:/MPSOC_YOLO/06_vivado/proj/yolo_zcu104.gen/sources_1/bd/system/ip/system_zynq_ps_0/hdl/zynq_ultra_ps_e_v3_5_3.v:3865]
WARNING: [Synth 8-7071] port 'PSS_ALTO_CORE_PAD_DRAMCKN' of module 'PS8' is unconnected for instance 'PS8_i' [d:/MPSOC_YOLO/06_vivado/proj/yolo_zcu104.gen/sources_1/bd/system/ip/system_zynq_ps_0/hdl/zynq_ultra_ps_e_v3_5_3.v:3865]
WARNING: [Synth 8-7071] port 'PSS_ALTO_CORE_PAD_DRAMCSN' of module 'PS8' is unconnected for instance 'PS8_i' [d:/MPSOC_YOLO/06_vivado/proj/yolo_zcu104.gen/sources_1/bd/system/ip/system_zynq_ps_0/hdl/zynq_ultra_ps_e_v3_5_3.v:3865]
WARNING: [Synth 8-7071] port 'PSS_ALTO_CORE_PAD_DRAMDM' of module 'PS8' is unconnected for instance 'PS8_i' [d:/MPSOC_YOLO/06_vivado/proj/yolo_zcu104.gen/sources_1/bd/system/ip/system_zynq_ps_0/hdl/zynq_ultra_ps_e_v3_5_3.v:3865]
WARNING: [Synth 8-7071] port 'PSS_ALTO_CORE_PAD_DRAMDQ' of module 'PS8' is unconnected for instance 'PS8_i' [d:/MPSOC_YOLO/06_vivado/proj/yolo_zcu104.gen/sources_1/bd/system/ip/system_zynq_ps_0/hdl/zynq_ultra_ps_e_v3_5_3.v:3865]
WARNING: [Synth 8-7071] port 'PSS_ALTO_CORE_PAD_DRAMDQS' of module 'PS8' is unconnected for instance 'PS8_i' [d:/MPSOC_YOLO/06_vivado/proj/yolo_zcu104.gen/sources_1/bd/system/ip/system_zynq_ps_0/hdl/zynq_ultra_ps_e_v3_5_3.v:3865]
WARNING: [Synth 8-7071] port 'PSS_ALTO_CORE_PAD_DRAMDQSN' of module 'PS8' is unconnected for instance 'PS8_i' [d:/MPSOC_YOLO/06_vivado/proj/yolo_zcu104.gen/sources_1/bd/system/ip/system_zynq_ps_0/hdl/zynq_ultra_ps_e_v3_5_3.v:3865]
WARNING: [Synth 8-7071] port 'PSS_ALTO_CORE_PAD_DRAMODT' of module 'PS8' is unconnected for instance 'PS8_i' [d:/MPSOC_YOLO/06_vivado/proj/yolo_zcu104.gen/sources_1/bd/system/ip/system_zynq_ps_0/hdl/zynq_ultra_ps_e_v3_5_3.v:3865]
WARNING: [Synth 8-7071] port 'PSS_ALTO_CORE_PAD_DRAMPARITY' of module 'PS8' is unconnected for instance 'PS8_i' [d:/MPSOC_YOLO/06_vivado/proj/yolo_zcu104.gen/sources_1/bd/system/ip/system_zynq_ps_0/hdl/zynq_ultra_ps_e_v3_5_3.v:3865]
WARNING: [Synth 8-7071] port 'PSS_ALTO_CORE_PAD_DRAMRAMRSTN' of module 'PS8' is unconnected for instance 'PS8_i' [d:/MPSOC_YOLO/06_vivado/proj/yolo_zcu104.gen/sources_1/bd/system/ip/system_zynq_ps_0/hdl/zynq_ultra_ps_e_v3_5_3.v:3865]
WARNING: [Synth 8-7071] port 'PSS_ALTO_CORE_PAD_ERROROUT' of module 'PS8' is unconnected for instance 'PS8_i' [d:/MPSOC_YOLO/06_vivado/proj/yolo_zcu104.gen/sources_1/bd/system/ip/system_zynq_ps_0/hdl/zynq_ultra_ps_e_v3_5_3.v:3865]
WARNING: [Synth 8-7071] port 'PSS_ALTO_CORE_PAD_ERRORSTATUS' of module 'PS8' is unconnected for instance 'PS8_i' [d:/MPSOC_YOLO/06_vivado/proj/yolo_zcu104.gen/sources_1/bd/system/ip/system_zynq_ps_0/hdl/zynq_ultra_ps_e_v3_5_3.v:3865]
WARNING: [Synth 8-7071] port 'PSS_ALTO_CORE_PAD_INITB' of module 'PS8' is unconnected for instance 'PS8_i' [d:/MPSOC_YOLO/06_vivado/proj/yolo_zcu104.gen/sources_1/bd/system/ip/system_zynq_ps_0/hdl/zynq_ultra_ps_e_v3_5_3.v:3865]
WARNING: [Synth 8-7071] port 'PSS_ALTO_CORE_PAD_JTAGTCK' of module 'PS8' is unconnected for instance 'PS8_i' [d:/MPSOC_YOLO/06_vivado/proj/yolo_zcu104.gen/sources_1/bd/system/ip/system_zynq_ps_0/hdl/zynq_ultra_ps_e_v3_5_3.v:3865]
WARNING: [Synth 8-7071] port 'PSS_ALTO_CORE_PAD_JTAGTDI' of module 'PS8' is unconnected for instance 'PS8_i' [d:/MPSOC_YOLO/06_vivado/proj/yolo_zcu104.gen/sources_1/bd/system/ip/system_zynq_ps_0/hdl/zynq_ultra_ps_e_v3_5_3.v:3865]
WARNING: [Synth 8-7071] port 'PSS_ALTO_CORE_PAD_JTAGTDO' of module 'PS8' is unconnected for instance 'PS8_i' [d:/MPSOC_YOLO/06_vivado/proj/yolo_zcu104.gen/sources_1/bd/system/ip/system_zynq_ps_0/hdl/zynq_ultra_ps_e_v3_5_3.v:3865]
WARNING: [Synth 8-7071] port 'PSS_ALTO_CORE_PAD_JTAGTMS' of module 'PS8' is unconnected for instance 'PS8_i' [d:/MPSOC_YOLO/06_vivado/proj/yolo_zcu104.gen/sources_1/bd/system/ip/system_zynq_ps_0/hdl/zynq_ultra_ps_e_v3_5_3.v:3865]
WARNING: [Synth 8-7071] port 'PSS_ALTO_CORE_PAD_MIO' of module 'PS8' is unconnected for instance 'PS8_i' [d:/MPSOC_YOLO/06_vivado/proj/yolo_zcu104.gen/sources_1/bd/system/ip/system_zynq_ps_0/hdl/zynq_ultra_ps_e_v3_5_3.v:3865]
WARNING: [Synth 8-7071] port 'PSS_ALTO_CORE_PAD_PORB' of module 'PS8' is unconnected for instance 'PS8_i' [d:/MPSOC_YOLO/06_vivado/proj/yolo_zcu104.gen/sources_1/bd/system/ip/system_zynq_ps_0/hdl/zynq_ultra_ps_e_v3_5_3.v:3865]
WARNING: [Synth 8-7071] port 'PSS_ALTO_CORE_PAD_PROGB' of module 'PS8' is unconnected for instance 'PS8_i' [d:/MPSOC_YOLO/06_vivado/proj/yolo_zcu104.gen/sources_1/bd/system/ip/system_zynq_ps_0/hdl/zynq_ultra_ps_e_v3_5_3.v:3865]
WARNING: [Synth 8-7071] port 'PSS_ALTO_CORE_PAD_RCALIBINOUT' of module 'PS8' is unconnected for instance 'PS8_i' [d:/MPSOC_YOLO/06_vivado/proj/yolo_zcu104.gen/sources_1/bd/system/ip/system_zynq_ps_0/hdl/zynq_ultra_ps_e_v3_5_3.v:3865]
WARNING: [Synth 8-7071] port 'PSS_ALTO_CORE_PAD_SRSTB' of module 'PS8' is unconnected for instance 'PS8_i' [d:/MPSOC_YOLO/06_vivado/proj/yolo_zcu104.gen/sources_1/bd/system/ip/system_zynq_ps_0/hdl/zynq_ultra_ps_e_v3_5_3.v:3865]
WARNING: [Synth 8-7071] port 'PSS_ALTO_CORE_PAD_ZQ' of module 'PS8' is unconnected for instance 'PS8_i' [d:/MPSOC_YOLO/06_vivado/proj/yolo_zcu104.gen/sources_1/bd/system/ip/system_zynq_ps_0/hdl/zynq_ultra_ps_e_v3_5_3.v:3865]
WARNING: [Synth 8-7071] port 'PSS_ALTO_CORE_PAD_MGTRXN0IN' of module 'PS8' is unconnected for instance 'PS8_i' [d:/MPSOC_YOLO/06_vivado/proj/yolo_zcu104.gen/sources_1/bd/system/ip/system_zynq_ps_0/hdl/zynq_ultra_ps_e_v3_5_3.v:3865]
WARNING: [Synth 8-7071] port 'PSS_ALTO_CORE_PAD_MGTRXN1IN' of module 'PS8' is unconnected for instance 'PS8_i' [d:/MPSOC_YOLO/06_vivado/proj/yolo_zcu104.gen/sources_1/bd/system/ip/system_zynq_ps_0/hdl/zynq_ultra_ps_e_v3_5_3.v:3865]
WARNING: [Synth 8-7071] port 'PSS_ALTO_CORE_PAD_MGTRXN2IN' of module 'PS8' is unconnected for instance 'PS8_i' [d:/MPSOC_YOLO/06_vivado/proj/yolo_zcu104.gen/sources_1/bd/system/ip/system_zynq_ps_0/hdl/zynq_ultra_ps_e_v3_5_3.v:3865]
WARNING: [Synth 8-7071] port 'PSS_ALTO_CORE_PAD_MGTRXN3IN' of module 'PS8' is unconnected for instance 'PS8_i' [d:/MPSOC_YOLO/06_vivado/proj/yolo_zcu104.gen/sources_1/bd/system/ip/system_zynq_ps_0/hdl/zynq_ultra_ps_e_v3_5_3.v:3865]
WARNING: [Synth 8-7071] port 'PSS_ALTO_CORE_PAD_MGTRXP0IN' of module 'PS8' is unconnected for instance 'PS8_i' [d:/MPSOC_YOLO/06_vivado/proj/yolo_zcu104.gen/sources_1/bd/system/ip/system_zynq_ps_0/hdl/zynq_ultra_ps_e_v3_5_3.v:3865]
WARNING: [Synth 8-7071] port 'PSS_ALTO_CORE_PAD_MGTRXP1IN' of module 'PS8' is unconnected for instance 'PS8_i' [d:/MPSOC_YOLO/06_vivado/proj/yolo_zcu104.gen/sources_1/bd/system/ip/system_zynq_ps_0/hdl/zynq_ultra_ps_e_v3_5_3.v:3865]
WARNING: [Synth 8-7071] port 'PSS_ALTO_CORE_PAD_MGTRXP2IN' of module 'PS8' is unconnected for instance 'PS8_i' [d:/MPSOC_YOLO/06_vivado/proj/yolo_zcu104.gen/sources_1/bd/system/ip/system_zynq_ps_0/hdl/zynq_ultra_ps_e_v3_5_3.v:3865]
WARNING: [Synth 8-7071] port 'PSS_ALTO_CORE_PAD_MGTRXP3IN' of module 'PS8' is unconnected for instance 'PS8_i' [d:/MPSOC_YOLO/06_vivado/proj/yolo_zcu104.gen/sources_1/bd/system/ip/system_zynq_ps_0/hdl/zynq_ultra_ps_e_v3_5_3.v:3865]
WARNING: [Synth 8-7071] port 'PSS_ALTO_CORE_PAD_PADI' of module 'PS8' is unconnected for instance 'PS8_i' [d:/MPSOC_YOLO/06_vivado/proj/yolo_zcu104.gen/sources_1/bd/system/ip/system_zynq_ps_0/hdl/zynq_ultra_ps_e_v3_5_3.v:3865]
WARNING: [Synth 8-7071] port 'PSS_ALTO_CORE_PAD_REFN0IN' of module 'PS8' is unconnected for instance 'PS8_i' [d:/MPSOC_YOLO/06_vivado/proj/yolo_zcu104.gen/sources_1/bd/system/ip/system_zynq_ps_0/hdl/zynq_ultra_ps_e_v3_5_3.v:3865]
WARNING: [Synth 8-7071] port 'PSS_ALTO_CORE_PAD_REFN1IN' of module 'PS8' is unconnected for instance 'PS8_i' [d:/MPSOC_YOLO/06_vivado/proj/yolo_zcu104.gen/sources_1/bd/system/ip/system_zynq_ps_0/hdl/zynq_ultra_ps_e_v3_5_3.v:3865]
WARNING: [Synth 8-7071] port 'PSS_ALTO_CORE_PAD_REFN2IN' of module 'PS8' is unconnected for instance 'PS8_i' [d:/MPSOC_YOLO/06_vivado/proj/yolo_zcu104.gen/sources_1/bd/system/ip/system_zynq_ps_0/hdl/zynq_ultra_ps_e_v3_5_3.v:3865]
WARNING: [Synth 8-7071] port 'PSS_ALTO_CORE_PAD_REFN3IN' of module 'PS8' is unconnected for instance 'PS8_i' [d:/MPSOC_YOLO/06_vivado/proj/yolo_zcu104.gen/sources_1/bd/system/ip/system_zynq_ps_0/hdl/zynq_ultra_ps_e_v3_5_3.v:3865]
WARNING: [Synth 8-7071] port 'PSS_ALTO_CORE_PAD_REFP0IN' of module 'PS8' is unconnected for instance 'PS8_i' [d:/MPSOC_YOLO/06_vivado/proj/yolo_zcu104.gen/sources_1/bd/system/ip/system_zynq_ps_0/hdl/zynq_ultra_ps_e_v3_5_3.v:3865]
WARNING: [Synth 8-7071] port 'PSS_ALTO_CORE_PAD_REFP1IN' of module 'PS8' is unconnected for instance 'PS8_i' [d:/MPSOC_YOLO/06_vivado/proj/yolo_zcu104.gen/sources_1/bd/system/ip/system_zynq_ps_0/hdl/zynq_ultra_ps_e_v3_5_3.v:3865]
WARNING: [Synth 8-7071] port 'PSS_ALTO_CORE_PAD_REFP2IN' of module 'PS8' is unconnected for instance 'PS8_i' [d:/MPSOC_YOLO/06_vivado/proj/yolo_zcu104.gen/sources_1/bd/system/ip/system_zynq_ps_0/hdl/zynq_ultra_ps_e_v3_5_3.v:3865]
WARNING: [Synth 8-7071] port 'PSS_ALTO_CORE_PAD_REFP3IN' of module 'PS8' is unconnected for instance 'PS8_i' [d:/MPSOC_YOLO/06_vivado/proj/yolo_zcu104.gen/sources_1/bd/system/ip/system_zynq_ps_0/hdl/zynq_ultra_ps_e_v3_5_3.v:3865]
WARNING: [Synth 8-7023] instance 'PS8_i' of module 'PS8' has 1015 connections declared, but only 957 given [d:/MPSOC_YOLO/06_vivado/proj/yolo_zcu104.gen/sources_1/bd/system/ip/system_zynq_ps_0/hdl/zynq_ultra_ps_e_v3_5_3.v:3865]
INFO: [Synth 8-6155] done synthesizing module 'zynq_ultra_ps_e_v3_5_3_zynq_ultra_ps_e' (0#1) [d:/MPSOC_YOLO/06_vivado/proj/yolo_zcu104.gen/sources_1/bd/system/ip/system_zynq_ps_0/hdl/zynq_ultra_ps_e_v3_5_3.v:68]
WARNING: [Synth 8-7071] port 'emio_enet0_signal_detect' of module 'zynq_ultra_ps_e_v3_5_3_zynq_ultra_ps_e' is unconnected for instance 'inst' [d:/MPSOC_YOLO/06_vivado/proj/yolo_zcu104.gen/sources_1/bd/system/ip/system_zynq_ps_0/synth/system_zynq_ps_0.v:359]
WARNING: [Synth 8-7071] port 'emio_enet1_signal_detect' of module 'zynq_ultra_ps_e_v3_5_3_zynq_ultra_ps_e' is unconnected for instance 'inst' [d:/MPSOC_YOLO/06_vivado/proj/yolo_zcu104.gen/sources_1/bd/system/ip/system_zynq_ps_0/synth/system_zynq_ps_0.v:359]
WARNING: [Synth 8-7071] port 'emio_enet2_signal_detect' of module 'zynq_ultra_ps_e_v3_5_3_zynq_ultra_ps_e' is unconnected for instance 'inst' [d:/MPSOC_YOLO/06_vivado/proj/yolo_zcu104.gen/sources_1/bd/system/ip/system_zynq_ps_0/synth/system_zynq_ps_0.v:359]
WARNING: [Synth 8-7071] port 'emio_enet3_signal_detect' of module 'zynq_ultra_ps_e_v3_5_3_zynq_ultra_ps_e' is unconnected for instance 'inst' [d:/MPSOC_YOLO/06_vivado/proj/yolo_zcu104.gen/sources_1/bd/system/ip/system_zynq_ps_0/synth/system_zynq_ps_0.v:359]
WARNING: [Synth 8-7023] instance 'inst' of module 'zynq_ultra_ps_e_v3_5_3_zynq_ultra_ps_e' has 1491 connections declared, but only 1487 given [d:/MPSOC_YOLO/06_vivado/proj/yolo_zcu104.gen/sources_1/bd/system/ip/system_zynq_ps_0/synth/system_zynq_ps_0.v:359]
INFO: [Synth 8-6155] done synthesizing module 'system_zynq_ps_0' (0#1) [d:/MPSOC_YOLO/06_vivado/proj/yolo_zcu104.gen/sources_1/bd/system/ip/system_zynq_ps_0/synth/system_zynq_ps_0.v:53]
WARNING: [Synth 8-7071] port 'saxigp2_bid' of module 'system_zynq_ps_0' is unconnected for instance 'zynq_ps' [d:/MPSOC_YOLO/06_vivado/proj/yolo_zcu104.gen/sources_1/bd/system/synth/system.v:357]
WARNING: [Synth 8-7071] port 'saxigp2_rid' of module 'system_zynq_ps_0' is unconnected for instance 'zynq_ps' [d:/MPSOC_YOLO/06_vivado/proj/yolo_zcu104.gen/sources_1/bd/system/synth/system.v:357]
WARNING: [Synth 8-7023] instance 'zynq_ps' of module 'system_zynq_ps_0' has 83 connections declared, but only 81 given [d:/MPSOC_YOLO/06_vivado/proj/yolo_zcu104.gen/sources_1/bd/system/synth/system.v:357]
INFO: [Synth 8-6155] done synthesizing module 'system' (0#1) [d:/MPSOC_YOLO/06_vivado/proj/yolo_zcu104.gen/sources_1/bd/system/synth/system.v:13]
INFO: [Synth 8-6155] done synthesizing module 'system_wrapper' (0#1) [D:/MPSOC_YOLO/06_vivado/proj/yolo_zcu104.gen/sources_1/bd/system/hdl/system_wrapper.v:13]
WARNING: [Synth 8-3848] Net aresetn_out in module/entity clk_map_imp_1MM1RYS does not have driver. [d:/MPSOC_YOLO/06_vivado/proj/yolo_zcu104.gen/sources_1/bd/system/ip/system_sc_ctrl_0/bd_0/synth/bd_73a6.v:740]
WARNING: [Synth 8-3848] Net aresetn_out in module/entity clk_map_imp_9ADCLJ does not have driver. [d:/MPSOC_YOLO/06_vivado/proj/yolo_zcu104.gen/sources_1/bd/system/ip/system_sc_mem_0/bd_0/synth/bd_0182.v:820]
WARNING: [Synth 8-3936] Found unconnected internal register 'p_v_reg' and it is trimmed from '3' to '2' bits. [D:/MPSOC_YOLO/04_rtl/conv_engine.sv:161]
WARNING: [Synth 8-3936] Found unconnected internal register 'p_inb_reg' and it is trimmed from '3' to '2' bits. [D:/MPSOC_YOLO/04_rtl/conv_engine.sv:164]
WARNING: [Synth 8-3936] Found unconnected internal register 'p_last_reg' and it is trimmed from '3' to '2' bits. [D:/MPSOC_YOLO/04_rtl/conv_engine.sv:163]
WARNING: [Synth 8-3936] Found unconnected internal register 'p_first_reg' and it is trimmed from '3' to '2' bits. [D:/MPSOC_YOLO/04_rtl/conv_engine.sv:162]
WARNING: [Synth 8-6014] Unused sequential element dsc_reg[in_h] was removed.  [D:/MPSOC_YOLO/04_rtl/yolo_accel.sv:117]
WARNING: [Synth 8-3848] Net dp_audio_ref_clk in module/entity zynq_ultra_ps_e_v3_5_3_zynq_ultra_ps_e does not have driver. [d:/MPSOC_YOLO/06_vivado/proj/yolo_zcu104.gen/sources_1/bd/system/ip/system_zynq_ps_0/hdl/zynq_ultra_ps_e_v3_5_3.v:364]
WARNING: [Synth 8-3848] Net irq_ipi_pl_0 in module/entity zynq_ultra_ps_e_v3_5_3_zynq_ultra_ps_e does not have driver. [d:/MPSOC_YOLO/06_vivado/proj/yolo_zcu104.gen/sources_1/bd/system/ip/system_zynq_ps_0/hdl/zynq_ultra_ps_e_v3_5_3.v:1384]
WARNING: [Synth 8-3848] Net irq_ipi_pl_1 in module/entity zynq_ultra_ps_e_v3_5_3_zynq_ultra_ps_e does not have driver. [d:/MPSOC_YOLO/06_vivado/proj/yolo_zcu104.gen/sources_1/bd/system/ip/system_zynq_ps_0/hdl/zynq_ultra_ps_e_v3_5_3.v:1385]
WARNING: [Synth 8-3848] Net irq_ipi_pl_2 in module/entity zynq_ultra_ps_e_v3_5_3_zynq_ultra_ps_e does not have driver. [d:/MPSOC_YOLO/06_vivado/proj/yolo_zcu104.gen/sources_1/bd/system/ip/system_zynq_ps_0/hdl/zynq_ultra_ps_e_v3_5_3.v:1386]
WARNING: [Synth 8-3848] Net irq_ipi_pl_3 in module/entity zynq_ultra_ps_e_v3_5_3_zynq_ultra_ps_e does not have driver. [d:/MPSOC_YOLO/06_vivado/proj/yolo_zcu104.gen/sources_1/bd/system/ip/system_zynq_ps_0/hdl/zynq_ultra_ps_e_v3_5_3.v:1387]
WARNING: [Synth 8-7129] Port dp_audio_ref_clk in module zynq_ultra_ps_e_v3_5_3_zynq_ultra_ps_e is either unconnected or has no load
WARNING: [Synth 8-7129] Port irq_ipi_pl_0 in module zynq_ultra_ps_e_v3_5_3_zynq_ultra_ps_e is either unconnected or has no load
WARNING: [Synth 8-7129] Port irq_ipi_pl_1 in module zynq_ultra_ps_e_v3_5_3_zynq_ultra_ps_e is either unconnected or has no load
WARNING: [Synth 8-7129] Port irq_ipi_pl_2 in module zynq_ultra_ps_e_v3_5_3_zynq_ultra_ps_e is either unconnected or has no load
WARNING: [Synth 8-7129] Port irq_ipi_pl_3 in module zynq_ultra_ps_e_v3_5_3_zynq_ultra_ps_e is either unconnected or has no load
WARNING: [Synth 8-7129] Port saxihpc0_fpd_rclk in module zynq_ultra_ps_e_v3_5_3_zynq_ultra_ps_e is either unconnected or has no load
WARNING: [Synth 8-7129] Port saxihpc0_fpd_wclk in module zynq_ultra_ps_e_v3_5_3_zynq_ultra_ps_e is either unconnected or has no load
WARNING: [Synth 8-7129] Port saxihpc1_fpd_rclk in module zynq_ultra_ps_e_v3_5_3_zynq_ultra_ps_e is either unconnected or has no load
WARNING: [Synth 8-7129] Port saxihpc1_fpd_wclk in module zynq_ultra_ps_e_v3_5_3_zynq_ultra_ps_e is either unconnected or has no load
WARNING: [Synth 8-7129] Port saxihp0_fpd_rclk in module zynq_ultra_ps_e_v3_5_3_zynq_ultra_ps_e is either unconnected or has no load
WARNING: [Synth 8-7129] Port saxihp0_fpd_wclk in module zynq_ultra_ps_e_v3_5_3_zynq_ultra_ps_e is either unconnected or has no load
WARNING: [Synth 8-7129] Port saxihp1_fpd_rclk in module zynq_ultra_ps_e_v3_5_3_zynq_ultra_ps_e is either unconnected or has no load
WARNING: [Synth 8-7129] Port saxihp1_fpd_wclk in module zynq_ultra_ps_e_v3_5_3_zynq_ultra_ps_e is either unconnected or has no load
WARNING: [Synth 8-7129] Port saxihp2_fpd_rclk in module zynq_ultra_ps_e_v3_5_3_zynq_ultra_ps_e is either unconnected or has no load
WARNING: [Synth 8-7129] Port saxihp2_fpd_wclk in module zynq_ultra_ps_e_v3_5_3_zynq_ultra_ps_e is either unconnected or has no load
WARNING: [Synth 8-7129] Port saxihp3_fpd_rclk in module zynq_ultra_ps_e_v3_5_3_zynq_ultra_ps_e is either unconnected or has no load
WARNING: [Synth 8-7129] Port saxihp3_fpd_wclk in module zynq_ultra_ps_e_v3_5_3_zynq_ultra_ps_e is either unconnected or has no load
WARNING: [Synth 8-7129] Port saxi_lpd_rclk in module zynq_ultra_ps_e_v3_5_3_zynq_ultra_ps_e is either unconnected or has no load
WARNING: [Synth 8-7129] Port saxi_lpd_wclk in module zynq_ultra_ps_e_v3_5_3_zynq_ultra_ps_e is either unconnected or has no load
WARNING: [Synth 8-7129] Port sacefpd_awuser[15] in module zynq_ultra_ps_e_v3_5_3_zynq_ultra_ps_e is either unconnected or has no load
WARNING: [Synth 8-7129] Port sacefpd_awuser[14] in module zynq_ultra_ps_e_v3_5_3_zynq_ultra_ps_e is either unconnected or has no load
WARNING: [Synth 8-7129] Port sacefpd_awuser[13] in module zynq_ultra_ps_e_v3_5_3_zynq_ultra_ps_e is either unconnected or has no load
WARNING: [Synth 8-7129] Port sacefpd_awuser[12] in module zynq_ultra_ps_e_v3_5_3_zynq_ultra_ps_e is either unconnected or has no load
WARNING: [Synth 8-7129] Port sacefpd_awuser[11] in module zynq_ultra_ps_e_v3_5_3_zynq_ultra_ps_e is either unconnected or has no load
WARNING: [Synth 8-7129] Port sacefpd_awuser[10] in module zynq_ultra_ps_e_v3_5_3_zynq_ultra_ps_e is either unconnected or has no load
WARNING: [Synth 8-7129] Port sacefpd_awuser[9] in module zynq_ultra_ps_e_v3_5_3_zynq_ultra_ps_e is either unconnected or has no load
WARNING: [Synth 8-7129] Port sacefpd_awuser[8] in module zynq_ultra_ps_e_v3_5_3_zynq_ultra_ps_e is either unconnected or has no load
WARNING: [Synth 8-7129] Port sacefpd_awuser[7] in module zynq_ultra_ps_e_v3_5_3_zynq_ultra_ps_e is either unconnected or has no load
WARNING: [Synth 8-7129] Port sacefpd_awuser[6] in module zynq_ultra_ps_e_v3_5_3_zynq_ultra_ps_e is either unconnected or has no load
WARNING: [Synth 8-7129] Port sacefpd_aruser[15] in module zynq_ultra_ps_e_v3_5_3_zynq_ultra_ps_e is either unconnected or has no load
WARNING: [Synth 8-7129] Port sacefpd_aruser[14] in module zynq_ultra_ps_e_v3_5_3_zynq_ultra_ps_e is either unconnected or has no load
WARNING: [Synth 8-7129] Port sacefpd_aruser[13] in module zynq_ultra_ps_e_v3_5_3_zynq_ultra_ps_e is either unconnected or has no load
WARNING: [Synth 8-7129] Port sacefpd_aruser[12] in module zynq_ultra_ps_e_v3_5_3_zynq_ultra_ps_e is either unconnected or has no load
WARNING: [Synth 8-7129] Port sacefpd_aruser[11] in module zynq_ultra_ps_e_v3_5_3_zynq_ultra_ps_e is either unconnected or has no load
WARNING: [Synth 8-7129] Port sacefpd_aruser[10] in module zynq_ultra_ps_e_v3_5_3_zynq_ultra_ps_e is either unconnected or has no load
WARNING: [Synth 8-7129] Port sacefpd_aruser[9] in module zynq_ultra_ps_e_v3_5_3_zynq_ultra_ps_e is either unconnected or has no load
WARNING: [Synth 8-7129] Port sacefpd_aruser[8] in module zynq_ultra_ps_e_v3_5_3_zynq_ultra_ps_e is either unconnected or has no load
WARNING: [Synth 8-7129] Port sacefpd_aruser[7] in module zynq_ultra_ps_e_v3_5_3_zynq_ultra_ps_e is either unconnected or has no load
WARNING: [Synth 8-7129] Port sacefpd_aruser[6] in module zynq_ultra_ps_e_v3_5_3_zynq_ultra_ps_e is either unconnected or has no load
WARNING: [Synth 8-7129] Port test_adc_clk[3] in module zynq_ultra_ps_e_v3_5_3_zynq_ultra_ps_e is either unconnected or has no load
WARNING: [Synth 8-7129] Port test_adc_clk[2] in module zynq_ultra_ps_e_v3_5_3_zynq_ultra_ps_e is either unconnected or has no load
WARNING: [Synth 8-7129] Port test_adc_clk[1] in module zynq_ultra_ps_e_v3_5_3_zynq_ultra_ps_e is either unconnected or has no load
WARNING: [Synth 8-7129] Port test_adc_clk[0] in module zynq_ultra_ps_e_v3_5_3_zynq_ultra_ps_e is either unconnected or has no load
WARNING: [Synth 8-7129] Port test_adc_in[31] in module zynq_ultra_ps_e_v3_5_3_zynq_ultra_ps_e is either unconnected or has no load
WARNING: [Synth 8-7129] Port test_adc_in[30] in module zynq_ultra_ps_e_v3_5_3_zynq_ultra_ps_e is either unconnected or has no load
WARNING: [Synth 8-7129] Port test_adc_in[29] in module zynq_ultra_ps_e_v3_5_3_zynq_ultra_ps_e is either unconnected or has no load
WARNING: [Synth 8-7129] Port test_adc_in[28] in module zynq_ultra_ps_e_v3_5_3_zynq_ultra_ps_e is either unconnected or has no load
WARNING: [Synth 8-7129] Port test_adc_in[27] in module zynq_ultra_ps_e_v3_5_3_zynq_ultra_ps_e is either unconnected or has no load
WARNING: [Synth 8-7129] Port test_adc_in[26] in module zynq_ultra_ps_e_v3_5_3_zynq_ultra_ps_e is either unconnected or has no load
WARNING: [Synth 8-7129] Port test_adc_in[25] in module zynq_ultra_ps_e_v3_5_3_zynq_ultra_ps_e is either unconnected or has no load
WARNING: [Synth 8-7129] Port test_adc_in[24] in module zynq_ultra_ps_e_v3_5_3_zynq_ultra_ps_e is either unconnected or has no load
WARNING: [Synth 8-7129] Port test_adc_in[23] in module zynq_ultra_ps_e_v3_5_3_zynq_ultra_ps_e is either unconnected or has no load
WARNING: [Synth 8-7129] Port test_adc_in[22] in module zynq_ultra_ps_e_v3_5_3_zynq_ultra_ps_e is either unconnected or has no load
WARNING: [Synth 8-7129] Port test_adc_in[21] in module zynq_ultra_ps_e_v3_5_3_zynq_ultra_ps_e is either unconnected or has no load
WARNING: [Synth 8-7129] Port test_adc_in[20] in module zynq_ultra_ps_e_v3_5_3_zynq_ultra_ps_e is either unconnected or has no load
WARNING: [Synth 8-7129] Port test_adc_in[19] in module zynq_ultra_ps_e_v3_5_3_zynq_ultra_ps_e is either unconnected or has no load
WARNING: [Synth 8-7129] Port test_adc_in[18] in module zynq_ultra_ps_e_v3_5_3_zynq_ultra_ps_e is either unconnected or has no load
WARNING: [Synth 8-7129] Port test_adc_in[17] in module zynq_ultra_ps_e_v3_5_3_zynq_ultra_ps_e is either unconnected or has no load
WARNING: [Synth 8-7129] Port test_adc_in[16] in module zynq_ultra_ps_e_v3_5_3_zynq_ultra_ps_e is either unconnected or has no load
WARNING: [Synth 8-7129] Port test_adc_in[15] in module zynq_ultra_ps_e_v3_5_3_zynq_ultra_ps_e is either unconnected or has no load
WARNING: [Synth 8-7129] Port test_adc_in[14] in module zynq_ultra_ps_e_v3_5_3_zynq_ultra_ps_e is either unconnected or has no load
WARNING: [Synth 8-7129] Port test_adc_in[13] in module zynq_ultra_ps_e_v3_5_3_zynq_ultra_ps_e is either unconnected or has no load
WARNING: [Synth 8-7129] Port test_adc_in[12] in module zynq_ultra_ps_e_v3_5_3_zynq_ultra_ps_e is either unconnected or has no load
WARNING: [Synth 8-7129] Port test_adc_in[11] in module zynq_ultra_ps_e_v3_5_3_zynq_ultra_ps_e is either unconnected or has no load
WARNING: [Synth 8-7129] Port test_adc_in[10] in module zynq_ultra_ps_e_v3_5_3_zynq_ultra_ps_e is either unconnected or has no load
WARNING: [Synth 8-7129] Port test_adc_in[9] in module zynq_ultra_ps_e_v3_5_3_zynq_ultra_ps_e is either unconnected or has no load
WARNING: [Synth 8-7129] Port test_adc_in[8] in module zynq_ultra_ps_e_v3_5_3_zynq_ultra_ps_e is either unconnected or has no load
WARNING: [Synth 8-7129] Port test_adc_in[7] in module zynq_ultra_ps_e_v3_5_3_zynq_ultra_ps_e is either unconnected or has no load
WARNING: [Synth 8-7129] Port test_adc_in[6] in module zynq_ultra_ps_e_v3_5_3_zynq_ultra_ps_e is either unconnected or has no load
WARNING: [Synth 8-7129] Port test_adc_in[5] in module zynq_ultra_ps_e_v3_5_3_zynq_ultra_ps_e is either unconnected or has no load
WARNING: [Synth 8-7129] Port test_adc_in[4] in module zynq_ultra_ps_e_v3_5_3_zynq_ultra_ps_e is either unconnected or has no load
WARNING: [Synth 8-7129] Port test_adc_in[3] in module zynq_ultra_ps_e_v3_5_3_zynq_ultra_ps_e is either unconnected or has no load
WARNING: [Synth 8-7129] Port test_adc_in[2] in module zynq_ultra_ps_e_v3_5_3_zynq_ultra_ps_e is either unconnected or has no load
WARNING: [Synth 8-7129] Port test_adc_in[1] in module zynq_ultra_ps_e_v3_5_3_zynq_ultra_ps_e is either unconnected or has no load
WARNING: [Synth 8-7129] Port test_adc_in[0] in module zynq_ultra_ps_e_v3_5_3_zynq_ultra_ps_e is either unconnected or has no load
WARNING: [Synth 8-7129] Port test_adc2_in[31] in module zynq_ultra_ps_e_v3_5_3_zynq_ultra_ps_e is either unconnected or has no load
WARNING: [Synth 8-7129] Port test_adc2_in[30] in module zynq_ultra_ps_e_v3_5_3_zynq_ultra_ps_e is either unconnected or has no load
WARNING: [Synth 8-7129] Port test_adc2_in[29] in module zynq_ultra_ps_e_v3_5_3_zynq_ultra_ps_e is either unconnected or has no load
WARNING: [Synth 8-7129] Port test_adc2_in[28] in module zynq_ultra_ps_e_v3_5_3_zynq_ultra_ps_e is either unconnected or has no load
WARNING: [Synth 8-7129] Port test_adc2_in[27] in module zynq_ultra_ps_e_v3_5_3_zynq_ultra_ps_e is either unconnected or has no load
WARNING: [Synth 8-7129] Port test_adc2_in[26] in module zynq_ultra_ps_e_v3_5_3_zynq_ultra_ps_e is either unconnected or has no load
WARNING: [Synth 8-7129] Port test_adc2_in[25] in module zynq_ultra_ps_e_v3_5_3_zynq_ultra_ps_e is either unconnected or has no load
WARNING: [Synth 8-7129] Port test_adc2_in[24] in module zynq_ultra_ps_e_v3_5_3_zynq_ultra_ps_e is either unconnected or has no load
WARNING: [Synth 8-7129] Port test_adc2_in[23] in module zynq_ultra_ps_e_v3_5_3_zynq_ultra_ps_e is either unconnected or has no load
WARNING: [Synth 8-7129] Port test_adc2_in[22] in module zynq_ultra_ps_e_v3_5_3_zynq_ultra_ps_e is either unconnected or has no load
WARNING: [Synth 8-7129] Port test_adc2_in[21] in module zynq_ultra_ps_e_v3_5_3_zynq_ultra_ps_e is either unconnected or has no load
WARNING: [Synth 8-7129] Port test_adc2_in[20] in module zynq_ultra_ps_e_v3_5_3_zynq_ultra_ps_e is either unconnected or has no load
WARNING: [Synth 8-7129] Port test_adc2_in[19] in module zynq_ultra_ps_e_v3_5_3_zynq_ultra_ps_e is either unconnected or has no load
WARNING: [Synth 8-7129] Port test_adc2_in[18] in module zynq_ultra_ps_e_v3_5_3_zynq_ultra_ps_e is either unconnected or has no load
WARNING: [Synth 8-7129] Port test_adc2_in[17] in module zynq_ultra_ps_e_v3_5_3_zynq_ultra_ps_e is either unconnected or has no load
WARNING: [Synth 8-7129] Port test_adc2_in[16] in module zynq_ultra_ps_e_v3_5_3_zynq_ultra_ps_e is either unconnected or has no load
WARNING: [Synth 8-7129] Port test_adc2_in[15] in module zynq_ultra_ps_e_v3_5_3_zynq_ultra_ps_e is either unconnected or has no load
WARNING: [Synth 8-7129] Port test_adc2_in[14] in module zynq_ultra_ps_e_v3_5_3_zynq_ultra_ps_e is either unconnected or has no load
WARNING: [Synth 8-7129] Port test_adc2_in[13] in module zynq_ultra_ps_e_v3_5_3_zynq_ultra_ps_e is either unconnected or has no load
WARNING: [Synth 8-7129] Port test_adc2_in[12] in module zynq_ultra_ps_e_v3_5_3_zynq_ultra_ps_e is either unconnected or has no load
WARNING: [Synth 8-7129] Port test_adc2_in[11] in module zynq_ultra_ps_e_v3_5_3_zynq_ultra_ps_e is either unconnected or has no load
WARNING: [Synth 8-7129] Port test_adc2_in[10] in module zynq_ultra_ps_e_v3_5_3_zynq_ultra_ps_e is either unconnected or has no load
WARNING: [Synth 8-7129] Port test_adc2_in[9] in module zynq_ultra_ps_e_v3_5_3_zynq_ultra_ps_e is either unconnected or has no load
WARNING: [Synth 8-7129] Port test_adc2_in[8] in module zynq_ultra_ps_e_v3_5_3_zynq_ultra_ps_e is either unconnected or has no load
WARNING: [Synth 8-7129] Port test_adc2_in[7] in module zynq_ultra_ps_e_v3_5_3_zynq_ultra_ps_e is either unconnected or has no load
INFO: [Common 17-14] Message 'Synth 8-7129' appears 100 times and further instances of the messages will be disabled. Use the Tcl command set_msg_config to change the current settings.
---------------------------------------------------------------------------------
Finished RTL Elaboration : Time (s): cpu = 00:00:16 ; elapsed = 00:00:15 . Memory (MB): peak = 3921.953 ; gain = 784.230
---------------------------------------------------------------------------------
---------------------------------------------------------------------------------
Start Handling Custom Attributes
---------------------------------------------------------------------------------
---------------------------------------------------------------------------------
Finished Handling Custom Attributes : Time (s): cpu = 00:00:17 ; elapsed = 00:00:16 . Memory (MB): peak = 3938.812 ; gain = 801.090
---------------------------------------------------------------------------------
---------------------------------------------------------------------------------
Finished RTL Optimization Phase 1 : Time (s): cpu = 00:00:17 ; elapsed = 00:00:16 . Memory (MB): peak = 3938.812 ; gain = 801.090
---------------------------------------------------------------------------------
Netlist sorting complete. Time (s): cpu = 00:00:02 ; elapsed = 00:00:02 . Memory (MB): peak = 4042.961 ; gain = 0.000
INFO: [Netlist 29-17] Analyzing 39 Unisim elements for replacement
INFO: [Netlist 29-28] Unisim Transformation completed in 0 CPU seconds
INFO: [Project 1-570] Preparing netlist for logic optimization

Processing XDC Constraints
Initializing timing engine
Parsing XDC File [d:/MPSOC_YOLO/06_vivado/proj/yolo_zcu104.gen/sources_1/bd/system/ip/system_zynq_ps_0/system_zynq_ps_0.xdc] for cell 'system_i/zynq_ps/inst'
Finished Parsing XDC File [d:/MPSOC_YOLO/06_vivado/proj/yolo_zcu104.gen/sources_1/bd/system/ip/system_zynq_ps_0/system_zynq_ps_0.xdc] for cell 'system_i/zynq_ps/inst'
Parsing XDC File [d:/MPSOC_YOLO/06_vivado/proj/yolo_zcu104.gen/sources_1/bd/system/ip/system_rst_pl0_0/system_rst_pl0_0_board.xdc] for cell 'system_i/rst_pl0/U0'
Finished Parsing XDC File [d:/MPSOC_YOLO/06_vivado/proj/yolo_zcu104.gen/sources_1/bd/system/ip/system_rst_pl0_0/system_rst_pl0_0_board.xdc] for cell 'system_i/rst_pl0/U0'
Parsing XDC File [d:/MPSOC_YOLO/06_vivado/proj/yolo_zcu104.gen/sources_1/bd/system/ip/system_rst_pl0_0/system_rst_pl0_0.xdc] for cell 'system_i/rst_pl0/U0'
Finished Parsing XDC File [d:/MPSOC_YOLO/06_vivado/proj/yolo_zcu104.gen/sources_1/bd/system/ip/system_rst_pl0_0/system_rst_pl0_0.xdc] for cell 'system_i/rst_pl0/U0'
INFO: [Project 1-236] Implementation specific constraints were found while reading constraint file [d:/MPSOC_YOLO/06_vivado/proj/yolo_zcu104.gen/sources_1/bd/system/ip/system_rst_pl0_0/system_rst_pl0_0.xdc]. These constraints will be ignored for synthesis but will be used in implementation. Impacted constraints are listed in the file [.Xil/system_wrapper_propImpl.xdc].
Resolution: To avoid this warning, move constraints listed in [.Xil/system_wrapper_propImpl.xdc] to another XDC file and exclude this new file from synthesis with the used_in_synthesis property (File Properties dialog in GUI) and re-run elaboration/synthesis.
Parsing XDC File [d:/MPSOC_YOLO/06_vivado/proj/yolo_zcu104.gen/sources_1/bd/system/ip/system_sc_ctrl_0/bd_0/ip/ip_1/bd_73a6_psr_aclk_0_board.xdc] for cell 'system_i/sc_ctrl/inst/clk_map/psr_aclk/U0'
Finished Parsing XDC File [d:/MPSOC_YOLO/06_vivado/proj/yolo_zcu104.gen/sources_1/bd/system/ip/system_sc_ctrl_0/bd_0/ip/ip_1/bd_73a6_psr_aclk_0_board.xdc] for cell 'system_i/sc_ctrl/inst/clk_map/psr_aclk/U0'
Parsing XDC File [d:/MPSOC_YOLO/06_vivado/proj/yolo_zcu104.gen/sources_1/bd/system/ip/system_sc_ctrl_0/bd_0/ip/ip_1/bd_73a6_psr_aclk_0.xdc] for cell 'system_i/sc_ctrl/inst/clk_map/psr_aclk/U0'
Finished Parsing XDC File [d:/MPSOC_YOLO/06_vivado/proj/yolo_zcu104.gen/sources_1/bd/system/ip/system_sc_ctrl_0/bd_0/ip/ip_1/bd_73a6_psr_aclk_0.xdc] for cell 'system_i/sc_ctrl/inst/clk_map/psr_aclk/U0'
INFO: [Project 1-236] Implementation specific constraints were found while reading constraint file [d:/MPSOC_YOLO/06_vivado/proj/yolo_zcu104.gen/sources_1/bd/system/ip/system_sc_ctrl_0/bd_0/ip/ip_1/bd_73a6_psr_aclk_0.xdc]. These constraints will be ignored for synthesis but will be used in implementation. Impacted constraints are listed in the file [.Xil/system_wrapper_propImpl.xdc].
Resolution: To avoid this warning, move constraints listed in [.Xil/system_wrapper_propImpl.xdc] to another XDC file and exclude this new file from synthesis with the used_in_synthesis property (File Properties dialog in GUI) and re-run elaboration/synthesis.
Parsing XDC File [d:/MPSOC_YOLO/06_vivado/proj/yolo_zcu104.gen/sources_1/bd/system/ip/system_sc_ctrl_0/bd_0/ip/ip_6/bd_73a6_sarn_0_clocks.xdc] for cell 'system_i/sc_ctrl/inst/s00_nodes/s00_ar_node/inst'
Finished Parsing XDC File [d:/MPSOC_YOLO/06_vivado/proj/yolo_zcu104.gen/sources_1/bd/system/ip/system_sc_ctrl_0/bd_0/ip/ip_6/bd_73a6_sarn_0_clocks.xdc] for cell 'system_i/sc_ctrl/inst/s00_nodes/s00_ar_node/inst'
INFO: [Project 1-236] Implementation specific constraints were found while reading constraint file [d:/MPSOC_YOLO/06_vivado/proj/yolo_zcu104.gen/sources_1/bd/system/ip/system_sc_ctrl_0/bd_0/ip/ip_6/bd_73a6_sarn_0_clocks.xdc]. These constraints will be ignored for synthesis but will be used in implementation. Impacted constraints are listed in the file [.Xil/system_wrapper_propImpl.xdc].
Resolution: To avoid this warning, move constraints listed in [.Xil/system_wrapper_propImpl.xdc] to another XDC file and exclude this new file from synthesis with the used_in_synthesis property (File Properties dialog in GUI) and re-run elaboration/synthesis.
Parsing XDC File [d:/MPSOC_YOLO/06_vivado/proj/yolo_zcu104.gen/sources_1/bd/system/ip/system_sc_ctrl_0/bd_0/ip/ip_7/bd_73a6_srn_0_clocks.xdc] for cell 'system_i/sc_ctrl/inst/s00_nodes/s00_r_node/inst'
Finished Parsing XDC File [d:/MPSOC_YOLO/06_vivado/proj/yolo_zcu104.gen/sources_1/bd/system/ip/system_sc_ctrl_0/bd_0/ip/ip_7/bd_73a6_srn_0_clocks.xdc] for cell 'system_i/sc_ctrl/inst/s00_nodes/s00_r_node/inst'
INFO: [Project 1-236] Implementation specific constraints were found while reading constraint file [d:/MPSOC_YOLO/06_vivado/proj/yolo_zcu104.gen/sources_1/bd/system/ip/system_sc_ctrl_0/bd_0/ip/ip_7/bd_73a6_srn_0_clocks.xdc]. These constraints will be ignored for synthesis but will be used in implementation. Impacted constraints are listed in the file [.Xil/system_wrapper_propImpl.xdc].
Resolution: To avoid this warning, move constraints listed in [.Xil/system_wrapper_propImpl.xdc] to another XDC file and exclude this new file from synthesis with the used_in_synthesis property (File Properties dialog in GUI) and re-run elaboration/synthesis.
Parsing XDC File [d:/MPSOC_YOLO/06_vivado/proj/yolo_zcu104.gen/sources_1/bd/system/ip/system_sc_ctrl_0/bd_0/ip/ip_8/bd_73a6_sawn_0_clocks.xdc] for cell 'system_i/sc_ctrl/inst/s00_nodes/s00_aw_node/inst'
Finished Parsing XDC File [d:/MPSOC_YOLO/06_vivado/proj/yolo_zcu104.gen/sources_1/bd/system/ip/system_sc_ctrl_0/bd_0/ip/ip_8/bd_73a6_sawn_0_clocks.xdc] for cell 'system_i/sc_ctrl/inst/s00_nodes/s00_aw_node/inst'
INFO: [Project 1-236] Implementation specific constraints were found while reading constraint file [d:/MPSOC_YOLO/06_vivado/proj/yolo_zcu104.gen/sources_1/bd/system/ip/system_sc_ctrl_0/bd_0/ip/ip_8/bd_73a6_sawn_0_clocks.xdc]. These constraints will be ignored for synthesis but will be used in implementation. Impacted constraints are listed in the file [.Xil/system_wrapper_propImpl.xdc].
Resolution: To avoid this warning, move constraints listed in [.Xil/system_wrapper_propImpl.xdc] to another XDC file and exclude this new file from synthesis with the used_in_synthesis property (File Properties dialog in GUI) and re-run elaboration/synthesis.
Parsing XDC File [d:/MPSOC_YOLO/06_vivado/proj/yolo_zcu104.gen/sources_1/bd/system/ip/system_sc_ctrl_0/bd_0/ip/ip_9/bd_73a6_swn_0_clocks.xdc] for cell 'system_i/sc_ctrl/inst/s00_nodes/s00_w_node/inst'
Finished Parsing XDC File [d:/MPSOC_YOLO/06_vivado/proj/yolo_zcu104.gen/sources_1/bd/system/ip/system_sc_ctrl_0/bd_0/ip/ip_9/bd_73a6_swn_0_clocks.xdc] for cell 'system_i/sc_ctrl/inst/s00_nodes/s00_w_node/inst'
INFO: [Project 1-236] Implementation specific constraints were found while reading constraint file [d:/MPSOC_YOLO/06_vivado/proj/yolo_zcu104.gen/sources_1/bd/system/ip/system_sc_ctrl_0/bd_0/ip/ip_9/bd_73a6_swn_0_clocks.xdc]. These constraints will be ignored for synthesis but will be used in implementation. Impacted constraints are listed in the file [.Xil/system_wrapper_propImpl.xdc].
Resolution: To avoid this warning, move constraints listed in [.Xil/system_wrapper_propImpl.xdc] to another XDC file and exclude this new file from synthesis with the used_in_synthesis property (File Properties dialog in GUI) and re-run elaboration/synthesis.
Parsing XDC File [d:/MPSOC_YOLO/06_vivado/proj/yolo_zcu104.gen/sources_1/bd/system/ip/system_sc_ctrl_0/bd_0/ip/ip_10/bd_73a6_sbn_0_clocks.xdc] for cell 'system_i/sc_ctrl/inst/s00_nodes/s00_b_node/inst'
Finished Parsing XDC File [d:/MPSOC_YOLO/06_vivado/proj/yolo_zcu104.gen/sources_1/bd/system/ip/system_sc_ctrl_0/bd_0/ip/ip_10/bd_73a6_sbn_0_clocks.xdc] for cell 'system_i/sc_ctrl/inst/s00_nodes/s00_b_node/inst'
INFO: [Project 1-236] Implementation specific constraints were found while reading constraint file [d:/MPSOC_YOLO/06_vivado/proj/yolo_zcu104.gen/sources_1/bd/system/ip/system_sc_ctrl_0/bd_0/ip/ip_10/bd_73a6_sbn_0_clocks.xdc]. These constraints will be ignored for synthesis but will be used in implementation. Impacted constraints are listed in the file [.Xil/system_wrapper_propImpl.xdc].
Resolution: To avoid this warning, move constraints listed in [.Xil/system_wrapper_propImpl.xdc] to another XDC file and exclude this new file from synthesis with the used_in_synthesis property (File Properties dialog in GUI) and re-run elaboration/synthesis.
Parsing XDC File [d:/MPSOC_YOLO/06_vivado/proj/yolo_zcu104.gen/sources_1/bd/system/ip/system_sc_ctrl_0/smartconnect.xdc] for cell 'system_i/sc_ctrl/inst'
Finished Parsing XDC File [d:/MPSOC_YOLO/06_vivado/proj/yolo_zcu104.gen/sources_1/bd/system/ip/system_sc_ctrl_0/smartconnect.xdc] for cell 'system_i/sc_ctrl/inst'
INFO: [Project 1-236] Implementation specific constraints were found while reading constraint file [d:/MPSOC_YOLO/06_vivado/proj/yolo_zcu104.gen/sources_1/bd/system/ip/system_sc_ctrl_0/smartconnect.xdc]. These constraints will be ignored for synthesis but will be used in implementation. Impacted constraints are listed in the file [.Xil/system_wrapper_propImpl.xdc].
Resolution: To avoid this warning, move constraints listed in [.Xil/system_wrapper_propImpl.xdc] to another XDC file and exclude this new file from synthesis with the used_in_synthesis property (File Properties dialog in GUI) and re-run elaboration/synthesis.
Parsing XDC File [d:/MPSOC_YOLO/06_vivado/proj/yolo_zcu104.gen/sources_1/bd/system/ip/system_sc_mem_0/bd_0/ip/ip_1/bd_0182_psr_aclk_0_board.xdc] for cell 'system_i/sc_mem/inst/clk_map/psr_aclk/U0'
Finished Parsing XDC File [d:/MPSOC_YOLO/06_vivado/proj/yolo_zcu104.gen/sources_1/bd/system/ip/system_sc_mem_0/bd_0/ip/ip_1/bd_0182_psr_aclk_0_board.xdc] for cell 'system_i/sc_mem/inst/clk_map/psr_aclk/U0'
Parsing XDC File [d:/MPSOC_YOLO/06_vivado/proj/yolo_zcu104.gen/sources_1/bd/system/ip/system_sc_mem_0/bd_0/ip/ip_1/bd_0182_psr_aclk_0.xdc] for cell 'system_i/sc_mem/inst/clk_map/psr_aclk/U0'
Finished Parsing XDC File [d:/MPSOC_YOLO/06_vivado/proj/yolo_zcu104.gen/sources_1/bd/system/ip/system_sc_mem_0/bd_0/ip/ip_1/bd_0182_psr_aclk_0.xdc] for cell 'system_i/sc_mem/inst/clk_map/psr_aclk/U0'
INFO: [Project 1-236] Implementation specific constraints were found while reading constraint file [d:/MPSOC_YOLO/06_vivado/proj/yolo_zcu104.gen/sources_1/bd/system/ip/system_sc_mem_0/bd_0/ip/ip_1/bd_0182_psr_aclk_0.xdc]. These constraints will be ignored for synthesis but will be used in implementation. Impacted constraints are listed in the file [.Xil/system_wrapper_propImpl.xdc].
Resolution: To avoid this warning, move constraints listed in [.Xil/system_wrapper_propImpl.xdc] to another XDC file and exclude this new file from synthesis with the used_in_synthesis property (File Properties dialog in GUI) and re-run elaboration/synthesis.
Parsing XDC File [d:/MPSOC_YOLO/06_vivado/proj/yolo_zcu104.gen/sources_1/bd/system/ip/system_sc_mem_0/bd_0/ip/ip_6/bd_0182_sarn_0_clocks.xdc] for cell 'system_i/sc_mem/inst/s00_nodes/s00_ar_node/inst'
Finished Parsing XDC File [d:/MPSOC_YOLO/06_vivado/proj/yolo_zcu104.gen/sources_1/bd/system/ip/system_sc_mem_0/bd_0/ip/ip_6/bd_0182_sarn_0_clocks.xdc] for cell 'system_i/sc_mem/inst/s00_nodes/s00_ar_node/inst'
INFO: [Project 1-236] Implementation specific constraints were found while reading constraint file [d:/MPSOC_YOLO/06_vivado/proj/yolo_zcu104.gen/sources_1/bd/system/ip/system_sc_mem_0/bd_0/ip/ip_6/bd_0182_sarn_0_clocks.xdc]. These constraints will be ignored for synthesis but will be used in implementation. Impacted constraints are listed in the file [.Xil/system_wrapper_propImpl.xdc].
Resolution: To avoid this warning, move constraints listed in [.Xil/system_wrapper_propImpl.xdc] to another XDC file and exclude this new file from synthesis with the used_in_synthesis property (File Properties dialog in GUI) and re-run elaboration/synthesis.
Parsing XDC File [d:/MPSOC_YOLO/06_vivado/proj/yolo_zcu104.gen/sources_1/bd/system/ip/system_sc_mem_0/bd_0/ip/ip_7/bd_0182_srn_0_clocks.xdc] for cell 'system_i/sc_mem/inst/s00_nodes/s00_r_node/inst'
Finished Parsing XDC File [d:/MPSOC_YOLO/06_vivado/proj/yolo_zcu104.gen/sources_1/bd/system/ip/system_sc_mem_0/bd_0/ip/ip_7/bd_0182_srn_0_clocks.xdc] for cell 'system_i/sc_mem/inst/s00_nodes/s00_r_node/inst'
INFO: [Project 1-236] Implementation specific constraints were found while reading constraint file [d:/MPSOC_YOLO/06_vivado/proj/yolo_zcu104.gen/sources_1/bd/system/ip/system_sc_mem_0/bd_0/ip/ip_7/bd_0182_srn_0_clocks.xdc]. These constraints will be ignored for synthesis but will be used in implementation. Impacted constraints are listed in the file [.Xil/system_wrapper_propImpl.xdc].
Resolution: To avoid this warning, move constraints listed in [.Xil/system_wrapper_propImpl.xdc] to another XDC file and exclude this new file from synthesis with the used_in_synthesis property (File Properties dialog in GUI) and re-run elaboration/synthesis.
Parsing XDC File [d:/MPSOC_YOLO/06_vivado/proj/yolo_zcu104.gen/sources_1/bd/system/ip/system_sc_mem_0/bd_0/ip/ip_8/bd_0182_sawn_0_clocks.xdc] for cell 'system_i/sc_mem/inst/s00_nodes/s00_aw_node/inst'
Finished Parsing XDC File [d:/MPSOC_YOLO/06_vivado/proj/yolo_zcu104.gen/sources_1/bd/system/ip/system_sc_mem_0/bd_0/ip/ip_8/bd_0182_sawn_0_clocks.xdc] for cell 'system_i/sc_mem/inst/s00_nodes/s00_aw_node/inst'
INFO: [Project 1-236] Implementation specific constraints were found while reading constraint file [d:/MPSOC_YOLO/06_vivado/proj/yolo_zcu104.gen/sources_1/bd/system/ip/system_sc_mem_0/bd_0/ip/ip_8/bd_0182_sawn_0_clocks.xdc]. These constraints will be ignored for synthesis but will be used in implementation. Impacted constraints are listed in the file [.Xil/system_wrapper_propImpl.xdc].
Resolution: To avoid this warning, move constraints listed in [.Xil/system_wrapper_propImpl.xdc] to another XDC file and exclude this new file from synthesis with the used_in_synthesis property (File Properties dialog in GUI) and re-run elaboration/synthesis.
Parsing XDC File [d:/MPSOC_YOLO/06_vivado/proj/yolo_zcu104.gen/sources_1/bd/system/ip/system_sc_mem_0/bd_0/ip/ip_9/bd_0182_swn_0_clocks.xdc] for cell 'system_i/sc_mem/inst/s00_nodes/s00_w_node/inst'
Finished Parsing XDC File [d:/MPSOC_YOLO/06_vivado/proj/yolo_zcu104.gen/sources_1/bd/system/ip/system_sc_mem_0/bd_0/ip/ip_9/bd_0182_swn_0_clocks.xdc] for cell 'system_i/sc_mem/inst/s00_nodes/s00_w_node/inst'
INFO: [Project 1-236] Implementation specific constraints were found while reading constraint file [d:/MPSOC_YOLO/06_vivado/proj/yolo_zcu104.gen/sources_1/bd/system/ip/system_sc_mem_0/bd_0/ip/ip_9/bd_0182_swn_0_clocks.xdc]. These constraints will be ignored for synthesis but will be used in implementation. Impacted constraints are listed in the file [.Xil/system_wrapper_propImpl.xdc].
Resolution: To avoid this warning, move constraints listed in [.Xil/system_wrapper_propImpl.xdc] to another XDC file and exclude this new file from synthesis with the used_in_synthesis property (File Properties dialog in GUI) and re-run elaboration/synthesis.
Parsing XDC File [d:/MPSOC_YOLO/06_vivado/proj/yolo_zcu104.gen/sources_1/bd/system/ip/system_sc_mem_0/bd_0/ip/ip_10/bd_0182_sbn_0_clocks.xdc] for cell 'system_i/sc_mem/inst/s00_nodes/s00_b_node/inst'
Finished Parsing XDC File [d:/MPSOC_YOLO/06_vivado/proj/yolo_zcu104.gen/sources_1/bd/system/ip/system_sc_mem_0/bd_0/ip/ip_10/bd_0182_sbn_0_clocks.xdc] for cell 'system_i/sc_mem/inst/s00_nodes/s00_b_node/inst'
INFO: [Project 1-236] Implementation specific constraints were found while reading constraint file [d:/MPSOC_YOLO/06_vivado/proj/yolo_zcu104.gen/sources_1/bd/system/ip/system_sc_mem_0/bd_0/ip/ip_10/bd_0182_sbn_0_clocks.xdc]. These constraints will be ignored for synthesis but will be used in implementation. Impacted constraints are listed in the file [.Xil/system_wrapper_propImpl.xdc].
Resolution: To avoid this warning, move constraints listed in [.Xil/system_wrapper_propImpl.xdc] to another XDC file and exclude this new file from synthesis with the used_in_synthesis property (File Properties dialog in GUI) and re-run elaboration/synthesis.
Parsing XDC File [d:/MPSOC_YOLO/06_vivado/proj/yolo_zcu104.gen/sources_1/bd/system/ip/system_sc_mem_0/smartconnect.xdc] for cell 'system_i/sc_mem/inst'
Finished Parsing XDC File [d:/MPSOC_YOLO/06_vivado/proj/yolo_zcu104.gen/sources_1/bd/system/ip/system_sc_mem_0/smartconnect.xdc] for cell 'system_i/sc_mem/inst'
INFO: [Project 1-236] Implementation specific constraints were found while reading constraint file [d:/MPSOC_YOLO/06_vivado/proj/yolo_zcu104.gen/sources_1/bd/system/ip/system_sc_mem_0/smartconnect.xdc]. These constraints will be ignored for synthesis but will be used in implementation. Impacted constraints are listed in the file [.Xil/system_wrapper_propImpl.xdc].
Resolution: To avoid this warning, move constraints listed in [.Xil/system_wrapper_propImpl.xdc] to another XDC file and exclude this new file from synthesis with the used_in_synthesis property (File Properties dialog in GUI) and re-run elaboration/synthesis.
INFO: [Project 1-236] Implementation specific constraints were found while reading constraint file [C:/Xilinx/Vivado/2024.1/data/ip/xpm/xpm_memory/tcl/xpm_memory_xdc.tcl]. These constraints will be ignored for synthesis but will be used in implementation. Impacted constraints are listed in the file [.Xil/system_wrapper_propImpl.xdc].
Resolution: To avoid this warning, move constraints listed in [.Xil/system_wrapper_propImpl.xdc] to another XDC file and exclude this new file from synthesis with the used_in_synthesis property (File Properties dialog in GUI) and re-run elaboration/synthesis.
INFO: [Project 1-1714] 33 XPM XDC files have been applied to the design.
Completed Processing XDC Constraints

Netlist sorting complete. Time (s): cpu = 00:00:00 ; elapsed = 00:00:00.019 . Memory (MB): peak = 4540.887 ; gain = 0.000
INFO: [Project 1-111] Unisim Transformation Summary:
  A total of 39 instances were transformed.
  FDR => FDRE: 36 instances
  SRL16 => SRL16E: 3 instances

RTL Elaboration Complete:  : Time (s): cpu = 00:00:46 ; elapsed = 00:00:40 . Memory (MB): peak = 5106.355 ; gain = 1968.633
204 Infos, 202 Warnings, 0 Critical Warnings and 0 Errors encountered.
synth_design completed successfully
synth_design: Time (s): cpu = 00:00:53 ; elapsed = 00:01:06 . Memory (MB): peak = 5106.355 ; gain = 2006.871
open_run synth_1 -name synth_1
Design is defaulting to impl run constrset: constrs_1
Design is defaulting to synth run part: xczu7ev-ffvc1156-2-e
Netlist sorting complete. Time (s): cpu = 00:00:01 ; elapsed = 00:00:00.898 . Memory (MB): peak = 5443.621 ; gain = 0.000
INFO: [Netlist 29-17] Analyzing 6399 Unisim elements for replacement
INFO: [Netlist 29-28] Unisim Transformation completed in 1 CPU seconds
INFO: [Project 1-479] Netlist was created with Vivado 2024.1
INFO: [Project 1-570] Preparing netlist for logic optimization
Parsing XDC File [d:/MPSOC_YOLO/06_vivado/proj/yolo_zcu104.gen/sources_1/bd/system/ip/system_zynq_ps_0/system_zynq_ps_0.xdc] for cell 'system_i/zynq_ps/inst'
Finished Parsing XDC File [d:/MPSOC_YOLO/06_vivado/proj/yolo_zcu104.gen/sources_1/bd/system/ip/system_zynq_ps_0/system_zynq_ps_0.xdc] for cell 'system_i/zynq_ps/inst'
Parsing XDC File [d:/MPSOC_YOLO/06_vivado/proj/yolo_zcu104.gen/sources_1/bd/system/ip/system_rst_pl0_0/system_rst_pl0_0_board.xdc] for cell 'system_i/rst_pl0/U0'
Finished Parsing XDC File [d:/MPSOC_YOLO/06_vivado/proj/yolo_zcu104.gen/sources_1/bd/system/ip/system_rst_pl0_0/system_rst_pl0_0_board.xdc] for cell 'system_i/rst_pl0/U0'
Parsing XDC File [d:/MPSOC_YOLO/06_vivado/proj/yolo_zcu104.gen/sources_1/bd/system/ip/system_rst_pl0_0/system_rst_pl0_0.xdc] for cell 'system_i/rst_pl0/U0'
WARNING: [Vivado_Tcl 4-921] Waiver ID 'CDC-11' -to list should not be empty. [d:/MPSOC_YOLO/06_vivado/proj/yolo_zcu104.gen/sources_1/bd/system/ip/system_rst_pl0_0/system_rst_pl0_0.xdc:50]
Finished Parsing XDC File [d:/MPSOC_YOLO/06_vivado/proj/yolo_zcu104.gen/sources_1/bd/system/ip/system_rst_pl0_0/system_rst_pl0_0.xdc] for cell 'system_i/rst_pl0/U0'
Parsing XDC File [d:/MPSOC_YOLO/06_vivado/proj/yolo_zcu104.gen/sources_1/bd/system/ip/system_sc_ctrl_0/bd_0/ip/ip_1/bd_73a6_psr_aclk_0_board.xdc] for cell 'system_i/sc_ctrl/inst/clk_map/psr_aclk/U0'
Finished Parsing XDC File [d:/MPSOC_YOLO/06_vivado/proj/yolo_zcu104.gen/sources_1/bd/system/ip/system_sc_ctrl_0/bd_0/ip/ip_1/bd_73a6_psr_aclk_0_board.xdc] for cell 'system_i/sc_ctrl/inst/clk_map/psr_aclk/U0'
Parsing XDC File [d:/MPSOC_YOLO/06_vivado/proj/yolo_zcu104.gen/sources_1/bd/system/ip/system_sc_ctrl_0/bd_0/ip/ip_1/bd_73a6_psr_aclk_0.xdc] for cell 'system_i/sc_ctrl/inst/clk_map/psr_aclk/U0'
Finished Parsing XDC File [d:/MPSOC_YOLO/06_vivado/proj/yolo_zcu104.gen/sources_1/bd/system/ip/system_sc_ctrl_0/bd_0/ip/ip_1/bd_73a6_psr_aclk_0.xdc] for cell 'system_i/sc_ctrl/inst/clk_map/psr_aclk/U0'
Parsing XDC File [d:/MPSOC_YOLO/06_vivado/proj/yolo_zcu104.gen/sources_1/bd/system/ip/system_sc_ctrl_0/bd_0/ip/ip_6/bd_73a6_sarn_0_clocks.xdc] for cell 'system_i/sc_ctrl/inst/s00_nodes/s00_ar_node/inst'
WARNING: [Vivado_Tcl 4-921] Waiver ID 'CDC-1' -to list should not be empty. [d:/MPSOC_YOLO/06_vivado/proj/yolo_zcu104.gen/sources_1/bd/system/ip/system_sc_ctrl_0/bd_0/ip/ip_6/bd_73a6_sarn_0_clocks.xdc:49]
WARNING: [Vivado_Tcl 4-921] Waiver ID 'CDC-1' -to list should not be empty. [d:/MPSOC_YOLO/06_vivado/proj/yolo_zcu104.gen/sources_1/bd/system/ip/system_sc_ctrl_0/bd_0/ip/ip_6/bd_73a6_sarn_0_clocks.xdc:52]
WARNING: [Vivado_Tcl 4-921] Waiver ID 'CDC-1' -to list should not be empty. [d:/MPSOC_YOLO/06_vivado/proj/yolo_zcu104.gen/sources_1/bd/system/ip/system_sc_ctrl_0/bd_0/ip/ip_6/bd_73a6_sarn_0_clocks.xdc:55]
WARNING: [Vivado_Tcl 4-921] Waiver ID 'CDC-1' -to list should not be empty. [d:/MPSOC_YOLO/06_vivado/proj/yolo_zcu104.gen/sources_1/bd/system/ip/system_sc_ctrl_0/bd_0/ip/ip_6/bd_73a6_sarn_0_clocks.xdc:59]
WARNING: [Vivado_Tcl 4-921] Waiver ID 'CDC-1' -to list should not be empty. [d:/MPSOC_YOLO/06_vivado/proj/yolo_zcu104.gen/sources_1/bd/system/ip/system_sc_ctrl_0/bd_0/ip/ip_6/bd_73a6_sarn_0_clocks.xdc:66]
WARNING: [Vivado_Tcl 4-921] Waiver ID 'CDC-1' -to list should not be empty. [d:/MPSOC_YOLO/06_vivado/proj/yolo_zcu104.gen/sources_1/bd/system/ip/system_sc_ctrl_0/bd_0/ip/ip_6/bd_73a6_sarn_0_clocks.xdc:70]
WARNING: [Vivado_Tcl 4-921] Waiver ID 'CDC-1' -to list should not be empty. [d:/MPSOC_YOLO/06_vivado/proj/yolo_zcu104.gen/sources_1/bd/system/ip/system_sc_ctrl_0/bd_0/ip/ip_6/bd_73a6_sarn_0_clocks.xdc:82]
WARNING: [Vivado_Tcl 4-921] Waiver ID 'CDC-4' -to list should not be empty. [d:/MPSOC_YOLO/06_vivado/proj/yolo_zcu104.gen/sources_1/bd/system/ip/system_sc_ctrl_0/bd_0/ip/ip_6/bd_73a6_sarn_0_clocks.xdc:85]
WARNING: [Vivado_Tcl 4-921] Waiver ID 'CDC-4' -to list should not be empty. [d:/MPSOC_YOLO/06_vivado/proj/yolo_zcu104.gen/sources_1/bd/system/ip/system_sc_ctrl_0/bd_0/ip/ip_6/bd_73a6_sarn_0_clocks.xdc:88]
WARNING: [Vivado_Tcl 4-921] Waiver ID 'CDC-2' -to list should not be empty. [d:/MPSOC_YOLO/06_vivado/proj/yolo_zcu104.gen/sources_1/bd/system/ip/system_sc_ctrl_0/bd_0/ip/ip_6/bd_73a6_sarn_0_clocks.xdc:91]
WARNING: [Vivado_Tcl 4-921] Waiver ID 'CDC-2' -to list should not be empty. [d:/MPSOC_YOLO/06_vivado/proj/yolo_zcu104.gen/sources_1/bd/system/ip/system_sc_ctrl_0/bd_0/ip/ip_6/bd_73a6_sarn_0_clocks.xdc:94]
WARNING: [Vivado_Tcl 4-921] Waiver ID 'CDC-2' -to list should not be empty. [d:/MPSOC_YOLO/06_vivado/proj/yolo_zcu104.gen/sources_1/bd/system/ip/system_sc_ctrl_0/bd_0/ip/ip_6/bd_73a6_sarn_0_clocks.xdc:97]
WARNING: [Vivado_Tcl 4-921] Waiver ID 'CDC-2' -to list should not be empty. [d:/MPSOC_YOLO/06_vivado/proj/yolo_zcu104.gen/sources_1/bd/system/ip/system_sc_ctrl_0/bd_0/ip/ip_6/bd_73a6_sarn_0_clocks.xdc:100]
WARNING: [Vivado_Tcl 4-921] Waiver ID 'CDC-1' -to list should not be empty. [d:/MPSOC_YOLO/06_vivado/proj/yolo_zcu104.gen/sources_1/bd/system/ip/system_sc_ctrl_0/bd_0/ip/ip_6/bd_73a6_sarn_0_clocks.xdc:104]
WARNING: [Vivado_Tcl 4-921] Waiver ID 'CDC-10' -to list should not be empty. [d:/MPSOC_YOLO/06_vivado/proj/yolo_zcu104.gen/sources_1/bd/system/ip/system_sc_ctrl_0/bd_0/ip/ip_6/bd_73a6_sarn_0_clocks.xdc:107]
WARNING: [Vivado_Tcl 4-921] Waiver ID 'CDC-10' -to list should not be empty. [d:/MPSOC_YOLO/06_vivado/proj/yolo_zcu104.gen/sources_1/bd/system/ip/system_sc_ctrl_0/bd_0/ip/ip_6/bd_73a6_sarn_0_clocks.xdc:110]
WARNING: [Vivado_Tcl 4-921] Waiver ID 'CDC-1' -to list should not be empty. [d:/MPSOC_YOLO/06_vivado/proj/yolo_zcu104.gen/sources_1/bd/system/ip/system_sc_ctrl_0/bd_0/ip/ip_6/bd_73a6_sarn_0_clocks.xdc:113]
WARNING: [Vivado_Tcl 4-921] Waiver ID 'CDC-1' -to list should not be empty. [d:/MPSOC_YOLO/06_vivado/proj/yolo_zcu104.gen/sources_1/bd/system/ip/system_sc_ctrl_0/bd_0/ip/ip_6/bd_73a6_sarn_0_clocks.xdc:116]
WARNING: [Vivado_Tcl 4-921] Waiver ID 'CDC-13' -to list should not be empty. [d:/MPSOC_YOLO/06_vivado/proj/yolo_zcu104.gen/sources_1/bd/system/ip/system_sc_ctrl_0/bd_0/ip/ip_6/bd_73a6_sarn_0_clocks.xdc:122]
WARNING: [Vivado_Tcl 4-921] Waiver ID 'CDC-1' -to list should not be empty. [d:/MPSOC_YOLO/06_vivado/proj/yolo_zcu104.gen/sources_1/bd/system/ip/system_sc_ctrl_0/bd_0/ip/ip_6/bd_73a6_sarn_0_clocks.xdc:125]
WARNING: [Vivado_Tcl 4-921] Waiver ID 'CDC-1' -to list should not be empty. [d:/MPSOC_YOLO/06_vivado/proj/yolo_zcu104.gen/sources_1/bd/system/ip/system_sc_ctrl_0/bd_0/ip/ip_6/bd_73a6_sarn_0_clocks.xdc:128]
WARNING: [Vivado_Tcl 4-921] Waiver ID 'CDC-13' -to list should not be empty. [d:/MPSOC_YOLO/06_vivado/proj/yolo_zcu104.gen/sources_1/bd/system/ip/system_sc_ctrl_0/bd_0/ip/ip_6/bd_73a6_sarn_0_clocks.xdc:131]
WARNING: [Vivado_Tcl 4-921] Waiver ID 'CDC-1' -to list should not be empty. [d:/MPSOC_YOLO/06_vivado/proj/yolo_zcu104.gen/sources_1/bd/system/ip/system_sc_ctrl_0/bd_0/ip/ip_6/bd_73a6_sarn_0_clocks.xdc:134]
WARNING: [Vivado_Tcl 4-921] Waiver ID 'CDC-10' -to list should not be empty. [d:/MPSOC_YOLO/06_vivado/proj/yolo_zcu104.gen/sources_1/bd/system/ip/system_sc_ctrl_0/bd_0/ip/ip_6/bd_73a6_sarn_0_clocks.xdc:137]
WARNING: [Vivado_Tcl 4-921] Waiver ID 'CDC-1' -to list should not be empty. [d:/MPSOC_YOLO/06_vivado/proj/yolo_zcu104.gen/sources_1/bd/system/ip/system_sc_ctrl_0/bd_0/ip/ip_6/bd_73a6_sarn_0_clocks.xdc:140]
WARNING: [Vivado_Tcl 4-921] Waiver ID 'CDC-1' -to list should not be empty. [d:/MPSOC_YOLO/06_vivado/proj/yolo_zcu104.gen/sources_1/bd/system/ip/system_sc_ctrl_0/bd_0/ip/ip_6/bd_73a6_sarn_0_clocks.xdc:143]
WARNING: [Vivado_Tcl 4-921] Waiver ID 'CDC-1' -to list should not be empty. [d:/MPSOC_YOLO/06_vivado/proj/yolo_zcu104.gen/sources_1/bd/system/ip/system_sc_ctrl_0/bd_0/ip/ip_6/bd_73a6_sarn_0_clocks.xdc:146]
WARNING: [Vivado_Tcl 4-921] Waiver ID 'CDC-2' -to list should not be empty. [d:/MPSOC_YOLO/06_vivado/proj/yolo_zcu104.gen/sources_1/bd/system/ip/system_sc_ctrl_0/bd_0/ip/ip_6/bd_73a6_sarn_0_clocks.xdc:149]
WARNING: [Vivado_Tcl 4-921] Waiver ID 'CDC-1' -to list should not be empty. [d:/MPSOC_YOLO/06_vivado/proj/yolo_zcu104.gen/sources_1/bd/system/ip/system_sc_ctrl_0/bd_0/ip/ip_6/bd_73a6_sarn_0_clocks.xdc:152]
WARNING: [Vivado_Tcl 4-921] Waiver ID 'CDC-1' -to list should not be empty. [d:/MPSOC_YOLO/06_vivado/proj/yolo_zcu104.gen/sources_1/bd/system/ip/system_sc_ctrl_0/bd_0/ip/ip_6/bd_73a6_sarn_0_clocks.xdc:155]
WARNING: [Vivado_Tcl 4-921] Waiver ID 'CDC-1' -to list should not be empty. [d:/MPSOC_YOLO/06_vivado/proj/yolo_zcu104.gen/sources_1/bd/system/ip/system_sc_ctrl_0/bd_0/ip/ip_6/bd_73a6_sarn_0_clocks.xdc:158]
WARNING: [Vivado_Tcl 4-921] Waiver ID 'CDC-10' -to list should not be empty. [d:/MPSOC_YOLO/06_vivado/proj/yolo_zcu104.gen/sources_1/bd/system/ip/system_sc_ctrl_0/bd_0/ip/ip_6/bd_73a6_sarn_0_clocks.xdc:161]
WARNING: [Vivado_Tcl 4-921] Waiver ID 'CDC-4' -to list should not be empty. [d:/MPSOC_YOLO/06_vivado/proj/yolo_zcu104.gen/sources_1/bd/system/ip/system_sc_ctrl_0/bd_0/ip/ip_6/bd_73a6_sarn_0_clocks.xdc:164]
WARNING: [Vivado_Tcl 4-921] Waiver ID 'CDC-4' -to list should not be empty. [d:/MPSOC_YOLO/06_vivado/proj/yolo_zcu104.gen/sources_1/bd/system/ip/system_sc_ctrl_0/bd_0/ip/ip_6/bd_73a6_sarn_0_clocks.xdc:167]
WARNING: [Vivado_Tcl 4-921] Waiver ID 'CDC-4' -to list should not be empty. [d:/MPSOC_YOLO/06_vivado/proj/yolo_zcu104.gen/sources_1/bd/system/ip/system_sc_ctrl_0/bd_0/ip/ip_6/bd_73a6_sarn_0_clocks.xdc:171]
WARNING: [Vivado_Tcl 4-921] Waiver ID 'CDC-4' -to list should not be empty. [d:/MPSOC_YOLO/06_vivado/proj/yolo_zcu104.gen/sources_1/bd/system/ip/system_sc_ctrl_0/bd_0/ip/ip_6/bd_73a6_sarn_0_clocks.xdc:174]
WARNING: [Vivado_Tcl 4-921] Waiver ID 'CDC-1' -to list should not be empty. [d:/MPSOC_YOLO/06_vivado/proj/yolo_zcu104.gen/sources_1/bd/system/ip/system_sc_ctrl_0/bd_0/ip/ip_6/bd_73a6_sarn_0_clocks.xdc:178]
WARNING: [Vivado_Tcl 4-935] Waiver ID 'CDC-1' is a duplicate and will not be added again. [d:/MPSOC_YOLO/06_vivado/proj/yolo_zcu104.gen/sources_1/bd/system/ip/system_sc_ctrl_0/bd_0/ip/ip_6/bd_73a6_sarn_0_clocks.xdc:181]
WARNING: [Vivado_Tcl 4-921] Waiver ID 'CDC-13' -to list should not be empty. [d:/MPSOC_YOLO/06_vivado/proj/yolo_zcu104.gen/sources_1/bd/system/ip/system_sc_ctrl_0/bd_0/ip/ip_6/bd_73a6_sarn_0_clocks.xdc:184]
Finished Parsing XDC File [d:/MPSOC_YOLO/06_vivado/proj/yolo_zcu104.gen/sources_1/bd/system/ip/system_sc_ctrl_0/bd_0/ip/ip_6/bd_73a6_sarn_0_clocks.xdc] for cell 'system_i/sc_ctrl/inst/s00_nodes/s00_ar_node/inst'
Parsing XDC File [d:/MPSOC_YOLO/06_vivado/proj/yolo_zcu104.gen/sources_1/bd/system/ip/system_sc_ctrl_0/bd_0/ip/ip_7/bd_73a6_srn_0_clocks.xdc] for cell 'system_i/sc_ctrl/inst/s00_nodes/s00_r_node/inst'
WARNING: [Vivado_Tcl 4-921] Waiver ID 'CDC-1' -to list should not be empty. [d:/MPSOC_YOLO/06_vivado/proj/yolo_zcu104.gen/sources_1/bd/system/ip/system_sc_ctrl_0/bd_0/ip/ip_7/bd_73a6_srn_0_clocks.xdc:49]
WARNING: [Vivado_Tcl 4-921] Waiver ID 'CDC-1' -to list should not be empty. [d:/MPSOC_YOLO/06_vivado/proj/yolo_zcu104.gen/sources_1/bd/system/ip/system_sc_ctrl_0/bd_0/ip/ip_7/bd_73a6_srn_0_clocks.xdc:52]
WARNING: [Vivado_Tcl 4-921] Waiver ID 'CDC-1' -to list should not be empty. [d:/MPSOC_YOLO/06_vivado/proj/yolo_zcu104.gen/sources_1/bd/system/ip/system_sc_ctrl_0/bd_0/ip/ip_7/bd_73a6_srn_0_clocks.xdc:55]
WARNING: [Vivado_Tcl 4-921] Waiver ID 'CDC-1' -to list should not be empty. [d:/MPSOC_YOLO/06_vivado/proj/yolo_zcu104.gen/sources_1/bd/system/ip/system_sc_ctrl_0/bd_0/ip/ip_7/bd_73a6_srn_0_clocks.xdc:59]
WARNING: [Vivado_Tcl 4-921] Waiver ID 'CDC-1' -to list should not be empty. [d:/MPSOC_YOLO/06_vivado/proj/yolo_zcu104.gen/sources_1/bd/system/ip/system_sc_ctrl_0/bd_0/ip/ip_7/bd_73a6_srn_0_clocks.xdc:66]
WARNING: [Vivado_Tcl 4-921] Waiver ID 'CDC-1' -to list should not be empty. [d:/MPSOC_YOLO/06_vivado/proj/yolo_zcu104.gen/sources_1/bd/system/ip/system_sc_ctrl_0/bd_0/ip/ip_7/bd_73a6_srn_0_clocks.xdc:70]
WARNING: [Vivado_Tcl 4-921] Waiver ID 'CDC-1' -to list should not be empty. [d:/MPSOC_YOLO/06_vivado/proj/yolo_zcu104.gen/sources_1/bd/system/ip/system_sc_ctrl_0/bd_0/ip/ip_7/bd_73a6_srn_0_clocks.xdc:82]
WARNING: [Vivado_Tcl 4-921] Waiver ID 'CDC-4' -to list should not be empty. [d:/MPSOC_YOLO/06_vivado/proj/yolo_zcu104.gen/sources_1/bd/system/ip/system_sc_ctrl_0/bd_0/ip/ip_7/bd_73a6_srn_0_clocks.xdc:85]
WARNING: [Vivado_Tcl 4-921] Waiver ID 'CDC-4' -to list should not be empty. [d:/MPSOC_YOLO/06_vivado/proj/yolo_zcu104.gen/sources_1/bd/system/ip/system_sc_ctrl_0/bd_0/ip/ip_7/bd_73a6_srn_0_clocks.xdc:88]
WARNING: [Vivado_Tcl 4-921] Waiver ID 'CDC-2' -to list should not be empty. [d:/MPSOC_YOLO/06_vivado/proj/yolo_zcu104.gen/sources_1/bd/system/ip/system_sc_ctrl_0/bd_0/ip/ip_7/bd_73a6_srn_0_clocks.xdc:91]
WARNING: [Vivado_Tcl 4-921] Waiver ID 'CDC-2' -to list should not be empty. [d:/MPSOC_YOLO/06_vivado/proj/yolo_zcu104.gen/sources_1/bd/system/ip/system_sc_ctrl_0/bd_0/ip/ip_7/bd_73a6_srn_0_clocks.xdc:94]
WARNING: [Vivado_Tcl 4-921] Waiver ID 'CDC-2' -to list should not be empty. [d:/MPSOC_YOLO/06_vivado/proj/yolo_zcu104.gen/sources_1/bd/system/ip/system_sc_ctrl_0/bd_0/ip/ip_7/bd_73a6_srn_0_clocks.xdc:97]
WARNING: [Vivado_Tcl 4-921] Waiver ID 'CDC-2' -to list should not be empty. [d:/MPSOC_YOLO/06_vivado/proj/yolo_zcu104.gen/sources_1/bd/system/ip/system_sc_ctrl_0/bd_0/ip/ip_7/bd_73a6_srn_0_clocks.xdc:100]
WARNING: [Vivado_Tcl 4-921] Waiver ID 'CDC-1' -to list should not be empty. [d:/MPSOC_YOLO/06_vivado/proj/yolo_zcu104.gen/sources_1/bd/system/ip/system_sc_ctrl_0/bd_0/ip/ip_7/bd_73a6_srn_0_clocks.xdc:104]
WARNING: [Vivado_Tcl 4-921] Waiver ID 'CDC-10' -to list should not be empty. [d:/MPSOC_YOLO/06_vivado/proj/yolo_zcu104.gen/sources_1/bd/system/ip/system_sc_ctrl_0/bd_0/ip/ip_7/bd_73a6_srn_0_clocks.xdc:107]
WARNING: [Vivado_Tcl 4-921] Waiver ID 'CDC-10' -to list should not be empty. [d:/MPSOC_YOLO/06_vivado/proj/yolo_zcu104.gen/sources_1/bd/system/ip/system_sc_ctrl_0/bd_0/ip/ip_7/bd_73a6_srn_0_clocks.xdc:110]
WARNING: [Vivado_Tcl 4-921] Waiver ID 'CDC-1' -to list should not be empty. [d:/MPSOC_YOLO/06_vivado/proj/yolo_zcu104.gen/sources_1/bd/system/ip/system_sc_ctrl_0/bd_0/ip/ip_7/bd_73a6_srn_0_clocks.xdc:113]
WARNING: [Vivado_Tcl 4-921] Waiver ID 'CDC-1' -to list should not be empty. [d:/MPSOC_YOLO/06_vivado/proj/yolo_zcu104.gen/sources_1/bd/system/ip/system_sc_ctrl_0/bd_0/ip/ip_7/bd_73a6_srn_0_clocks.xdc:116]
WARNING: [Vivado_Tcl 4-921] Waiver ID 'CDC-13' -to list should not be empty. [d:/MPSOC_YOLO/06_vivado/proj/yolo_zcu104.gen/sources_1/bd/system/ip/system_sc_ctrl_0/bd_0/ip/ip_7/bd_73a6_srn_0_clocks.xdc:122]
WARNING: [Vivado_Tcl 4-921] Waiver ID 'CDC-1' -to list should not be empty. [d:/MPSOC_YOLO/06_vivado/proj/yolo_zcu104.gen/sources_1/bd/system/ip/system_sc_ctrl_0/bd_0/ip/ip_7/bd_73a6_srn_0_clocks.xdc:125]
WARNING: [Vivado_Tcl 4-921] Waiver ID 'CDC-1' -to list should not be empty. [d:/MPSOC_YOLO/06_vivado/proj/yolo_zcu104.gen/sources_1/bd/system/ip/system_sc_ctrl_0/bd_0/ip/ip_7/bd_73a6_srn_0_clocks.xdc:128]
WARNING: [Vivado_Tcl 4-921] Waiver ID 'CDC-13' -to list should not be empty. [d:/MPSOC_YOLO/06_vivado/proj/yolo_zcu104.gen/sources_1/bd/system/ip/system_sc_ctrl_0/bd_0/ip/ip_7/bd_73a6_srn_0_clocks.xdc:131]
WARNING: [Vivado_Tcl 4-921] Waiver ID 'CDC-1' -to list should not be empty. [d:/MPSOC_YOLO/06_vivado/proj/yolo_zcu104.gen/sources_1/bd/system/ip/system_sc_ctrl_0/bd_0/ip/ip_7/bd_73a6_srn_0_clocks.xdc:134]
WARNING: [Vivado_Tcl 4-921] Waiver ID 'CDC-10' -to list should not be empty. [d:/MPSOC_YOLO/06_vivado/proj/yolo_zcu104.gen/sources_1/bd/system/ip/system_sc_ctrl_0/bd_0/ip/ip_7/bd_73a6_srn_0_clocks.xdc:137]
WARNING: [Vivado_Tcl 4-921] Waiver ID 'CDC-1' -to list should not be empty. [d:/MPSOC_YOLO/06_vivado/proj/yolo_zcu104.gen/sources_1/bd/system/ip/system_sc_ctrl_0/bd_0/ip/ip_7/bd_73a6_srn_0_clocks.xdc:140]
WARNING: [Vivado_Tcl 4-921] Waiver ID 'CDC-1' -to list should not be empty. [d:/MPSOC_YOLO/06_vivado/proj/yolo_zcu104.gen/sources_1/bd/system/ip/system_sc_ctrl_0/bd_0/ip/ip_7/bd_73a6_srn_0_clocks.xdc:143]
WARNING: [Vivado_Tcl 4-921] Waiver ID 'CDC-1' -to list should not be empty. [d:/MPSOC_YOLO/06_vivado/proj/yolo_zcu104.gen/sources_1/bd/system/ip/system_sc_ctrl_0/bd_0/ip/ip_7/bd_73a6_srn_0_clocks.xdc:146]
WARNING: [Vivado_Tcl 4-921] Waiver ID 'CDC-2' -to list should not be empty. [d:/MPSOC_YOLO/06_vivado/proj/yolo_zcu104.gen/sources_1/bd/system/ip/system_sc_ctrl_0/bd_0/ip/ip_7/bd_73a6_srn_0_clocks.xdc:149]
WARNING: [Vivado_Tcl 4-921] Waiver ID 'CDC-1' -to list should not be empty. [d:/MPSOC_YOLO/06_vivado/proj/yolo_zcu104.gen/sources_1/bd/system/ip/system_sc_ctrl_0/bd_0/ip/ip_7/bd_73a6_srn_0_clocks.xdc:152]
WARNING: [Vivado_Tcl 4-921] Waiver ID 'CDC-1' -to list should not be empty. [d:/MPSOC_YOLO/06_vivado/proj/yolo_zcu104.gen/sources_1/bd/system/ip/system_sc_ctrl_0/bd_0/ip/ip_7/bd_73a6_srn_0_clocks.xdc:155]
WARNING: [Vivado_Tcl 4-921] Waiver ID 'CDC-1' -to list should not be empty. [d:/MPSOC_YOLO/06_vivado/proj/yolo_zcu104.gen/sources_1/bd/system/ip/system_sc_ctrl_0/bd_0/ip/ip_7/bd_73a6_srn_0_clocks.xdc:158]
WARNING: [Vivado_Tcl 4-921] Waiver ID 'CDC-10' -to list should not be empty. [d:/MPSOC_YOLO/06_vivado/proj/yolo_zcu104.gen/sources_1/bd/system/ip/system_sc_ctrl_0/bd_0/ip/ip_7/bd_73a6_srn_0_clocks.xdc:161]
WARNING: [Vivado_Tcl 4-921] Waiver ID 'CDC-4' -to list should not be empty. [d:/MPSOC_YOLO/06_vivado/proj/yolo_zcu104.gen/sources_1/bd/system/ip/system_sc_ctrl_0/bd_0/ip/ip_7/bd_73a6_srn_0_clocks.xdc:164]
WARNING: [Vivado_Tcl 4-921] Waiver ID 'CDC-4' -to list should not be empty. [d:/MPSOC_YOLO/06_vivado/proj/yolo_zcu104.gen/sources_1/bd/system/ip/system_sc_ctrl_0/bd_0/ip/ip_7/bd_73a6_srn_0_clocks.xdc:167]
WARNING: [Vivado_Tcl 4-921] Waiver ID 'CDC-4' -to list should not be empty. [d:/MPSOC_YOLO/06_vivado/proj/yolo_zcu104.gen/sources_1/bd/system/ip/system_sc_ctrl_0/bd_0/ip/ip_7/bd_73a6_srn_0_clocks.xdc:171]
WARNING: [Vivado_Tcl 4-921] Waiver ID 'CDC-4' -to list should not be empty. [d:/MPSOC_YOLO/06_vivado/proj/yolo_zcu104.gen/sources_1/bd/system/ip/system_sc_ctrl_0/bd_0/ip/ip_7/bd_73a6_srn_0_clocks.xdc:174]
WARNING: [Vivado_Tcl 4-921] Waiver ID 'CDC-1' -to list should not be empty. [d:/MPSOC_YOLO/06_vivado/proj/yolo_zcu104.gen/sources_1/bd/system/ip/system_sc_ctrl_0/bd_0/ip/ip_7/bd_73a6_srn_0_clocks.xdc:178]
WARNING: [Vivado_Tcl 4-935] Waiver ID 'CDC-1' is a duplicate and will not be added again. [d:/MPSOC_YOLO/06_vivado/proj/yolo_zcu104.gen/sources_1/bd/system/ip/system_sc_ctrl_0/bd_0/ip/ip_7/bd_73a6_srn_0_clocks.xdc:181]
WARNING: [Vivado_Tcl 4-921] Waiver ID 'CDC-13' -to list should not be empty. [d:/MPSOC_YOLO/06_vivado/proj/yolo_zcu104.gen/sources_1/bd/system/ip/system_sc_ctrl_0/bd_0/ip/ip_7/bd_73a6_srn_0_clocks.xdc:184]
Finished Parsing XDC File [d:/MPSOC_YOLO/06_vivado/proj/yolo_zcu104.gen/sources_1/bd/system/ip/system_sc_ctrl_0/bd_0/ip/ip_7/bd_73a6_srn_0_clocks.xdc] for cell 'system_i/sc_ctrl/inst/s00_nodes/s00_r_node/inst'
Parsing XDC File [d:/MPSOC_YOLO/06_vivado/proj/yolo_zcu104.gen/sources_1/bd/system/ip/system_sc_ctrl_0/bd_0/ip/ip_8/bd_73a6_sawn_0_clocks.xdc] for cell 'system_i/sc_ctrl/inst/s00_nodes/s00_aw_node/inst'
WARNING: [Vivado_Tcl 4-921] Waiver ID 'CDC-1' -to list should not be empty. [d:/MPSOC_YOLO/06_vivado/proj/yolo_zcu104.gen/sources_1/bd/system/ip/system_sc_ctrl_0/bd_0/ip/ip_8/bd_73a6_sawn_0_clocks.xdc:49]
WARNING: [Vivado_Tcl 4-921] Waiver ID 'CDC-1' -to list should not be empty. [d:/MPSOC_YOLO/06_vivado/proj/yolo_zcu104.gen/sources_1/bd/system/ip/system_sc_ctrl_0/bd_0/ip/ip_8/bd_73a6_sawn_0_clocks.xdc:52]
WARNING: [Vivado_Tcl 4-921] Waiver ID 'CDC-1' -to list should not be empty. [d:/MPSOC_YOLO/06_vivado/proj/yolo_zcu104.gen/sources_1/bd/system/ip/system_sc_ctrl_0/bd_0/ip/ip_8/bd_73a6_sawn_0_clocks.xdc:55]
WARNING: [Vivado_Tcl 4-921] Waiver ID 'CDC-1' -to list should not be empty. [d:/MPSOC_YOLO/06_vivado/proj/yolo_zcu104.gen/sources_1/bd/system/ip/system_sc_ctrl_0/bd_0/ip/ip_8/bd_73a6_sawn_0_clocks.xdc:59]
WARNING: [Vivado_Tcl 4-921] Waiver ID 'CDC-1' -to list should not be empty. [d:/MPSOC_YOLO/06_vivado/proj/yolo_zcu104.gen/sources_1/bd/system/ip/system_sc_ctrl_0/bd_0/ip/ip_8/bd_73a6_sawn_0_clocks.xdc:66]
WARNING: [Vivado_Tcl 4-921] Waiver ID 'CDC-1' -to list should not be empty. [d:/MPSOC_YOLO/06_vivado/proj/yolo_zcu104.gen/sources_1/bd/system/ip/system_sc_ctrl_0/bd_0/ip/ip_8/bd_73a6_sawn_0_clocks.xdc:70]
WARNING: [Vivado_Tcl 4-921] Waiver ID 'CDC-1' -to list should not be empty. [d:/MPSOC_YOLO/06_vivado/proj/yolo_zcu104.gen/sources_1/bd/system/ip/system_sc_ctrl_0/bd_0/ip/ip_8/bd_73a6_sawn_0_clocks.xdc:82]
WARNING: [Vivado_Tcl 4-921] Waiver ID 'CDC-4' -to list should not be empty. [d:/MPSOC_YOLO/06_vivado/proj/yolo_zcu104.gen/sources_1/bd/system/ip/system_sc_ctrl_0/bd_0/ip/ip_8/bd_73a6_sawn_0_clocks.xdc:85]
WARNING: [Vivado_Tcl 4-921] Waiver ID 'CDC-4' -to list should not be empty. [d:/MPSOC_YOLO/06_vivado/proj/yolo_zcu104.gen/sources_1/bd/system/ip/system_sc_ctrl_0/bd_0/ip/ip_8/bd_73a6_sawn_0_clocks.xdc:88]
WARNING: [Vivado_Tcl 4-921] Waiver ID 'CDC-2' -to list should not be empty. [d:/MPSOC_YOLO/06_vivado/proj/yolo_zcu104.gen/sources_1/bd/system/ip/system_sc_ctrl_0/bd_0/ip/ip_8/bd_73a6_sawn_0_clocks.xdc:91]
WARNING: [Vivado_Tcl 4-921] Waiver ID 'CDC-2' -to list should not be empty. [d:/MPSOC_YOLO/06_vivado/proj/yolo_zcu104.gen/sources_1/bd/system/ip/system_sc_ctrl_0/bd_0/ip/ip_8/bd_73a6_sawn_0_clocks.xdc:94]
WARNING: [Vivado_Tcl 4-921] Waiver ID 'CDC-2' -to list should not be empty. [d:/MPSOC_YOLO/06_vivado/proj/yolo_zcu104.gen/sources_1/bd/system/ip/system_sc_ctrl_0/bd_0/ip/ip_8/bd_73a6_sawn_0_clocks.xdc:97]
WARNING: [Vivado_Tcl 4-921] Waiver ID 'CDC-2' -to list should not be empty. [d:/MPSOC_YOLO/06_vivado/proj/yolo_zcu104.gen/sources_1/bd/system/ip/system_sc_ctrl_0/bd_0/ip/ip_8/bd_73a6_sawn_0_clocks.xdc:100]
WARNING: [Vivado_Tcl 4-921] Waiver ID 'CDC-1' -to list should not be empty. [d:/MPSOC_YOLO/06_vivado/proj/yolo_zcu104.gen/sources_1/bd/system/ip/system_sc_ctrl_0/bd_0/ip/ip_8/bd_73a6_sawn_0_clocks.xdc:104]
WARNING: [Vivado_Tcl 4-921] Waiver ID 'CDC-10' -to list should not be empty. [d:/MPSOC_YOLO/06_vivado/proj/yolo_zcu104.gen/sources_1/bd/system/ip/system_sc_ctrl_0/bd_0/ip/ip_8/bd_73a6_sawn_0_clocks.xdc:107]
WARNING: [Vivado_Tcl 4-921] Waiver ID 'CDC-10' -to list should not be empty. [d:/MPSOC_YOLO/06_vivado/proj/yolo_zcu104.gen/sources_1/bd/system/ip/system_sc_ctrl_0/bd_0/ip/ip_8/bd_73a6_sawn_0_clocks.xdc:110]
INFO: [Common 17-14] Message 'Vivado 12-180' appears 100 times and further instances of the messages will be disabled. Use the Tcl command set_msg_config to change the current settings. [d:/MPSOC_YOLO/06_vivado/proj/yolo_zcu104.gen/sources_1/bd/system/ip/system_sc_ctrl_0/bd_0/ip/ip_8/bd_73a6_sawn_0_clocks.xdc:113]
WARNING: [Vivado_Tcl 4-921] Waiver ID 'CDC-1' -to list should not be empty. [d:/MPSOC_YOLO/06_vivado/proj/yolo_zcu104.gen/sources_1/bd/system/ip/system_sc_ctrl_0/bd_0/ip/ip_8/bd_73a6_sawn_0_clocks.xdc:113]
WARNING: [Vivado_Tcl 4-921] Waiver ID 'CDC-1' -to list should not be empty. [d:/MPSOC_YOLO/06_vivado/proj/yolo_zcu104.gen/sources_1/bd/system/ip/system_sc_ctrl_0/bd_0/ip/ip_8/bd_73a6_sawn_0_clocks.xdc:116]
WARNING: [Vivado_Tcl 4-921] Waiver ID 'CDC-13' -to list should not be empty. [d:/MPSOC_YOLO/06_vivado/proj/yolo_zcu104.gen/sources_1/bd/system/ip/system_sc_ctrl_0/bd_0/ip/ip_8/bd_73a6_sawn_0_clocks.xdc:122]
WARNING: [Vivado_Tcl 4-921] Waiver ID 'CDC-1' -to list should not be empty. [d:/MPSOC_YOLO/06_vivado/proj/yolo_zcu104.gen/sources_1/bd/system/ip/system_sc_ctrl_0/bd_0/ip/ip_8/bd_73a6_sawn_0_clocks.xdc:125]
WARNING: [Vivado_Tcl 4-921] Waiver ID 'CDC-1' -to list should not be empty. [d:/MPSOC_YOLO/06_vivado/proj/yolo_zcu104.gen/sources_1/bd/system/ip/system_sc_ctrl_0/bd_0/ip/ip_8/bd_73a6_sawn_0_clocks.xdc:128]
WARNING: [Vivado_Tcl 4-921] Waiver ID 'CDC-13' -to list should not be empty. [d:/MPSOC_YOLO/06_vivado/proj/yolo_zcu104.gen/sources_1/bd/system/ip/system_sc_ctrl_0/bd_0/ip/ip_8/bd_73a6_sawn_0_clocks.xdc:131]
WARNING: [Vivado_Tcl 4-921] Waiver ID 'CDC-1' -to list should not be empty. [d:/MPSOC_YOLO/06_vivado/proj/yolo_zcu104.gen/sources_1/bd/system/ip/system_sc_ctrl_0/bd_0/ip/ip_8/bd_73a6_sawn_0_clocks.xdc:134]
INFO: [Common 17-14] Message 'Vivado_Tcl 4-921' appears 100 times and further instances of the messages will be disabled. Use the Tcl command set_msg_config to change the current settings. [d:/MPSOC_YOLO/06_vivado/proj/yolo_zcu104.gen/sources_1/bd/system/ip/system_sc_ctrl_0/bd_0/ip/ip_8/bd_73a6_sawn_0_clocks.xdc:134]
WARNING: [Vivado_Tcl 4-935] Waiver ID 'CDC-1' is a duplicate and will not be added again. [d:/MPSOC_YOLO/06_vivado/proj/yolo_zcu104.gen/sources_1/bd/system/ip/system_sc_ctrl_0/bd_0/ip/ip_8/bd_73a6_sawn_0_clocks.xdc:181]
Finished Parsing XDC File [d:/MPSOC_YOLO/06_vivado/proj/yolo_zcu104.gen/sources_1/bd/system/ip/system_sc_ctrl_0/bd_0/ip/ip_8/bd_73a6_sawn_0_clocks.xdc] for cell 'system_i/sc_ctrl/inst/s00_nodes/s00_aw_node/inst'
Parsing XDC File [d:/MPSOC_YOLO/06_vivado/proj/yolo_zcu104.gen/sources_1/bd/system/ip/system_sc_ctrl_0/bd_0/ip/ip_9/bd_73a6_swn_0_clocks.xdc] for cell 'system_i/sc_ctrl/inst/s00_nodes/s00_w_node/inst'
WARNING: [Vivado_Tcl 4-935] Waiver ID 'CDC-1' is a duplicate and will not be added again. [d:/MPSOC_YOLO/06_vivado/proj/yolo_zcu104.gen/sources_1/bd/system/ip/system_sc_ctrl_0/bd_0/ip/ip_9/bd_73a6_swn_0_clocks.xdc:181]
Finished Parsing XDC File [d:/MPSOC_YOLO/06_vivado/proj/yolo_zcu104.gen/sources_1/bd/system/ip/system_sc_ctrl_0/bd_0/ip/ip_9/bd_73a6_swn_0_clocks.xdc] for cell 'system_i/sc_ctrl/inst/s00_nodes/s00_w_node/inst'
Parsing XDC File [d:/MPSOC_YOLO/06_vivado/proj/yolo_zcu104.gen/sources_1/bd/system/ip/system_sc_ctrl_0/bd_0/ip/ip_10/bd_73a6_sbn_0_clocks.xdc] for cell 'system_i/sc_ctrl/inst/s00_nodes/s00_b_node/inst'
WARNING: [Vivado_Tcl 4-935] Waiver ID 'CDC-1' is a duplicate and will not be added again. [d:/MPSOC_YOLO/06_vivado/proj/yolo_zcu104.gen/sources_1/bd/system/ip/system_sc_ctrl_0/bd_0/ip/ip_10/bd_73a6_sbn_0_clocks.xdc:181]
Finished Parsing XDC File [d:/MPSOC_YOLO/06_vivado/proj/yolo_zcu104.gen/sources_1/bd/system/ip/system_sc_ctrl_0/bd_0/ip/ip_10/bd_73a6_sbn_0_clocks.xdc] for cell 'system_i/sc_ctrl/inst/s00_nodes/s00_b_node/inst'
Parsing XDC File [d:/MPSOC_YOLO/06_vivado/proj/yolo_zcu104.gen/sources_1/bd/system/ip/system_sc_ctrl_0/smartconnect.xdc] for cell 'system_i/sc_ctrl/inst'
WARNING: [Vivado_Tcl 4-919] Waiver ID 'CDC-1' -from list should not be empty. [d:/MPSOC_YOLO/06_vivado/proj/yolo_zcu104.gen/sources_1/bd/system/ip/system_sc_ctrl_0/smartconnect.xdc:1]
WARNING: [Vivado_Tcl 4-919] Waiver ID 'CDC-1' -from list should not be empty. [d:/MPSOC_YOLO/06_vivado/proj/yolo_zcu104.gen/sources_1/bd/system/ip/system_sc_ctrl_0/smartconnect.xdc:2]
WARNING: [Vivado_Tcl 4-919] Waiver ID 'CDC-1' -from list should not be empty. [d:/MPSOC_YOLO/06_vivado/proj/yolo_zcu104.gen/sources_1/bd/system/ip/system_sc_ctrl_0/smartconnect.xdc:6]
Finished Parsing XDC File [d:/MPSOC_YOLO/06_vivado/proj/yolo_zcu104.gen/sources_1/bd/system/ip/system_sc_ctrl_0/smartconnect.xdc] for cell 'system_i/sc_ctrl/inst'
Parsing XDC File [d:/MPSOC_YOLO/06_vivado/proj/yolo_zcu104.gen/sources_1/bd/system/ip/system_sc_mem_0/bd_0/ip/ip_1/bd_0182_psr_aclk_0_board.xdc] for cell 'system_i/sc_mem/inst/clk_map/psr_aclk/U0'
Finished Parsing XDC File [d:/MPSOC_YOLO/06_vivado/proj/yolo_zcu104.gen/sources_1/bd/system/ip/system_sc_mem_0/bd_0/ip/ip_1/bd_0182_psr_aclk_0_board.xdc] for cell 'system_i/sc_mem/inst/clk_map/psr_aclk/U0'
Parsing XDC File [d:/MPSOC_YOLO/06_vivado/proj/yolo_zcu104.gen/sources_1/bd/system/ip/system_sc_mem_0/bd_0/ip/ip_1/bd_0182_psr_aclk_0.xdc] for cell 'system_i/sc_mem/inst/clk_map/psr_aclk/U0'
Finished Parsing XDC File [d:/MPSOC_YOLO/06_vivado/proj/yolo_zcu104.gen/sources_1/bd/system/ip/system_sc_mem_0/bd_0/ip/ip_1/bd_0182_psr_aclk_0.xdc] for cell 'system_i/sc_mem/inst/clk_map/psr_aclk/U0'
Parsing XDC File [d:/MPSOC_YOLO/06_vivado/proj/yolo_zcu104.gen/sources_1/bd/system/ip/system_sc_mem_0/bd_0/ip/ip_6/bd_0182_sarn_0_clocks.xdc] for cell 'system_i/sc_mem/inst/s00_nodes/s00_ar_node/inst'
Finished Parsing XDC File [d:/MPSOC_YOLO/06_vivado/proj/yolo_zcu104.gen/sources_1/bd/system/ip/system_sc_mem_0/bd_0/ip/ip_6/bd_0182_sarn_0_clocks.xdc] for cell 'system_i/sc_mem/inst/s00_nodes/s00_ar_node/inst'
Parsing XDC File [d:/MPSOC_YOLO/06_vivado/proj/yolo_zcu104.gen/sources_1/bd/system/ip/system_sc_mem_0/bd_0/ip/ip_7/bd_0182_srn_0_clocks.xdc] for cell 'system_i/sc_mem/inst/s00_nodes/s00_r_node/inst'
Finished Parsing XDC File [d:/MPSOC_YOLO/06_vivado/proj/yolo_zcu104.gen/sources_1/bd/system/ip/system_sc_mem_0/bd_0/ip/ip_7/bd_0182_srn_0_clocks.xdc] for cell 'system_i/sc_mem/inst/s00_nodes/s00_r_node/inst'
Parsing XDC File [d:/MPSOC_YOLO/06_vivado/proj/yolo_zcu104.gen/sources_1/bd/system/ip/system_sc_mem_0/bd_0/ip/ip_8/bd_0182_sawn_0_clocks.xdc] for cell 'system_i/sc_mem/inst/s00_nodes/s00_aw_node/inst'
Finished Parsing XDC File [d:/MPSOC_YOLO/06_vivado/proj/yolo_zcu104.gen/sources_1/bd/system/ip/system_sc_mem_0/bd_0/ip/ip_8/bd_0182_sawn_0_clocks.xdc] for cell 'system_i/sc_mem/inst/s00_nodes/s00_aw_node/inst'
Parsing XDC File [d:/MPSOC_YOLO/06_vivado/proj/yolo_zcu104.gen/sources_1/bd/system/ip/system_sc_mem_0/bd_0/ip/ip_9/bd_0182_swn_0_clocks.xdc] for cell 'system_i/sc_mem/inst/s00_nodes/s00_w_node/inst'
Finished Parsing XDC File [d:/MPSOC_YOLO/06_vivado/proj/yolo_zcu104.gen/sources_1/bd/system/ip/system_sc_mem_0/bd_0/ip/ip_9/bd_0182_swn_0_clocks.xdc] for cell 'system_i/sc_mem/inst/s00_nodes/s00_w_node/inst'
Parsing XDC File [d:/MPSOC_YOLO/06_vivado/proj/yolo_zcu104.gen/sources_1/bd/system/ip/system_sc_mem_0/bd_0/ip/ip_10/bd_0182_sbn_0_clocks.xdc] for cell 'system_i/sc_mem/inst/s00_nodes/s00_b_node/inst'
Finished Parsing XDC File [d:/MPSOC_YOLO/06_vivado/proj/yolo_zcu104.gen/sources_1/bd/system/ip/system_sc_mem_0/bd_0/ip/ip_10/bd_0182_sbn_0_clocks.xdc] for cell 'system_i/sc_mem/inst/s00_nodes/s00_b_node/inst'
Parsing XDC File [d:/MPSOC_YOLO/06_vivado/proj/yolo_zcu104.gen/sources_1/bd/system/ip/system_sc_mem_0/smartconnect.xdc] for cell 'system_i/sc_mem/inst'
WARNING: [Vivado_Tcl 4-919] Waiver ID 'CDC-1' -from list should not be empty. [d:/MPSOC_YOLO/06_vivado/proj/yolo_zcu104.gen/sources_1/bd/system/ip/system_sc_mem_0/smartconnect.xdc:1]
Finished Parsing XDC File [d:/MPSOC_YOLO/06_vivado/proj/yolo_zcu104.gen/sources_1/bd/system/ip/system_sc_mem_0/smartconnect.xdc] for cell 'system_i/sc_mem/inst'
INFO: [Project 1-1714] 32 XPM XDC files have been applied to the design.
INFO: [Opt 31-138] Pushed 0 inverter(s) to 0 load pin(s).
INFO: [Project 1-1687] 453 scoped IP constraints or related sub-commands were skipped due to synthesis logic optimizations usually triggered by constant connectivity or unconnected output pins. To review the skipped constraints and messages, run the command 'set_param netlist.IPMsgFiltering false' before opening the design.
Netlist sorting complete. Time (s): cpu = 00:00:00 ; elapsed = 00:00:00.019 . Memory (MB): peak = 6415.660 ; gain = 0.000
INFO: [Project 1-111] Unisim Transformation Summary:
  A total of 217 instances were transformed.
  DSP48E2 => DSP48E2 (DSP_ALU, DSP_A_B_DATA, DSP_C_DATA, DSP_MULTIPLIER, DSP_M_DATA, DSP_OUTPUT, DSP_PREADD, DSP_PREADD_DATA): 37 instances
  RAM32M => RAM32M (RAMD32(x6), RAMS32(x2)): 1 instance 
  RAM32M16 => RAM32M16 (RAMD32(x14), RAMS32(x2)): 51 instances
  RAM32X1S => RAM32X1S (RAMS32): 128 instances

open_run: Time (s): cpu = 00:00:54 ; elapsed = 00:00:42 . Memory (MB): peak = 6630.188 ; gain = 1285.148
close_design
open_run impl_1
Netlist sorting complete. Time (s): cpu = 00:00:01 ; elapsed = 00:00:00.845 . Memory (MB): peak = 6712.754 ; gain = 0.000
INFO: [Netlist 29-17] Analyzing 6399 Unisim elements for replacement
INFO: [Netlist 29-28] Unisim Transformation completed in 1 CPU seconds
INFO: [Project 1-479] Netlist was created with Vivado 2024.1
INFO: [Project 1-570] Preparing netlist for logic optimization
Read ShapeDB Complete: Time (s): cpu = 00:00:00 ; elapsed = 00:00:00.224 . Memory (MB): peak = 6712.754 ; gain = 0.000
INFO: [Timing 38-478] Restoring timing data from binary archive.
INFO: [Timing 38-479] Binary timing data restore complete.
INFO: [Project 1-856] Restoring constraints from binary archive.
INFO: [Project 1-853] Binary constraint restore complete.
INFO: [Designutils 20-5722] Start Reading Physical Databases.
Reading placement.
Read Netlist Cache: Time (s): cpu = 00:00:00 ; elapsed = 00:00:00.115 . Memory (MB): peak = 6842.973 ; gain = 0.000
Reading placer database...
Read Device Cache: Time (s): cpu = 00:00:00 ; elapsed = 00:00:00.035 . Memory (MB): peak = 6842.973 ; gain = 0.000
Read PlaceDB: Time (s): cpu = 00:00:04 ; elapsed = 00:00:03 . Memory (MB): peak = 6842.973 ; gain = 0.000
Read PulsedLatchDB: Time (s): cpu = 00:00:00 ; elapsed = 00:00:00 . Memory (MB): peak = 6842.973 ; gain = 0.000
Reading routing.
Read RouteStorage: Time (s): cpu = 00:00:02 ; elapsed = 00:00:00.965 . Memory (MB): peak = 6842.973 ; gain = 0.000
Read Physdb Files: Time (s): cpu = 00:00:06 ; elapsed = 00:00:04 . Memory (MB): peak = 6842.973 ; gain = 0.000
Restored from archive | CPU: 7.000000 secs | Memory: 0.000000 MB |
Finished XDEF File Restore: Time (s): cpu = 00:00:06 ; elapsed = 00:00:05 . Memory (MB): peak = 6842.973 ; gain = 0.000
Netlist sorting complete. Time (s): cpu = 00:00:00 ; elapsed = 00:00:00.019 . Memory (MB): peak = 6842.973 ; gain = 0.000
INFO: [Project 1-111] Unisim Transformation Summary:
  A total of 217 instances were transformed.
  DSP48E2 => DSP48E2 (DSP_ALU, DSP_A_B_DATA, DSP_C_DATA, DSP_MULTIPLIER, DSP_M_DATA, DSP_OUTPUT, DSP_PREADD, DSP_PREADD_DATA): 32 instances
  DSP48E2 => DSP48E2 (inverted pins: OPMODE[5], OPMODE[4], RSTA, RSTB, RSTC) (DSP_ALU, DSP_A_B_DATA, DSP_C_DATA, DSP_MULTIPLIER, DSP_M_DATA, DSP_OUTPUT, DSP_PREADD, DSP_PREADD_DATA): 1 instance 
  DSP48E2 => DSP48E2 (inverted pins: RSTA, RSTB, RSTC) (DSP_ALU, DSP_A_B_DATA, DSP_C_DATA, DSP_MULTIPLIER, DSP_M_DATA, DSP_OUTPUT, DSP_PREADD, DSP_PREADD_DATA): 1 instance 
  DSP48E2 => DSP48E2 (inverted pins: RSTB) (DSP_ALU, DSP_A_B_DATA, DSP_C_DATA, DSP_MULTIPLIER, DSP_M_DATA, DSP_OUTPUT, DSP_PREADD, DSP_PREADD_DATA): 3 instances
  RAM32M => RAM32M (RAMD32(x6), RAMS32(x2)): 1 instance 
  RAM32M16 => RAM32M16 (RAMD32(x14), RAMS32(x2)): 51 instances
  RAM32X1S => RAM32X1S (RAMS32): 128 instances

open_run: Time (s): cpu = 00:00:25 ; elapsed = 00:00:20 . Memory (MB): peak = 6990.441 ; gain = 277.688
exit
INFO: [Common 17-206] Exiting Vivado at Mon Sep 28 22:11:19 2026...
