
*** Running vivado
    with args -log system_wrapper.vdi -applog -m64 -product Vivado -messageDb vivado.pb -mode batch -source system_wrapper.tcl -notrace



****** Vivado v2024.1 (64-bit)
  **** SW Build 5076996 on Wed May 22 18:37:14 MDT 2024
  **** IP Build 5075265 on Wed May 22 21:45:21 MDT 2024
  **** SharedData Build 5076995 on Wed May 22 18:29:18 MDT 2024
  **** Start of session at: Mon Sep 28 01:43:08 2026
    ** Copyright 1986-2022 Xilinx, Inc. All Rights Reserved.
    ** Copyright 2022-2024 Advanced Micro Devices, Inc. All Rights Reserved.

source system_wrapper.tcl -notrace
create_project: Time (s): cpu = 00:00:05 ; elapsed = 00:00:05 . Memory (MB): peak = 522.039 ; gain = 206.059
INFO: [IP_Flow 19-234] Refreshing IP repositories
INFO: [IP_Flow 19-1704] No user IP repositories specified
INFO: [IP_Flow 19-2313] Loaded Vivado IP repository 'C:/Xilinx/Vivado/2024.1/data/ip'.
Command: link_design -top system_wrapper -part xczu7ev-ffvc1156-2-e
Design is defaulting to srcset: sources_1
Design is defaulting to constrset: constrs_1
INFO: [Device 21-403] Loading part xczu7ev-ffvc1156-2-e
Netlist sorting complete. Time (s): cpu = 00:00:01 ; elapsed = 00:00:00.886 . Memory (MB): peak = 2246.102 ; gain = 0.000
INFO: [Netlist 29-17] Analyzing 6399 Unisim elements for replacement
INFO: [Netlist 29-28] Unisim Transformation completed in 0 CPU seconds
INFO: [Project 1-479] Netlist was created with Vivado 2024.1
INFO: [Project 1-570] Preparing netlist for logic optimization
Parsing XDC File [d:/MPSOC_YOLO/06_vivado/proj/yolo_zcu104.gen/sources_1/bd/system/ip/system_zynq_ps_0/system_zynq_ps_0.xdc] for cell 'system_i/zynq_ps/inst'
Finished Parsing XDC File [d:/MPSOC_YOLO/06_vivado/proj/yolo_zcu104.gen/sources_1/bd/system/ip/system_zynq_ps_0/system_zynq_ps_0.xdc] for cell 'system_i/zynq_ps/inst'
Parsing XDC File [d:/MPSOC_YOLO/06_vivado/proj/yolo_zcu104.gen/sources_1/bd/system/ip/system_rst_pl0_0/system_rst_pl0_0_board.xdc] for cell 'system_i/rst_pl0/U0'
Finished Parsing XDC File [d:/MPSOC_YOLO/06_vivado/proj/yolo_zcu104.gen/sources_1/bd/system/ip/system_rst_pl0_0/system_rst_pl0_0_board.xdc] for cell 'system_i/rst_pl0/U0'
Parsing XDC File [d:/MPSOC_YOLO/06_vivado/proj/yolo_zcu104.gen/sources_1/bd/system/ip/system_rst_pl0_0/system_rst_pl0_0.xdc] for cell 'system_i/rst_pl0/U0'
WARNING: [Vivado_Tcl 4-921] Waiver ID 'CDC-11' -to list should not be empty. [d:/MPSOC_YOLO/06_vivado/proj/yolo_zcu104.gen/sources_1/bd/system/ip/system_rst_pl0_0/system_rst_pl0_0.xdc:50]
Finished Parsing XDC File [d:/MPSOC_YOLO/06_vivado/proj/yolo_zcu104.gen/sources_1/bd/system/ip/system_rst_pl0_0/system_rst_pl0_0.xdc] for cell 'system_i/rst_pl0/U0'
Parsing XDC File [d:/MPSOC_YOLO/06_vivado/proj/yolo_zcu104.gen/sources_1/bd/system/ip/system_sc_ctrl_0/bd_0/ip/ip_1/bd_73a6_psr_aclk_0_board.xdc] for cell 'system_i/sc_ctrl/inst/clk_map/psr_aclk/U0'
Finished Parsing XDC File [d:/MPSOC_YOLO/06_vivado/proj/yolo_zcu104.gen/sources_1/bd/system/ip/system_sc_ctrl_0/bd_0/ip/ip_1/bd_73a6_psr_aclk_0_board.xdc] for cell 'system_i/sc_ctrl/inst/clk_map/psr_aclk/U0'
Parsing XDC File [d:/MPSOC_YOLO/06_vivado/proj/yolo_zcu104.gen/sources_1/bd/system/ip/system_sc_ctrl_0/bd_0/ip/ip_1/bd_73a6_psr_aclk_0.xdc] for cell 'system_i/sc_ctrl/inst/clk_map/psr_aclk/U0'
Finished Parsing XDC File [d:/MPSOC_YOLO/06_vivado/proj/yolo_zcu104.gen/sources_1/bd/system/ip/system_sc_ctrl_0/bd_0/ip/ip_1/bd_73a6_psr_aclk_0.xdc] for cell 'system_i/sc_ctrl/inst/clk_map/psr_aclk/U0'
Parsing XDC File [d:/MPSOC_YOLO/06_vivado/proj/yolo_zcu104.gen/sources_1/bd/system/ip/system_sc_ctrl_0/bd_0/ip/ip_6/bd_73a6_sarn_0_clocks.xdc] for cell 'system_i/sc_ctrl/inst/s00_nodes/s00_ar_node/inst'
WARNING: [Vivado_Tcl 4-921] Waiver ID 'CDC-1' -to list should not be empty. [d:/MPSOC_YOLO/06_vivado/proj/yolo_zcu104.gen/sources_1/bd/system/ip/system_sc_ctrl_0/bd_0/ip/ip_6/bd_73a6_sarn_0_clocks.xdc:49]
WARNING: [Vivado_Tcl 4-921] Waiver ID 'CDC-1' -to list should not be empty. [d:/MPSOC_YOLO/06_vivado/proj/yolo_zcu104.gen/sources_1/bd/system/ip/system_sc_ctrl_0/bd_0/ip/ip_6/bd_73a6_sarn_0_clocks.xdc:52]
WARNING: [Vivado_Tcl 4-921] Waiver ID 'CDC-1' -to list should not be empty. [d:/MPSOC_YOLO/06_vivado/proj/yolo_zcu104.gen/sources_1/bd/system/ip/system_sc_ctrl_0/bd_0/ip/ip_6/bd_73a6_sarn_0_clocks.xdc:55]
WARNING: [Vivado_Tcl 4-921] Waiver ID 'CDC-1' -to list should not be empty. [d:/MPSOC_YOLO/06_vivado/proj/yolo_zcu104.gen/sources_1/bd/system/ip/system_sc_ctrl_0/bd_0/ip/ip_6/bd_73a6_sarn_0_clocks.xdc:59]
WARNING: [Vivado_Tcl 4-921] Waiver ID 'CDC-1' -to list should not be empty. [d:/MPSOC_YOLO/06_vivado/proj/yolo_zcu104.gen/sources_1/bd/system/ip/system_sc_ctrl_0/bd_0/ip/ip_6/bd_73a6_sarn_0_clocks.xdc:66]
WARNING: [Vivado_Tcl 4-921] Waiver ID 'CDC-1' -to list should not be empty. [d:/MPSOC_YOLO/06_vivado/proj/yolo_zcu104.gen/sources_1/bd/system/ip/system_sc_ctrl_0/bd_0/ip/ip_6/bd_73a6_sarn_0_clocks.xdc:70]
WARNING: [Vivado_Tcl 4-921] Waiver ID 'CDC-1' -to list should not be empty. [d:/MPSOC_YOLO/06_vivado/proj/yolo_zcu104.gen/sources_1/bd/system/ip/system_sc_ctrl_0/bd_0/ip/ip_6/bd_73a6_sarn_0_clocks.xdc:82]
WARNING: [Vivado_Tcl 4-921] Waiver ID 'CDC-4' -to list should not be empty. [d:/MPSOC_YOLO/06_vivado/proj/yolo_zcu104.gen/sources_1/bd/system/ip/system_sc_ctrl_0/bd_0/ip/ip_6/bd_73a6_sarn_0_clocks.xdc:85]
WARNING: [Vivado_Tcl 4-921] Waiver ID 'CDC-4' -to list should not be empty. [d:/MPSOC_YOLO/06_vivado/proj/yolo_zcu104.gen/sources_1/bd/system/ip/system_sc_ctrl_0/bd_0/ip/ip_6/bd_73a6_sarn_0_clocks.xdc:88]
WARNING: [Vivado_Tcl 4-921] Waiver ID 'CDC-2' -to list should not be empty. [d:/MPSOC_YOLO/06_vivado/proj/yolo_zcu104.gen/sources_1/bd/system/ip/system_sc_ctrl_0/bd_0/ip/ip_6/bd_73a6_sarn_0_clocks.xdc:91]
WARNING: [Vivado_Tcl 4-921] Waiver ID 'CDC-2' -to list should not be empty. [d:/MPSOC_YOLO/06_vivado/proj/yolo_zcu104.gen/sources_1/bd/system/ip/system_sc_ctrl_0/bd_0/ip/ip_6/bd_73a6_sarn_0_clocks.xdc:94]
WARNING: [Vivado_Tcl 4-921] Waiver ID 'CDC-2' -to list should not be empty. [d:/MPSOC_YOLO/06_vivado/proj/yolo_zcu104.gen/sources_1/bd/system/ip/system_sc_ctrl_0/bd_0/ip/ip_6/bd_73a6_sarn_0_clocks.xdc:97]
WARNING: [Vivado_Tcl 4-921] Waiver ID 'CDC-2' -to list should not be empty. [d:/MPSOC_YOLO/06_vivado/proj/yolo_zcu104.gen/sources_1/bd/system/ip/system_sc_ctrl_0/bd_0/ip/ip_6/bd_73a6_sarn_0_clocks.xdc:100]
WARNING: [Vivado_Tcl 4-921] Waiver ID 'CDC-1' -to list should not be empty. [d:/MPSOC_YOLO/06_vivado/proj/yolo_zcu104.gen/sources_1/bd/system/ip/system_sc_ctrl_0/bd_0/ip/ip_6/bd_73a6_sarn_0_clocks.xdc:104]
WARNING: [Vivado_Tcl 4-921] Waiver ID 'CDC-10' -to list should not be empty. [d:/MPSOC_YOLO/06_vivado/proj/yolo_zcu104.gen/sources_1/bd/system/ip/system_sc_ctrl_0/bd_0/ip/ip_6/bd_73a6_sarn_0_clocks.xdc:107]
WARNING: [Vivado_Tcl 4-921] Waiver ID 'CDC-10' -to list should not be empty. [d:/MPSOC_YOLO/06_vivado/proj/yolo_zcu104.gen/sources_1/bd/system/ip/system_sc_ctrl_0/bd_0/ip/ip_6/bd_73a6_sarn_0_clocks.xdc:110]
WARNING: [Vivado_Tcl 4-921] Waiver ID 'CDC-1' -to list should not be empty. [d:/MPSOC_YOLO/06_vivado/proj/yolo_zcu104.gen/sources_1/bd/system/ip/system_sc_ctrl_0/bd_0/ip/ip_6/bd_73a6_sarn_0_clocks.xdc:113]
WARNING: [Vivado_Tcl 4-921] Waiver ID 'CDC-1' -to list should not be empty. [d:/MPSOC_YOLO/06_vivado/proj/yolo_zcu104.gen/sources_1/bd/system/ip/system_sc_ctrl_0/bd_0/ip/ip_6/bd_73a6_sarn_0_clocks.xdc:116]
WARNING: [Vivado_Tcl 4-921] Waiver ID 'CDC-13' -to list should not be empty. [d:/MPSOC_YOLO/06_vivado/proj/yolo_zcu104.gen/sources_1/bd/system/ip/system_sc_ctrl_0/bd_0/ip/ip_6/bd_73a6_sarn_0_clocks.xdc:122]
WARNING: [Vivado_Tcl 4-921] Waiver ID 'CDC-1' -to list should not be empty. [d:/MPSOC_YOLO/06_vivado/proj/yolo_zcu104.gen/sources_1/bd/system/ip/system_sc_ctrl_0/bd_0/ip/ip_6/bd_73a6_sarn_0_clocks.xdc:125]
WARNING: [Vivado_Tcl 4-921] Waiver ID 'CDC-1' -to list should not be empty. [d:/MPSOC_YOLO/06_vivado/proj/yolo_zcu104.gen/sources_1/bd/system/ip/system_sc_ctrl_0/bd_0/ip/ip_6/bd_73a6_sarn_0_clocks.xdc:128]
WARNING: [Vivado_Tcl 4-921] Waiver ID 'CDC-13' -to list should not be empty. [d:/MPSOC_YOLO/06_vivado/proj/yolo_zcu104.gen/sources_1/bd/system/ip/system_sc_ctrl_0/bd_0/ip/ip_6/bd_73a6_sarn_0_clocks.xdc:131]
WARNING: [Vivado_Tcl 4-921] Waiver ID 'CDC-1' -to list should not be empty. [d:/MPSOC_YOLO/06_vivado/proj/yolo_zcu104.gen/sources_1/bd/system/ip/system_sc_ctrl_0/bd_0/ip/ip_6/bd_73a6_sarn_0_clocks.xdc:134]
WARNING: [Vivado_Tcl 4-921] Waiver ID 'CDC-10' -to list should not be empty. [d:/MPSOC_YOLO/06_vivado/proj/yolo_zcu104.gen/sources_1/bd/system/ip/system_sc_ctrl_0/bd_0/ip/ip_6/bd_73a6_sarn_0_clocks.xdc:137]
WARNING: [Vivado_Tcl 4-921] Waiver ID 'CDC-1' -to list should not be empty. [d:/MPSOC_YOLO/06_vivado/proj/yolo_zcu104.gen/sources_1/bd/system/ip/system_sc_ctrl_0/bd_0/ip/ip_6/bd_73a6_sarn_0_clocks.xdc:140]
WARNING: [Vivado_Tcl 4-921] Waiver ID 'CDC-1' -to list should not be empty. [d:/MPSOC_YOLO/06_vivado/proj/yolo_zcu104.gen/sources_1/bd/system/ip/system_sc_ctrl_0/bd_0/ip/ip_6/bd_73a6_sarn_0_clocks.xdc:143]
WARNING: [Vivado_Tcl 4-921] Waiver ID 'CDC-1' -to list should not be empty. [d:/MPSOC_YOLO/06_vivado/proj/yolo_zcu104.gen/sources_1/bd/system/ip/system_sc_ctrl_0/bd_0/ip/ip_6/bd_73a6_sarn_0_clocks.xdc:146]
WARNING: [Vivado_Tcl 4-921] Waiver ID 'CDC-2' -to list should not be empty. [d:/MPSOC_YOLO/06_vivado/proj/yolo_zcu104.gen/sources_1/bd/system/ip/system_sc_ctrl_0/bd_0/ip/ip_6/bd_73a6_sarn_0_clocks.xdc:149]
WARNING: [Vivado_Tcl 4-921] Waiver ID 'CDC-1' -to list should not be empty. [d:/MPSOC_YOLO/06_vivado/proj/yolo_zcu104.gen/sources_1/bd/system/ip/system_sc_ctrl_0/bd_0/ip/ip_6/bd_73a6_sarn_0_clocks.xdc:152]
WARNING: [Vivado_Tcl 4-921] Waiver ID 'CDC-1' -to list should not be empty. [d:/MPSOC_YOLO/06_vivado/proj/yolo_zcu104.gen/sources_1/bd/system/ip/system_sc_ctrl_0/bd_0/ip/ip_6/bd_73a6_sarn_0_clocks.xdc:155]
WARNING: [Vivado_Tcl 4-921] Waiver ID 'CDC-1' -to list should not be empty. [d:/MPSOC_YOLO/06_vivado/proj/yolo_zcu104.gen/sources_1/bd/system/ip/system_sc_ctrl_0/bd_0/ip/ip_6/bd_73a6_sarn_0_clocks.xdc:158]
WARNING: [Vivado_Tcl 4-921] Waiver ID 'CDC-10' -to list should not be empty. [d:/MPSOC_YOLO/06_vivado/proj/yolo_zcu104.gen/sources_1/bd/system/ip/system_sc_ctrl_0/bd_0/ip/ip_6/bd_73a6_sarn_0_clocks.xdc:161]
WARNING: [Vivado_Tcl 4-921] Waiver ID 'CDC-4' -to list should not be empty. [d:/MPSOC_YOLO/06_vivado/proj/yolo_zcu104.gen/sources_1/bd/system/ip/system_sc_ctrl_0/bd_0/ip/ip_6/bd_73a6_sarn_0_clocks.xdc:164]
WARNING: [Vivado_Tcl 4-921] Waiver ID 'CDC-4' -to list should not be empty. [d:/MPSOC_YOLO/06_vivado/proj/yolo_zcu104.gen/sources_1/bd/system/ip/system_sc_ctrl_0/bd_0/ip/ip_6/bd_73a6_sarn_0_clocks.xdc:167]
WARNING: [Vivado_Tcl 4-921] Waiver ID 'CDC-4' -to list should not be empty. [d:/MPSOC_YOLO/06_vivado/proj/yolo_zcu104.gen/sources_1/bd/system/ip/system_sc_ctrl_0/bd_0/ip/ip_6/bd_73a6_sarn_0_clocks.xdc:171]
WARNING: [Vivado_Tcl 4-921] Waiver ID 'CDC-4' -to list should not be empty. [d:/MPSOC_YOLO/06_vivado/proj/yolo_zcu104.gen/sources_1/bd/system/ip/system_sc_ctrl_0/bd_0/ip/ip_6/bd_73a6_sarn_0_clocks.xdc:174]
WARNING: [Vivado_Tcl 4-921] Waiver ID 'CDC-1' -to list should not be empty. [d:/MPSOC_YOLO/06_vivado/proj/yolo_zcu104.gen/sources_1/bd/system/ip/system_sc_ctrl_0/bd_0/ip/ip_6/bd_73a6_sarn_0_clocks.xdc:178]
WARNING: [Vivado_Tcl 4-935] Waiver ID 'CDC-1' is a duplicate and will not be added again. [d:/MPSOC_YOLO/06_vivado/proj/yolo_zcu104.gen/sources_1/bd/system/ip/system_sc_ctrl_0/bd_0/ip/ip_6/bd_73a6_sarn_0_clocks.xdc:181]
WARNING: [Vivado_Tcl 4-921] Waiver ID 'CDC-13' -to list should not be empty. [d:/MPSOC_YOLO/06_vivado/proj/yolo_zcu104.gen/sources_1/bd/system/ip/system_sc_ctrl_0/bd_0/ip/ip_6/bd_73a6_sarn_0_clocks.xdc:184]
Finished Parsing XDC File [d:/MPSOC_YOLO/06_vivado/proj/yolo_zcu104.gen/sources_1/bd/system/ip/system_sc_ctrl_0/bd_0/ip/ip_6/bd_73a6_sarn_0_clocks.xdc] for cell 'system_i/sc_ctrl/inst/s00_nodes/s00_ar_node/inst'
Parsing XDC File [d:/MPSOC_YOLO/06_vivado/proj/yolo_zcu104.gen/sources_1/bd/system/ip/system_sc_ctrl_0/bd_0/ip/ip_7/bd_73a6_srn_0_clocks.xdc] for cell 'system_i/sc_ctrl/inst/s00_nodes/s00_r_node/inst'
WARNING: [Vivado_Tcl 4-921] Waiver ID 'CDC-1' -to list should not be empty. [d:/MPSOC_YOLO/06_vivado/proj/yolo_zcu104.gen/sources_1/bd/system/ip/system_sc_ctrl_0/bd_0/ip/ip_7/bd_73a6_srn_0_clocks.xdc:49]
WARNING: [Vivado_Tcl 4-921] Waiver ID 'CDC-1' -to list should not be empty. [d:/MPSOC_YOLO/06_vivado/proj/yolo_zcu104.gen/sources_1/bd/system/ip/system_sc_ctrl_0/bd_0/ip/ip_7/bd_73a6_srn_0_clocks.xdc:52]
WARNING: [Vivado_Tcl 4-921] Waiver ID 'CDC-1' -to list should not be empty. [d:/MPSOC_YOLO/06_vivado/proj/yolo_zcu104.gen/sources_1/bd/system/ip/system_sc_ctrl_0/bd_0/ip/ip_7/bd_73a6_srn_0_clocks.xdc:55]
WARNING: [Vivado_Tcl 4-921] Waiver ID 'CDC-1' -to list should not be empty. [d:/MPSOC_YOLO/06_vivado/proj/yolo_zcu104.gen/sources_1/bd/system/ip/system_sc_ctrl_0/bd_0/ip/ip_7/bd_73a6_srn_0_clocks.xdc:59]
WARNING: [Vivado_Tcl 4-921] Waiver ID 'CDC-1' -to list should not be empty. [d:/MPSOC_YOLO/06_vivado/proj/yolo_zcu104.gen/sources_1/bd/system/ip/system_sc_ctrl_0/bd_0/ip/ip_7/bd_73a6_srn_0_clocks.xdc:66]
WARNING: [Vivado_Tcl 4-921] Waiver ID 'CDC-1' -to list should not be empty. [d:/MPSOC_YOLO/06_vivado/proj/yolo_zcu104.gen/sources_1/bd/system/ip/system_sc_ctrl_0/bd_0/ip/ip_7/bd_73a6_srn_0_clocks.xdc:70]
WARNING: [Vivado_Tcl 4-921] Waiver ID 'CDC-1' -to list should not be empty. [d:/MPSOC_YOLO/06_vivado/proj/yolo_zcu104.gen/sources_1/bd/system/ip/system_sc_ctrl_0/bd_0/ip/ip_7/bd_73a6_srn_0_clocks.xdc:82]
WARNING: [Vivado_Tcl 4-921] Waiver ID 'CDC-4' -to list should not be empty. [d:/MPSOC_YOLO/06_vivado/proj/yolo_zcu104.gen/sources_1/bd/system/ip/system_sc_ctrl_0/bd_0/ip/ip_7/bd_73a6_srn_0_clocks.xdc:85]
WARNING: [Vivado_Tcl 4-921] Waiver ID 'CDC-4' -to list should not be empty. [d:/MPSOC_YOLO/06_vivado/proj/yolo_zcu104.gen/sources_1/bd/system/ip/system_sc_ctrl_0/bd_0/ip/ip_7/bd_73a6_srn_0_clocks.xdc:88]
WARNING: [Vivado_Tcl 4-921] Waiver ID 'CDC-2' -to list should not be empty. [d:/MPSOC_YOLO/06_vivado/proj/yolo_zcu104.gen/sources_1/bd/system/ip/system_sc_ctrl_0/bd_0/ip/ip_7/bd_73a6_srn_0_clocks.xdc:91]
WARNING: [Vivado_Tcl 4-921] Waiver ID 'CDC-2' -to list should not be empty. [d:/MPSOC_YOLO/06_vivado/proj/yolo_zcu104.gen/sources_1/bd/system/ip/system_sc_ctrl_0/bd_0/ip/ip_7/bd_73a6_srn_0_clocks.xdc:94]
WARNING: [Vivado_Tcl 4-921] Waiver ID 'CDC-2' -to list should not be empty. [d:/MPSOC_YOLO/06_vivado/proj/yolo_zcu104.gen/sources_1/bd/system/ip/system_sc_ctrl_0/bd_0/ip/ip_7/bd_73a6_srn_0_clocks.xdc:97]
WARNING: [Vivado_Tcl 4-921] Waiver ID 'CDC-2' -to list should not be empty. [d:/MPSOC_YOLO/06_vivado/proj/yolo_zcu104.gen/sources_1/bd/system/ip/system_sc_ctrl_0/bd_0/ip/ip_7/bd_73a6_srn_0_clocks.xdc:100]
WARNING: [Vivado_Tcl 4-921] Waiver ID 'CDC-1' -to list should not be empty. [d:/MPSOC_YOLO/06_vivado/proj/yolo_zcu104.gen/sources_1/bd/system/ip/system_sc_ctrl_0/bd_0/ip/ip_7/bd_73a6_srn_0_clocks.xdc:104]
WARNING: [Vivado_Tcl 4-921] Waiver ID 'CDC-10' -to list should not be empty. [d:/MPSOC_YOLO/06_vivado/proj/yolo_zcu104.gen/sources_1/bd/system/ip/system_sc_ctrl_0/bd_0/ip/ip_7/bd_73a6_srn_0_clocks.xdc:107]
WARNING: [Vivado_Tcl 4-921] Waiver ID 'CDC-10' -to list should not be empty. [d:/MPSOC_YOLO/06_vivado/proj/yolo_zcu104.gen/sources_1/bd/system/ip/system_sc_ctrl_0/bd_0/ip/ip_7/bd_73a6_srn_0_clocks.xdc:110]
WARNING: [Vivado_Tcl 4-921] Waiver ID 'CDC-1' -to list should not be empty. [d:/MPSOC_YOLO/06_vivado/proj/yolo_zcu104.gen/sources_1/bd/system/ip/system_sc_ctrl_0/bd_0/ip/ip_7/bd_73a6_srn_0_clocks.xdc:113]
WARNING: [Vivado_Tcl 4-921] Waiver ID 'CDC-1' -to list should not be empty. [d:/MPSOC_YOLO/06_vivado/proj/yolo_zcu104.gen/sources_1/bd/system/ip/system_sc_ctrl_0/bd_0/ip/ip_7/bd_73a6_srn_0_clocks.xdc:116]
WARNING: [Vivado_Tcl 4-921] Waiver ID 'CDC-13' -to list should not be empty. [d:/MPSOC_YOLO/06_vivado/proj/yolo_zcu104.gen/sources_1/bd/system/ip/system_sc_ctrl_0/bd_0/ip/ip_7/bd_73a6_srn_0_clocks.xdc:122]
WARNING: [Vivado_Tcl 4-921] Waiver ID 'CDC-1' -to list should not be empty. [d:/MPSOC_YOLO/06_vivado/proj/yolo_zcu104.gen/sources_1/bd/system/ip/system_sc_ctrl_0/bd_0/ip/ip_7/bd_73a6_srn_0_clocks.xdc:125]
WARNING: [Vivado_Tcl 4-921] Waiver ID 'CDC-1' -to list should not be empty. [d:/MPSOC_YOLO/06_vivado/proj/yolo_zcu104.gen/sources_1/bd/system/ip/system_sc_ctrl_0/bd_0/ip/ip_7/bd_73a6_srn_0_clocks.xdc:128]
WARNING: [Vivado_Tcl 4-921] Waiver ID 'CDC-13' -to list should not be empty. [d:/MPSOC_YOLO/06_vivado/proj/yolo_zcu104.gen/sources_1/bd/system/ip/system_sc_ctrl_0/bd_0/ip/ip_7/bd_73a6_srn_0_clocks.xdc:131]
WARNING: [Vivado_Tcl 4-921] Waiver ID 'CDC-1' -to list should not be empty. [d:/MPSOC_YOLO/06_vivado/proj/yolo_zcu104.gen/sources_1/bd/system/ip/system_sc_ctrl_0/bd_0/ip/ip_7/bd_73a6_srn_0_clocks.xdc:134]
WARNING: [Vivado_Tcl 4-921] Waiver ID 'CDC-10' -to list should not be empty. [d:/MPSOC_YOLO/06_vivado/proj/yolo_zcu104.gen/sources_1/bd/system/ip/system_sc_ctrl_0/bd_0/ip/ip_7/bd_73a6_srn_0_clocks.xdc:137]
WARNING: [Vivado_Tcl 4-921] Waiver ID 'CDC-1' -to list should not be empty. [d:/MPSOC_YOLO/06_vivado/proj/yolo_zcu104.gen/sources_1/bd/system/ip/system_sc_ctrl_0/bd_0/ip/ip_7/bd_73a6_srn_0_clocks.xdc:140]
WARNING: [Vivado_Tcl 4-921] Waiver ID 'CDC-1' -to list should not be empty. [d:/MPSOC_YOLO/06_vivado/proj/yolo_zcu104.gen/sources_1/bd/system/ip/system_sc_ctrl_0/bd_0/ip/ip_7/bd_73a6_srn_0_clocks.xdc:143]
WARNING: [Vivado_Tcl 4-921] Waiver ID 'CDC-1' -to list should not be empty. [d:/MPSOC_YOLO/06_vivado/proj/yolo_zcu104.gen/sources_1/bd/system/ip/system_sc_ctrl_0/bd_0/ip/ip_7/bd_73a6_srn_0_clocks.xdc:146]
WARNING: [Vivado_Tcl 4-921] Waiver ID 'CDC-2' -to list should not be empty. [d:/MPSOC_YOLO/06_vivado/proj/yolo_zcu104.gen/sources_1/bd/system/ip/system_sc_ctrl_0/bd_0/ip/ip_7/bd_73a6_srn_0_clocks.xdc:149]
WARNING: [Vivado_Tcl 4-921] Waiver ID 'CDC-1' -to list should not be empty. [d:/MPSOC_YOLO/06_vivado/proj/yolo_zcu104.gen/sources_1/bd/system/ip/system_sc_ctrl_0/bd_0/ip/ip_7/bd_73a6_srn_0_clocks.xdc:152]
WARNING: [Vivado_Tcl 4-921] Waiver ID 'CDC-1' -to list should not be empty. [d:/MPSOC_YOLO/06_vivado/proj/yolo_zcu104.gen/sources_1/bd/system/ip/system_sc_ctrl_0/bd_0/ip/ip_7/bd_73a6_srn_0_clocks.xdc:155]
WARNING: [Vivado_Tcl 4-921] Waiver ID 'CDC-1' -to list should not be empty. [d:/MPSOC_YOLO/06_vivado/proj/yolo_zcu104.gen/sources_1/bd/system/ip/system_sc_ctrl_0/bd_0/ip/ip_7/bd_73a6_srn_0_clocks.xdc:158]
WARNING: [Vivado_Tcl 4-921] Waiver ID 'CDC-10' -to list should not be empty. [d:/MPSOC_YOLO/06_vivado/proj/yolo_zcu104.gen/sources_1/bd/system/ip/system_sc_ctrl_0/bd_0/ip/ip_7/bd_73a6_srn_0_clocks.xdc:161]
WARNING: [Vivado_Tcl 4-921] Waiver ID 'CDC-4' -to list should not be empty. [d:/MPSOC_YOLO/06_vivado/proj/yolo_zcu104.gen/sources_1/bd/system/ip/system_sc_ctrl_0/bd_0/ip/ip_7/bd_73a6_srn_0_clocks.xdc:164]
WARNING: [Vivado_Tcl 4-921] Waiver ID 'CDC-4' -to list should not be empty. [d:/MPSOC_YOLO/06_vivado/proj/yolo_zcu104.gen/sources_1/bd/system/ip/system_sc_ctrl_0/bd_0/ip/ip_7/bd_73a6_srn_0_clocks.xdc:167]
WARNING: [Vivado_Tcl 4-921] Waiver ID 'CDC-4' -to list should not be empty. [d:/MPSOC_YOLO/06_vivado/proj/yolo_zcu104.gen/sources_1/bd/system/ip/system_sc_ctrl_0/bd_0/ip/ip_7/bd_73a6_srn_0_clocks.xdc:171]
WARNING: [Vivado_Tcl 4-921] Waiver ID 'CDC-4' -to list should not be empty. [d:/MPSOC_YOLO/06_vivado/proj/yolo_zcu104.gen/sources_1/bd/system/ip/system_sc_ctrl_0/bd_0/ip/ip_7/bd_73a6_srn_0_clocks.xdc:174]
WARNING: [Vivado_Tcl 4-921] Waiver ID 'CDC-1' -to list should not be empty. [d:/MPSOC_YOLO/06_vivado/proj/yolo_zcu104.gen/sources_1/bd/system/ip/system_sc_ctrl_0/bd_0/ip/ip_7/bd_73a6_srn_0_clocks.xdc:178]
WARNING: [Vivado_Tcl 4-935] Waiver ID 'CDC-1' is a duplicate and will not be added again. [d:/MPSOC_YOLO/06_vivado/proj/yolo_zcu104.gen/sources_1/bd/system/ip/system_sc_ctrl_0/bd_0/ip/ip_7/bd_73a6_srn_0_clocks.xdc:181]
WARNING: [Vivado_Tcl 4-921] Waiver ID 'CDC-13' -to list should not be empty. [d:/MPSOC_YOLO/06_vivado/proj/yolo_zcu104.gen/sources_1/bd/system/ip/system_sc_ctrl_0/bd_0/ip/ip_7/bd_73a6_srn_0_clocks.xdc:184]
Finished Parsing XDC File [d:/MPSOC_YOLO/06_vivado/proj/yolo_zcu104.gen/sources_1/bd/system/ip/system_sc_ctrl_0/bd_0/ip/ip_7/bd_73a6_srn_0_clocks.xdc] for cell 'system_i/sc_ctrl/inst/s00_nodes/s00_r_node/inst'
Parsing XDC File [d:/MPSOC_YOLO/06_vivado/proj/yolo_zcu104.gen/sources_1/bd/system/ip/system_sc_ctrl_0/bd_0/ip/ip_8/bd_73a6_sawn_0_clocks.xdc] for cell 'system_i/sc_ctrl/inst/s00_nodes/s00_aw_node/inst'
WARNING: [Vivado_Tcl 4-921] Waiver ID 'CDC-1' -to list should not be empty. [d:/MPSOC_YOLO/06_vivado/proj/yolo_zcu104.gen/sources_1/bd/system/ip/system_sc_ctrl_0/bd_0/ip/ip_8/bd_73a6_sawn_0_clocks.xdc:49]
WARNING: [Vivado_Tcl 4-921] Waiver ID 'CDC-1' -to list should not be empty. [d:/MPSOC_YOLO/06_vivado/proj/yolo_zcu104.gen/sources_1/bd/system/ip/system_sc_ctrl_0/bd_0/ip/ip_8/bd_73a6_sawn_0_clocks.xdc:52]
WARNING: [Vivado_Tcl 4-921] Waiver ID 'CDC-1' -to list should not be empty. [d:/MPSOC_YOLO/06_vivado/proj/yolo_zcu104.gen/sources_1/bd/system/ip/system_sc_ctrl_0/bd_0/ip/ip_8/bd_73a6_sawn_0_clocks.xdc:55]
WARNING: [Vivado_Tcl 4-921] Waiver ID 'CDC-1' -to list should not be empty. [d:/MPSOC_YOLO/06_vivado/proj/yolo_zcu104.gen/sources_1/bd/system/ip/system_sc_ctrl_0/bd_0/ip/ip_8/bd_73a6_sawn_0_clocks.xdc:59]
WARNING: [Vivado_Tcl 4-921] Waiver ID 'CDC-1' -to list should not be empty. [d:/MPSOC_YOLO/06_vivado/proj/yolo_zcu104.gen/sources_1/bd/system/ip/system_sc_ctrl_0/bd_0/ip/ip_8/bd_73a6_sawn_0_clocks.xdc:66]
WARNING: [Vivado_Tcl 4-921] Waiver ID 'CDC-1' -to list should not be empty. [d:/MPSOC_YOLO/06_vivado/proj/yolo_zcu104.gen/sources_1/bd/system/ip/system_sc_ctrl_0/bd_0/ip/ip_8/bd_73a6_sawn_0_clocks.xdc:70]
WARNING: [Vivado_Tcl 4-921] Waiver ID 'CDC-1' -to list should not be empty. [d:/MPSOC_YOLO/06_vivado/proj/yolo_zcu104.gen/sources_1/bd/system/ip/system_sc_ctrl_0/bd_0/ip/ip_8/bd_73a6_sawn_0_clocks.xdc:82]
WARNING: [Vivado_Tcl 4-921] Waiver ID 'CDC-4' -to list should not be empty. [d:/MPSOC_YOLO/06_vivado/proj/yolo_zcu104.gen/sources_1/bd/system/ip/system_sc_ctrl_0/bd_0/ip/ip_8/bd_73a6_sawn_0_clocks.xdc:85]
WARNING: [Vivado_Tcl 4-921] Waiver ID 'CDC-4' -to list should not be empty. [d:/MPSOC_YOLO/06_vivado/proj/yolo_zcu104.gen/sources_1/bd/system/ip/system_sc_ctrl_0/bd_0/ip/ip_8/bd_73a6_sawn_0_clocks.xdc:88]
WARNING: [Vivado_Tcl 4-921] Waiver ID 'CDC-2' -to list should not be empty. [d:/MPSOC_YOLO/06_vivado/proj/yolo_zcu104.gen/sources_1/bd/system/ip/system_sc_ctrl_0/bd_0/ip/ip_8/bd_73a6_sawn_0_clocks.xdc:91]
WARNING: [Vivado_Tcl 4-921] Waiver ID 'CDC-2' -to list should not be empty. [d:/MPSOC_YOLO/06_vivado/proj/yolo_zcu104.gen/sources_1/bd/system/ip/system_sc_ctrl_0/bd_0/ip/ip_8/bd_73a6_sawn_0_clocks.xdc:94]
WARNING: [Vivado_Tcl 4-921] Waiver ID 'CDC-2' -to list should not be empty. [d:/MPSOC_YOLO/06_vivado/proj/yolo_zcu104.gen/sources_1/bd/system/ip/system_sc_ctrl_0/bd_0/ip/ip_8/bd_73a6_sawn_0_clocks.xdc:97]
WARNING: [Vivado_Tcl 4-921] Waiver ID 'CDC-2' -to list should not be empty. [d:/MPSOC_YOLO/06_vivado/proj/yolo_zcu104.gen/sources_1/bd/system/ip/system_sc_ctrl_0/bd_0/ip/ip_8/bd_73a6_sawn_0_clocks.xdc:100]
WARNING: [Vivado_Tcl 4-921] Waiver ID 'CDC-1' -to list should not be empty. [d:/MPSOC_YOLO/06_vivado/proj/yolo_zcu104.gen/sources_1/bd/system/ip/system_sc_ctrl_0/bd_0/ip/ip_8/bd_73a6_sawn_0_clocks.xdc:104]
WARNING: [Vivado_Tcl 4-921] Waiver ID 'CDC-10' -to list should not be empty. [d:/MPSOC_YOLO/06_vivado/proj/yolo_zcu104.gen/sources_1/bd/system/ip/system_sc_ctrl_0/bd_0/ip/ip_8/bd_73a6_sawn_0_clocks.xdc:107]
WARNING: [Vivado_Tcl 4-921] Waiver ID 'CDC-10' -to list should not be empty. [d:/MPSOC_YOLO/06_vivado/proj/yolo_zcu104.gen/sources_1/bd/system/ip/system_sc_ctrl_0/bd_0/ip/ip_8/bd_73a6_sawn_0_clocks.xdc:110]
INFO: [Common 17-14] Message 'Vivado 12-180' appears 100 times and further instances of the messages will be disabled. Use the Tcl command set_msg_config to change the current settings. [d:/MPSOC_YOLO/06_vivado/proj/yolo_zcu104.gen/sources_1/bd/system/ip/system_sc_ctrl_0/bd_0/ip/ip_8/bd_73a6_sawn_0_clocks.xdc:113]
WARNING: [Vivado_Tcl 4-921] Waiver ID 'CDC-1' -to list should not be empty. [d:/MPSOC_YOLO/06_vivado/proj/yolo_zcu104.gen/sources_1/bd/system/ip/system_sc_ctrl_0/bd_0/ip/ip_8/bd_73a6_sawn_0_clocks.xdc:113]
WARNING: [Vivado_Tcl 4-921] Waiver ID 'CDC-1' -to list should not be empty. [d:/MPSOC_YOLO/06_vivado/proj/yolo_zcu104.gen/sources_1/bd/system/ip/system_sc_ctrl_0/bd_0/ip/ip_8/bd_73a6_sawn_0_clocks.xdc:116]
WARNING: [Vivado_Tcl 4-921] Waiver ID 'CDC-13' -to list should not be empty. [d:/MPSOC_YOLO/06_vivado/proj/yolo_zcu104.gen/sources_1/bd/system/ip/system_sc_ctrl_0/bd_0/ip/ip_8/bd_73a6_sawn_0_clocks.xdc:122]
WARNING: [Vivado_Tcl 4-921] Waiver ID 'CDC-1' -to list should not be empty. [d:/MPSOC_YOLO/06_vivado/proj/yolo_zcu104.gen/sources_1/bd/system/ip/system_sc_ctrl_0/bd_0/ip/ip_8/bd_73a6_sawn_0_clocks.xdc:125]
WARNING: [Vivado_Tcl 4-921] Waiver ID 'CDC-1' -to list should not be empty. [d:/MPSOC_YOLO/06_vivado/proj/yolo_zcu104.gen/sources_1/bd/system/ip/system_sc_ctrl_0/bd_0/ip/ip_8/bd_73a6_sawn_0_clocks.xdc:128]
WARNING: [Vivado_Tcl 4-921] Waiver ID 'CDC-13' -to list should not be empty. [d:/MPSOC_YOLO/06_vivado/proj/yolo_zcu104.gen/sources_1/bd/system/ip/system_sc_ctrl_0/bd_0/ip/ip_8/bd_73a6_sawn_0_clocks.xdc:131]
WARNING: [Vivado_Tcl 4-921] Waiver ID 'CDC-1' -to list should not be empty. [d:/MPSOC_YOLO/06_vivado/proj/yolo_zcu104.gen/sources_1/bd/system/ip/system_sc_ctrl_0/bd_0/ip/ip_8/bd_73a6_sawn_0_clocks.xdc:134]
INFO: [Common 17-14] Message 'Vivado_Tcl 4-921' appears 100 times and further instances of the messages will be disabled. Use the Tcl command set_msg_config to change the current settings. [d:/MPSOC_YOLO/06_vivado/proj/yolo_zcu104.gen/sources_1/bd/system/ip/system_sc_ctrl_0/bd_0/ip/ip_8/bd_73a6_sawn_0_clocks.xdc:134]
WARNING: [Vivado_Tcl 4-935] Waiver ID 'CDC-1' is a duplicate and will not be added again. [d:/MPSOC_YOLO/06_vivado/proj/yolo_zcu104.gen/sources_1/bd/system/ip/system_sc_ctrl_0/bd_0/ip/ip_8/bd_73a6_sawn_0_clocks.xdc:181]
Finished Parsing XDC File [d:/MPSOC_YOLO/06_vivado/proj/yolo_zcu104.gen/sources_1/bd/system/ip/system_sc_ctrl_0/bd_0/ip/ip_8/bd_73a6_sawn_0_clocks.xdc] for cell 'system_i/sc_ctrl/inst/s00_nodes/s00_aw_node/inst'
Parsing XDC File [d:/MPSOC_YOLO/06_vivado/proj/yolo_zcu104.gen/sources_1/bd/system/ip/system_sc_ctrl_0/bd_0/ip/ip_9/bd_73a6_swn_0_clocks.xdc] for cell 'system_i/sc_ctrl/inst/s00_nodes/s00_w_node/inst'
WARNING: [Vivado_Tcl 4-935] Waiver ID 'CDC-1' is a duplicate and will not be added again. [d:/MPSOC_YOLO/06_vivado/proj/yolo_zcu104.gen/sources_1/bd/system/ip/system_sc_ctrl_0/bd_0/ip/ip_9/bd_73a6_swn_0_clocks.xdc:181]
Finished Parsing XDC File [d:/MPSOC_YOLO/06_vivado/proj/yolo_zcu104.gen/sources_1/bd/system/ip/system_sc_ctrl_0/bd_0/ip/ip_9/bd_73a6_swn_0_clocks.xdc] for cell 'system_i/sc_ctrl/inst/s00_nodes/s00_w_node/inst'
Parsing XDC File [d:/MPSOC_YOLO/06_vivado/proj/yolo_zcu104.gen/sources_1/bd/system/ip/system_sc_ctrl_0/bd_0/ip/ip_10/bd_73a6_sbn_0_clocks.xdc] for cell 'system_i/sc_ctrl/inst/s00_nodes/s00_b_node/inst'
WARNING: [Vivado_Tcl 4-935] Waiver ID 'CDC-1' is a duplicate and will not be added again. [d:/MPSOC_YOLO/06_vivado/proj/yolo_zcu104.gen/sources_1/bd/system/ip/system_sc_ctrl_0/bd_0/ip/ip_10/bd_73a6_sbn_0_clocks.xdc:181]
Finished Parsing XDC File [d:/MPSOC_YOLO/06_vivado/proj/yolo_zcu104.gen/sources_1/bd/system/ip/system_sc_ctrl_0/bd_0/ip/ip_10/bd_73a6_sbn_0_clocks.xdc] for cell 'system_i/sc_ctrl/inst/s00_nodes/s00_b_node/inst'
Parsing XDC File [d:/MPSOC_YOLO/06_vivado/proj/yolo_zcu104.gen/sources_1/bd/system/ip/system_sc_ctrl_0/smartconnect.xdc] for cell 'system_i/sc_ctrl/inst'
WARNING: [Vivado_Tcl 4-919] Waiver ID 'CDC-1' -from list should not be empty. [d:/MPSOC_YOLO/06_vivado/proj/yolo_zcu104.gen/sources_1/bd/system/ip/system_sc_ctrl_0/smartconnect.xdc:1]
WARNING: [Vivado_Tcl 4-919] Waiver ID 'CDC-1' -from list should not be empty. [d:/MPSOC_YOLO/06_vivado/proj/yolo_zcu104.gen/sources_1/bd/system/ip/system_sc_ctrl_0/smartconnect.xdc:2]
WARNING: [Vivado_Tcl 4-919] Waiver ID 'CDC-1' -from list should not be empty. [d:/MPSOC_YOLO/06_vivado/proj/yolo_zcu104.gen/sources_1/bd/system/ip/system_sc_ctrl_0/smartconnect.xdc:6]
Finished Parsing XDC File [d:/MPSOC_YOLO/06_vivado/proj/yolo_zcu104.gen/sources_1/bd/system/ip/system_sc_ctrl_0/smartconnect.xdc] for cell 'system_i/sc_ctrl/inst'
Parsing XDC File [d:/MPSOC_YOLO/06_vivado/proj/yolo_zcu104.gen/sources_1/bd/system/ip/system_sc_mem_0/bd_0/ip/ip_1/bd_0182_psr_aclk_0_board.xdc] for cell 'system_i/sc_mem/inst/clk_map/psr_aclk/U0'
Finished Parsing XDC File [d:/MPSOC_YOLO/06_vivado/proj/yolo_zcu104.gen/sources_1/bd/system/ip/system_sc_mem_0/bd_0/ip/ip_1/bd_0182_psr_aclk_0_board.xdc] for cell 'system_i/sc_mem/inst/clk_map/psr_aclk/U0'
Parsing XDC File [d:/MPSOC_YOLO/06_vivado/proj/yolo_zcu104.gen/sources_1/bd/system/ip/system_sc_mem_0/bd_0/ip/ip_1/bd_0182_psr_aclk_0.xdc] for cell 'system_i/sc_mem/inst/clk_map/psr_aclk/U0'
Finished Parsing XDC File [d:/MPSOC_YOLO/06_vivado/proj/yolo_zcu104.gen/sources_1/bd/system/ip/system_sc_mem_0/bd_0/ip/ip_1/bd_0182_psr_aclk_0.xdc] for cell 'system_i/sc_mem/inst/clk_map/psr_aclk/U0'
Parsing XDC File [d:/MPSOC_YOLO/06_vivado/proj/yolo_zcu104.gen/sources_1/bd/system/ip/system_sc_mem_0/bd_0/ip/ip_6/bd_0182_sarn_0_clocks.xdc] for cell 'system_i/sc_mem/inst/s00_nodes/s00_ar_node/inst'
Finished Parsing XDC File [d:/MPSOC_YOLO/06_vivado/proj/yolo_zcu104.gen/sources_1/bd/system/ip/system_sc_mem_0/bd_0/ip/ip_6/bd_0182_sarn_0_clocks.xdc] for cell 'system_i/sc_mem/inst/s00_nodes/s00_ar_node/inst'
Parsing XDC File [d:/MPSOC_YOLO/06_vivado/proj/yolo_zcu104.gen/sources_1/bd/system/ip/system_sc_mem_0/bd_0/ip/ip_7/bd_0182_srn_0_clocks.xdc] for cell 'system_i/sc_mem/inst/s00_nodes/s00_r_node/inst'
Finished Parsing XDC File [d:/MPSOC_YOLO/06_vivado/proj/yolo_zcu104.gen/sources_1/bd/system/ip/system_sc_mem_0/bd_0/ip/ip_7/bd_0182_srn_0_clocks.xdc] for cell 'system_i/sc_mem/inst/s00_nodes/s00_r_node/inst'
Parsing XDC File [d:/MPSOC_YOLO/06_vivado/proj/yolo_zcu104.gen/sources_1/bd/system/ip/system_sc_mem_0/bd_0/ip/ip_8/bd_0182_sawn_0_clocks.xdc] for cell 'system_i/sc_mem/inst/s00_nodes/s00_aw_node/inst'
Finished Parsing XDC File [d:/MPSOC_YOLO/06_vivado/proj/yolo_zcu104.gen/sources_1/bd/system/ip/system_sc_mem_0/bd_0/ip/ip_8/bd_0182_sawn_0_clocks.xdc] for cell 'system_i/sc_mem/inst/s00_nodes/s00_aw_node/inst'
Parsing XDC File [d:/MPSOC_YOLO/06_vivado/proj/yolo_zcu104.gen/sources_1/bd/system/ip/system_sc_mem_0/bd_0/ip/ip_9/bd_0182_swn_0_clocks.xdc] for cell 'system_i/sc_mem/inst/s00_nodes/s00_w_node/inst'
Finished Parsing XDC File [d:/MPSOC_YOLO/06_vivado/proj/yolo_zcu104.gen/sources_1/bd/system/ip/system_sc_mem_0/bd_0/ip/ip_9/bd_0182_swn_0_clocks.xdc] for cell 'system_i/sc_mem/inst/s00_nodes/s00_w_node/inst'
Parsing XDC File [d:/MPSOC_YOLO/06_vivado/proj/yolo_zcu104.gen/sources_1/bd/system/ip/system_sc_mem_0/bd_0/ip/ip_10/bd_0182_sbn_0_clocks.xdc] for cell 'system_i/sc_mem/inst/s00_nodes/s00_b_node/inst'
Finished Parsing XDC File [d:/MPSOC_YOLO/06_vivado/proj/yolo_zcu104.gen/sources_1/bd/system/ip/system_sc_mem_0/bd_0/ip/ip_10/bd_0182_sbn_0_clocks.xdc] for cell 'system_i/sc_mem/inst/s00_nodes/s00_b_node/inst'
Parsing XDC File [d:/MPSOC_YOLO/06_vivado/proj/yolo_zcu104.gen/sources_1/bd/system/ip/system_sc_mem_0/smartconnect.xdc] for cell 'system_i/sc_mem/inst'
WARNING: [Vivado_Tcl 4-919] Waiver ID 'CDC-1' -from list should not be empty. [d:/MPSOC_YOLO/06_vivado/proj/yolo_zcu104.gen/sources_1/bd/system/ip/system_sc_mem_0/smartconnect.xdc:1]
Finished Parsing XDC File [d:/MPSOC_YOLO/06_vivado/proj/yolo_zcu104.gen/sources_1/bd/system/ip/system_sc_mem_0/smartconnect.xdc] for cell 'system_i/sc_mem/inst'
INFO: [Project 1-1714] 32 XPM XDC files have been applied to the design.
INFO: [Opt 31-138] Pushed 0 inverter(s) to 0 load pin(s).
INFO: [Project 1-1687] 453 scoped IP constraints or related sub-commands were skipped due to synthesis logic optimizations usually triggered by constant connectivity or unconnected output pins. To review the skipped constraints and messages, run the command 'set_param netlist.IPMsgFiltering false' before opening the design.
Netlist sorting complete. Time (s): cpu = 00:00:00 ; elapsed = 00:00:00.015 . Memory (MB): peak = 3522.332 ; gain = 0.000
INFO: [Project 1-111] Unisim Transformation Summary:
  A total of 217 instances were transformed.
  DSP48E2 => DSP48E2 (DSP_ALU, DSP_A_B_DATA, DSP_C_DATA, DSP_MULTIPLIER, DSP_M_DATA, DSP_OUTPUT, DSP_PREADD, DSP_PREADD_DATA): 37 instances
  RAM32M => RAM32M (RAMD32(x6), RAMS32(x2)): 1 instance 
  RAM32M16 => RAM32M16 (RAMD32(x14), RAMS32(x2)): 51 instances
  RAM32X1S => RAM32X1S (RAMS32): 128 instances

14 Infos, 109 Warnings, 0 Critical Warnings and 0 Errors encountered.
link_design completed successfully
link_design: Time (s): cpu = 00:00:48 ; elapsed = 00:00:55 . Memory (MB): peak = 3522.332 ; gain = 2551.355
Command: opt_design
Attempting to get a license for feature 'Implementation' and/or device 'xczu7ev'
INFO: [Common 17-349] Got license for feature 'Implementation' and/or device 'xczu7ev'
Running DRC as a precondition to command opt_design

Starting DRC Task
INFO: [DRC 23-27] Running DRC with 4 threads
INFO: [Project 1-461] DRC finished with 0 Errors
INFO: [Project 1-462] Please refer to the DRC report (report_drc) for more information.

Time (s): cpu = 00:00:02 ; elapsed = 00:00:01 . Memory (MB): peak = 3522.332 ; gain = 0.000

Starting Cache Timing Information Task
INFO: [Timing 38-35] Done setting XDC timing constraints.
Ending Cache Timing Information Task | Checksum: 1340ef6fc

Time (s): cpu = 00:00:17 ; elapsed = 00:00:07 . Memory (MB): peak = 3522.332 ; gain = 0.000

Starting Logic Optimization Task

Phase 1 Initialization

Phase 1.1 Core Generation And Design Setup
Phase 1.1 Core Generation And Design Setup | Checksum: 1340ef6fc

Time (s): cpu = 00:00:00 ; elapsed = 00:00:00.018 . Memory (MB): peak = 3845.473 ; gain = 0.000

Phase 1.2 Setup Constraints And Sort Netlist
Phase 1.2 Setup Constraints And Sort Netlist | Checksum: 1340ef6fc

Time (s): cpu = 00:00:00 ; elapsed = 00:00:00.053 . Memory (MB): peak = 3845.473 ; gain = 0.000
Phase 1 Initialization | Checksum: 1340ef6fc

Time (s): cpu = 00:00:00 ; elapsed = 00:00:00.060 . Memory (MB): peak = 3845.473 ; gain = 0.000

Phase 2 Timer Update And Timing Data Collection

Phase 2.1 Timer Update
Phase 2.1 Timer Update | Checksum: 1340ef6fc

Time (s): cpu = 00:00:03 ; elapsed = 00:00:01 . Memory (MB): peak = 3954.402 ; gain = 108.930

Phase 2.2 Timing Data Collection
Phase 2.2 Timing Data Collection | Checksum: 1340ef6fc

Time (s): cpu = 00:00:04 ; elapsed = 00:00:01 . Memory (MB): peak = 3954.402 ; gain = 108.930
Phase 2 Timer Update And Timing Data Collection | Checksum: 1340ef6fc

Time (s): cpu = 00:00:04 ; elapsed = 00:00:01 . Memory (MB): peak = 3954.402 ; gain = 108.930

Phase 3 Retarget
INFO: [Opt 31-1834] Total Chains To Be Transformed Were: 0 AND Number of Transformed insts Created are: 0
INFO: [Opt 31-1566] Pulled 2 inverters resulting in an inversion of 8 pins
INFO: [Opt 31-138] Pushed 56 inverter(s) to 2332 load pin(s).
INFO: [Opt 31-49] Retargeted 0 cell(s).
Phase 3 Retarget | Checksum: 1ad6efcc9

Time (s): cpu = 00:00:05 ; elapsed = 00:00:03 . Memory (MB): peak = 3954.402 ; gain = 108.930
Retarget | Checksum: 1ad6efcc9
INFO: [Opt 31-389] Phase Retarget created 0 cells and removed 320 cells
INFO: [Opt 31-1021] In phase Retarget, 41 netlist objects are constrained preventing optimization. Please run opt_design with -debug_log to get more detail. 

Phase 4 Constant propagation
INFO: [Opt 31-138] Pushed 1 inverter(s) to 1 load pin(s).
Phase 4 Constant propagation | Checksum: 19b5ead56

Time (s): cpu = 00:00:06 ; elapsed = 00:00:03 . Memory (MB): peak = 3954.402 ; gain = 108.930
Constant propagation | Checksum: 19b5ead56
INFO: [Opt 31-389] Phase Constant propagation created 26 cells and removed 66 cells
INFO: [Opt 31-1021] In phase Constant propagation, 41 netlist objects are constrained preventing optimization. Please run opt_design with -debug_log to get more detail. 

Phase 5 Sweep
Phase 5 Sweep | Checksum: 20229b4b4

Time (s): cpu = 00:00:07 ; elapsed = 00:00:05 . Memory (MB): peak = 3954.402 ; gain = 108.930
Sweep | Checksum: 20229b4b4
INFO: [Opt 31-389] Phase Sweep created 0 cells and removed 58 cells
INFO: [Opt 31-1021] In phase Sweep, 51 netlist objects are constrained preventing optimization. Please run opt_design with -debug_log to get more detail. 

Phase 6 BUFG optimization
INFO: [Opt 31-1077] Phase BUFG optimization inserted 0 global clock buffer(s) for CLOCK_LOW_FANOUT.
Phase 6 BUFG optimization | Checksum: 20229b4b4

Time (s): cpu = 00:00:09 ; elapsed = 00:00:06 . Memory (MB): peak = 3954.402 ; gain = 108.930
BUFG optimization | Checksum: 20229b4b4
INFO: [Opt 31-662] Phase BUFG optimization created 0 cells of which 0 are BUFGs and removed 0 cells.

Phase 7 Shift Register Optimization
INFO: [Opt 31-1064] SRL Remap converted 0 SRLs to 0 registers and converted 0 registers of register chains to 0 SRLs
Phase 7 Shift Register Optimization | Checksum: 20229b4b4

Time (s): cpu = 00:00:09 ; elapsed = 00:00:06 . Memory (MB): peak = 3954.402 ; gain = 108.930
Shift Register Optimization | Checksum: 20229b4b4
INFO: [Opt 31-389] Phase Shift Register Optimization created 0 cells and removed 0 cells

Phase 8 Post Processing Netlist
Phase 8 Post Processing Netlist | Checksum: 20229b4b4

Time (s): cpu = 00:00:10 ; elapsed = 00:00:06 . Memory (MB): peak = 3954.402 ; gain = 108.930
Post Processing Netlist | Checksum: 20229b4b4
INFO: [Opt 31-389] Phase Post Processing Netlist created 0 cells and removed 0 cells
INFO: [Opt 31-1021] In phase Post Processing Netlist, 41 netlist objects are constrained preventing optimization. Please run opt_design with -debug_log to get more detail. 

Phase 9 Finalization

Phase 9.1 Finalizing Design Cores and Updating Shapes
Phase 9.1 Finalizing Design Cores and Updating Shapes | Checksum: 2267e2ff6

Time (s): cpu = 00:00:13 ; elapsed = 00:00:09 . Memory (MB): peak = 3954.402 ; gain = 108.930

Phase 9.2 Verifying Netlist Connectivity

Starting Connectivity Check Task

Time (s): cpu = 00:00:00 ; elapsed = 00:00:00.125 . Memory (MB): peak = 3954.402 ; gain = 0.000
Phase 9.2 Verifying Netlist Connectivity | Checksum: 2267e2ff6

Time (s): cpu = 00:00:13 ; elapsed = 00:00:09 . Memory (MB): peak = 3954.402 ; gain = 108.930
Phase 9 Finalization | Checksum: 2267e2ff6

Time (s): cpu = 00:00:13 ; elapsed = 00:00:09 . Memory (MB): peak = 3954.402 ; gain = 108.930
Opt_design Change Summary
=========================


-------------------------------------------------------------------------------------------------------------------------
|  Phase                        |  #Cells created  |  #Cells Removed  |  #Constrained objects preventing optimizations  |
-------------------------------------------------------------------------------------------------------------------------
|  Retarget                     |               0  |             320  |                                             41  |
|  Constant propagation         |              26  |              66  |                                             41  |
|  Sweep                        |               0  |              58  |                                             51  |
|  BUFG optimization            |               0  |               0  |                                              0  |
|  Shift Register Optimization  |               0  |               0  |                                              0  |
|  Post Processing Netlist      |               0  |               0  |                                             41  |
-------------------------------------------------------------------------------------------------------------------------


Ending Logic Optimization Task | Checksum: 2267e2ff6

Time (s): cpu = 00:00:13 ; elapsed = 00:00:09 . Memory (MB): peak = 3954.402 ; gain = 108.930

Starting Power Optimization Task
INFO: [Pwropt 34-132] Skipping clock gating for clocks with a period < 2.00 ns.
INFO: [Pwropt 34-9] Applying IDT optimizations ...
INFO: [Pwropt 34-10] Applying ODC optimizations ...
INFO: [Timing 38-35] Done setting XDC timing constraints.
Running Vector-less Activity Propagation...

Finished Running Vector-less Activity Propagation


Starting PowerOpt Patch Enables Task
INFO: [Pwropt 34-162] WRITE_MODE attribute of 0 BRAM(s) out of a total of 97 has been updated to save power. Run report_power_opt to get a complete listing of the BRAMs updated.
INFO: [Timing 38-35] Done setting XDC timing constraints.
INFO: [Pwropt 34-201] Structural ODC has moved 29 WE to EN ports
Number of BRAM Ports augmented: 4 newly gated: 93 Total Ports: 194
Ending PowerOpt Patch Enables Task | Checksum: 240b4c9b7

Time (s): cpu = 00:00:18 ; elapsed = 00:00:08 . Memory (MB): peak = 4588.258 ; gain = 0.000
Ending Power Optimization Task | Checksum: 240b4c9b7

Time (s): cpu = 00:01:03 ; elapsed = 00:00:24 . Memory (MB): peak = 4588.258 ; gain = 633.855

Starting Final Cleanup Task

Starting Logic Optimization Task
INFO: [Timing 38-35] Done setting XDC timing constraints.
Ending Logic Optimization Task | Checksum: 16d7b5c65

Time (s): cpu = 00:00:21 ; elapsed = 00:00:10 . Memory (MB): peak = 4588.258 ; gain = 0.000
Ending Final Cleanup Task | Checksum: 16d7b5c65

Time (s): cpu = 00:00:23 ; elapsed = 00:00:12 . Memory (MB): peak = 4588.258 ; gain = 0.000

Starting Netlist Obfuscation Task
Netlist sorting complete. Time (s): cpu = 00:00:00 ; elapsed = 00:00:00.014 . Memory (MB): peak = 4588.258 ; gain = 0.000
Ending Netlist Obfuscation Task | Checksum: 16d7b5c65

Time (s): cpu = 00:00:00 ; elapsed = 00:00:00.022 . Memory (MB): peak = 4588.258 ; gain = 0.000
INFO: [Common 17-83] Releasing license: Implementation
45 Infos, 109 Warnings, 0 Critical Warnings and 0 Errors encountered.
opt_design completed successfully
opt_design: Time (s): cpu = 00:02:00 ; elapsed = 00:00:55 . Memory (MB): peak = 4588.258 ; gain = 1065.926
INFO: [Vivado 12-24828] Executing command : report_drc -file system_wrapper_drc_opted.rpt -pb system_wrapper_drc_opted.pb -rpx system_wrapper_drc_opted.rpx
Command: report_drc -file system_wrapper_drc_opted.rpt -pb system_wrapper_drc_opted.pb -rpx system_wrapper_drc_opted.rpx
INFO: [IP_Flow 19-1839] IP Catalog is up to date.
INFO: [DRC 23-27] Running DRC with 4 threads
INFO: [Vivado_Tcl 2-168] The results of DRC are in file D:/MPSOC_YOLO/06_vivado/proj/yolo_zcu104.runs/impl_1/system_wrapper_drc_opted.rpt.
report_drc completed successfully
INFO: [Timing 38-480] Writing timing data to binary archive.
Write ShapeDB Complete: Time (s): cpu = 00:00:00 ; elapsed = 00:00:00.170 . Memory (MB): peak = 4588.258 ; gain = 0.000
INFO: [Common 17-1381] The checkpoint 'D:/MPSOC_YOLO/06_vivado/proj/yolo_zcu104.runs/impl_1/system_wrapper_opt.dcp' has been generated.
write_checkpoint: Time (s): cpu = 00:00:09 ; elapsed = 00:00:07 . Memory (MB): peak = 4588.258 ; gain = 0.000
Command: place_design
Attempting to get a license for feature 'Implementation' and/or device 'xczu7ev'
INFO: [Common 17-349] Got license for feature 'Implementation' and/or device 'xczu7ev'
INFO: [Common 17-83] Releasing license: Implementation
INFO: [DRC 23-27] Running DRC with 4 threads
INFO: [Vivado_Tcl 4-198] DRC finished with 0 Errors
INFO: [Vivado_Tcl 4-199] Please refer to the DRC report (report_drc) for more information.
Running DRC as a precondition to command place_design
INFO: [DRC 23-27] Running DRC with 4 threads
INFO: [Vivado_Tcl 4-198] DRC finished with 0 Errors
INFO: [Vivado_Tcl 4-199] Please refer to the DRC report (report_drc) for more information.
INFO: [Place 30-611] Multithreading enabled for place_design using a maximum of 4 CPUs

Starting Placer Task

Phase 1 Placer Initialization

Phase 1.1 Placer Initialization Netlist Sorting
Netlist sorting complete. Time (s): cpu = 00:00:01 ; elapsed = 00:00:00.018 . Memory (MB): peak = 4588.258 ; gain = 0.000
Phase 1.1 Placer Initialization Netlist Sorting | Checksum: 12426e30e

Time (s): cpu = 00:00:01 ; elapsed = 00:00:00.039 . Memory (MB): peak = 4588.258 ; gain = 0.000
Netlist sorting complete. Time (s): cpu = 00:00:00 ; elapsed = 00:00:00.014 . Memory (MB): peak = 4588.258 ; gain = 0.000

Phase 1.2 IO Placement/ Clock Placement/ Build Placer Device
INFO: [Timing 38-35] Done setting XDC timing constraints.
Phase 1.2 IO Placement/ Clock Placement/ Build Placer Device | Checksum: 1cd6e7996

Time (s): cpu = 00:00:33 ; elapsed = 00:00:23 . Memory (MB): peak = 4751.191 ; gain = 162.934

Phase 1.3 Build Placer Netlist Model
Phase 1.3 Build Placer Netlist Model | Checksum: 243a44020

Time (s): cpu = 00:01:06 ; elapsed = 00:00:39 . Memory (MB): peak = 5019.770 ; gain = 431.512

Phase 1.4 Constrain Clocks/Macros
Phase 1.4 Constrain Clocks/Macros | Checksum: 243a44020

Time (s): cpu = 00:01:06 ; elapsed = 00:00:39 . Memory (MB): peak = 5019.770 ; gain = 431.512
Phase 1 Placer Initialization | Checksum: 243a44020

Time (s): cpu = 00:01:06 ; elapsed = 00:00:39 . Memory (MB): peak = 5019.770 ; gain = 431.512

Phase 2 Global Placement

Phase 2.1 Floorplanning

Phase 2.1.1 Partition Driven Placement

Phase 2.1.1.1 PBP: Partition Driven Placement
Phase 2.1.1.1 PBP: Partition Driven Placement | Checksum: 21a69ac6e

Time (s): cpu = 00:01:50 ; elapsed = 00:00:57 . Memory (MB): peak = 5019.770 ; gain = 431.512

Phase 2.1.1.2 PBP: Clock Region Placement
INFO: [Place 30-3162] Check ILP status : ILP-based clock placer completed successfully.
Phase 2.1.1.2 PBP: Clock Region Placement | Checksum: 2a886ce51

Time (s): cpu = 00:01:51 ; elapsed = 00:00:58 . Memory (MB): peak = 5019.770 ; gain = 431.512

Phase 2.1.1.3 PBP: Discrete Incremental
Phase 2.1.1.3 PBP: Discrete Incremental | Checksum: 226718795

Time (s): cpu = 00:01:52 ; elapsed = 00:00:58 . Memory (MB): peak = 5019.770 ; gain = 431.512

Phase 2.1.1.4 PBP: Compute Congestion
Phase 2.1.1.4 PBP: Compute Congestion | Checksum: 226718795

Time (s): cpu = 00:02:09 ; elapsed = 00:01:03 . Memory (MB): peak = 5574.766 ; gain = 986.508

Phase 2.1.1.5 PBP: Macro Placement
Phase 2.1.1.5 PBP: Macro Placement | Checksum: 2351fbfe1

Time (s): cpu = 00:02:10 ; elapsed = 00:01:04 . Memory (MB): peak = 5574.766 ; gain = 986.508

Phase 2.1.1.6 PBP: UpdateTiming
Phase 2.1.1.6 PBP: UpdateTiming | Checksum: 21b77f5bf

Time (s): cpu = 00:02:15 ; elapsed = 00:01:06 . Memory (MB): peak = 5585.160 ; gain = 996.902

Phase 2.1.1.7 PBP: Add part constraints
Phase 2.1.1.7 PBP: Add part constraints | Checksum: 21b77f5bf

Time (s): cpu = 00:02:15 ; elapsed = 00:01:06 . Memory (MB): peak = 5585.160 ; gain = 996.902
Phase 2.1.1 Partition Driven Placement | Checksum: 21b77f5bf

Time (s): cpu = 00:02:15 ; elapsed = 00:01:06 . Memory (MB): peak = 5585.160 ; gain = 996.902
Phase 2.1 Floorplanning | Checksum: 2c0bb382e

Time (s): cpu = 00:02:16 ; elapsed = 00:01:06 . Memory (MB): peak = 5585.160 ; gain = 996.902

Phase 2.2 Update Timing before SLR Path Opt
Phase 2.2 Update Timing before SLR Path Opt | Checksum: 2c0bb382e

Time (s): cpu = 00:02:16 ; elapsed = 00:01:06 . Memory (MB): peak = 5585.160 ; gain = 996.902

Phase 2.3 Post-Processing in Floorplanning
Phase 2.3 Post-Processing in Floorplanning | Checksum: 2f2e2b3b9

Time (s): cpu = 00:02:16 ; elapsed = 00:01:07 . Memory (MB): peak = 5585.160 ; gain = 996.902

Phase 2.4 Global Placement Core

Phase 2.4.1 UpdateTiming Before Physical Synthesis
Phase 2.4.1 UpdateTiming Before Physical Synthesis | Checksum: 2770fcc64

Time (s): cpu = 00:05:56 ; elapsed = 00:02:24 . Memory (MB): peak = 5981.031 ; gain = 1392.773

Phase 2.4.2 Physical Synthesis In Placer
INFO: [Physopt 32-1035] Found 0 LUTNM shape to break, 4893 LUT instances to create LUTNM shape
INFO: [Physopt 32-1044] Break lutnm for timing: one critical 0, two critical 0, total 0, new lutff created 0
INFO: [Physopt 32-1138] End 1 Pass. Optimized 2325 nets or LUTs. Breaked 0 LUT, combined 2325 existing LUTs and moved 0 existing LUT
INFO: [Physopt 32-1030] Pass 1. Identified 132 candidate driver sets for equivalent driver rewiring.
INFO: [Physopt 32-661] Optimized 91 nets.  Re-placed 421 instances.
INFO: [Physopt 32-775] End 1 Pass. Optimized 91 nets or cells. Created 0 new cell, deleted 0 existing cell and moved 421 existing cells
Netlist sorting complete. Time (s): cpu = 00:00:00 ; elapsed = 00:00:00.227 . Memory (MB): peak = 5981.031 ; gain = 0.000
INFO: [Physopt 32-65] No nets found for high-fanout optimization.
INFO: [Physopt 32-232] Optimized 0 net. Created 0 new instance.
INFO: [Physopt 32-775] End 1 Pass. Optimized 0 net or cell. Created 0 new cell, deleted 0 existing cell and moved 0 existing cell
INFO: [Physopt 32-670] No setup violation found.  DSP Register Optimization was not performed.
INFO: [Physopt 32-670] No setup violation found.  Shift Register to Pipeline Optimization was not performed.
INFO: [Physopt 32-670] No setup violation found.  Shift Register Optimization was not performed.
INFO: [Physopt 32-670] No setup violation found.  BRAM Register Optimization was not performed.
INFO: [Physopt 32-670] No setup violation found.  URAM Register Optimization was not performed.
INFO: [Physopt 32-949] No candidate nets found for dynamic/static region interface net replication
INFO: [Physopt 32-775] End 1 Pass. Optimized 0 net or cell. Created 0 new cell, deleted 0 existing cell and moved 0 existing cell
Netlist sorting complete. Time (s): cpu = 00:00:00 ; elapsed = 00:00:00.018 . Memory (MB): peak = 5981.031 ; gain = 0.000

Summary of Physical Synthesis Optimizations
============================================


-----------------------------------------------------------------------------------------------------------------------------------------------------------
|  Optimization                                     |  Added Cells  |  Removed Cells  |  Optimized Cells/Nets  |  Dont Touch  |  Iterations  |  Elapsed   |
-----------------------------------------------------------------------------------------------------------------------------------------------------------
|  LUT Combining                                    |            0  |           2325  |                  2325  |           0  |           1  |  00:00:03  |
|  Retime                                           |            0  |              0  |                     0  |           0  |           1  |  00:00:00  |
|  Equivalent Driver Rewiring                       |            0  |              0  |                    91  |           0  |           1  |  00:00:04  |
|  Very High Fanout                                 |            0  |              0  |                     0  |           0  |           1  |  00:00:00  |
|  DSP Register                                     |            0  |              0  |                     0  |           0  |           0  |  00:00:00  |
|  Shift Register to Pipeline                       |            0  |              0  |                     0  |           0  |           0  |  00:00:00  |
|  Shift Register                                   |            0  |              0  |                     0  |           0  |           0  |  00:00:00  |
|  BRAM Register                                    |            0  |              0  |                     0  |           0  |           0  |  00:00:00  |
|  URAM Register                                    |            0  |              0  |                     0  |           0  |           0  |  00:00:00  |
|  Dynamic/Static Region Interface Net Replication  |            0  |              0  |                     0  |           0  |           1  |  00:00:00  |
|  Total                                            |            0  |           2325  |                  2416  |           0  |           5  |  00:00:07  |
-----------------------------------------------------------------------------------------------------------------------------------------------------------


Phase 2.4.2 Physical Synthesis In Placer | Checksum: 1bdde628b

Time (s): cpu = 00:06:10 ; elapsed = 00:02:34 . Memory (MB): peak = 5981.031 ; gain = 1392.773
Phase 2.4 Global Placement Core | Checksum: 314968409

Time (s): cpu = 00:07:12 ; elapsed = 00:02:55 . Memory (MB): peak = 5981.031 ; gain = 1392.773
Phase 2 Global Placement | Checksum: 314968409

Time (s): cpu = 00:07:12 ; elapsed = 00:02:55 . Memory (MB): peak = 5981.031 ; gain = 1392.773

Phase 3 Detail Placement

Phase 3.1 Commit Multi Column Macros
Phase 3.1 Commit Multi Column Macros | Checksum: 2d7bfd878

Time (s): cpu = 00:07:35 ; elapsed = 00:03:02 . Memory (MB): peak = 5981.031 ; gain = 1392.773

Phase 3.2 Commit Most Macros & LUTRAMs
Phase 3.2 Commit Most Macros & LUTRAMs | Checksum: 1b2030293

Time (s): cpu = 00:07:47 ; elapsed = 00:03:09 . Memory (MB): peak = 5981.031 ; gain = 1392.773

Phase 3.3 Small Shape DP

Phase 3.3.1 Small Shape Clustering
Phase 3.3.1 Small Shape Clustering | Checksum: 28440e923

Time (s): cpu = 00:08:24 ; elapsed = 00:03:21 . Memory (MB): peak = 5981.031 ; gain = 1392.773

Phase 3.3.2 Slice Area Swap

Phase 3.3.2.1 Slice Area Swap Initial
Phase 3.3.2.1 Slice Area Swap Initial | Checksum: 1efd90733

Time (s): cpu = 00:08:44 ; elapsed = 00:03:30 . Memory (MB): peak = 5981.031 ; gain = 1392.773
Phase 3.3.2 Slice Area Swap | Checksum: 1efd90733

Time (s): cpu = 00:08:44 ; elapsed = 00:03:30 . Memory (MB): peak = 5981.031 ; gain = 1392.773
Phase 3.3 Small Shape DP | Checksum: 28b1ba281

Time (s): cpu = 00:09:26 ; elapsed = 00:03:43 . Memory (MB): peak = 5981.031 ; gain = 1392.773

Phase 3.4 Re-assign LUT pins
Phase 3.4 Re-assign LUT pins | Checksum: 2b7497c4e

Time (s): cpu = 00:09:29 ; elapsed = 00:03:46 . Memory (MB): peak = 5981.031 ; gain = 1392.773

Phase 3.5 Pipeline Register Optimization
Phase 3.5 Pipeline Register Optimization | Checksum: 22daf054f

Time (s): cpu = 00:09:30 ; elapsed = 00:03:47 . Memory (MB): peak = 5981.031 ; gain = 1392.773
Phase 3 Detail Placement | Checksum: 22daf054f

Time (s): cpu = 00:09:30 ; elapsed = 00:03:47 . Memory (MB): peak = 5981.031 ; gain = 1392.773

Phase 4 Post Placement Optimization and Clean-Up

Phase 4.1 Post Commit Optimization
INFO: [Timing 38-35] Done setting XDC timing constraints.

Phase 4.1.1 Post Placement Optimization
Post Placement Optimization Initialization | Checksum: 24317c8dc

Phase 4.1.1.1 BUFG Insertion

Starting Physical Synthesis Task

Phase 1 Physical Synthesis Initialization
INFO: [Physopt 32-721] Multithreading enabled for phys_opt_design using a maximum of 4 CPUs
INFO: [Physopt 32-619] Estimated Timing Summary | WNS=0.555 | TNS=0.000 |
Phase 1 Physical Synthesis Initialization | Checksum: 198674b80

Time (s): cpu = 00:00:02 ; elapsed = 00:00:00.981 . Memory (MB): peak = 5981.031 ; gain = 0.000
INFO: [Place 46-35] Processed net system_i/rst_pl0/U0/peripheral_aresetn[0], inserted BUFG to drive 2141 loads.
INFO: [Place 46-45] Replicated bufg driver system_i/rst_pl0/U0/ACTIVE_LOW_PR_OUT_DFF[0].FDRE_PER_N_replica
INFO: [Place 46-35] Processed net system_i/yolo_accel/inst/u_core/u_eng/p_1_in7_in, inserted BUFG to drive 1024 loads.
INFO: [Place 46-45] Replicated bufg driver system_i/yolo_accel/inst/u_core/u_eng/q_v_reg[2]__0_replica
INFO: [Place 46-35] Processed net system_i/yolo_accel/inst/u_core/u_eng/acc_out, inserted BUFG to drive 1024 loads.
INFO: [Place 46-56] BUFG insertion identified 3 candidate nets. Inserted BUFG: 3, Replicated BUFG Driver: 2, Skipped due to Placement/Routing Conflicts: 0, Skipped due to Timing Degradation: 0, Skipped due to netlist editing failed: 0.
Ending Physical Synthesis Task | Checksum: 21cb93738

Time (s): cpu = 00:00:06 ; elapsed = 00:00:03 . Memory (MB): peak = 5981.031 ; gain = 0.000
Phase 4.1.1.1 BUFG Insertion | Checksum: 26ee2aed7

Time (s): cpu = 00:10:42 ; elapsed = 00:04:17 . Memory (MB): peak = 5981.031 ; gain = 1392.773

Phase 4.1.1.2 Post Placement Timing Optimization
INFO: [Place 30-746] Post Placement Timing Summary WNS=0.555. For the most accurate timing information please run report_timing.
Phase 4.1.1.2 Post Placement Timing Optimization | Checksum: 2fc631bf4

Time (s): cpu = 00:10:43 ; elapsed = 00:04:17 . Memory (MB): peak = 5981.031 ; gain = 1392.773

Time (s): cpu = 00:10:43 ; elapsed = 00:04:17 . Memory (MB): peak = 5981.031 ; gain = 1392.773
Phase 4.1 Post Commit Optimization | Checksum: 2fc631bf4

Time (s): cpu = 00:10:43 ; elapsed = 00:04:18 . Memory (MB): peak = 5981.031 ; gain = 1392.773
Netlist sorting complete. Time (s): cpu = 00:00:00 ; elapsed = 00:00:00.158 . Memory (MB): peak = 6052.688 ; gain = 0.000

Phase 4.2 Post Placement Cleanup
Phase 4.2 Post Placement Cleanup | Checksum: 2d67e6afe

Time (s): cpu = 00:11:04 ; elapsed = 00:04:26 . Memory (MB): peak = 6052.688 ; gain = 1464.430

Phase 4.3 Placer Reporting

Phase 4.3.1 Print Estimated Congestion
INFO: [Place 30-612] Post-Placement Estimated Congestion 
 ________________________________________________________________________
|           | Global Congestion | Long Congestion   | Short Congestion  |
| Direction | Region Size       | Region Size       | Region Size       |
|___________|___________________|___________________|___________________|
|      North|                1x1|                1x1|                1x1|
|___________|___________________|___________________|___________________|
|      South|                1x1|                1x1|                2x2|
|___________|___________________|___________________|___________________|
|       East|                1x1|                8x8|                2x2|
|___________|___________________|___________________|___________________|
|       West|                1x1|                1x1|                1x1|
|___________|___________________|___________________|___________________|

Phase 4.3.1 Print Estimated Congestion | Checksum: 2d67e6afe

Time (s): cpu = 00:11:05 ; elapsed = 00:04:27 . Memory (MB): peak = 6052.688 ; gain = 1464.430
Phase 4.3 Placer Reporting | Checksum: 2d67e6afe

Time (s): cpu = 00:11:05 ; elapsed = 00:04:27 . Memory (MB): peak = 6052.688 ; gain = 1464.430

Phase 4.4 Final Placement Cleanup
Netlist sorting complete. Time (s): cpu = 00:00:00 ; elapsed = 00:00:00.017 . Memory (MB): peak = 6052.688 ; gain = 0.000

Time (s): cpu = 00:11:05 ; elapsed = 00:04:27 . Memory (MB): peak = 6052.688 ; gain = 1464.430
Phase 4 Post Placement Optimization and Clean-Up | Checksum: 2e67994ff

Time (s): cpu = 00:11:05 ; elapsed = 00:04:28 . Memory (MB): peak = 6052.688 ; gain = 1464.430
Ending Placer Task | Checksum: 206a9002d

Time (s): cpu = 00:11:06 ; elapsed = 00:04:28 . Memory (MB): peak = 6052.688 ; gain = 1464.430
89 Infos, 109 Warnings, 0 Critical Warnings and 0 Errors encountered.
place_design completed successfully
place_design: Time (s): cpu = 00:11:11 ; elapsed = 00:04:30 . Memory (MB): peak = 6052.688 ; gain = 1464.430
INFO: [Vivado 12-24838] Running report commands "report_control_sets, report_io, report_utilization" in parallel.
Running report generation with 3 threads.
INFO: [Vivado 12-24828] Executing command : report_control_sets -verbose -file system_wrapper_control_sets_placed.rpt
report_control_sets: Time (s): cpu = 00:00:00 ; elapsed = 00:00:00.077 . Memory (MB): peak = 6052.688 ; gain = 0.000
INFO: [Vivado 12-24828] Executing command : report_io -file system_wrapper_io_placed.rpt
report_io: Time (s): cpu = 00:00:00 ; elapsed = 00:00:00.133 . Memory (MB): peak = 6052.688 ; gain = 0.000
INFO: [Vivado 12-24828] Executing command : report_utilization -file system_wrapper_utilization_placed.rpt -pb system_wrapper_utilization_placed.pb
INFO: [Timing 38-480] Writing timing data to binary archive.
Write ShapeDB Complete: Time (s): cpu = 00:00:01 ; elapsed = 00:00:00.271 . Memory (MB): peak = 6052.688 ; gain = 0.000
Wrote PlaceDB: Time (s): cpu = 00:00:11 ; elapsed = 00:00:04 . Memory (MB): peak = 6052.688 ; gain = 0.000
Wrote PulsedLatchDB: Time (s): cpu = 00:00:00 ; elapsed = 00:00:00 . Memory (MB): peak = 6052.688 ; gain = 0.000
Writing XDEF routing.
Writing XDEF routing logical nets.
Writing XDEF routing special nets.
Wrote RouteStorage: Time (s): cpu = 00:00:00 ; elapsed = 00:00:00.156 . Memory (MB): peak = 6052.688 ; gain = 0.000
Wrote Netlist Cache: Time (s): cpu = 00:00:01 ; elapsed = 00:00:00.137 . Memory (MB): peak = 6052.688 ; gain = 0.000
Wrote Device Cache: Time (s): cpu = 00:00:00 ; elapsed = 00:00:00.019 . Memory (MB): peak = 6052.688 ; gain = 0.000
Write Physdb Complete: Time (s): cpu = 00:00:12 ; elapsed = 00:00:05 . Memory (MB): peak = 6052.688 ; gain = 0.000
INFO: [Common 17-1381] The checkpoint 'D:/MPSOC_YOLO/06_vivado/proj/yolo_zcu104.runs/impl_1/system_wrapper_placed.dcp' has been generated.
write_checkpoint: Time (s): cpu = 00:00:25 ; elapsed = 00:00:12 . Memory (MB): peak = 6052.688 ; gain = 0.000
Command: phys_opt_design
Attempting to get a license for feature 'Implementation' and/or device 'xczu7ev'
INFO: [Common 17-349] Got license for feature 'Implementation' and/or device 'xczu7ev'

Starting Initial Update Timing Task

Time (s): cpu = 00:00:31 ; elapsed = 00:00:12 . Memory (MB): peak = 6052.688 ; gain = 0.000
INFO: [Vivado_Tcl 4-2279] Estimated Timing Summary | WNS= 0.555 | TNS= 0.000 | 
INFO: [Vivado_Tcl 4-383] Design worst setup slack (WNS) is greater than or equal to 0.000 ns. All physical synthesis setup optimizations will be skipped.
INFO: [Vivado_Tcl 4-232] No setup violation found. The netlist was not modified.
INFO: [Common 17-83] Releasing license: Implementation
100 Infos, 109 Warnings, 0 Critical Warnings and 0 Errors encountered.
phys_opt_design completed successfully
phys_opt_design: Time (s): cpu = 00:00:32 ; elapsed = 00:00:13 . Memory (MB): peak = 6052.688 ; gain = 0.000
INFO: [Timing 38-480] Writing timing data to binary archive.
Write ShapeDB Complete: Time (s): cpu = 00:00:01 ; elapsed = 00:00:00.227 . Memory (MB): peak = 6052.688 ; gain = 0.000
Wrote PlaceDB: Time (s): cpu = 00:00:11 ; elapsed = 00:00:04 . Memory (MB): peak = 6052.688 ; gain = 0.000
Wrote PulsedLatchDB: Time (s): cpu = 00:00:00 ; elapsed = 00:00:00 . Memory (MB): peak = 6052.688 ; gain = 0.000
Writing XDEF routing.
Writing XDEF routing logical nets.
Writing XDEF routing special nets.
Wrote RouteStorage: Time (s): cpu = 00:00:00 ; elapsed = 00:00:00.136 . Memory (MB): peak = 6052.688 ; gain = 0.000
Wrote Netlist Cache: Time (s): cpu = 00:00:00 ; elapsed = 00:00:00.120 . Memory (MB): peak = 6052.688 ; gain = 0.000
Wrote Device Cache: Time (s): cpu = 00:00:00 ; elapsed = 00:00:00.019 . Memory (MB): peak = 6052.688 ; gain = 0.000
Write Physdb Complete: Time (s): cpu = 00:00:12 ; elapsed = 00:00:05 . Memory (MB): peak = 6052.688 ; gain = 0.000
INFO: [Common 17-1381] The checkpoint 'D:/MPSOC_YOLO/06_vivado/proj/yolo_zcu104.runs/impl_1/system_wrapper_physopt.dcp' has been generated.
write_checkpoint: Time (s): cpu = 00:00:14 ; elapsed = 00:00:08 . Memory (MB): peak = 6052.688 ; gain = 0.000
Command: route_design
Attempting to get a license for feature 'Implementation' and/or device 'xczu7ev'
INFO: [Common 17-349] Got license for feature 'Implementation' and/or device 'xczu7ev'
Running DRC as a precondition to command route_design
INFO: [DRC 23-27] Running DRC with 4 threads
INFO: [Vivado_Tcl 4-198] DRC finished with 0 Errors
INFO: [Vivado_Tcl 4-199] Please refer to the DRC report (report_drc) for more information.


Starting Routing Task
INFO: [Route 35-254] Multithreading enabled for route_design using a maximum of 8 CPUs

Phase 1 Build RT Design
Checksum: PlaceDB: efbbf2d7 ConstDB: 0 ShapeSum: 405250ca RouteDB: d69abc8c
Nodegraph reading from file.  Time (s): cpu = 00:00:01 ; elapsed = 00:00:01 . Memory (MB): peak = 6052.688 ; gain = 0.000
Post Restoration Checksum: NetGraph: 68e94e94 | NumContArr: ef5427f1 | Constraints: ca093b26 | Timing: c2a8fa9d
Phase 1 Build RT Design | Checksum: 2e4efac48

Time (s): cpu = 00:00:43 ; elapsed = 00:00:14 . Memory (MB): peak = 6052.688 ; gain = 0.000

Phase 2 Router Initialization

Phase 2.1 Fix Topology Constraints
Phase 2.1 Fix Topology Constraints | Checksum: 2e4efac48

Time (s): cpu = 00:00:44 ; elapsed = 00:00:14 . Memory (MB): peak = 6052.688 ; gain = 0.000

Phase 2.2 Pre Route Cleanup
Phase 2.2 Pre Route Cleanup | Checksum: 2e4efac48

Time (s): cpu = 00:00:44 ; elapsed = 00:00:14 . Memory (MB): peak = 6052.688 ; gain = 0.000

Phase 2.3 Global Clock Net Routing
 Number of Nodes with overlaps = 0
Phase 2.3 Global Clock Net Routing | Checksum: 33a8905b2

Time (s): cpu = 00:00:50 ; elapsed = 00:00:17 . Memory (MB): peak = 6052.688 ; gain = 0.000

Phase 2.4 Update Timing
Phase 2.4 Update Timing | Checksum: 27a89bea0

Time (s): cpu = 00:01:09 ; elapsed = 00:00:24 . Memory (MB): peak = 6052.688 ; gain = 0.000
INFO: [Route 35-416] Intermediate Timing Summary | WNS=0.703  | TNS=0.000  | WHS=-0.043 | THS=-3.753 |


Router Utilization Summary
  Global Vertical Routing Utilization    = 1.26045e-05 %
  Global Horizontal Routing Utilization  = 0 %
  Routable Net Status*
  *Does not include unroutable nets such as driverless and loadless.
  Run report_route_status for detailed report.
  Number of Failed Nets               = 79837
    (Failed Nets is the sum of unrouted and partially routed nets)
  Number of Unrouted Nets             = 63946
  Number of Partially Routed Nets     = 15891
  Number of Node Overlaps             = 1

Phase 2 Router Initialization | Checksum: 1f67ba9b4

Time (s): cpu = 00:01:37 ; elapsed = 00:00:35 . Memory (MB): peak = 6133.621 ; gain = 80.934

Phase 3 Global Routing
Phase 3 Global Routing | Checksum: 1f67ba9b4

Time (s): cpu = 00:01:37 ; elapsed = 00:00:35 . Memory (MB): peak = 6133.621 ; gain = 80.934

Phase 4 Initial Routing

Phase 4.1 Initial Net Routing Pass
Phase 4.1 Initial Net Routing Pass | Checksum: 19069f5d8

Time (s): cpu = 00:02:09 ; elapsed = 00:00:44 . Memory (MB): peak = 6133.621 ; gain = 80.934
Phase 4 Initial Routing | Checksum: 21a82cf01

Time (s): cpu = 00:02:11 ; elapsed = 00:00:44 . Memory (MB): peak = 6133.621 ; gain = 80.934

Phase 5 Rip-up And Reroute

Phase 5.1 Global Iteration 0
INFO: [Route 35-443] CLB routing congestion detected. Several CLBs have high routing utilization, which can impact timing closure. Congested CLBs and Nets are dumped in: iter_3_CongestedCLBsAndNets.txt
 Number of Nodes with overlaps = 17208
 Number of Nodes with overlaps = 2251
 Number of Nodes with overlaps = 404
 Number of Nodes with overlaps = 114
 Number of Nodes with overlaps = 42
 Number of Nodes with overlaps = 15
 Number of Nodes with overlaps = 8
 Number of Nodes with overlaps = 2
 Number of Nodes with overlaps = 1
 Number of Nodes with overlaps = 1
 Number of Nodes with overlaps = 0
INFO: [Route 35-416] Intermediate Timing Summary | WNS=0.084  | TNS=0.000  | WHS=-0.009 | THS=-0.046 |

Phase 5.1 Global Iteration 0 | Checksum: 261d8e9bf

Time (s): cpu = 00:05:34 ; elapsed = 00:02:03 . Memory (MB): peak = 6133.621 ; gain = 80.934

Phase 5.2 Global Iteration 1
 Number of Nodes with overlaps = 2
 Number of Nodes with overlaps = 0
INFO: [Route 35-416] Intermediate Timing Summary | WNS=0.084  | TNS=0.000  | WHS=N/A    | THS=N/A    |

Phase 5.2 Global Iteration 1 | Checksum: 1a5adce6d

Time (s): cpu = 00:05:44 ; elapsed = 00:02:06 . Memory (MB): peak = 6133.621 ; gain = 80.934
Phase 5 Rip-up And Reroute | Checksum: 1a5adce6d

Time (s): cpu = 00:05:44 ; elapsed = 00:02:06 . Memory (MB): peak = 6133.621 ; gain = 80.934

Phase 6 Delay and Skew Optimization

Phase 6.1 Delay CleanUp
INFO: [Route 35-416] Intermediate Timing Summary | WNS=0.084  | TNS=0.000  | WHS=0.010  | THS=0.000  |

INFO: [Route 35-416] Intermediate Timing Summary | WNS=0.084  | TNS=0.000  | WHS=0.010  | THS=0.000  |

Phase 6.1 Delay CleanUp | Checksum: 29d636fdb

Time (s): cpu = 00:06:03 ; elapsed = 00:02:14 . Memory (MB): peak = 6133.621 ; gain = 80.934

Phase 6.2 Clock Skew Optimization
Phase 6.2 Clock Skew Optimization | Checksum: 29d636fdb

Time (s): cpu = 00:06:03 ; elapsed = 00:02:14 . Memory (MB): peak = 6133.621 ; gain = 80.934
Phase 6 Delay and Skew Optimization | Checksum: 29d636fdb

Time (s): cpu = 00:06:04 ; elapsed = 00:02:14 . Memory (MB): peak = 6133.621 ; gain = 80.934

Phase 7 Post Hold Fix

Phase 7.1 Hold Fix Iter
INFO: [Route 35-416] Intermediate Timing Summary | WNS=0.084  | TNS=0.000  | WHS=0.010  | THS=0.000  |

Phase 7.1 Hold Fix Iter | Checksum: 250b790c1

Time (s): cpu = 00:06:15 ; elapsed = 00:02:17 . Memory (MB): peak = 6133.621 ; gain = 80.934
Phase 7 Post Hold Fix | Checksum: 250b790c1

Time (s): cpu = 00:06:15 ; elapsed = 00:02:17 . Memory (MB): peak = 6133.621 ; gain = 80.934

Phase 8 Route finalize

Router Utilization Summary
  Global Vertical Routing Utilization    = 8.05674 %
  Global Horizontal Routing Utilization  = 6.6934 %
  Routable Net Status*
  *Does not include unroutable nets such as driverless and loadless.
  Run report_route_status for detailed report.
  Number of Failed Nets               = 0
    (Failed Nets is the sum of unrouted and partially routed nets)
  Number of Unrouted Nets             = 0
  Number of Partially Routed Nets     = 0
  Number of Node Overlaps             = 0

Phase 8 Route finalize | Checksum: 250b790c1

Time (s): cpu = 00:06:16 ; elapsed = 00:02:18 . Memory (MB): peak = 6133.621 ; gain = 80.934

Phase 9 Verifying routed nets

 Verification completed successfully
Phase 9 Verifying routed nets | Checksum: 250b790c1

Time (s): cpu = 00:06:17 ; elapsed = 00:02:18 . Memory (MB): peak = 6133.621 ; gain = 80.934

Phase 10 Depositing Routes
Phase 10 Depositing Routes | Checksum: 250b790c1

Time (s): cpu = 00:06:23 ; elapsed = 00:02:22 . Memory (MB): peak = 6133.621 ; gain = 80.934

Phase 11 Resolve XTalk
Phase 11 Resolve XTalk | Checksum: 250b790c1

Time (s): cpu = 00:06:24 ; elapsed = 00:02:22 . Memory (MB): peak = 6133.621 ; gain = 80.934

Phase 12 Post Process Routing
Phase 12 Post Process Routing | Checksum: 250b790c1

Time (s): cpu = 00:06:25 ; elapsed = 00:02:23 . Memory (MB): peak = 6133.621 ; gain = 80.934

Phase 13 Post Router Timing
INFO: [Route 35-57] Estimated Timing Summary | WNS=0.084  | TNS=0.000  | WHS=0.010  | THS=0.000  |

INFO: [Route 35-327] The final timing numbers are based on the router estimated timing analysis. For a complete and accurate timing signoff, please run report_timing_summary.
Phase 13 Post Router Timing | Checksum: 250b790c1

Time (s): cpu = 00:06:25 ; elapsed = 00:02:23 . Memory (MB): peak = 6133.621 ; gain = 80.934
Total Elapsed time in route_design: 142.719 secs

Phase 14 Post-Route Event Processing
Phase 14 Post-Route Event Processing | Checksum: 21ae769a8

Time (s): cpu = 00:06:26 ; elapsed = 00:02:23 . Memory (MB): peak = 6133.621 ; gain = 80.934
INFO: [Route 35-16] Router Completed Successfully
Ending Routing Task | Checksum: 21ae769a8

Time (s): cpu = 00:06:27 ; elapsed = 00:02:24 . Memory (MB): peak = 6133.621 ; gain = 80.934

Routing Is Done.
INFO: [Common 17-83] Releasing license: Implementation
118 Infos, 109 Warnings, 0 Critical Warnings and 0 Errors encountered.
route_design completed successfully
route_design: Time (s): cpu = 00:06:34 ; elapsed = 00:02:46 . Memory (MB): peak = 6133.621 ; gain = 80.934
INFO: [Vivado 12-24828] Executing command : report_drc -file system_wrapper_drc_routed.rpt -pb system_wrapper_drc_routed.pb -rpx system_wrapper_drc_routed.rpx
Command: report_drc -file system_wrapper_drc_routed.rpt -pb system_wrapper_drc_routed.pb -rpx system_wrapper_drc_routed.rpx
INFO: [IP_Flow 19-1839] IP Catalog is up to date.
INFO: [DRC 23-27] Running DRC with 4 threads
INFO: [Vivado_Tcl 2-168] The results of DRC are in file D:/MPSOC_YOLO/06_vivado/proj/yolo_zcu104.runs/impl_1/system_wrapper_drc_routed.rpt.
report_drc completed successfully
report_drc: Time (s): cpu = 00:00:21 ; elapsed = 00:00:05 . Memory (MB): peak = 6133.621 ; gain = 0.000
INFO: [Vivado 12-24828] Executing command : report_methodology -file system_wrapper_methodology_drc_routed.rpt -pb system_wrapper_methodology_drc_routed.pb -rpx system_wrapper_methodology_drc_routed.rpx
Command: report_methodology -file system_wrapper_methodology_drc_routed.rpt -pb system_wrapper_methodology_drc_routed.pb -rpx system_wrapper_methodology_drc_routed.rpx
INFO: [Timing 38-35] Done setting XDC timing constraints.
INFO: [DRC 23-133] Running Methodology with 4 threads
INFO: [Vivado_Tcl 2-1520] The results of Report Methodology are in file D:/MPSOC_YOLO/06_vivado/proj/yolo_zcu104.runs/impl_1/system_wrapper_methodology_drc_routed.rpt.
report_methodology completed successfully
report_drc: Time (s): cpu = 00:00:43 ; elapsed = 00:00:16 . Memory (MB): peak = 6133.621 ; gain = 0.000
INFO: [Vivado 12-24828] Executing command : report_timing_summary -max_paths 10 -report_unconstrained -file system_wrapper_timing_summary_routed.rpt -pb system_wrapper_timing_summary_routed.pb -rpx system_wrapper_timing_summary_routed.rpx
INFO: [Timing 38-35] Done setting XDC timing constraints.
INFO: [Timing 38-91] UpdateTimingParams: Speed grade: -2, Temperature grade: E, Delay Type: min_max.
INFO: [Timing 38-191] Multithreading enabled for timing update using a maximum of 4 CPUs
report_timing_summary: Time (s): cpu = 00:00:25 ; elapsed = 00:00:09 . Memory (MB): peak = 6133.621 ; gain = 0.000
INFO: [Vivado 12-24838] Running report commands "report_incremental_reuse, report_route_status" in parallel.
Running report generation with 2 threads.
INFO: [Vivado 12-24828] Executing command : report_incremental_reuse -file system_wrapper_incremental_reuse_routed.rpt
INFO: [Vivado_Tcl 4-1062] Incremental flow is disabled. No incremental reuse Info to report.
INFO: [Vivado 12-24828] Executing command : report_route_status -file system_wrapper_route_status.rpt -pb system_wrapper_route_status.pb
INFO: [Vivado 12-24828] Executing command : report_power -file system_wrapper_power_routed.rpt -pb system_wrapper_power_summary_routed.pb -rpx system_wrapper_power_routed.rpx
Command: report_power -file system_wrapper_power_routed.rpt -pb system_wrapper_power_summary_routed.pb -rpx system_wrapper_power_routed.rpx
Running Vector-less Activity Propagation...

*** Running vivado
    with args -log system_wrapper.vdi -applog -m64 -product Vivado -messageDb vivado.pb -mode batch -source system_wrapper.tcl -notrace



****** Vivado v2024.1 (64-bit)
  **** SW Build 5076996 on Wed May 22 18:37:14 MDT 2024
  **** IP Build 5075265 on Wed May 22 21:45:21 MDT 2024
  **** SharedData Build 5076995 on Wed May 22 18:29:18 MDT 2024
  **** Start of session at: Mon Sep 28 01:58:14 2026
    ** Copyright 1986-2022 Xilinx, Inc. All Rights Reserved.
    ** Copyright 2022-2024 Advanced Micro Devices, Inc. All Rights Reserved.

source system_wrapper.tcl -notrace
create_project: Time (s): cpu = 00:00:05 ; elapsed = 00:00:05 . Memory (MB): peak = 521.199 ; gain = 208.633
INFO: [IP_Flow 19-234] Refreshing IP repositories
INFO: [IP_Flow 19-1704] No user IP repositories specified
INFO: [IP_Flow 19-2313] Loaded Vivado IP repository 'C:/Xilinx/Vivado/2024.1/data/ip'.
Command: link_design -top system_wrapper -part xczu7ev-ffvc1156-2-e
Design is defaulting to srcset: sources_1
Design is defaulting to constrset: constrs_1
INFO: [Device 21-403] Loading part xczu7ev-ffvc1156-2-e
Netlist sorting complete. Time (s): cpu = 00:00:01 ; elapsed = 00:00:00.853 . Memory (MB): peak = 2245.199 ; gain = 0.000
INFO: [Netlist 29-17] Analyzing 6399 Unisim elements for replacement
INFO: [Netlist 29-28] Unisim Transformation completed in 0 CPU seconds
INFO: [Project 1-479] Netlist was created with Vivado 2024.1
INFO: [Project 1-570] Preparing netlist for logic optimization
Parsing XDC File [d:/MPSOC_YOLO/06_vivado/proj/yolo_zcu104.gen/sources_1/bd/system/ip/system_zynq_ps_0/system_zynq_ps_0.xdc] for cell 'system_i/zynq_ps/inst'
Finished Parsing XDC File [d:/MPSOC_YOLO/06_vivado/proj/yolo_zcu104.gen/sources_1/bd/system/ip/system_zynq_ps_0/system_zynq_ps_0.xdc] for cell 'system_i/zynq_ps/inst'
Parsing XDC File [d:/MPSOC_YOLO/06_vivado/proj/yolo_zcu104.gen/sources_1/bd/system/ip/system_rst_pl0_0/system_rst_pl0_0_board.xdc] for cell 'system_i/rst_pl0/U0'
Finished Parsing XDC File [d:/MPSOC_YOLO/06_vivado/proj/yolo_zcu104.gen/sources_1/bd/system/ip/system_rst_pl0_0/system_rst_pl0_0_board.xdc] for cell 'system_i/rst_pl0/U0'
Parsing XDC File [d:/MPSOC_YOLO/06_vivado/proj/yolo_zcu104.gen/sources_1/bd/system/ip/system_rst_pl0_0/system_rst_pl0_0.xdc] for cell 'system_i/rst_pl0/U0'
WARNING: [Vivado_Tcl 4-921] Waiver ID 'CDC-11' -to list should not be empty. [d:/MPSOC_YOLO/06_vivado/proj/yolo_zcu104.gen/sources_1/bd/system/ip/system_rst_pl0_0/system_rst_pl0_0.xdc:50]
Finished Parsing XDC File [d:/MPSOC_YOLO/06_vivado/proj/yolo_zcu104.gen/sources_1/bd/system/ip/system_rst_pl0_0/system_rst_pl0_0.xdc] for cell 'system_i/rst_pl0/U0'
Parsing XDC File [d:/MPSOC_YOLO/06_vivado/proj/yolo_zcu104.gen/sources_1/bd/system/ip/system_sc_ctrl_0/bd_0/ip/ip_1/bd_73a6_psr_aclk_0_board.xdc] for cell 'system_i/sc_ctrl/inst/clk_map/psr_aclk/U0'
Finished Parsing XDC File [d:/MPSOC_YOLO/06_vivado/proj/yolo_zcu104.gen/sources_1/bd/system/ip/system_sc_ctrl_0/bd_0/ip/ip_1/bd_73a6_psr_aclk_0_board.xdc] for cell 'system_i/sc_ctrl/inst/clk_map/psr_aclk/U0'
Parsing XDC File [d:/MPSOC_YOLO/06_vivado/proj/yolo_zcu104.gen/sources_1/bd/system/ip/system_sc_ctrl_0/bd_0/ip/ip_1/bd_73a6_psr_aclk_0.xdc] for cell 'system_i/sc_ctrl/inst/clk_map/psr_aclk/U0'
Finished Parsing XDC File [d:/MPSOC_YOLO/06_vivado/proj/yolo_zcu104.gen/sources_1/bd/system/ip/system_sc_ctrl_0/bd_0/ip/ip_1/bd_73a6_psr_aclk_0.xdc] for cell 'system_i/sc_ctrl/inst/clk_map/psr_aclk/U0'
Parsing XDC File [d:/MPSOC_YOLO/06_vivado/proj/yolo_zcu104.gen/sources_1/bd/system/ip/system_sc_ctrl_0/bd_0/ip/ip_6/bd_73a6_sarn_0_clocks.xdc] for cell 'system_i/sc_ctrl/inst/s00_nodes/s00_ar_node/inst'
WARNING: [Vivado_Tcl 4-921] Waiver ID 'CDC-1' -to list should not be empty. [d:/MPSOC_YOLO/06_vivado/proj/yolo_zcu104.gen/sources_1/bd/system/ip/system_sc_ctrl_0/bd_0/ip/ip_6/bd_73a6_sarn_0_clocks.xdc:49]
WARNING: [Vivado_Tcl 4-921] Waiver ID 'CDC-1' -to list should not be empty. [d:/MPSOC_YOLO/06_vivado/proj/yolo_zcu104.gen/sources_1/bd/system/ip/system_sc_ctrl_0/bd_0/ip/ip_6/bd_73a6_sarn_0_clocks.xdc:52]
WARNING: [Vivado_Tcl 4-921] Waiver ID 'CDC-1' -to list should not be empty. [d:/MPSOC_YOLO/06_vivado/proj/yolo_zcu104.gen/sources_1/bd/system/ip/system_sc_ctrl_0/bd_0/ip/ip_6/bd_73a6_sarn_0_clocks.xdc:55]
WARNING: [Vivado_Tcl 4-921] Waiver ID 'CDC-1' -to list should not be empty. [d:/MPSOC_YOLO/06_vivado/proj/yolo_zcu104.gen/sources_1/bd/system/ip/system_sc_ctrl_0/bd_0/ip/ip_6/bd_73a6_sarn_0_clocks.xdc:59]
WARNING: [Vivado_Tcl 4-921] Waiver ID 'CDC-1' -to list should not be empty. [d:/MPSOC_YOLO/06_vivado/proj/yolo_zcu104.gen/sources_1/bd/system/ip/system_sc_ctrl_0/bd_0/ip/ip_6/bd_73a6_sarn_0_clocks.xdc:66]
WARNING: [Vivado_Tcl 4-921] Waiver ID 'CDC-1' -to list should not be empty. [d:/MPSOC_YOLO/06_vivado/proj/yolo_zcu104.gen/sources_1/bd/system/ip/system_sc_ctrl_0/bd_0/ip/ip_6/bd_73a6_sarn_0_clocks.xdc:70]
WARNING: [Vivado_Tcl 4-921] Waiver ID 'CDC-1' -to list should not be empty. [d:/MPSOC_YOLO/06_vivado/proj/yolo_zcu104.gen/sources_1/bd/system/ip/system_sc_ctrl_0/bd_0/ip/ip_6/bd_73a6_sarn_0_clocks.xdc:82]
WARNING: [Vivado_Tcl 4-921] Waiver ID 'CDC-4' -to list should not be empty. [d:/MPSOC_YOLO/06_vivado/proj/yolo_zcu104.gen/sources_1/bd/system/ip/system_sc_ctrl_0/bd_0/ip/ip_6/bd_73a6_sarn_0_clocks.xdc:85]
WARNING: [Vivado_Tcl 4-921] Waiver ID 'CDC-4' -to list should not be empty. [d:/MPSOC_YOLO/06_vivado/proj/yolo_zcu104.gen/sources_1/bd/system/ip/system_sc_ctrl_0/bd_0/ip/ip_6/bd_73a6_sarn_0_clocks.xdc:88]
WARNING: [Vivado_Tcl 4-921] Waiver ID 'CDC-2' -to list should not be empty. [d:/MPSOC_YOLO/06_vivado/proj/yolo_zcu104.gen/sources_1/bd/system/ip/system_sc_ctrl_0/bd_0/ip/ip_6/bd_73a6_sarn_0_clocks.xdc:91]
WARNING: [Vivado_Tcl 4-921] Waiver ID 'CDC-2' -to list should not be empty. [d:/MPSOC_YOLO/06_vivado/proj/yolo_zcu104.gen/sources_1/bd/system/ip/system_sc_ctrl_0/bd_0/ip/ip_6/bd_73a6_sarn_0_clocks.xdc:94]
WARNING: [Vivado_Tcl 4-921] Waiver ID 'CDC-2' -to list should not be empty. [d:/MPSOC_YOLO/06_vivado/proj/yolo_zcu104.gen/sources_1/bd/system/ip/system_sc_ctrl_0/bd_0/ip/ip_6/bd_73a6_sarn_0_clocks.xdc:97]
WARNING: [Vivado_Tcl 4-921] Waiver ID 'CDC-2' -to list should not be empty. [d:/MPSOC_YOLO/06_vivado/proj/yolo_zcu104.gen/sources_1/bd/system/ip/system_sc_ctrl_0/bd_0/ip/ip_6/bd_73a6_sarn_0_clocks.xdc:100]
WARNING: [Vivado_Tcl 4-921] Waiver ID 'CDC-1' -to list should not be empty. [d:/MPSOC_YOLO/06_vivado/proj/yolo_zcu104.gen/sources_1/bd/system/ip/system_sc_ctrl_0/bd_0/ip/ip_6/bd_73a6_sarn_0_clocks.xdc:104]
WARNING: [Vivado_Tcl 4-921] Waiver ID 'CDC-10' -to list should not be empty. [d:/MPSOC_YOLO/06_vivado/proj/yolo_zcu104.gen/sources_1/bd/system/ip/system_sc_ctrl_0/bd_0/ip/ip_6/bd_73a6_sarn_0_clocks.xdc:107]
WARNING: [Vivado_Tcl 4-921] Waiver ID 'CDC-10' -to list should not be empty. [d:/MPSOC_YOLO/06_vivado/proj/yolo_zcu104.gen/sources_1/bd/system/ip/system_sc_ctrl_0/bd_0/ip/ip_6/bd_73a6_sarn_0_clocks.xdc:110]
WARNING: [Vivado_Tcl 4-921] Waiver ID 'CDC-1' -to list should not be empty. [d:/MPSOC_YOLO/06_vivado/proj/yolo_zcu104.gen/sources_1/bd/system/ip/system_sc_ctrl_0/bd_0/ip/ip_6/bd_73a6_sarn_0_clocks.xdc:113]
WARNING: [Vivado_Tcl 4-921] Waiver ID 'CDC-1' -to list should not be empty. [d:/MPSOC_YOLO/06_vivado/proj/yolo_zcu104.gen/sources_1/bd/system/ip/system_sc_ctrl_0/bd_0/ip/ip_6/bd_73a6_sarn_0_clocks.xdc:116]
WARNING: [Vivado_Tcl 4-921] Waiver ID 'CDC-13' -to list should not be empty. [d:/MPSOC_YOLO/06_vivado/proj/yolo_zcu104.gen/sources_1/bd/system/ip/system_sc_ctrl_0/bd_0/ip/ip_6/bd_73a6_sarn_0_clocks.xdc:122]
WARNING: [Vivado_Tcl 4-921] Waiver ID 'CDC-1' -to list should not be empty. [d:/MPSOC_YOLO/06_vivado/proj/yolo_zcu104.gen/sources_1/bd/system/ip/system_sc_ctrl_0/bd_0/ip/ip_6/bd_73a6_sarn_0_clocks.xdc:125]
WARNING: [Vivado_Tcl 4-921] Waiver ID 'CDC-1' -to list should not be empty. [d:/MPSOC_YOLO/06_vivado/proj/yolo_zcu104.gen/sources_1/bd/system/ip/system_sc_ctrl_0/bd_0/ip/ip_6/bd_73a6_sarn_0_clocks.xdc:128]
WARNING: [Vivado_Tcl 4-921] Waiver ID 'CDC-13' -to list should not be empty. [d:/MPSOC_YOLO/06_vivado/proj/yolo_zcu104.gen/sources_1/bd/system/ip/system_sc_ctrl_0/bd_0/ip/ip_6/bd_73a6_sarn_0_clocks.xdc:131]
WARNING: [Vivado_Tcl 4-921] Waiver ID 'CDC-1' -to list should not be empty. [d:/MPSOC_YOLO/06_vivado/proj/yolo_zcu104.gen/sources_1/bd/system/ip/system_sc_ctrl_0/bd_0/ip/ip_6/bd_73a6_sarn_0_clocks.xdc:134]
WARNING: [Vivado_Tcl 4-921] Waiver ID 'CDC-10' -to list should not be empty. [d:/MPSOC_YOLO/06_vivado/proj/yolo_zcu104.gen/sources_1/bd/system/ip/system_sc_ctrl_0/bd_0/ip/ip_6/bd_73a6_sarn_0_clocks.xdc:137]
WARNING: [Vivado_Tcl 4-921] Waiver ID 'CDC-1' -to list should not be empty. [d:/MPSOC_YOLO/06_vivado/proj/yolo_zcu104.gen/sources_1/bd/system/ip/system_sc_ctrl_0/bd_0/ip/ip_6/bd_73a6_sarn_0_clocks.xdc:140]
WARNING: [Vivado_Tcl 4-921] Waiver ID 'CDC-1' -to list should not be empty. [d:/MPSOC_YOLO/06_vivado/proj/yolo_zcu104.gen/sources_1/bd/system/ip/system_sc_ctrl_0/bd_0/ip/ip_6/bd_73a6_sarn_0_clocks.xdc:143]
WARNING: [Vivado_Tcl 4-921] Waiver ID 'CDC-1' -to list should not be empty. [d:/MPSOC_YOLO/06_vivado/proj/yolo_zcu104.gen/sources_1/bd/system/ip/system_sc_ctrl_0/bd_0/ip/ip_6/bd_73a6_sarn_0_clocks.xdc:146]
WARNING: [Vivado_Tcl 4-921] Waiver ID 'CDC-2' -to list should not be empty. [d:/MPSOC_YOLO/06_vivado/proj/yolo_zcu104.gen/sources_1/bd/system/ip/system_sc_ctrl_0/bd_0/ip/ip_6/bd_73a6_sarn_0_clocks.xdc:149]
WARNING: [Vivado_Tcl 4-921] Waiver ID 'CDC-1' -to list should not be empty. [d:/MPSOC_YOLO/06_vivado/proj/yolo_zcu104.gen/sources_1/bd/system/ip/system_sc_ctrl_0/bd_0/ip/ip_6/bd_73a6_sarn_0_clocks.xdc:152]
WARNING: [Vivado_Tcl 4-921] Waiver ID 'CDC-1' -to list should not be empty. [d:/MPSOC_YOLO/06_vivado/proj/yolo_zcu104.gen/sources_1/bd/system/ip/system_sc_ctrl_0/bd_0/ip/ip_6/bd_73a6_sarn_0_clocks.xdc:155]
WARNING: [Vivado_Tcl 4-921] Waiver ID 'CDC-1' -to list should not be empty. [d:/MPSOC_YOLO/06_vivado/proj/yolo_zcu104.gen/sources_1/bd/system/ip/system_sc_ctrl_0/bd_0/ip/ip_6/bd_73a6_sarn_0_clocks.xdc:158]
WARNING: [Vivado_Tcl 4-921] Waiver ID 'CDC-10' -to list should not be empty. [d:/MPSOC_YOLO/06_vivado/proj/yolo_zcu104.gen/sources_1/bd/system/ip/system_sc_ctrl_0/bd_0/ip/ip_6/bd_73a6_sarn_0_clocks.xdc:161]
WARNING: [Vivado_Tcl 4-921] Waiver ID 'CDC-4' -to list should not be empty. [d:/MPSOC_YOLO/06_vivado/proj/yolo_zcu104.gen/sources_1/bd/system/ip/system_sc_ctrl_0/bd_0/ip/ip_6/bd_73a6_sarn_0_clocks.xdc:164]
WARNING: [Vivado_Tcl 4-921] Waiver ID 'CDC-4' -to list should not be empty. [d:/MPSOC_YOLO/06_vivado/proj/yolo_zcu104.gen/sources_1/bd/system/ip/system_sc_ctrl_0/bd_0/ip/ip_6/bd_73a6_sarn_0_clocks.xdc:167]
WARNING: [Vivado_Tcl 4-921] Waiver ID 'CDC-4' -to list should not be empty. [d:/MPSOC_YOLO/06_vivado/proj/yolo_zcu104.gen/sources_1/bd/system/ip/system_sc_ctrl_0/bd_0/ip/ip_6/bd_73a6_sarn_0_clocks.xdc:171]
WARNING: [Vivado_Tcl 4-921] Waiver ID 'CDC-4' -to list should not be empty. [d:/MPSOC_YOLO/06_vivado/proj/yolo_zcu104.gen/sources_1/bd/system/ip/system_sc_ctrl_0/bd_0/ip/ip_6/bd_73a6_sarn_0_clocks.xdc:174]
WARNING: [Vivado_Tcl 4-921] Waiver ID 'CDC-1' -to list should not be empty. [d:/MPSOC_YOLO/06_vivado/proj/yolo_zcu104.gen/sources_1/bd/system/ip/system_sc_ctrl_0/bd_0/ip/ip_6/bd_73a6_sarn_0_clocks.xdc:178]
WARNING: [Vivado_Tcl 4-935] Waiver ID 'CDC-1' is a duplicate and will not be added again. [d:/MPSOC_YOLO/06_vivado/proj/yolo_zcu104.gen/sources_1/bd/system/ip/system_sc_ctrl_0/bd_0/ip/ip_6/bd_73a6_sarn_0_clocks.xdc:181]
WARNING: [Vivado_Tcl 4-921] Waiver ID 'CDC-13' -to list should not be empty. [d:/MPSOC_YOLO/06_vivado/proj/yolo_zcu104.gen/sources_1/bd/system/ip/system_sc_ctrl_0/bd_0/ip/ip_6/bd_73a6_sarn_0_clocks.xdc:184]
Finished Parsing XDC File [d:/MPSOC_YOLO/06_vivado/proj/yolo_zcu104.gen/sources_1/bd/system/ip/system_sc_ctrl_0/bd_0/ip/ip_6/bd_73a6_sarn_0_clocks.xdc] for cell 'system_i/sc_ctrl/inst/s00_nodes/s00_ar_node/inst'
Parsing XDC File [d:/MPSOC_YOLO/06_vivado/proj/yolo_zcu104.gen/sources_1/bd/system/ip/system_sc_ctrl_0/bd_0/ip/ip_7/bd_73a6_srn_0_clocks.xdc] for cell 'system_i/sc_ctrl/inst/s00_nodes/s00_r_node/inst'
WARNING: [Vivado_Tcl 4-921] Waiver ID 'CDC-1' -to list should not be empty. [d:/MPSOC_YOLO/06_vivado/proj/yolo_zcu104.gen/sources_1/bd/system/ip/system_sc_ctrl_0/bd_0/ip/ip_7/bd_73a6_srn_0_clocks.xdc:49]
WARNING: [Vivado_Tcl 4-921] Waiver ID 'CDC-1' -to list should not be empty. [d:/MPSOC_YOLO/06_vivado/proj/yolo_zcu104.gen/sources_1/bd/system/ip/system_sc_ctrl_0/bd_0/ip/ip_7/bd_73a6_srn_0_clocks.xdc:52]
WARNING: [Vivado_Tcl 4-921] Waiver ID 'CDC-1' -to list should not be empty. [d:/MPSOC_YOLO/06_vivado/proj/yolo_zcu104.gen/sources_1/bd/system/ip/system_sc_ctrl_0/bd_0/ip/ip_7/bd_73a6_srn_0_clocks.xdc:55]
WARNING: [Vivado_Tcl 4-921] Waiver ID 'CDC-1' -to list should not be empty. [d:/MPSOC_YOLO/06_vivado/proj/yolo_zcu104.gen/sources_1/bd/system/ip/system_sc_ctrl_0/bd_0/ip/ip_7/bd_73a6_srn_0_clocks.xdc:59]
WARNING: [Vivado_Tcl 4-921] Waiver ID 'CDC-1' -to list should not be empty. [d:/MPSOC_YOLO/06_vivado/proj/yolo_zcu104.gen/sources_1/bd/system/ip/system_sc_ctrl_0/bd_0/ip/ip_7/bd_73a6_srn_0_clocks.xdc:66]
WARNING: [Vivado_Tcl 4-921] Waiver ID 'CDC-1' -to list should not be empty. [d:/MPSOC_YOLO/06_vivado/proj/yolo_zcu104.gen/sources_1/bd/system/ip/system_sc_ctrl_0/bd_0/ip/ip_7/bd_73a6_srn_0_clocks.xdc:70]
WARNING: [Vivado_Tcl 4-921] Waiver ID 'CDC-1' -to list should not be empty. [d:/MPSOC_YOLO/06_vivado/proj/yolo_zcu104.gen/sources_1/bd/system/ip/system_sc_ctrl_0/bd_0/ip/ip_7/bd_73a6_srn_0_clocks.xdc:82]
WARNING: [Vivado_Tcl 4-921] Waiver ID 'CDC-4' -to list should not be empty. [d:/MPSOC_YOLO/06_vivado/proj/yolo_zcu104.gen/sources_1/bd/system/ip/system_sc_ctrl_0/bd_0/ip/ip_7/bd_73a6_srn_0_clocks.xdc:85]
WARNING: [Vivado_Tcl 4-921] Waiver ID 'CDC-4' -to list should not be empty. [d:/MPSOC_YOLO/06_vivado/proj/yolo_zcu104.gen/sources_1/bd/system/ip/system_sc_ctrl_0/bd_0/ip/ip_7/bd_73a6_srn_0_clocks.xdc:88]
WARNING: [Vivado_Tcl 4-921] Waiver ID 'CDC-2' -to list should not be empty. [d:/MPSOC_YOLO/06_vivado/proj/yolo_zcu104.gen/sources_1/bd/system/ip/system_sc_ctrl_0/bd_0/ip/ip_7/bd_73a6_srn_0_clocks.xdc:91]
WARNING: [Vivado_Tcl 4-921] Waiver ID 'CDC-2' -to list should not be empty. [d:/MPSOC_YOLO/06_vivado/proj/yolo_zcu104.gen/sources_1/bd/system/ip/system_sc_ctrl_0/bd_0/ip/ip_7/bd_73a6_srn_0_clocks.xdc:94]
WARNING: [Vivado_Tcl 4-921] Waiver ID 'CDC-2' -to list should not be empty. [d:/MPSOC_YOLO/06_vivado/proj/yolo_zcu104.gen/sources_1/bd/system/ip/system_sc_ctrl_0/bd_0/ip/ip_7/bd_73a6_srn_0_clocks.xdc:97]
WARNING: [Vivado_Tcl 4-921] Waiver ID 'CDC-2' -to list should not be empty. [d:/MPSOC_YOLO/06_vivado/proj/yolo_zcu104.gen/sources_1/bd/system/ip/system_sc_ctrl_0/bd_0/ip/ip_7/bd_73a6_srn_0_clocks.xdc:100]
WARNING: [Vivado_Tcl 4-921] Waiver ID 'CDC-1' -to list should not be empty. [d:/MPSOC_YOLO/06_vivado/proj/yolo_zcu104.gen/sources_1/bd/system/ip/system_sc_ctrl_0/bd_0/ip/ip_7/bd_73a6_srn_0_clocks.xdc:104]
WARNING: [Vivado_Tcl 4-921] Waiver ID 'CDC-10' -to list should not be empty. [d:/MPSOC_YOLO/06_vivado/proj/yolo_zcu104.gen/sources_1/bd/system/ip/system_sc_ctrl_0/bd_0/ip/ip_7/bd_73a6_srn_0_clocks.xdc:107]
WARNING: [Vivado_Tcl 4-921] Waiver ID 'CDC-10' -to list should not be empty. [d:/MPSOC_YOLO/06_vivado/proj/yolo_zcu104.gen/sources_1/bd/system/ip/system_sc_ctrl_0/bd_0/ip/ip_7/bd_73a6_srn_0_clocks.xdc:110]
WARNING: [Vivado_Tcl 4-921] Waiver ID 'CDC-1' -to list should not be empty. [d:/MPSOC_YOLO/06_vivado/proj/yolo_zcu104.gen/sources_1/bd/system/ip/system_sc_ctrl_0/bd_0/ip/ip_7/bd_73a6_srn_0_clocks.xdc:113]
WARNING: [Vivado_Tcl 4-921] Waiver ID 'CDC-1' -to list should not be empty. [d:/MPSOC_YOLO/06_vivado/proj/yolo_zcu104.gen/sources_1/bd/system/ip/system_sc_ctrl_0/bd_0/ip/ip_7/bd_73a6_srn_0_clocks.xdc:116]
WARNING: [Vivado_Tcl 4-921] Waiver ID 'CDC-13' -to list should not be empty. [d:/MPSOC_YOLO/06_vivado/proj/yolo_zcu104.gen/sources_1/bd/system/ip/system_sc_ctrl_0/bd_0/ip/ip_7/bd_73a6_srn_0_clocks.xdc:122]
WARNING: [Vivado_Tcl 4-921] Waiver ID 'CDC-1' -to list should not be empty. [d:/MPSOC_YOLO/06_vivado/proj/yolo_zcu104.gen/sources_1/bd/system/ip/system_sc_ctrl_0/bd_0/ip/ip_7/bd_73a6_srn_0_clocks.xdc:125]
WARNING: [Vivado_Tcl 4-921] Waiver ID 'CDC-1' -to list should not be empty. [d:/MPSOC_YOLO/06_vivado/proj/yolo_zcu104.gen/sources_1/bd/system/ip/system_sc_ctrl_0/bd_0/ip/ip_7/bd_73a6_srn_0_clocks.xdc:128]
WARNING: [Vivado_Tcl 4-921] Waiver ID 'CDC-13' -to list should not be empty. [d:/MPSOC_YOLO/06_vivado/proj/yolo_zcu104.gen/sources_1/bd/system/ip/system_sc_ctrl_0/bd_0/ip/ip_7/bd_73a6_srn_0_clocks.xdc:131]
WARNING: [Vivado_Tcl 4-921] Waiver ID 'CDC-1' -to list should not be empty. [d:/MPSOC_YOLO/06_vivado/proj/yolo_zcu104.gen/sources_1/bd/system/ip/system_sc_ctrl_0/bd_0/ip/ip_7/bd_73a6_srn_0_clocks.xdc:134]
WARNING: [Vivado_Tcl 4-921] Waiver ID 'CDC-10' -to list should not be empty. [d:/MPSOC_YOLO/06_vivado/proj/yolo_zcu104.gen/sources_1/bd/system/ip/system_sc_ctrl_0/bd_0/ip/ip_7/bd_73a6_srn_0_clocks.xdc:137]
WARNING: [Vivado_Tcl 4-921] Waiver ID 'CDC-1' -to list should not be empty. [d:/MPSOC_YOLO/06_vivado/proj/yolo_zcu104.gen/sources_1/bd/system/ip/system_sc_ctrl_0/bd_0/ip/ip_7/bd_73a6_srn_0_clocks.xdc:140]
WARNING: [Vivado_Tcl 4-921] Waiver ID 'CDC-1' -to list should not be empty. [d:/MPSOC_YOLO/06_vivado/proj/yolo_zcu104.gen/sources_1/bd/system/ip/system_sc_ctrl_0/bd_0/ip/ip_7/bd_73a6_srn_0_clocks.xdc:143]
WARNING: [Vivado_Tcl 4-921] Waiver ID 'CDC-1' -to list should not be empty. [d:/MPSOC_YOLO/06_vivado/proj/yolo_zcu104.gen/sources_1/bd/system/ip/system_sc_ctrl_0/bd_0/ip/ip_7/bd_73a6_srn_0_clocks.xdc:146]
WARNING: [Vivado_Tcl 4-921] Waiver ID 'CDC-2' -to list should not be empty. [d:/MPSOC_YOLO/06_vivado/proj/yolo_zcu104.gen/sources_1/bd/system/ip/system_sc_ctrl_0/bd_0/ip/ip_7/bd_73a6_srn_0_clocks.xdc:149]
WARNING: [Vivado_Tcl 4-921] Waiver ID 'CDC-1' -to list should not be empty. [d:/MPSOC_YOLO/06_vivado/proj/yolo_zcu104.gen/sources_1/bd/system/ip/system_sc_ctrl_0/bd_0/ip/ip_7/bd_73a6_srn_0_clocks.xdc:152]
WARNING: [Vivado_Tcl 4-921] Waiver ID 'CDC-1' -to list should not be empty. [d:/MPSOC_YOLO/06_vivado/proj/yolo_zcu104.gen/sources_1/bd/system/ip/system_sc_ctrl_0/bd_0/ip/ip_7/bd_73a6_srn_0_clocks.xdc:155]
WARNING: [Vivado_Tcl 4-921] Waiver ID 'CDC-1' -to list should not be empty. [d:/MPSOC_YOLO/06_vivado/proj/yolo_zcu104.gen/sources_1/bd/system/ip/system_sc_ctrl_0/bd_0/ip/ip_7/bd_73a6_srn_0_clocks.xdc:158]
WARNING: [Vivado_Tcl 4-921] Waiver ID 'CDC-10' -to list should not be empty. [d:/MPSOC_YOLO/06_vivado/proj/yolo_zcu104.gen/sources_1/bd/system/ip/system_sc_ctrl_0/bd_0/ip/ip_7/bd_73a6_srn_0_clocks.xdc:161]
WARNING: [Vivado_Tcl 4-921] Waiver ID 'CDC-4' -to list should not be empty. [d:/MPSOC_YOLO/06_vivado/proj/yolo_zcu104.gen/sources_1/bd/system/ip/system_sc_ctrl_0/bd_0/ip/ip_7/bd_73a6_srn_0_clocks.xdc:164]
WARNING: [Vivado_Tcl 4-921] Waiver ID 'CDC-4' -to list should not be empty. [d:/MPSOC_YOLO/06_vivado/proj/yolo_zcu104.gen/sources_1/bd/system/ip/system_sc_ctrl_0/bd_0/ip/ip_7/bd_73a6_srn_0_clocks.xdc:167]
WARNING: [Vivado_Tcl 4-921] Waiver ID 'CDC-4' -to list should not be empty. [d:/MPSOC_YOLO/06_vivado/proj/yolo_zcu104.gen/sources_1/bd/system/ip/system_sc_ctrl_0/bd_0/ip/ip_7/bd_73a6_srn_0_clocks.xdc:171]
WARNING: [Vivado_Tcl 4-921] Waiver ID 'CDC-4' -to list should not be empty. [d:/MPSOC_YOLO/06_vivado/proj/yolo_zcu104.gen/sources_1/bd/system/ip/system_sc_ctrl_0/bd_0/ip/ip_7/bd_73a6_srn_0_clocks.xdc:174]
WARNING: [Vivado_Tcl 4-921] Waiver ID 'CDC-1' -to list should not be empty. [d:/MPSOC_YOLO/06_vivado/proj/yolo_zcu104.gen/sources_1/bd/system/ip/system_sc_ctrl_0/bd_0/ip/ip_7/bd_73a6_srn_0_clocks.xdc:178]
WARNING: [Vivado_Tcl 4-935] Waiver ID 'CDC-1' is a duplicate and will not be added again. [d:/MPSOC_YOLO/06_vivado/proj/yolo_zcu104.gen/sources_1/bd/system/ip/system_sc_ctrl_0/bd_0/ip/ip_7/bd_73a6_srn_0_clocks.xdc:181]
WARNING: [Vivado_Tcl 4-921] Waiver ID 'CDC-13' -to list should not be empty. [d:/MPSOC_YOLO/06_vivado/proj/yolo_zcu104.gen/sources_1/bd/system/ip/system_sc_ctrl_0/bd_0/ip/ip_7/bd_73a6_srn_0_clocks.xdc:184]
Finished Parsing XDC File [d:/MPSOC_YOLO/06_vivado/proj/yolo_zcu104.gen/sources_1/bd/system/ip/system_sc_ctrl_0/bd_0/ip/ip_7/bd_73a6_srn_0_clocks.xdc] for cell 'system_i/sc_ctrl/inst/s00_nodes/s00_r_node/inst'
Parsing XDC File [d:/MPSOC_YOLO/06_vivado/proj/yolo_zcu104.gen/sources_1/bd/system/ip/system_sc_ctrl_0/bd_0/ip/ip_8/bd_73a6_sawn_0_clocks.xdc] for cell 'system_i/sc_ctrl/inst/s00_nodes/s00_aw_node/inst'
WARNING: [Vivado_Tcl 4-921] Waiver ID 'CDC-1' -to list should not be empty. [d:/MPSOC_YOLO/06_vivado/proj/yolo_zcu104.gen/sources_1/bd/system/ip/system_sc_ctrl_0/bd_0/ip/ip_8/bd_73a6_sawn_0_clocks.xdc:49]
WARNING: [Vivado_Tcl 4-921] Waiver ID 'CDC-1' -to list should not be empty. [d:/MPSOC_YOLO/06_vivado/proj/yolo_zcu104.gen/sources_1/bd/system/ip/system_sc_ctrl_0/bd_0/ip/ip_8/bd_73a6_sawn_0_clocks.xdc:52]
WARNING: [Vivado_Tcl 4-921] Waiver ID 'CDC-1' -to list should not be empty. [d:/MPSOC_YOLO/06_vivado/proj/yolo_zcu104.gen/sources_1/bd/system/ip/system_sc_ctrl_0/bd_0/ip/ip_8/bd_73a6_sawn_0_clocks.xdc:55]
WARNING: [Vivado_Tcl 4-921] Waiver ID 'CDC-1' -to list should not be empty. [d:/MPSOC_YOLO/06_vivado/proj/yolo_zcu104.gen/sources_1/bd/system/ip/system_sc_ctrl_0/bd_0/ip/ip_8/bd_73a6_sawn_0_clocks.xdc:59]
WARNING: [Vivado_Tcl 4-921] Waiver ID 'CDC-1' -to list should not be empty. [d:/MPSOC_YOLO/06_vivado/proj/yolo_zcu104.gen/sources_1/bd/system/ip/system_sc_ctrl_0/bd_0/ip/ip_8/bd_73a6_sawn_0_clocks.xdc:66]
WARNING: [Vivado_Tcl 4-921] Waiver ID 'CDC-1' -to list should not be empty. [d:/MPSOC_YOLO/06_vivado/proj/yolo_zcu104.gen/sources_1/bd/system/ip/system_sc_ctrl_0/bd_0/ip/ip_8/bd_73a6_sawn_0_clocks.xdc:70]
WARNING: [Vivado_Tcl 4-921] Waiver ID 'CDC-1' -to list should not be empty. [d:/MPSOC_YOLO/06_vivado/proj/yolo_zcu104.gen/sources_1/bd/system/ip/system_sc_ctrl_0/bd_0/ip/ip_8/bd_73a6_sawn_0_clocks.xdc:82]
WARNING: [Vivado_Tcl 4-921] Waiver ID 'CDC-4' -to list should not be empty. [d:/MPSOC_YOLO/06_vivado/proj/yolo_zcu104.gen/sources_1/bd/system/ip/system_sc_ctrl_0/bd_0/ip/ip_8/bd_73a6_sawn_0_clocks.xdc:85]
WARNING: [Vivado_Tcl 4-921] Waiver ID 'CDC-4' -to list should not be empty. [d:/MPSOC_YOLO/06_vivado/proj/yolo_zcu104.gen/sources_1/bd/system/ip/system_sc_ctrl_0/bd_0/ip/ip_8/bd_73a6_sawn_0_clocks.xdc:88]
WARNING: [Vivado_Tcl 4-921] Waiver ID 'CDC-2' -to list should not be empty. [d:/MPSOC_YOLO/06_vivado/proj/yolo_zcu104.gen/sources_1/bd/system/ip/system_sc_ctrl_0/bd_0/ip/ip_8/bd_73a6_sawn_0_clocks.xdc:91]
WARNING: [Vivado_Tcl 4-921] Waiver ID 'CDC-2' -to list should not be empty. [d:/MPSOC_YOLO/06_vivado/proj/yolo_zcu104.gen/sources_1/bd/system/ip/system_sc_ctrl_0/bd_0/ip/ip_8/bd_73a6_sawn_0_clocks.xdc:94]
WARNING: [Vivado_Tcl 4-921] Waiver ID 'CDC-2' -to list should not be empty. [d:/MPSOC_YOLO/06_vivado/proj/yolo_zcu104.gen/sources_1/bd/system/ip/system_sc_ctrl_0/bd_0/ip/ip_8/bd_73a6_sawn_0_clocks.xdc:97]
WARNING: [Vivado_Tcl 4-921] Waiver ID 'CDC-2' -to list should not be empty. [d:/MPSOC_YOLO/06_vivado/proj/yolo_zcu104.gen/sources_1/bd/system/ip/system_sc_ctrl_0/bd_0/ip/ip_8/bd_73a6_sawn_0_clocks.xdc:100]
WARNING: [Vivado_Tcl 4-921] Waiver ID 'CDC-1' -to list should not be empty. [d:/MPSOC_YOLO/06_vivado/proj/yolo_zcu104.gen/sources_1/bd/system/ip/system_sc_ctrl_0/bd_0/ip/ip_8/bd_73a6_sawn_0_clocks.xdc:104]
WARNING: [Vivado_Tcl 4-921] Waiver ID 'CDC-10' -to list should not be empty. [d:/MPSOC_YOLO/06_vivado/proj/yolo_zcu104.gen/sources_1/bd/system/ip/system_sc_ctrl_0/bd_0/ip/ip_8/bd_73a6_sawn_0_clocks.xdc:107]
WARNING: [Vivado_Tcl 4-921] Waiver ID 'CDC-10' -to list should not be empty. [d:/MPSOC_YOLO/06_vivado/proj/yolo_zcu104.gen/sources_1/bd/system/ip/system_sc_ctrl_0/bd_0/ip/ip_8/bd_73a6_sawn_0_clocks.xdc:110]
INFO: [Common 17-14] Message 'Vivado 12-180' appears 100 times and further instances of the messages will be disabled. Use the Tcl command set_msg_config to change the current settings. [d:/MPSOC_YOLO/06_vivado/proj/yolo_zcu104.gen/sources_1/bd/system/ip/system_sc_ctrl_0/bd_0/ip/ip_8/bd_73a6_sawn_0_clocks.xdc:113]
WARNING: [Vivado_Tcl 4-921] Waiver ID 'CDC-1' -to list should not be empty. [d:/MPSOC_YOLO/06_vivado/proj/yolo_zcu104.gen/sources_1/bd/system/ip/system_sc_ctrl_0/bd_0/ip/ip_8/bd_73a6_sawn_0_clocks.xdc:113]
WARNING: [Vivado_Tcl 4-921] Waiver ID 'CDC-1' -to list should not be empty. [d:/MPSOC_YOLO/06_vivado/proj/yolo_zcu104.gen/sources_1/bd/system/ip/system_sc_ctrl_0/bd_0/ip/ip_8/bd_73a6_sawn_0_clocks.xdc:116]
WARNING: [Vivado_Tcl 4-921] Waiver ID 'CDC-13' -to list should not be empty. [d:/MPSOC_YOLO/06_vivado/proj/yolo_zcu104.gen/sources_1/bd/system/ip/system_sc_ctrl_0/bd_0/ip/ip_8/bd_73a6_sawn_0_clocks.xdc:122]
WARNING: [Vivado_Tcl 4-921] Waiver ID 'CDC-1' -to list should not be empty. [d:/MPSOC_YOLO/06_vivado/proj/yolo_zcu104.gen/sources_1/bd/system/ip/system_sc_ctrl_0/bd_0/ip/ip_8/bd_73a6_sawn_0_clocks.xdc:125]
WARNING: [Vivado_Tcl 4-921] Waiver ID 'CDC-1' -to list should not be empty. [d:/MPSOC_YOLO/06_vivado/proj/yolo_zcu104.gen/sources_1/bd/system/ip/system_sc_ctrl_0/bd_0/ip/ip_8/bd_73a6_sawn_0_clocks.xdc:128]
WARNING: [Vivado_Tcl 4-921] Waiver ID 'CDC-13' -to list should not be empty. [d:/MPSOC_YOLO/06_vivado/proj/yolo_zcu104.gen/sources_1/bd/system/ip/system_sc_ctrl_0/bd_0/ip/ip_8/bd_73a6_sawn_0_clocks.xdc:131]
WARNING: [Vivado_Tcl 4-921] Waiver ID 'CDC-1' -to list should not be empty. [d:/MPSOC_YOLO/06_vivado/proj/yolo_zcu104.gen/sources_1/bd/system/ip/system_sc_ctrl_0/bd_0/ip/ip_8/bd_73a6_sawn_0_clocks.xdc:134]
INFO: [Common 17-14] Message 'Vivado_Tcl 4-921' appears 100 times and further instances of the messages will be disabled. Use the Tcl command set_msg_config to change the current settings. [d:/MPSOC_YOLO/06_vivado/proj/yolo_zcu104.gen/sources_1/bd/system/ip/system_sc_ctrl_0/bd_0/ip/ip_8/bd_73a6_sawn_0_clocks.xdc:134]
WARNING: [Vivado_Tcl 4-935] Waiver ID 'CDC-1' is a duplicate and will not be added again. [d:/MPSOC_YOLO/06_vivado/proj/yolo_zcu104.gen/sources_1/bd/system/ip/system_sc_ctrl_0/bd_0/ip/ip_8/bd_73a6_sawn_0_clocks.xdc:181]
Finished Parsing XDC File [d:/MPSOC_YOLO/06_vivado/proj/yolo_zcu104.gen/sources_1/bd/system/ip/system_sc_ctrl_0/bd_0/ip/ip_8/bd_73a6_sawn_0_clocks.xdc] for cell 'system_i/sc_ctrl/inst/s00_nodes/s00_aw_node/inst'
Parsing XDC File [d:/MPSOC_YOLO/06_vivado/proj/yolo_zcu104.gen/sources_1/bd/system/ip/system_sc_ctrl_0/bd_0/ip/ip_9/bd_73a6_swn_0_clocks.xdc] for cell 'system_i/sc_ctrl/inst/s00_nodes/s00_w_node/inst'
WARNING: [Vivado_Tcl 4-935] Waiver ID 'CDC-1' is a duplicate and will not be added again. [d:/MPSOC_YOLO/06_vivado/proj/yolo_zcu104.gen/sources_1/bd/system/ip/system_sc_ctrl_0/bd_0/ip/ip_9/bd_73a6_swn_0_clocks.xdc:181]
Finished Parsing XDC File [d:/MPSOC_YOLO/06_vivado/proj/yolo_zcu104.gen/sources_1/bd/system/ip/system_sc_ctrl_0/bd_0/ip/ip_9/bd_73a6_swn_0_clocks.xdc] for cell 'system_i/sc_ctrl/inst/s00_nodes/s00_w_node/inst'
Parsing XDC File [d:/MPSOC_YOLO/06_vivado/proj/yolo_zcu104.gen/sources_1/bd/system/ip/system_sc_ctrl_0/bd_0/ip/ip_10/bd_73a6_sbn_0_clocks.xdc] for cell 'system_i/sc_ctrl/inst/s00_nodes/s00_b_node/inst'
WARNING: [Vivado_Tcl 4-935] Waiver ID 'CDC-1' is a duplicate and will not be added again. [d:/MPSOC_YOLO/06_vivado/proj/yolo_zcu104.gen/sources_1/bd/system/ip/system_sc_ctrl_0/bd_0/ip/ip_10/bd_73a6_sbn_0_clocks.xdc:181]
Finished Parsing XDC File [d:/MPSOC_YOLO/06_vivado/proj/yolo_zcu104.gen/sources_1/bd/system/ip/system_sc_ctrl_0/bd_0/ip/ip_10/bd_73a6_sbn_0_clocks.xdc] for cell 'system_i/sc_ctrl/inst/s00_nodes/s00_b_node/inst'
Parsing XDC File [d:/MPSOC_YOLO/06_vivado/proj/yolo_zcu104.gen/sources_1/bd/system/ip/system_sc_ctrl_0/smartconnect.xdc] for cell 'system_i/sc_ctrl/inst'
WARNING: [Vivado_Tcl 4-919] Waiver ID 'CDC-1' -from list should not be empty. [d:/MPSOC_YOLO/06_vivado/proj/yolo_zcu104.gen/sources_1/bd/system/ip/system_sc_ctrl_0/smartconnect.xdc:1]
WARNING: [Vivado_Tcl 4-919] Waiver ID 'CDC-1' -from list should not be empty. [d:/MPSOC_YOLO/06_vivado/proj/yolo_zcu104.gen/sources_1/bd/system/ip/system_sc_ctrl_0/smartconnect.xdc:2]
WARNING: [Vivado_Tcl 4-919] Waiver ID 'CDC-1' -from list should not be empty. [d:/MPSOC_YOLO/06_vivado/proj/yolo_zcu104.gen/sources_1/bd/system/ip/system_sc_ctrl_0/smartconnect.xdc:6]
Finished Parsing XDC File [d:/MPSOC_YOLO/06_vivado/proj/yolo_zcu104.gen/sources_1/bd/system/ip/system_sc_ctrl_0/smartconnect.xdc] for cell 'system_i/sc_ctrl/inst'
Parsing XDC File [d:/MPSOC_YOLO/06_vivado/proj/yolo_zcu104.gen/sources_1/bd/system/ip/system_sc_mem_0/bd_0/ip/ip_1/bd_0182_psr_aclk_0_board.xdc] for cell 'system_i/sc_mem/inst/clk_map/psr_aclk/U0'
Finished Parsing XDC File [d:/MPSOC_YOLO/06_vivado/proj/yolo_zcu104.gen/sources_1/bd/system/ip/system_sc_mem_0/bd_0/ip/ip_1/bd_0182_psr_aclk_0_board.xdc] for cell 'system_i/sc_mem/inst/clk_map/psr_aclk/U0'
Parsing XDC File [d:/MPSOC_YOLO/06_vivado/proj/yolo_zcu104.gen/sources_1/bd/system/ip/system_sc_mem_0/bd_0/ip/ip_1/bd_0182_psr_aclk_0.xdc] for cell 'system_i/sc_mem/inst/clk_map/psr_aclk/U0'
Finished Parsing XDC File [d:/MPSOC_YOLO/06_vivado/proj/yolo_zcu104.gen/sources_1/bd/system/ip/system_sc_mem_0/bd_0/ip/ip_1/bd_0182_psr_aclk_0.xdc] for cell 'system_i/sc_mem/inst/clk_map/psr_aclk/U0'
Parsing XDC File [d:/MPSOC_YOLO/06_vivado/proj/yolo_zcu104.gen/sources_1/bd/system/ip/system_sc_mem_0/bd_0/ip/ip_6/bd_0182_sarn_0_clocks.xdc] for cell 'system_i/sc_mem/inst/s00_nodes/s00_ar_node/inst'
Finished Parsing XDC File [d:/MPSOC_YOLO/06_vivado/proj/yolo_zcu104.gen/sources_1/bd/system/ip/system_sc_mem_0/bd_0/ip/ip_6/bd_0182_sarn_0_clocks.xdc] for cell 'system_i/sc_mem/inst/s00_nodes/s00_ar_node/inst'
Parsing XDC File [d:/MPSOC_YOLO/06_vivado/proj/yolo_zcu104.gen/sources_1/bd/system/ip/system_sc_mem_0/bd_0/ip/ip_7/bd_0182_srn_0_clocks.xdc] for cell 'system_i/sc_mem/inst/s00_nodes/s00_r_node/inst'
Finished Parsing XDC File [d:/MPSOC_YOLO/06_vivado/proj/yolo_zcu104.gen/sources_1/bd/system/ip/system_sc_mem_0/bd_0/ip/ip_7/bd_0182_srn_0_clocks.xdc] for cell 'system_i/sc_mem/inst/s00_nodes/s00_r_node/inst'
Parsing XDC File [d:/MPSOC_YOLO/06_vivado/proj/yolo_zcu104.gen/sources_1/bd/system/ip/system_sc_mem_0/bd_0/ip/ip_8/bd_0182_sawn_0_clocks.xdc] for cell 'system_i/sc_mem/inst/s00_nodes/s00_aw_node/inst'
Finished Parsing XDC File [d:/MPSOC_YOLO/06_vivado/proj/yolo_zcu104.gen/sources_1/bd/system/ip/system_sc_mem_0/bd_0/ip/ip_8/bd_0182_sawn_0_clocks.xdc] for cell 'system_i/sc_mem/inst/s00_nodes/s00_aw_node/inst'
Parsing XDC File [d:/MPSOC_YOLO/06_vivado/proj/yolo_zcu104.gen/sources_1/bd/system/ip/system_sc_mem_0/bd_0/ip/ip_9/bd_0182_swn_0_clocks.xdc] for cell 'system_i/sc_mem/inst/s00_nodes/s00_w_node/inst'
Finished Parsing XDC File [d:/MPSOC_YOLO/06_vivado/proj/yolo_zcu104.gen/sources_1/bd/system/ip/system_sc_mem_0/bd_0/ip/ip_9/bd_0182_swn_0_clocks.xdc] for cell 'system_i/sc_mem/inst/s00_nodes/s00_w_node/inst'
Parsing XDC File [d:/MPSOC_YOLO/06_vivado/proj/yolo_zcu104.gen/sources_1/bd/system/ip/system_sc_mem_0/bd_0/ip/ip_10/bd_0182_sbn_0_clocks.xdc] for cell 'system_i/sc_mem/inst/s00_nodes/s00_b_node/inst'
Finished Parsing XDC File [d:/MPSOC_YOLO/06_vivado/proj/yolo_zcu104.gen/sources_1/bd/system/ip/system_sc_mem_0/bd_0/ip/ip_10/bd_0182_sbn_0_clocks.xdc] for cell 'system_i/sc_mem/inst/s00_nodes/s00_b_node/inst'
Parsing XDC File [d:/MPSOC_YOLO/06_vivado/proj/yolo_zcu104.gen/sources_1/bd/system/ip/system_sc_mem_0/smartconnect.xdc] for cell 'system_i/sc_mem/inst'
WARNING: [Vivado_Tcl 4-919] Waiver ID 'CDC-1' -from list should not be empty. [d:/MPSOC_YOLO/06_vivado/proj/yolo_zcu104.gen/sources_1/bd/system/ip/system_sc_mem_0/smartconnect.xdc:1]
Finished Parsing XDC File [d:/MPSOC_YOLO/06_vivado/proj/yolo_zcu104.gen/sources_1/bd/system/ip/system_sc_mem_0/smartconnect.xdc] for cell 'system_i/sc_mem/inst'
INFO: [Project 1-1714] 32 XPM XDC files have been applied to the design.
INFO: [Opt 31-138] Pushed 0 inverter(s) to 0 load pin(s).
INFO: [Project 1-1687] 453 scoped IP constraints or related sub-commands were skipped due to synthesis logic optimizations usually triggered by constant connectivity or unconnected output pins. To review the skipped constraints and messages, run the command 'set_param netlist.IPMsgFiltering false' before opening the design.
Netlist sorting complete. Time (s): cpu = 00:00:00 ; elapsed = 00:00:00.015 . Memory (MB): peak = 3521.461 ; gain = 0.000
INFO: [Project 1-111] Unisim Transformation Summary:
  A total of 217 instances were transformed.
  DSP48E2 => DSP48E2 (DSP_ALU, DSP_A_B_DATA, DSP_C_DATA, DSP_MULTIPLIER, DSP_M_DATA, DSP_OUTPUT, DSP_PREADD, DSP_PREADD_DATA): 37 instances
  RAM32M => RAM32M (RAMD32(x6), RAMS32(x2)): 1 instance 
  RAM32M16 => RAM32M16 (RAMD32(x14), RAMS32(x2)): 51 instances
  RAM32X1S => RAM32X1S (RAMS32): 128 instances

14 Infos, 109 Warnings, 0 Critical Warnings and 0 Errors encountered.
link_design completed successfully
link_design: Time (s): cpu = 00:00:46 ; elapsed = 00:00:54 . Memory (MB): peak = 3521.461 ; gain = 2549.211
source D:/MPSOC_YOLO/06_vivado/lowmem_impl_pre.tcl
Command: opt_design
Attempting to get a license for feature 'Implementation' and/or device 'xczu7ev'
INFO: [Common 17-349] Got license for feature 'Implementation' and/or device 'xczu7ev'
Running DRC as a precondition to command opt_design

Starting DRC Task
INFO: [DRC 23-27] Running DRC with 2 threads
INFO: [Project 1-461] DRC finished with 0 Errors
INFO: [Project 1-462] Please refer to the DRC report (report_drc) for more information.

Time (s): cpu = 00:00:03 ; elapsed = 00:00:01 . Memory (MB): peak = 3521.461 ; gain = 0.000

Starting Cache Timing Information Task
INFO: [Timing 38-35] Done setting XDC timing constraints.
Ending Cache Timing Information Task | Checksum: 1340ef6fc

Time (s): cpu = 00:00:15 ; elapsed = 00:00:10 . Memory (MB): peak = 3521.461 ; gain = 0.000

Starting Logic Optimization Task

Phase 1 Initialization

Phase 1.1 Core Generation And Design Setup
Phase 1.1 Core Generation And Design Setup | Checksum: 1340ef6fc

Time (s): cpu = 00:00:00 ; elapsed = 00:00:00.012 . Memory (MB): peak = 3841.199 ; gain = 0.000

Phase 1.2 Setup Constraints And Sort Netlist
Phase 1.2 Setup Constraints And Sort Netlist | Checksum: 1340ef6fc

Time (s): cpu = 00:00:00 ; elapsed = 00:00:00.047 . Memory (MB): peak = 3841.199 ; gain = 0.000
Phase 1 Initialization | Checksum: 1340ef6fc

Time (s): cpu = 00:00:00 ; elapsed = 00:00:00.054 . Memory (MB): peak = 3841.199 ; gain = 0.000

Phase 2 Timer Update And Timing Data Collection

Phase 2.1 Timer Update
Phase 2.1 Timer Update | Checksum: 1340ef6fc

Time (s): cpu = 00:00:03 ; elapsed = 00:00:02 . Memory (MB): peak = 3950.293 ; gain = 109.094

Phase 2.2 Timing Data Collection
Phase 2.2 Timing Data Collection | Checksum: 1340ef6fc

Time (s): cpu = 00:00:03 ; elapsed = 00:00:02 . Memory (MB): peak = 3950.293 ; gain = 109.094
Phase 2 Timer Update And Timing Data Collection | Checksum: 1340ef6fc

Time (s): cpu = 00:00:03 ; elapsed = 00:00:02 . Memory (MB): peak = 3950.293 ; gain = 109.094

Phase 3 Retarget
INFO: [Opt 31-1834] Total Chains To Be Transformed Were: 0 AND Number of Transformed insts Created are: 0
INFO: [Opt 31-1566] Pulled 2 inverters resulting in an inversion of 8 pins
INFO: [Opt 31-138] Pushed 56 inverter(s) to 2332 load pin(s).
INFO: [Opt 31-49] Retargeted 0 cell(s).
Phase 3 Retarget | Checksum: 1ad6efcc9

Time (s): cpu = 00:00:05 ; elapsed = 00:00:03 . Memory (MB): peak = 3950.293 ; gain = 109.094
Retarget | Checksum: 1ad6efcc9
INFO: [Opt 31-389] Phase Retarget created 0 cells and removed 320 cells
INFO: [Opt 31-1021] In phase Retarget, 41 netlist objects are constrained preventing optimization. Please run opt_design with -debug_log to get more detail. 

Phase 4 Constant propagation
INFO: [Opt 31-138] Pushed 1 inverter(s) to 1 load pin(s).
Phase 4 Constant propagation | Checksum: 19b5ead56

Time (s): cpu = 00:00:05 ; elapsed = 00:00:04 . Memory (MB): peak = 3950.293 ; gain = 109.094
Constant propagation | Checksum: 19b5ead56
INFO: [Opt 31-389] Phase Constant propagation created 26 cells and removed 66 cells
INFO: [Opt 31-1021] In phase Constant propagation, 41 netlist objects are constrained preventing optimization. Please run opt_design with -debug_log to get more detail. 

Phase 5 Sweep
Phase 5 Sweep | Checksum: 20229b4b4

Time (s): cpu = 00:00:07 ; elapsed = 00:00:05 . Memory (MB): peak = 3950.293 ; gain = 109.094
Sweep | Checksum: 20229b4b4
INFO: [Opt 31-389] Phase Sweep created 0 cells and removed 58 cells
INFO: [Opt 31-1021] In phase Sweep, 51 netlist objects are constrained preventing optimization. Please run opt_design with -debug_log to get more detail. 

Phase 6 BUFG optimization
INFO: [Opt 31-1077] Phase BUFG optimization inserted 0 global clock buffer(s) for CLOCK_LOW_FANOUT.
Phase 6 BUFG optimization | Checksum: 20229b4b4

Time (s): cpu = 00:00:09 ; elapsed = 00:00:06 . Memory (MB): peak = 3950.293 ; gain = 109.094
BUFG optimization | Checksum: 20229b4b4
INFO: [Opt 31-662] Phase BUFG optimization created 0 cells of which 0 are BUFGs and removed 0 cells.

Phase 7 Shift Register Optimization
INFO: [Opt 31-1064] SRL Remap converted 0 SRLs to 0 registers and converted 0 registers of register chains to 0 SRLs
Phase 7 Shift Register Optimization | Checksum: 20229b4b4

Time (s): cpu = 00:00:09 ; elapsed = 00:00:06 . Memory (MB): peak = 3950.293 ; gain = 109.094
Shift Register Optimization | Checksum: 20229b4b4
INFO: [Opt 31-389] Phase Shift Register Optimization created 0 cells and removed 0 cells

Phase 8 Post Processing Netlist
Phase 8 Post Processing Netlist | Checksum: 20229b4b4

Time (s): cpu = 00:00:10 ; elapsed = 00:00:07 . Memory (MB): peak = 3950.293 ; gain = 109.094
Post Processing Netlist | Checksum: 20229b4b4
INFO: [Opt 31-389] Phase Post Processing Netlist created 0 cells and removed 0 cells
INFO: [Opt 31-1021] In phase Post Processing Netlist, 41 netlist objects are constrained preventing optimization. Please run opt_design with -debug_log to get more detail. 

Phase 9 Finalization

Phase 9.1 Finalizing Design Cores and Updating Shapes
Phase 9.1 Finalizing Design Cores and Updating Shapes | Checksum: 2267e2ff6

Time (s): cpu = 00:00:13 ; elapsed = 00:00:10 . Memory (MB): peak = 3950.293 ; gain = 109.094

Phase 9.2 Verifying Netlist Connectivity

Starting Connectivity Check Task

Time (s): cpu = 00:00:00 ; elapsed = 00:00:00.124 . Memory (MB): peak = 3950.293 ; gain = 0.000
Phase 9.2 Verifying Netlist Connectivity | Checksum: 2267e2ff6

Time (s): cpu = 00:00:13 ; elapsed = 00:00:10 . Memory (MB): peak = 3950.293 ; gain = 109.094
Phase 9 Finalization | Checksum: 2267e2ff6

Time (s): cpu = 00:00:13 ; elapsed = 00:00:10 . Memory (MB): peak = 3950.293 ; gain = 109.094
Opt_design Change Summary
=========================


-------------------------------------------------------------------------------------------------------------------------
|  Phase                        |  #Cells created  |  #Cells Removed  |  #Constrained objects preventing optimizations  |
-------------------------------------------------------------------------------------------------------------------------
|  Retarget                     |               0  |             320  |                                             41  |
|  Constant propagation         |              26  |              66  |                                             41  |
|  Sweep                        |               0  |              58  |                                             51  |
|  BUFG optimization            |               0  |               0  |                                              0  |
|  Shift Register Optimization  |               0  |               0  |                                              0  |
|  Post Processing Netlist      |               0  |               0  |                                             41  |
-------------------------------------------------------------------------------------------------------------------------


Ending Logic Optimization Task | Checksum: 2267e2ff6

Time (s): cpu = 00:00:13 ; elapsed = 00:00:10 . Memory (MB): peak = 3950.293 ; gain = 109.094

Starting Power Optimization Task
INFO: [Pwropt 34-132] Skipping clock gating for clocks with a period < 2.00 ns.
INFO: [Pwropt 34-9] Applying IDT optimizations ...
INFO: [Pwropt 34-10] Applying ODC optimizations ...
INFO: [Timing 38-35] Done setting XDC timing constraints.
Running Vector-less Activity Propagation...

Finished Running Vector-less Activity Propagation


Starting PowerOpt Patch Enables Task
INFO: [Pwropt 34-162] WRITE_MODE attribute of 0 BRAM(s) out of a total of 97 has been updated to save power. Run report_power_opt to get a complete listing of the BRAMs updated.
INFO: [Timing 38-35] Done setting XDC timing constraints.
INFO: [Pwropt 34-201] Structural ODC has moved 29 WE to EN ports
Number of BRAM Ports augmented: 4 newly gated: 93 Total Ports: 194
Ending PowerOpt Patch Enables Task | Checksum: 240b4c9b7

Time (s): cpu = 00:00:16 ; elapsed = 00:00:11 . Memory (MB): peak = 4586.219 ; gain = 0.000
Ending Power Optimization Task | Checksum: 240b4c9b7

Time (s): cpu = 00:00:59 ; elapsed = 00:00:29 . Memory (MB): peak = 4586.219 ; gain = 635.926

Starting Final Cleanup Task

Starting Logic Optimization Task
INFO: [Timing 38-35] Done setting XDC timing constraints.
Ending Logic Optimization Task | Checksum: 16d7b5c65

Time (s): cpu = 00:00:20 ; elapsed = 00:00:13 . Memory (MB): peak = 4586.219 ; gain = 0.000
Ending Final Cleanup Task | Checksum: 16d7b5c65

Time (s): cpu = 00:00:22 ; elapsed = 00:00:15 . Memory (MB): peak = 4586.219 ; gain = 0.000

Starting Netlist Obfuscation Task
Netlist sorting complete. Time (s): cpu = 00:00:00 ; elapsed = 00:00:00.014 . Memory (MB): peak = 4586.219 ; gain = 0.000
Ending Netlist Obfuscation Task | Checksum: 16d7b5c65

Time (s): cpu = 00:00:00 ; elapsed = 00:00:00.021 . Memory (MB): peak = 4586.219 ; gain = 0.000
INFO: [Common 17-83] Releasing license: Implementation
45 Infos, 109 Warnings, 0 Critical Warnings and 0 Errors encountered.
opt_design completed successfully
opt_design: Time (s): cpu = 00:01:54 ; elapsed = 00:01:07 . Memory (MB): peak = 4586.219 ; gain = 1064.758
INFO: [Vivado 12-24828] Executing command : report_drc -file system_wrapper_drc_opted.rpt -pb system_wrapper_drc_opted.pb -rpx system_wrapper_drc_opted.rpx
Command: report_drc -file system_wrapper_drc_opted.rpt -pb system_wrapper_drc_opted.pb -rpx system_wrapper_drc_opted.rpx
INFO: [IP_Flow 19-1839] IP Catalog is up to date.
INFO: [DRC 23-27] Running DRC with 2 threads
INFO: [Vivado_Tcl 2-168] The results of DRC are in file D:/MPSOC_YOLO/06_vivado/proj/yolo_zcu104.runs/impl_1/system_wrapper_drc_opted.rpt.
report_drc completed successfully
INFO: [Timing 38-480] Writing timing data to binary archive.
Write ShapeDB Complete: Time (s): cpu = 00:00:00 ; elapsed = 00:00:00.191 . Memory (MB): peak = 4586.219 ; gain = 0.000
INFO: [Common 17-1381] The checkpoint 'D:/MPSOC_YOLO/06_vivado/proj/yolo_zcu104.runs/impl_1/system_wrapper_opt.dcp' has been generated.
write_checkpoint: Time (s): cpu = 00:00:08 ; elapsed = 00:00:07 . Memory (MB): peak = 4586.219 ; gain = 0.000
Command: place_design
Attempting to get a license for feature 'Implementation' and/or device 'xczu7ev'
INFO: [Common 17-349] Got license for feature 'Implementation' and/or device 'xczu7ev'
INFO: [Common 17-83] Releasing license: Implementation
INFO: [DRC 23-27] Running DRC with 2 threads
INFO: [Vivado_Tcl 4-198] DRC finished with 0 Errors
INFO: [Vivado_Tcl 4-199] Please refer to the DRC report (report_drc) for more information.
Running DRC as a precondition to command place_design
INFO: [DRC 23-27] Running DRC with 2 threads
INFO: [Vivado_Tcl 4-198] DRC finished with 0 Errors
INFO: [Vivado_Tcl 4-199] Please refer to the DRC report (report_drc) for more information.
INFO: [Place 30-611] Multithreading enabled for place_design using a maximum of 2 CPUs

Starting Placer Task

Phase 1 Placer Initialization

Phase 1.1 Placer Initialization Netlist Sorting
Netlist sorting complete. Time (s): cpu = 00:00:00 ; elapsed = 00:00:00.014 . Memory (MB): peak = 4586.219 ; gain = 0.000
Phase 1.1 Placer Initialization Netlist Sorting | Checksum: 12426e30e

Time (s): cpu = 00:00:00 ; elapsed = 00:00:00.030 . Memory (MB): peak = 4586.219 ; gain = 0.000
Netlist sorting complete. Time (s): cpu = 00:00:00 ; elapsed = 00:00:00.012 . Memory (MB): peak = 4586.219 ; gain = 0.000

Phase 1.2 IO Placement/ Clock Placement/ Build Placer Device
INFO: [Timing 38-35] Done setting XDC timing constraints.
Phase 1.2 IO Placement/ Clock Placement/ Build Placer Device | Checksum: 1cd6e7996

Time (s): cpu = 00:00:31 ; elapsed = 00:00:31 . Memory (MB): peak = 4748.668 ; gain = 162.449

Phase 1.3 Build Placer Netlist Model
Phase 1.3 Build Placer Netlist Model | Checksum: 243a44020

Time (s): cpu = 00:01:02 ; elapsed = 00:00:51 . Memory (MB): peak = 5015.363 ; gain = 429.145

Phase 1.4 Constrain Clocks/Macros
Phase 1.4 Constrain Clocks/Macros | Checksum: 243a44020

Time (s): cpu = 00:01:02 ; elapsed = 00:00:51 . Memory (MB): peak = 5015.363 ; gain = 429.145
Phase 1 Placer Initialization | Checksum: 243a44020

Time (s): cpu = 00:01:02 ; elapsed = 00:00:51 . Memory (MB): peak = 5015.363 ; gain = 429.145

Phase 2 Global Placement

Phase 2.1 Floorplanning

Phase 2.1.1 Partition Driven Placement

Phase 2.1.1.1 PBP: Partition Driven Placement
Phase 2.1.1.1 PBP: Partition Driven Placement | Checksum: 21a69ac6e

Time (s): cpu = 00:01:46 ; elapsed = 00:01:17 . Memory (MB): peak = 5015.363 ; gain = 429.145

Phase 2.1.1.2 PBP: Clock Region Placement
INFO: [Place 30-3162] Check ILP status : ILP-based clock placer completed successfully.
Phase 2.1.1.2 PBP: Clock Region Placement | Checksum: 2a886ce51

Time (s): cpu = 00:01:47 ; elapsed = 00:01:18 . Memory (MB): peak = 5015.363 ; gain = 429.145

Phase 2.1.1.3 PBP: Discrete Incremental
Phase 2.1.1.3 PBP: Discrete Incremental | Checksum: 226718795

Time (s): cpu = 00:01:47 ; elapsed = 00:01:18 . Memory (MB): peak = 5015.363 ; gain = 429.145

Phase 2.1.1.4 PBP: Compute Congestion
Phase 2.1.1.4 PBP: Compute Congestion | Checksum: 226718795

Time (s): cpu = 00:02:01 ; elapsed = 00:01:26 . Memory (MB): peak = 5106.387 ; gain = 520.168

Phase 2.1.1.5 PBP: Macro Placement
Phase 2.1.1.5 PBP: Macro Placement | Checksum: 2351fbfe1

Time (s): cpu = 00:02:02 ; elapsed = 00:01:26 . Memory (MB): peak = 5107.414 ; gain = 521.195

Phase 2.1.1.6 PBP: UpdateTiming
Phase 2.1.1.6 PBP: UpdateTiming | Checksum: 25061ef42

Time (s): cpu = 00:02:07 ; elapsed = 00:01:30 . Memory (MB): peak = 5121.266 ; gain = 535.047

Phase 2.1.1.7 PBP: Add part constraints
Phase 2.1.1.7 PBP: Add part constraints | Checksum: 25061ef42

Time (s): cpu = 00:02:07 ; elapsed = 00:01:30 . Memory (MB): peak = 5121.266 ; gain = 535.047
Phase 2.1.1 Partition Driven Placement | Checksum: 25061ef42

Time (s): cpu = 00:02:07 ; elapsed = 00:01:30 . Memory (MB): peak = 5121.266 ; gain = 535.047
Phase 2.1 Floorplanning | Checksum: 2aba53093

Time (s): cpu = 00:02:07 ; elapsed = 00:01:30 . Memory (MB): peak = 5121.266 ; gain = 535.047

Phase 2.2 Update Timing before SLR Path Opt
Phase 2.2 Update Timing before SLR Path Opt | Checksum: 2aba53093

Time (s): cpu = 00:02:07 ; elapsed = 00:01:30 . Memory (MB): peak = 5121.266 ; gain = 535.047

Phase 2.3 Post-Processing in Floorplanning
Phase 2.3 Post-Processing in Floorplanning | Checksum: 289f8ad44

Time (s): cpu = 00:02:07 ; elapsed = 00:01:30 . Memory (MB): peak = 5121.266 ; gain = 535.047

Phase 2.4 Global Placement Core

Phase 2.4.1 UpdateTiming Before Physical Synthesis
Phase 2.4.1 UpdateTiming Before Physical Synthesis | Checksum: 2d6912456

Time (s): cpu = 00:04:52 ; elapsed = 00:03:04 . Memory (MB): peak = 5340.824 ; gain = 754.605

Phase 2.4.2 Physical Synthesis In Placer
INFO: [Physopt 32-1035] Found 0 LUTNM shape to break, 4929 LUT instances to create LUTNM shape
INFO: [Physopt 32-1044] Break lutnm for timing: one critical 0, two critical 0, total 0, new lutff created 0
INFO: [Physopt 32-1138] End 1 Pass. Optimized 2296 nets or LUTs. Breaked 0 LUT, combined 2296 existing LUTs and moved 0 existing LUT
INFO: [Physopt 32-1030] Pass 1. Identified 132 candidate driver sets for equivalent driver rewiring.
INFO: [Physopt 32-661] Optimized 85 nets.  Re-placed 391 instances.
INFO: [Physopt 32-775] End 1 Pass. Optimized 85 nets or cells. Created 0 new cell, deleted 0 existing cell and moved 391 existing cells
Netlist sorting complete. Time (s): cpu = 00:00:00 ; elapsed = 00:00:00.237 . Memory (MB): peak = 5340.824 ; gain = 0.000
INFO: [Physopt 32-65] No nets found for high-fanout optimization.
INFO: [Physopt 32-232] Optimized 0 net. Created 0 new instance.
INFO: [Physopt 32-775] End 1 Pass. Optimized 0 net or cell. Created 0 new cell, deleted 0 existing cell and moved 0 existing cell
INFO: [Physopt 32-670] No setup violation found.  DSP Register Optimization was not performed.
INFO: [Physopt 32-670] No setup violation found.  Shift Register to Pipeline Optimization was not performed.
INFO: [Physopt 32-670] No setup violation found.  Shift Register Optimization was not performed.
INFO: [Physopt 32-670] No setup violation found.  BRAM Register Optimization was not performed.
INFO: [Physopt 32-670] No setup violation found.  URAM Register Optimization was not performed.
INFO: [Physopt 32-949] No candidate nets found for dynamic/static region interface net replication
INFO: [Physopt 32-775] End 1 Pass. Optimized 0 net or cell. Created 0 new cell, deleted 0 existing cell and moved 0 existing cell
Netlist sorting complete. Time (s): cpu = 00:00:00 ; elapsed = 00:00:00.014 . Memory (MB): peak = 5340.824 ; gain = 0.000

Summary of Physical Synthesis Optimizations
============================================


-----------------------------------------------------------------------------------------------------------------------------------------------------------
|  Optimization                                     |  Added Cells  |  Removed Cells  |  Optimized Cells/Nets  |  Dont Touch  |  Iterations  |  Elapsed   |
-----------------------------------------------------------------------------------------------------------------------------------------------------------
|  LUT Combining                                    |            0  |           2296  |                  2296  |           0  |           1  |  00:00:03  |
|  Retime                                           |            0  |              0  |                     0  |           0  |           1  |  00:00:00  |
|  Equivalent Driver Rewiring                       |            0  |              0  |                    85  |           0  |           1  |  00:00:04  |
|  Very High Fanout                                 |            0  |              0  |                     0  |           0  |           1  |  00:00:00  |
|  DSP Register                                     |            0  |              0  |                     0  |           0  |           0  |  00:00:00  |
|  Shift Register to Pipeline                       |            0  |              0  |                     0  |           0  |           0  |  00:00:00  |
|  Shift Register                                   |            0  |              0  |                     0  |           0  |           0  |  00:00:00  |
|  BRAM Register                                    |            0  |              0  |                     0  |           0  |           0  |  00:00:00  |
|  URAM Register                                    |            0  |              0  |                     0  |           0  |           0  |  00:00:00  |
|  Dynamic/Static Region Interface Net Replication  |            0  |              0  |                     0  |           0  |           1  |  00:00:00  |
|  Total                                            |            0  |           2296  |                  2381  |           0  |           5  |  00:00:07  |
-----------------------------------------------------------------------------------------------------------------------------------------------------------


Phase 2.4.2 Physical Synthesis In Placer | Checksum: 343952343

Time (s): cpu = 00:05:05 ; elapsed = 00:03:15 . Memory (MB): peak = 5340.824 ; gain = 754.605
Phase 2.4 Global Placement Core | Checksum: 2c5b867e5

Time (s): cpu = 00:05:55 ; elapsed = 00:03:43 . Memory (MB): peak = 5340.824 ; gain = 754.605
Phase 2 Global Placement | Checksum: 2c5b867e5

Time (s): cpu = 00:05:55 ; elapsed = 00:03:43 . Memory (MB): peak = 5340.824 ; gain = 754.605

Phase 3 Detail Placement

Phase 3.1 Commit Multi Column Macros
Phase 3.1 Commit Multi Column Macros | Checksum: 229f6c74a

Time (s): cpu = 00:06:15 ; elapsed = 00:03:54 . Memory (MB): peak = 5340.824 ; gain = 754.605

Phase 3.2 Commit Most Macros & LUTRAMs
Phase 3.2 Commit Most Macros & LUTRAMs | Checksum: 36aaf877c

Time (s): cpu = 00:06:26 ; elapsed = 00:04:02 . Memory (MB): peak = 5340.824 ; gain = 754.605

Phase 3.3 Small Shape DP

Phase 3.3.1 Small Shape Clustering
Phase 3.3.1 Small Shape Clustering | Checksum: 2958906ab

Time (s): cpu = 00:06:57 ; elapsed = 00:04:19 . Memory (MB): peak = 5340.824 ; gain = 754.605

Phase 3.3.2 Slice Area Swap

Phase 3.3.2.1 Slice Area Swap Initial
Phase 3.3.2.1 Slice Area Swap Initial | Checksum: 3121827a8

Time (s): cpu = 00:07:16 ; elapsed = 00:04:33 . Memory (MB): peak = 5340.824 ; gain = 754.605
Phase 3.3.2 Slice Area Swap | Checksum: 3121827a8

Time (s): cpu = 00:07:16 ; elapsed = 00:04:33 . Memory (MB): peak = 5340.824 ; gain = 754.605
Phase 3.3 Small Shape DP | Checksum: 36306109a

Time (s): cpu = 00:07:51 ; elapsed = 00:04:52 . Memory (MB): peak = 5343.234 ; gain = 757.016

Phase 3.4 Re-assign LUT pins
Phase 3.4 Re-assign LUT pins | Checksum: 282b3d20d

Time (s): cpu = 00:07:55 ; elapsed = 00:04:56 . Memory (MB): peak = 5343.234 ; gain = 757.016

Phase 3.5 Pipeline Register Optimization
Phase 3.5 Pipeline Register Optimization | Checksum: 270f01af6

Time (s): cpu = 00:07:55 ; elapsed = 00:04:56 . Memory (MB): peak = 5343.234 ; gain = 757.016
Phase 3 Detail Placement | Checksum: 270f01af6

Time (s): cpu = 00:07:56 ; elapsed = 00:04:57 . Memory (MB): peak = 5343.234 ; gain = 757.016

Phase 4 Post Placement Optimization and Clean-Up

Phase 4.1 Post Commit Optimization
INFO: [Timing 38-35] Done setting XDC timing constraints.

Phase 4.1.1 Post Placement Optimization
Post Placement Optimization Initialization | Checksum: 239c308af

Phase 4.1.1.1 BUFG Insertion

Starting Physical Synthesis Task

Phase 1 Physical Synthesis Initialization
INFO: [Physopt 32-721] Multithreading enabled for phys_opt_design using a maximum of 2 CPUs
INFO: [Physopt 32-619] Estimated Timing Summary | WNS=0.377 | TNS=0.000 |
Phase 1 Physical Synthesis Initialization | Checksum: 168dc2ed3

Time (s): cpu = 00:00:02 ; elapsed = 00:00:01 . Memory (MB): peak = 5516.754 ; gain = 61.777
INFO: [Place 46-35] Processed net system_i/rst_pl0/U0/peripheral_aresetn[0], inserted BUFG to drive 2141 loads.
INFO: [Place 46-45] Replicated bufg driver system_i/rst_pl0/U0/ACTIVE_LOW_PR_OUT_DFF[0].FDRE_PER_N_replica
INFO: [Place 46-35] Processed net system_i/yolo_accel/inst/u_core/u_eng/p_1_in7_in, inserted BUFG to drive 1024 loads.
INFO: [Place 46-45] Replicated bufg driver system_i/yolo_accel/inst/u_core/u_eng/q_v_reg[2]__0_replica
INFO: [Place 46-35] Processed net system_i/yolo_accel/inst/u_core/u_eng/acc_out, inserted BUFG to drive 1024 loads.
INFO: [Place 46-56] BUFG insertion identified 3 candidate nets. Inserted BUFG: 3, Replicated BUFG Driver: 2, Skipped due to Placement/Routing Conflicts: 0, Skipped due to Timing Degradation: 0, Skipped due to netlist editing failed: 0.
Ending Physical Synthesis Task | Checksum: 207570530

Time (s): cpu = 00:00:05 ; elapsed = 00:00:04 . Memory (MB): peak = 5525.820 ; gain = 70.844
Phase 4.1.1.1 BUFG Insertion | Checksum: 1c6ba458e

Time (s): cpu = 00:09:03 ; elapsed = 00:05:43 . Memory (MB): peak = 5525.820 ; gain = 939.602

Phase 4.1.1.2 Post Placement Timing Optimization
INFO: [Place 30-746] Post Placement Timing Summary WNS=0.653. For the most accurate timing information please run report_timing.
Phase 4.1.1.2 Post Placement Timing Optimization | Checksum: 3118c299a

Time (s): cpu = 00:09:05 ; elapsed = 00:05:45 . Memory (MB): peak = 5525.820 ; gain = 939.602

Time (s): cpu = 00:09:05 ; elapsed = 00:05:45 . Memory (MB): peak = 5525.820 ; gain = 939.602
Phase 4.1 Post Commit Optimization | Checksum: 3118c299a

Time (s): cpu = 00:09:06 ; elapsed = 00:05:46 . Memory (MB): peak = 5525.820 ; gain = 939.602
Netlist sorting complete. Time (s): cpu = 00:00:00 ; elapsed = 00:00:00.143 . Memory (MB): peak = 5589.758 ; gain = 0.000

Phase 4.2 Post Placement Cleanup
Phase 4.2 Post Placement Cleanup | Checksum: 2acfa023f

Time (s): cpu = 00:09:25 ; elapsed = 00:05:58 . Memory (MB): peak = 5589.758 ; gain = 1003.539

Phase 4.3 Placer Reporting

Phase 4.3.1 Print Estimated Congestion
INFO: [Place 30-612] Post-Placement Estimated Congestion 
 ________________________________________________________________________
|           | Global Congestion | Long Congestion   | Short Congestion  |
| Direction | Region Size       | Region Size       | Region Size       |
|___________|___________________|___________________|___________________|
|      North|                1x1|              16x16|                1x1|
|___________|___________________|___________________|___________________|
|      South|                2x2|              32x32|                2x2|
|___________|___________________|___________________|___________________|
|       East|                1x1|                8x8|                2x2|
|___________|___________________|___________________|___________________|
|       West|                1x1|                1x1|                2x2|
|___________|___________________|___________________|___________________|

Phase 4.3.1 Print Estimated Congestion | Checksum: 2acfa023f

Time (s): cpu = 00:09:25 ; elapsed = 00:05:58 . Memory (MB): peak = 5589.758 ; gain = 1003.539
Phase 4.3 Placer Reporting | Checksum: 2acfa023f

Time (s): cpu = 00:09:25 ; elapsed = 00:05:58 . Memory (MB): peak = 5589.758 ; gain = 1003.539

Phase 4.4 Final Placement Cleanup
Netlist sorting complete. Time (s): cpu = 00:00:01 ; elapsed = 00:00:00.015 . Memory (MB): peak = 5589.758 ; gain = 0.000

Time (s): cpu = 00:09:26 ; elapsed = 00:05:58 . Memory (MB): peak = 5589.758 ; gain = 1003.539
Phase 4 Post Placement Optimization and Clean-Up | Checksum: 29d7c60a7

Time (s): cpu = 00:09:26 ; elapsed = 00:05:59 . Memory (MB): peak = 5589.758 ; gain = 1003.539
Ending Placer Task | Checksum: 1a8b73265

Time (s): cpu = 00:09:26 ; elapsed = 00:05:59 . Memory (MB): peak = 5589.758 ; gain = 1003.539
89 Infos, 109 Warnings, 0 Critical Warnings and 0 Errors encountered.
place_design completed successfully
place_design: Time (s): cpu = 00:09:31 ; elapsed = 00:06:03 . Memory (MB): peak = 5589.758 ; gain = 1003.539
INFO: [Vivado 12-24838] Running report commands "report_control_sets, report_io, report_utilization" in parallel.
Running report generation with 2 threads.
INFO: [Vivado 12-24828] Executing command : report_io -file system_wrapper_io_placed.rpt
report_io: Time (s): cpu = 00:00:00 ; elapsed = 00:00:00.103 . Memory (MB): peak = 5589.758 ; gain = 0.000
INFO: [Vivado 12-24828] Executing command : report_control_sets -verbose -file system_wrapper_control_sets_placed.rpt
report_control_sets: Time (s): cpu = 00:00:01 ; elapsed = 00:00:00.063 . Memory (MB): peak = 5589.758 ; gain = 0.000
INFO: [Vivado 12-24828] Executing command : report_utilization -file system_wrapper_utilization_placed.rpt -pb system_wrapper_utilization_placed.pb
INFO: [Timing 38-480] Writing timing data to binary archive.
Write ShapeDB Complete: Time (s): cpu = 00:00:02 ; elapsed = 00:00:00.293 . Memory (MB): peak = 5589.758 ; gain = 0.000
Wrote PlaceDB: Time (s): cpu = 00:00:12 ; elapsed = 00:00:04 . Memory (MB): peak = 5589.758 ; gain = 0.000
Wrote PulsedLatchDB: Time (s): cpu = 00:00:00 ; elapsed = 00:00:00 . Memory (MB): peak = 5589.758 ; gain = 0.000
Writing XDEF routing.
Writing XDEF routing logical nets.
Writing XDEF routing special nets.
Wrote RouteStorage: Time (s): cpu = 00:00:00 ; elapsed = 00:00:00.151 . Memory (MB): peak = 5589.758 ; gain = 0.000
Wrote Netlist Cache: Time (s): cpu = 00:00:00 ; elapsed = 00:00:00.127 . Memory (MB): peak = 5589.758 ; gain = 0.000
Wrote Device Cache: Time (s): cpu = 00:00:00 ; elapsed = 00:00:00.018 . Memory (MB): peak = 5589.758 ; gain = 0.000
Write Physdb Complete: Time (s): cpu = 00:00:12 ; elapsed = 00:00:05 . Memory (MB): peak = 5589.758 ; gain = 0.000
report_design_analysis: Time (s): cpu = 00:00:09 ; elapsed = 00:00:06 . Memory (MB): peak = 5589.758 ; gain = 0.000
INFO: [Common 17-1381] The checkpoint 'D:/MPSOC_YOLO/06_vivado/proj/yolo_zcu104.runs/impl_1/system_wrapper_placed.dcp' has been generated.
write_checkpoint: Time (s): cpu = 00:00:25 ; elapsed = 00:00:15 . Memory (MB): peak = 5589.758 ; gain = 0.000
Command: phys_opt_design
Attempting to get a license for feature 'Implementation' and/or device 'xczu7ev'
INFO: [Common 17-349] Got license for feature 'Implementation' and/or device 'xczu7ev'

Starting Initial Update Timing Task

Time (s): cpu = 00:00:31 ; elapsed = 00:00:18 . Memory (MB): peak = 5662.297 ; gain = 72.539
INFO: [Vivado_Tcl 4-2279] Estimated Timing Summary | WNS= 0.653 | TNS= 0.000 | 
INFO: [Vivado_Tcl 4-383] Design worst setup slack (WNS) is greater than or equal to 0.000 ns. All physical synthesis setup optimizations will be skipped.
INFO: [Vivado_Tcl 4-232] No setup violation found. The netlist was not modified.
INFO: [Common 17-83] Releasing license: Implementation
100 Infos, 109 Warnings, 0 Critical Warnings and 0 Errors encountered.
phys_opt_design completed successfully
phys_opt_design: Time (s): cpu = 00:00:31 ; elapsed = 00:00:18 . Memory (MB): peak = 5662.297 ; gain = 72.539
INFO: [Timing 38-480] Writing timing data to binary archive.
Write ShapeDB Complete: Time (s): cpu = 00:00:02 ; elapsed = 00:00:00.314 . Memory (MB): peak = 5717.352 ; gain = 37.020
Wrote PlaceDB: Time (s): cpu = 00:00:12 ; elapsed = 00:00:04 . Memory (MB): peak = 5717.352 ; gain = 37.020
Wrote PulsedLatchDB: Time (s): cpu = 00:00:00 ; elapsed = 00:00:00 . Memory (MB): peak = 5717.352 ; gain = 0.000
Writing XDEF routing.
Writing XDEF routing logical nets.
Writing XDEF routing special nets.
Wrote RouteStorage: Time (s): cpu = 00:00:00 ; elapsed = 00:00:00.127 . Memory (MB): peak = 5717.352 ; gain = 0.000
Wrote Netlist Cache: Time (s): cpu = 00:00:00 ; elapsed = 00:00:00.119 . Memory (MB): peak = 5717.352 ; gain = 0.000
Wrote Device Cache: Time (s): cpu = 00:00:01 ; elapsed = 00:00:00.020 . Memory (MB): peak = 5717.352 ; gain = 0.000
Write Physdb Complete: Time (s): cpu = 00:00:13 ; elapsed = 00:00:05 . Memory (MB): peak = 5717.352 ; gain = 37.020
INFO: [Common 17-1381] The checkpoint 'D:/MPSOC_YOLO/06_vivado/proj/yolo_zcu104.runs/impl_1/system_wrapper_physopt.dcp' has been generated.
write_checkpoint: Time (s): cpu = 00:00:15 ; elapsed = 00:00:08 . Memory (MB): peak = 5717.352 ; gain = 55.055
Command: route_design
Attempting to get a license for feature 'Implementation' and/or device 'xczu7ev'
INFO: [Common 17-349] Got license for feature 'Implementation' and/or device 'xczu7ev'
Running DRC as a precondition to command route_design
INFO: [DRC 23-27] Running DRC with 2 threads
INFO: [Vivado_Tcl 4-198] DRC finished with 0 Errors
INFO: [Vivado_Tcl 4-199] Please refer to the DRC report (report_drc) for more information.


Starting Routing Task
INFO: [Route 35-254] Multithreading enabled for route_design using a maximum of 8 CPUs

Phase 1 Build RT Design
Checksum: PlaceDB: d0779b74 ConstDB: 0 ShapeSum: 405250ca RouteDB: 97ed4627
Nodegraph reading from file.  Time (s): cpu = 00:00:01 ; elapsed = 00:00:01 . Memory (MB): peak = 5717.352 ; gain = 0.000
Post Restoration Checksum: NetGraph: 2d60c24d | NumContArr: b6023518 | Constraints: 29732796 | Timing: c2a8fa9d
Phase 1 Build RT Design | Checksum: 1cf7f1998

Time (s): cpu = 00:00:41 ; elapsed = 00:00:18 . Memory (MB): peak = 5728.773 ; gain = 11.422

Phase 2 Router Initialization

Phase 2.1 Fix Topology Constraints
Phase 2.1 Fix Topology Constraints | Checksum: 1cf7f1998

Time (s): cpu = 00:00:42 ; elapsed = 00:00:18 . Memory (MB): peak = 5728.773 ; gain = 11.422

Phase 2.2 Pre Route Cleanup
Phase 2.2 Pre Route Cleanup | Checksum: 1cf7f1998

Time (s): cpu = 00:00:42 ; elapsed = 00:00:18 . Memory (MB): peak = 5728.773 ; gain = 11.422

Phase 2.3 Global Clock Net Routing
 Number of Nodes with overlaps = 0
Phase 2.3 Global Clock Net Routing | Checksum: 12545161a

Time (s): cpu = 00:00:49 ; elapsed = 00:00:22 . Memory (MB): peak = 5728.773 ; gain = 11.422

Phase 2.4 Update Timing
Phase 2.4 Update Timing | Checksum: 11def2526

Time (s): cpu = 00:01:07 ; elapsed = 00:00:30 . Memory (MB): peak = 5728.773 ; gain = 11.422
INFO: [Route 35-416] Intermediate Timing Summary | WNS=0.808  | TNS=0.000  | WHS=-0.044 | THS=-2.687 |


Router Utilization Summary
  Global Vertical Routing Utilization    = 1.26045e-05 %
  Global Horizontal Routing Utilization  = 0 %
  Routable Net Status*
  *Does not include unroutable nets such as driverless and loadless.
  Run report_route_status for detailed report.
  Number of Failed Nets               = 79838
    (Failed Nets is the sum of unrouted and partially routed nets)
  Number of Unrouted Nets             = 63915
  Number of Partially Routed Nets     = 15923
  Number of Node Overlaps             = 1

Phase 2 Router Initialization | Checksum: 18ba0c733

Time (s): cpu = 00:01:32 ; elapsed = 00:00:43 . Memory (MB): peak = 5822.488 ; gain = 105.137

Phase 3 Global Routing
Phase 3 Global Routing | Checksum: 18ba0c733

Time (s): cpu = 00:01:32 ; elapsed = 00:00:43 . Memory (MB): peak = 5822.488 ; gain = 105.137

Phase 4 Initial Routing

Phase 4.1 Initial Net Routing Pass
Phase 4.1 Initial Net Routing Pass | Checksum: 18003fd48

Time (s): cpu = 00:02:03 ; elapsed = 00:00:51 . Memory (MB): peak = 5822.488 ; gain = 105.137
Phase 4 Initial Routing | Checksum: 12e368e4e

Time (s): cpu = 00:02:04 ; elapsed = 00:00:52 . Memory (MB): peak = 5822.488 ; gain = 105.137

Phase 5 Rip-up And Reroute

Phase 5.1 Global Iteration 0
 Number of Nodes with overlaps = 17117
 Number of Nodes with overlaps = 2074
 Number of Nodes with overlaps = 309
 Number of Nodes with overlaps = 64
 Number of Nodes with overlaps = 17
 Number of Nodes with overlaps = 9
 Number of Nodes with overlaps = 4
 Number of Nodes with overlaps = 0
INFO: [Route 35-416] Intermediate Timing Summary | WNS=0.099  | TNS=0.000  | WHS=-0.022 | THS=-0.025 |

Phase 5.1 Global Iteration 0 | Checksum: 238cc27d5

Time (s): cpu = 00:04:48 ; elapsed = 00:01:45 . Memory (MB): peak = 5822.488 ; gain = 105.137

Phase 5.2 Additional Iteration for Hold
Phase 5.2 Additional Iteration for Hold | Checksum: 27d4663a5

Time (s): cpu = 00:04:49 ; elapsed = 00:01:46 . Memory (MB): peak = 5822.488 ; gain = 105.137
Phase 5 Rip-up And Reroute | Checksum: 27d4663a5

Time (s): cpu = 00:04:49 ; elapsed = 00:01:46 . Memory (MB): peak = 5822.488 ; gain = 105.137

Phase 6 Delay and Skew Optimization

Phase 6.1 Delay CleanUp
INFO: [Route 35-416] Intermediate Timing Summary | WNS=0.099  | TNS=0.000  | WHS=0.010  | THS=0.000  |

INFO: [Route 35-416] Intermediate Timing Summary | WNS=0.099  | TNS=0.000  | WHS=0.010  | THS=0.000  |

Phase 6.1 Delay CleanUp | Checksum: 1d694fbd5

Time (s): cpu = 00:05:05 ; elapsed = 00:01:53 . Memory (MB): peak = 5822.488 ; gain = 105.137

Phase 6.2 Clock Skew Optimization
Phase 6.2 Clock Skew Optimization | Checksum: 1d694fbd5

Time (s): cpu = 00:05:05 ; elapsed = 00:01:53 . Memory (MB): peak = 5822.488 ; gain = 105.137
Phase 6 Delay and Skew Optimization | Checksum: 1d694fbd5

Time (s): cpu = 00:05:05 ; elapsed = 00:01:53 . Memory (MB): peak = 5822.488 ; gain = 105.137

Phase 7 Post Hold Fix

Phase 7.1 Hold Fix Iter
INFO: [Route 35-416] Intermediate Timing Summary | WNS=0.099  | TNS=0.000  | WHS=0.010  | THS=0.000  |

Phase 7.1 Hold Fix Iter | Checksum: 2373671c0

Time (s): cpu = 00:05:15 ; elapsed = 00:01:58 . Memory (MB): peak = 5822.488 ; gain = 105.137
Phase 7 Post Hold Fix | Checksum: 2373671c0

Time (s): cpu = 00:05:15 ; elapsed = 00:01:58 . Memory (MB): peak = 5822.488 ; gain = 105.137

Phase 8 Route finalize

Router Utilization Summary
  Global Vertical Routing Utilization    = 7.95313 %
  Global Horizontal Routing Utilization  = 6.46783 %
  Routable Net Status*
  *Does not include unroutable nets such as driverless and loadless.
  Run report_route_status for detailed report.
  Number of Failed Nets               = 0
    (Failed Nets is the sum of unrouted and partially routed nets)
  Number of Unrouted Nets             = 0
  Number of Partially Routed Nets     = 0
  Number of Node Overlaps             = 0

Phase 8 Route finalize | Checksum: 2373671c0

Time (s): cpu = 00:05:17 ; elapsed = 00:01:58 . Memory (MB): peak = 5822.488 ; gain = 105.137

Phase 9 Verifying routed nets

 Verification completed successfully
Phase 9 Verifying routed nets | Checksum: 2373671c0

Time (s): cpu = 00:05:17 ; elapsed = 00:01:58 . Memory (MB): peak = 5822.488 ; gain = 105.137

Phase 10 Depositing Routes
Phase 10 Depositing Routes | Checksum: 2373671c0

Time (s): cpu = 00:05:24 ; elapsed = 00:02:02 . Memory (MB): peak = 5824.242 ; gain = 106.891

Phase 11 Resolve XTalk
Phase 11 Resolve XTalk | Checksum: 2373671c0

Time (s): cpu = 00:05:24 ; elapsed = 00:02:02 . Memory (MB): peak = 5824.242 ; gain = 106.891

Phase 12 Post Process Routing
Phase 12 Post Process Routing | Checksum: 2373671c0

Time (s): cpu = 00:05:25 ; elapsed = 00:02:03 . Memory (MB): peak = 5824.242 ; gain = 106.891

Phase 13 Post Router Timing
INFO: [Route 35-57] Estimated Timing Summary | WNS=0.099  | TNS=0.000  | WHS=0.010  | THS=0.000  |

INFO: [Route 35-327] The final timing numbers are based on the router estimated timing analysis. For a complete and accurate timing signoff, please run report_timing_summary.
Phase 13 Post Router Timing | Checksum: 2373671c0

Time (s): cpu = 00:05:25 ; elapsed = 00:02:03 . Memory (MB): peak = 5824.242 ; gain = 106.891
Total Elapsed time in route_design: 122.617 secs

Phase 14 Post-Route Event Processing
Phase 14 Post-Route Event Processing | Checksum: e8096702

Time (s): cpu = 00:05:26 ; elapsed = 00:02:03 . Memory (MB): peak = 5824.242 ; gain = 106.891
INFO: [Route 35-16] Router Completed Successfully
Ending Routing Task | Checksum: e8096702

Time (s): cpu = 00:05:27 ; elapsed = 00:02:04 . Memory (MB): peak = 5824.242 ; gain = 106.891

Routing Is Done.
INFO: [Common 17-83] Releasing license: Implementation
116 Infos, 109 Warnings, 0 Critical Warnings and 0 Errors encountered.
route_design completed successfully
route_design: Time (s): cpu = 00:05:33 ; elapsed = 00:02:25 . Memory (MB): peak = 5824.242 ; gain = 106.891
INFO: [Vivado 12-24828] Executing command : report_drc -file system_wrapper_drc_routed.rpt -pb system_wrapper_drc_routed.pb -rpx system_wrapper_drc_routed.rpx
Command: report_drc -file system_wrapper_drc_routed.rpt -pb system_wrapper_drc_routed.pb -rpx system_wrapper_drc_routed.rpx
INFO: [IP_Flow 19-1839] IP Catalog is up to date.
INFO: [DRC 23-27] Running DRC with 2 threads
INFO: [Vivado_Tcl 2-168] The results of DRC are in file D:/MPSOC_YOLO/06_vivado/proj/yolo_zcu104.runs/impl_1/system_wrapper_drc_routed.rpt.
report_drc completed successfully
report_drc: Time (s): cpu = 00:00:18 ; elapsed = 00:00:07 . Memory (MB): peak = 5824.242 ; gain = 0.000
INFO: [Vivado 12-24828] Executing command : report_methodology -file system_wrapper_methodology_drc_routed.rpt -pb system_wrapper_methodology_drc_routed.pb -rpx system_wrapper_methodology_drc_routed.rpx
Command: report_methodology -file system_wrapper_methodology_drc_routed.rpt -pb system_wrapper_methodology_drc_routed.pb -rpx system_wrapper_methodology_drc_routed.rpx
INFO: [Timing 38-35] Done setting XDC timing constraints.
INFO: [DRC 23-133] Running Methodology with 2 threads
INFO: [Vivado_Tcl 2-1520] The results of Report Methodology are in file D:/MPSOC_YOLO/06_vivado/proj/yolo_zcu104.runs/impl_1/system_wrapper_methodology_drc_routed.rpt.
report_methodology completed successfully
report_drc: Time (s): cpu = 00:00:41 ; elapsed = 00:00:22 . Memory (MB): peak = 5983.551 ; gain = 159.309
INFO: [Vivado 12-24828] Executing command : report_timing_summary -max_paths 10 -report_unconstrained -file system_wrapper_timing_summary_routed.rpt -pb system_wrapper_timing_summary_routed.pb -rpx system_wrapper_timing_summary_routed.rpx
INFO: [Timing 38-35] Done setting XDC timing constraints.
INFO: [Timing 38-91] UpdateTimingParams: Speed grade: -2, Temperature grade: E, Delay Type: min_max.
INFO: [Timing 38-191] Multithreading enabled for timing update using a maximum of 2 CPUs
report_timing_summary: Time (s): cpu = 00:00:20 ; elapsed = 00:00:11 . Memory (MB): peak = 5983.551 ; gain = 0.000
INFO: [Vivado 12-24838] Running report commands "report_incremental_reuse, report_route_status" in parallel.
Running report generation with 2 threads.
INFO: [Vivado 12-24828] Executing command : report_incremental_reuse -file system_wrapper_incremental_reuse_routed.rpt
INFO: [Vivado_Tcl 4-1062] Incremental flow is disabled. No incremental reuse Info to report.
INFO: [Vivado 12-24828] Executing command : report_route_status -file system_wrapper_route_status.rpt -pb system_wrapper_route_status.pb
INFO: [Vivado 12-24828] Executing command : report_power -file system_wrapper_power_routed.rpt -pb system_wrapper_power_summary_routed.pb -rpx system_wrapper_power_routed.rpx
Command: report_power -file system_wrapper_power_routed.rpt -pb system_wrapper_power_summary_routed.pb -rpx system_wrapper_power_routed.rpx
Running Vector-less Activity Propagation...

Finished Running Vector-less Activity Propagation
133 Infos, 109 Warnings, 0 Critical Warnings and 0 Errors encountered.
report_power completed successfully
report_power: Time (s): cpu = 00:00:27 ; elapsed = 00:00:17 . Memory (MB): peak = 6012.047 ; gain = 28.496
INFO: [Vivado 12-24828] Executing command : report_clock_utilization -file system_wrapper_clock_utilization_routed.rpt
WARNING: [Device 21-9320] Failed to find the Oracle tile group with name 'HSR_BOUNDARY_TOP'. This is required for Clock regions and Virtual grid.
WARNING: [Device 21-2174] Failed to initialize Virtual grid.
INFO: [Vivado 12-24828] Executing command : report_bus_skew -warn_on_violation -file system_wrapper_bus_skew_routed.rpt -pb system_wrapper_bus_skew_routed.pb -rpx system_wrapper_bus_skew_routed.rpx
INFO: [Timing 38-91] UpdateTimingParams: Speed grade: -2, Temperature grade: E, Delay Type: min_max.
INFO: [Timing 38-191] Multithreading enabled for timing update using a maximum of 2 CPUs
generate_parallel_reports: Time (s): cpu = 00:01:51 ; elapsed = 00:01:02 . Memory (MB): peak = 6012.047 ; gain = 187.805
INFO: [Timing 38-480] Writing timing data to binary archive.
Write ShapeDB Complete: Time (s): cpu = 00:00:01 ; elapsed = 00:00:00.233 . Memory (MB): peak = 6028.996 ; gain = 16.949
Wrote PlaceDB: Time (s): cpu = 00:00:10 ; elapsed = 00:00:04 . Memory (MB): peak = 6029.559 ; gain = 17.512
Wrote PulsedLatchDB: Time (s): cpu = 00:00:00 ; elapsed = 00:00:00 . Memory (MB): peak = 6029.559 ; gain = 0.000
Writing XDEF routing.
Writing XDEF routing logical nets.
Writing XDEF routing special nets.
Wrote RouteStorage: Time (s): cpu = 00:00:03 ; elapsed = 00:00:01 . Memory (MB): peak = 6029.559 ; gain = 0.000
Wrote Netlist Cache: Time (s): cpu = 00:00:00 ; elapsed = 00:00:00.118 . Memory (MB): peak = 6029.559 ; gain = 0.000
Wrote Device Cache: Time (s): cpu = 00:00:00 ; elapsed = 00:00:00.020 . Memory (MB): peak = 6029.559 ; gain = 0.000
Write Physdb Complete: Time (s): cpu = 00:00:13 ; elapsed = 00:00:06 . Memory (MB): peak = 6029.559 ; gain = 17.512
INFO: [Common 17-1381] The checkpoint 'D:/MPSOC_YOLO/06_vivado/proj/yolo_zcu104.runs/impl_1/system_wrapper_routed.dcp' has been generated.
write_checkpoint: Time (s): cpu = 00:00:15 ; elapsed = 00:00:09 . Memory (MB): peak = 6029.559 ; gain = 17.512
Command: phys_opt_design
Attempting to get a license for feature 'Implementation' and/or device 'xczu7ev'
INFO: [Common 17-349] Got license for feature 'Implementation' and/or device 'xczu7ev'
INFO: [Vivado_Tcl 4-241] Physical synthesis in post route mode 

Starting Initial Update Timing Task

Time (s): cpu = 00:00:05 ; elapsed = 00:00:03 . Memory (MB): peak = 6029.559 ; gain = 0.000
INFO: [Vivado_Tcl 4-2279] Estimated Timing Summary | WNS= 0.099 | TNS= 0.000 | 
INFO: [Vivado_Tcl 4-383] Design worst setup slack (WNS) is greater than or equal to 0.000 ns. All physical synthesis setup optimizations will be skipped.
INFO: [Vivado_Tcl 4-232] No setup violation found. The netlist was not modified.
INFO: [Common 17-83] Releasing license: Implementation
145 Infos, 111 Warnings, 0 Critical Warnings and 0 Errors encountered.
phys_opt_design completed successfully
phys_opt_design: Time (s): cpu = 00:00:08 ; elapsed = 00:00:05 . Memory (MB): peak = 6029.559 ; gain = 0.000
INFO: [Vivado 12-24828] Executing command : report_timing_summary -max_paths 10 -report_unconstrained -warn_on_violation -file system_wrapper_timing_summary_postroute_physopted.rpt -pb system_wrapper_timing_summary_postroute_physopted.pb -rpx system_wrapper_timing_summary_postroute_physopted.rpx
INFO: [Timing 38-91] UpdateTimingParams: Speed grade: -2, Temperature grade: E, Delay Type: min_max.
INFO: [Timing 38-191] Multithreading enabled for timing update using a maximum of 2 CPUs
INFO: [Vivado 12-24828] Executing command : report_bus_skew -warn_on_violation -file system_wrapper_bus_skew_postroute_physopted.rpt -pb system_wrapper_bus_skew_postroute_physopted.pb -rpx system_wrapper_bus_skew_postroute_physopted.rpx
INFO: [Timing 38-91] UpdateTimingParams: Speed grade: -2, Temperature grade: E, Delay Type: min_max.
INFO: [Timing 38-191] Multithreading enabled for timing update using a maximum of 2 CPUs
INFO: [Timing 38-480] Writing timing data to binary archive.
Write ShapeDB Complete: Time (s): cpu = 00:00:01 ; elapsed = 00:00:00.206 . Memory (MB): peak = 6033.234 ; gain = 3.676
Wrote PlaceDB: Time (s): cpu = 00:00:11 ; elapsed = 00:00:04 . Memory (MB): peak = 6033.234 ; gain = 3.676
Wrote PulsedLatchDB: Time (s): cpu = 00:00:00 ; elapsed = 00:00:00 . Memory (MB): peak = 6033.234 ; gain = 0.000
Writing XDEF routing.
Writing XDEF routing logical nets.
Writing XDEF routing special nets.
Wrote RouteStorage: Time (s): cpu = 00:00:02 ; elapsed = 00:00:00.925 . Memory (MB): peak = 6033.234 ; gain = 0.000
Wrote Netlist Cache: Time (s): cpu = 00:00:00 ; elapsed = 00:00:00.114 . Memory (MB): peak = 6033.234 ; gain = 0.000
Wrote Device Cache: Time (s): cpu = 00:00:00 ; elapsed = 00:00:00.018 . Memory (MB): peak = 6033.234 ; gain = 0.000
Write Physdb Complete: Time (s): cpu = 00:00:13 ; elapsed = 00:00:05 . Memory (MB): peak = 6033.234 ; gain = 3.676
INFO: [Common 17-1381] The checkpoint 'D:/MPSOC_YOLO/06_vivado/proj/yolo_zcu104.runs/impl_1/system_wrapper_postroute_physopt.dcp' has been generated.
write_checkpoint: Time (s): cpu = 00:00:16 ; elapsed = 00:00:09 . Memory (MB): peak = 6033.234 ; gain = 3.676
INFO: [Memdata 28-167] Found XPM memory block system_i/sc_mem/inst/s00_nodes/s00_w_node/inst/inst_mi_handler/gen_normal_area.inst_fifo_node_payld/gen_xpm_memory_fifo.inst_fifo/gen_mem_rep[0].inst_xpm_memory/xpm_memory_base_inst with a P_MEMORY_PRIMITIVE property set to distributed. A value of block is required. You will not be able to use the updatemem program to update the bitstream with new data for the system_i/sc_mem/inst/s00_nodes/s00_w_node/inst/inst_mi_handler/gen_normal_area.inst_fifo_node_payld/gen_xpm_memory_fifo.inst_fifo/gen_mem_rep[0].inst_xpm_memory/xpm_memory_base_inst block.
INFO: [Memdata 28-167] Found XPM memory block system_i/sc_mem/inst/s00_nodes/s00_r_node/inst/inst_mi_handler/gen_normal_area.inst_fifo_node_payld/gen_xpm_memory_fifo.inst_fifo/gen_mem_rep[0].inst_xpm_memory/xpm_memory_base_inst with a P_MEMORY_PRIMITIVE property set to distributed. A value of block is required. You will not be able to use the updatemem program to update the bitstream with new data for the system_i/sc_mem/inst/s00_nodes/s00_r_node/inst/inst_mi_handler/gen_normal_area.inst_fifo_node_payld/gen_xpm_memory_fifo.inst_fifo/gen_mem_rep[0].inst_xpm_memory/xpm_memory_base_inst block.
INFO: [Memdata 28-167] Found XPM memory block system_i/sc_mem/inst/s00_nodes/s00_aw_node/inst/inst_mi_handler/gen_normal_area.inst_fifo_node_payld/gen_xpm_memory_fifo.inst_fifo/gen_mem_rep[0].inst_xpm_memory/xpm_memory_base_inst with a P_MEMORY_PRIMITIVE property set to distributed. A value of block is required. You will not be able to use the updatemem program to update the bitstream with new data for the system_i/sc_mem/inst/s00_nodes/s00_aw_node/inst/inst_mi_handler/gen_normal_area.inst_fifo_node_payld/gen_xpm_memory_fifo.inst_fifo/gen_mem_rep[0].inst_xpm_memory/xpm_memory_base_inst block.
INFO: [Memdata 28-167] Found XPM memory block system_i/sc_mem/inst/s00_nodes/s00_ar_node/inst/inst_mi_handler/gen_normal_area.inst_fifo_node_payld/gen_xpm_memory_fifo.inst_fifo/gen_mem_rep[0].inst_xpm_memory/xpm_memory_base_inst with a P_MEMORY_PRIMITIVE property set to distributed. A value of block is required. You will not be able to use the updatemem program to update the bitstream with new data for the system_i/sc_mem/inst/s00_nodes/s00_ar_node/inst/inst_mi_handler/gen_normal_area.inst_fifo_node_payld/gen_xpm_memory_fifo.inst_fifo/gen_mem_rep[0].inst_xpm_memory/xpm_memory_base_inst block.
Command: write_bitstream -force system_wrapper.bit
Attempting to get a license for feature 'Implementation' and/or device 'xczu7ev'
INFO: [Common 17-349] Got license for feature 'Implementation' and/or device 'xczu7ev'
Running DRC as a precondition to command write_bitstream
INFO: [IP_Flow 19-1839] IP Catalog is up to date.
INFO: [DRC 23-27] Running DRC with 2 threads
WARNING: [DRC DPIP-2] Input pipelining: DSP system_i/yolo_accel/inst/u_core/u_eng/u_ep/g_lane[0].r3_reg input system_i/yolo_accel/inst/u_core/u_eng/u_ep/g_lane[0].r3_reg/A[29:0] is not pipelined. Pipelining DSP48 input will improve performance.
WARNING: [DRC DPIP-2] Input pipelining: DSP system_i/yolo_accel/inst/u_core/u_eng/u_ep/g_lane[0].r3_reg input system_i/yolo_accel/inst/u_core/u_eng/u_ep/g_lane[0].r3_reg/C[47:0] is not pipelined. Pipelining DSP48 input will improve performance.
WARNING: [DRC DPIP-2] Input pipelining: DSP system_i/yolo_accel/inst/u_core/u_eng/u_ep/g_lane[10].r3_reg input system_i/yolo_accel/inst/u_core/u_eng/u_ep/g_lane[10].r3_reg/A[29:0] is not pipelined. Pipelining DSP48 input will improve performance.
WARNING: [DRC DPIP-2] Input pipelining: DSP system_i/yolo_accel/inst/u_core/u_eng/u_ep/g_lane[10].r3_reg input system_i/yolo_accel/inst/u_core/u_eng/u_ep/g_lane[10].r3_reg/C[47:0] is not pipelined. Pipelining DSP48 input will improve performance.
WARNING: [DRC DPIP-2] Input pipelining: DSP system_i/yolo_accel/inst/u_core/u_eng/u_ep/g_lane[11].r3_reg input system_i/yolo_accel/inst/u_core/u_eng/u_ep/g_lane[11].r3_reg/A[29:0] is not pipelined. Pipelining DSP48 input will improve performance.
WARNING: [DRC DPIP-2] Input pipelining: DSP system_i/yolo_accel/inst/u_core/u_eng/u_ep/g_lane[11].r3_reg input system_i/yolo_accel/inst/u_core/u_eng/u_ep/g_lane[11].r3_reg/C[47:0] is not pipelined. Pipelining DSP48 input will improve performance.
WARNING: [DRC DPIP-2] Input pipelining: DSP system_i/yolo_accel/inst/u_core/u_eng/u_ep/g_lane[12].r3_reg input system_i/yolo_accel/inst/u_core/u_eng/u_ep/g_lane[12].r3_reg/A[29:0] is not pipelined. Pipelining DSP48 input will improve performance.
WARNING: [DRC DPIP-2] Input pipelining: DSP system_i/yolo_accel/inst/u_core/u_eng/u_ep/g_lane[12].r3_reg input system_i/yolo_accel/inst/u_core/u_eng/u_ep/g_lane[12].r3_reg/C[47:0] is not pipelined. Pipelining DSP48 input will improve performance.
WARNING: [DRC DPIP-2] Input pipelining: DSP system_i/yolo_accel/inst/u_core/u_eng/u_ep/g_lane[13].r3_reg input system_i/yolo_accel/inst/u_core/u_eng/u_ep/g_lane[13].r3_reg/A[29:0] is not pipelined. Pipelining DSP48 input will improve performance.
WARNING: [DRC DPIP-2] Input pipelining: DSP system_i/yolo_accel/inst/u_core/u_eng/u_ep/g_lane[13].r3_reg input system_i/yolo_accel/inst/u_core/u_eng/u_ep/g_lane[13].r3_reg/C[47:0] is not pipelined. Pipelining DSP48 input will improve performance.
WARNING: [DRC DPIP-2] Input pipelining: DSP system_i/yolo_accel/inst/u_core/u_eng/u_ep/g_lane[14].r3_reg input system_i/yolo_accel/inst/u_core/u_eng/u_ep/g_lane[14].r3_reg/A[29:0] is not pipelined. Pipelining DSP48 input will improve performance.
WARNING: [DRC DPIP-2] Input pipelining: DSP system_i/yolo_accel/inst/u_core/u_eng/u_ep/g_lane[14].r3_reg input system_i/yolo_accel/inst/u_core/u_eng/u_ep/g_lane[14].r3_reg/C[47:0] is not pipelined. Pipelining DSP48 input will improve performance.
WARNING: [DRC DPIP-2] Input pipelining: DSP system_i/yolo_accel/inst/u_core/u_eng/u_ep/g_lane[15].r3_reg input system_i/yolo_accel/inst/u_core/u_eng/u_ep/g_lane[15].r3_reg/A[29:0] is not pipelined. Pipelining DSP48 input will improve performance.
WARNING: [DRC DPIP-2] Input pipelining: DSP system_i/yolo_accel/inst/u_core/u_eng/u_ep/g_lane[15].r3_reg input system_i/yolo_accel/inst/u_core/u_eng/u_ep/g_lane[15].r3_reg/C[47:0] is not pipelined. Pipelining DSP48 input will improve performance.
WARNING: [DRC DPIP-2] Input pipelining: DSP system_i/yolo_accel/inst/u_core/u_eng/u_ep/g_lane[16].r3_reg input system_i/yolo_accel/inst/u_core/u_eng/u_ep/g_lane[16].r3_reg/A[29:0] is not pipelined. Pipelining DSP48 input will improve performance.
WARNING: [DRC DPIP-2] Input pipelining: DSP system_i/yolo_accel/inst/u_core/u_eng/u_ep/g_lane[16].r3_reg input system_i/yolo_accel/inst/u_core/u_eng/u_ep/g_lane[16].r3_reg/C[47:0] is not pipelined. Pipelining DSP48 input will improve performance.
WARNING: [DRC DPIP-2] Input pipelining: DSP system_i/yolo_accel/inst/u_core/u_eng/u_ep/g_lane[17].r3_reg input system_i/yolo_accel/inst/u_core/u_eng/u_ep/g_lane[17].r3_reg/A[29:0] is not pipelined. Pipelining DSP48 input will improve performance.
WARNING: [DRC DPIP-2] Input pipelining: DSP system_i/yolo_accel/inst/u_core/u_eng/u_ep/g_lane[17].r3_reg input system_i/yolo_accel/inst/u_core/u_eng/u_ep/g_lane[17].r3_reg/C[47:0] is not pipelined. Pipelining DSP48 input will improve performance.
WARNING: [DRC DPIP-2] Input pipelining: DSP system_i/yolo_accel/inst/u_core/u_eng/u_ep/g_lane[18].r3_reg input system_i/yolo_accel/inst/u_core/u_eng/u_ep/g_lane[18].r3_reg/A[29:0] is not pipelined. Pipelining DSP48 input will improve performance.
WARNING: [DRC DPIP-2] Input pipelining: DSP system_i/yolo_accel/inst/u_core/u_eng/u_ep/g_lane[18].r3_reg input system_i/yolo_accel/inst/u_core/u_eng/u_ep/g_lane[18].r3_reg/C[47:0] is not pipelined. Pipelining DSP48 input will improve performance.
WARNING: [DRC DPIP-2] Input pipelining: DSP system_i/yolo_accel/inst/u_core/u_eng/u_ep/g_lane[19].r3_reg input system_i/yolo_accel/inst/u_core/u_eng/u_ep/g_lane[19].r3_reg/A[29:0] is not pipelined. Pipelining DSP48 input will improve performance.
WARNING: [DRC DPIP-2] Input pipelining: DSP system_i/yolo_accel/inst/u_core/u_eng/u_ep/g_lane[19].r3_reg input system_i/yolo_accel/inst/u_core/u_eng/u_ep/g_lane[19].r3_reg/C[47:0] is not pipelined. Pipelining DSP48 input will improve performance.
WARNING: [DRC DPIP-2] Input pipelining: DSP system_i/yolo_accel/inst/u_core/u_eng/u_ep/g_lane[1].r3_reg input system_i/yolo_accel/inst/u_core/u_eng/u_ep/g_lane[1].r3_reg/A[29:0] is not pipelined. Pipelining DSP48 input will improve performance.
WARNING: [DRC DPIP-2] Input pipelining: DSP system_i/yolo_accel/inst/u_core/u_eng/u_ep/g_lane[1].r3_reg input system_i/yolo_accel/inst/u_core/u_eng/u_ep/g_lane[1].r3_reg/C[47:0] is not pipelined. Pipelining DSP48 input will improve performance.
WARNING: [DRC DPIP-2] Input pipelining: DSP system_i/yolo_accel/inst/u_core/u_eng/u_ep/g_lane[20].r3_reg input system_i/yolo_accel/inst/u_core/u_eng/u_ep/g_lane[20].r3_reg/A[29:0] is not pipelined. Pipelining DSP48 input will improve performance.
WARNING: [DRC DPIP-2] Input pipelining: DSP system_i/yolo_accel/inst/u_core/u_eng/u_ep/g_lane[20].r3_reg input system_i/yolo_accel/inst/u_core/u_eng/u_ep/g_lane[20].r3_reg/C[47:0] is not pipelined. Pipelining DSP48 input will improve performance.
WARNING: [DRC DPIP-2] Input pipelining: DSP system_i/yolo_accel/inst/u_core/u_eng/u_ep/g_lane[21].r3_reg input system_i/yolo_accel/inst/u_core/u_eng/u_ep/g_lane[21].r3_reg/A[29:0] is not pipelined. Pipelining DSP48 input will improve performance.
WARNING: [DRC DPIP-2] Input pipelining: DSP system_i/yolo_accel/inst/u_core/u_eng/u_ep/g_lane[21].r3_reg input system_i/yolo_accel/inst/u_core/u_eng/u_ep/g_lane[21].r3_reg/C[47:0] is not pipelined. Pipelining DSP48 input will improve performance.
WARNING: [DRC DPIP-2] Input pipelining: DSP system_i/yolo_accel/inst/u_core/u_eng/u_ep/g_lane[22].r3_reg input system_i/yolo_accel/inst/u_core/u_eng/u_ep/g_lane[22].r3_reg/A[29:0] is not pipelined. Pipelining DSP48 input will improve performance.
WARNING: [DRC DPIP-2] Input pipelining: DSP system_i/yolo_accel/inst/u_core/u_eng/u_ep/g_lane[22].r3_reg input system_i/yolo_accel/inst/u_core/u_eng/u_ep/g_lane[22].r3_reg/C[47:0] is not pipelined. Pipelining DSP48 input will improve performance.
WARNING: [DRC DPIP-2] Input pipelining: DSP system_i/yolo_accel/inst/u_core/u_eng/u_ep/g_lane[23].r3_reg input system_i/yolo_accel/inst/u_core/u_eng/u_ep/g_lane[23].r3_reg/A[29:0] is not pipelined. Pipelining DSP48 input will improve performance.
WARNING: [DRC DPIP-2] Input pipelining: DSP system_i/yolo_accel/inst/u_core/u_eng/u_ep/g_lane[23].r3_reg input system_i/yolo_accel/inst/u_core/u_eng/u_ep/g_lane[23].r3_reg/C[47:0] is not pipelined. Pipelining DSP48 input will improve performance.
WARNING: [DRC DPIP-2] Input pipelining: DSP system_i/yolo_accel/inst/u_core/u_eng/u_ep/g_lane[24].r3_reg input system_i/yolo_accel/inst/u_core/u_eng/u_ep/g_lane[24].r3_reg/A[29:0] is not pipelined. Pipelining DSP48 input will improve performance.
WARNING: [DRC DPIP-2] Input pipelining: DSP system_i/yolo_accel/inst/u_core/u_eng/u_ep/g_lane[24].r3_reg input system_i/yolo_accel/inst/u_core/u_eng/u_ep/g_lane[24].r3_reg/C[47:0] is not pipelined. Pipelining DSP48 input will improve performance.
WARNING: [DRC DPIP-2] Input pipelining: DSP system_i/yolo_accel/inst/u_core/u_eng/u_ep/g_lane[25].r3_reg input system_i/yolo_accel/inst/u_core/u_eng/u_ep/g_lane[25].r3_reg/A[29:0] is not pipelined. Pipelining DSP48 input will improve performance.
WARNING: [DRC DPIP-2] Input pipelining: DSP system_i/yolo_accel/inst/u_core/u_eng/u_ep/g_lane[25].r3_reg input system_i/yolo_accel/inst/u_core/u_eng/u_ep/g_lane[25].r3_reg/C[47:0] is not pipelined. Pipelining DSP48 input will improve performance.
WARNING: [DRC DPIP-2] Input pipelining: DSP system_i/yolo_accel/inst/u_core/u_eng/u_ep/g_lane[26].r3_reg input system_i/yolo_accel/inst/u_core/u_eng/u_ep/g_lane[26].r3_reg/A[29:0] is not pipelined. Pipelining DSP48 input will improve performance.
WARNING: [DRC DPIP-2] Input pipelining: DSP system_i/yolo_accel/inst/u_core/u_eng/u_ep/g_lane[26].r3_reg input system_i/yolo_accel/inst/u_core/u_eng/u_ep/g_lane[26].r3_reg/C[47:0] is not pipelined. Pipelining DSP48 input will improve performance.
WARNING: [DRC DPIP-2] Input pipelining: DSP system_i/yolo_accel/inst/u_core/u_eng/u_ep/g_lane[27].r3_reg input system_i/yolo_accel/inst/u_core/u_eng/u_ep/g_lane[27].r3_reg/A[29:0] is not pipelined. Pipelining DSP48 input will improve performance.
WARNING: [DRC DPIP-2] Input pipelining: DSP system_i/yolo_accel/inst/u_core/u_eng/u_ep/g_lane[27].r3_reg input system_i/yolo_accel/inst/u_core/u_eng/u_ep/g_lane[27].r3_reg/C[47:0] is not pipelined. Pipelining DSP48 input will improve performance.
WARNING: [DRC DPIP-2] Input pipelining: DSP system_i/yolo_accel/inst/u_core/u_eng/u_ep/g_lane[28].r3_reg input system_i/yolo_accel/inst/u_core/u_eng/u_ep/g_lane[28].r3_reg/A[29:0] is not pipelined. Pipelining DSP48 input will improve performance.
WARNING: [DRC DPIP-2] Input pipelining: DSP system_i/yolo_accel/inst/u_core/u_eng/u_ep/g_lane[28].r3_reg input system_i/yolo_accel/inst/u_core/u_eng/u_ep/g_lane[28].r3_reg/C[47:0] is not pipelined. Pipelining DSP48 input will improve performance.
WARNING: [DRC DPIP-2] Input pipelining: DSP system_i/yolo_accel/inst/u_core/u_eng/u_ep/g_lane[29].r3_reg input system_i/yolo_accel/inst/u_core/u_eng/u_ep/g_lane[29].r3_reg/A[29:0] is not pipelined. Pipelining DSP48 input will improve performance.
WARNING: [DRC DPIP-2] Input pipelining: DSP system_i/yolo_accel/inst/u_core/u_eng/u_ep/g_lane[29].r3_reg input system_i/yolo_accel/inst/u_core/u_eng/u_ep/g_lane[29].r3_reg/C[47:0] is not pipelined. Pipelining DSP48 input will improve performance.
WARNING: [DRC DPIP-2] Input pipelining: DSP system_i/yolo_accel/inst/u_core/u_eng/u_ep/g_lane[2].r3_reg input system_i/yolo_accel/inst/u_core/u_eng/u_ep/g_lane[2].r3_reg/A[29:0] is not pipelined. Pipelining DSP48 input will improve performance.
WARNING: [DRC DPIP-2] Input pipelining: DSP system_i/yolo_accel/inst/u_core/u_eng/u_ep/g_lane[2].r3_reg input system_i/yolo_accel/inst/u_core/u_eng/u_ep/g_lane[2].r3_reg/C[47:0] is not pipelined. Pipelining DSP48 input will improve performance.
WARNING: [DRC DPIP-2] Input pipelining: DSP system_i/yolo_accel/inst/u_core/u_eng/u_ep/g_lane[30].r3_reg input system_i/yolo_accel/inst/u_core/u_eng/u_ep/g_lane[30].r3_reg/A[29:0] is not pipelined. Pipelining DSP48 input will improve performance.
WARNING: [DRC DPIP-2] Input pipelining: DSP system_i/yolo_accel/inst/u_core/u_eng/u_ep/g_lane[30].r3_reg input system_i/yolo_accel/inst/u_core/u_eng/u_ep/g_lane[30].r3_reg/C[47:0] is not pipelined. Pipelining DSP48 input will improve performance.
WARNING: [DRC DPIP-2] Input pipelining: DSP system_i/yolo_accel/inst/u_core/u_eng/u_ep/g_lane[31].r3_reg input system_i/yolo_accel/inst/u_core/u_eng/u_ep/g_lane[31].r3_reg/A[29:0] is not pipelined. Pipelining DSP48 input will improve performance.
WARNING: [DRC DPIP-2] Input pipelining: DSP system_i/yolo_accel/inst/u_core/u_eng/u_ep/g_lane[31].r3_reg input system_i/yolo_accel/inst/u_core/u_eng/u_ep/g_lane[31].r3_reg/C[47:0] is not pipelined. Pipelining DSP48 input will improve performance.
WARNING: [DRC DPIP-2] Input pipelining: DSP system_i/yolo_accel/inst/u_core/u_eng/u_ep/g_lane[3].r3_reg input system_i/yolo_accel/inst/u_core/u_eng/u_ep/g_lane[3].r3_reg/A[29:0] is not pipelined. Pipelining DSP48 input will improve performance.
WARNING: [DRC DPIP-2] Input pipelining: DSP system_i/yolo_accel/inst/u_core/u_eng/u_ep/g_lane[3].r3_reg input system_i/yolo_accel/inst/u_core/u_eng/u_ep/g_lane[3].r3_reg/C[47:0] is not pipelined. Pipelining DSP48 input will improve performance.
WARNING: [DRC DPIP-2] Input pipelining: DSP system_i/yolo_accel/inst/u_core/u_eng/u_ep/g_lane[4].r3_reg input system_i/yolo_accel/inst/u_core/u_eng/u_ep/g_lane[4].r3_reg/A[29:0] is not pipelined. Pipelining DSP48 input will improve performance.
WARNING: [DRC DPIP-2] Input pipelining: DSP system_i/yolo_accel/inst/u_core/u_eng/u_ep/g_lane[4].r3_reg input system_i/yolo_accel/inst/u_core/u_eng/u_ep/g_lane[4].r3_reg/C[47:0] is not pipelined. Pipelining DSP48 input will improve performance.
WARNING: [DRC DPIP-2] Input pipelining: DSP system_i/yolo_accel/inst/u_core/u_eng/u_ep/g_lane[5].r3_reg input system_i/yolo_accel/inst/u_core/u_eng/u_ep/g_lane[5].r3_reg/A[29:0] is not pipelined. Pipelining DSP48 input will improve performance.
WARNING: [DRC DPIP-2] Input pipelining: DSP system_i/yolo_accel/inst/u_core/u_eng/u_ep/g_lane[5].r3_reg input system_i/yolo_accel/inst/u_core/u_eng/u_ep/g_lane[5].r3_reg/C[47:0] is not pipelined. Pipelining DSP48 input will improve performance.
WARNING: [DRC DPIP-2] Input pipelining: DSP system_i/yolo_accel/inst/u_core/u_eng/u_ep/g_lane[6].r3_reg input system_i/yolo_accel/inst/u_core/u_eng/u_ep/g_lane[6].r3_reg/A[29:0] is not pipelined. Pipelining DSP48 input will improve performance.
WARNING: [DRC DPIP-2] Input pipelining: DSP system_i/yolo_accel/inst/u_core/u_eng/u_ep/g_lane[6].r3_reg input system_i/yolo_accel/inst/u_core/u_eng/u_ep/g_lane[6].r3_reg/C[47:0] is not pipelined. Pipelining DSP48 input will improve performance.
WARNING: [DRC DPIP-2] Input pipelining: DSP system_i/yolo_accel/inst/u_core/u_eng/u_ep/g_lane[7].r3_reg input system_i/yolo_accel/inst/u_core/u_eng/u_ep/g_lane[7].r3_reg/A[29:0] is not pipelined. Pipelining DSP48 input will improve performance.
WARNING: [DRC DPIP-2] Input pipelining: DSP system_i/yolo_accel/inst/u_core/u_eng/u_ep/g_lane[7].r3_reg input system_i/yolo_accel/inst/u_core/u_eng/u_ep/g_lane[7].r3_reg/C[47:0] is not pipelined. Pipelining DSP48 input will improve performance.
WARNING: [DRC DPIP-2] Input pipelining: DSP system_i/yolo_accel/inst/u_core/u_eng/u_ep/g_lane[8].r3_reg input system_i/yolo_accel/inst/u_core/u_eng/u_ep/g_lane[8].r3_reg/A[29:0] is not pipelined. Pipelining DSP48 input will improve performance.
WARNING: [DRC DPIP-2] Input pipelining: DSP system_i/yolo_accel/inst/u_core/u_eng/u_ep/g_lane[8].r3_reg input system_i/yolo_accel/inst/u_core/u_eng/u_ep/g_lane[8].r3_reg/C[47:0] is not pipelined. Pipelining DSP48 input will improve performance.
WARNING: [DRC DPIP-2] Input pipelining: DSP system_i/yolo_accel/inst/u_core/u_eng/u_ep/g_lane[9].r3_reg input system_i/yolo_accel/inst/u_core/u_eng/u_ep/g_lane[9].r3_reg/A[29:0] is not pipelined. Pipelining DSP48 input will improve performance.
WARNING: [DRC DPIP-2] Input pipelining: DSP system_i/yolo_accel/inst/u_core/u_eng/u_ep/g_lane[9].r3_reg input system_i/yolo_accel/inst/u_core/u_eng/u_ep/g_lane[9].r3_reg/C[47:0] is not pipelined. Pipelining DSP48 input will improve performance.
WARNING: [DRC DPIP-2] Input pipelining: DSP system_i/yolo_accel/inst/u_core/u_wr/rowb0_reg input system_i/yolo_accel/inst/u_core/u_wr/rowb0_reg/A[29:0] is not pipelined. Pipelining DSP48 input will improve performance.
WARNING: [DRC DPIP-2] Input pipelining: DSP system_i/yolo_accel/inst/u_core/u_wr/rowb1_reg input system_i/yolo_accel/inst/u_core/u_wr/rowb1_reg/A[29:0] is not pipelined. Pipelining DSP48 input will improve performance.
WARNING: [DRC DPOP-3] PREG Output pipelining: DSP system_i/yolo_accel/inst/u_core/u_ll/row_addr0 output system_i/yolo_accel/inst/u_core/u_ll/row_addr0/P[47:0] is not pipelined (PREG=0). Pipelining the DSP48 output will improve performance and often saves power so it is suggested whenever possible to fully pipeline this function.  If this DSP48 function was inferred, it is suggested to describe an additional register stage after this function.  If the DSP48 was instantiated in the design, it is suggested to set the PREG attribute to 1.
WARNING: [DRC DPOP-3] PREG Output pipelining: DSP system_i/yolo_accel/inst/u_core/u_ll/row_beats_reg output system_i/yolo_accel/inst/u_core/u_ll/row_beats_reg/P[47:0] is not pipelined (PREG=0). Pipelining the DSP48 output will improve performance and often saves power so it is suggested whenever possible to fully pipeline this function.  If this DSP48 function was inferred, it is suggested to describe an additional register stage after this function.  If the DSP48 was instantiated in the design, it is suggested to set the PREG attribute to 1.
WARNING: [DRC DPOP-4] MREG Output pipelining: DSP system_i/yolo_accel/inst/u_core/u_eng/s1_lba0 multiplier stage system_i/yolo_accel/inst/u_core/u_eng/s1_lba0/P[47:0] is not pipelined (MREG=0). Pipelining the multiplier function will improve performance and will save significant power so it is suggested whenever possible to fully pipeline this function.  If this multiplier was inferred, it is suggested to describe an additional register stage after this function.  If there is no registered adder/accumulator following the multiply function, two pipeline stages are suggested to allow both the MREG and PREG registers to be used.  If the DSP48 was instantiated in the design, it is suggested to set both the MREG and PREG attributes to 1 when performing multiply functions.
WARNING: [DRC DPOP-4] MREG Output pipelining: DSP system_i/yolo_accel/inst/u_core/u_wr/rowb0_reg multiplier stage system_i/yolo_accel/inst/u_core/u_wr/rowb0_reg/P[47:0] is not pipelined (MREG=0). Pipelining the multiplier function will improve performance and will save significant power so it is suggested whenever possible to fully pipeline this function.  If this multiplier was inferred, it is suggested to describe an additional register stage after this function.  If there is no registered adder/accumulator following the multiply function, two pipeline stages are suggested to allow both the MREG and PREG registers to be used.  If the DSP48 was instantiated in the design, it is suggested to set both the MREG and PREG attributes to 1 when performing multiply functions.
WARNING: [DRC DPOP-4] MREG Output pipelining: DSP system_i/yolo_accel/inst/u_core/u_wr/rowb1_reg multiplier stage system_i/yolo_accel/inst/u_core/u_wr/rowb1_reg/P[47:0] is not pipelined (MREG=0). Pipelining the multiplier function will improve performance and will save significant power so it is suggested whenever possible to fully pipeline this function.  If this multiplier was inferred, it is suggested to describe an additional register stage after this function.  If there is no registered adder/accumulator following the multiply function, two pipeline stages are suggested to allow both the MREG and PREG registers to be used.  If the DSP48 was instantiated in the design, it is suggested to set both the MREG and PREG attributes to 1 when performing multiply functions.
WARNING: [DRC DPREG-7] DSP48E2_PregDynOpmodeZmuxP:: The DSP48E2 cell system_i/yolo_accel/inst/u_core/u_ll/row_beats_reg with the given dynamic OPMODE[8:0] connections may lead to an unregistered asynchronous feedback path without the PREG attribute enabled. Please refer to the user guide and if one of the internal P feedback opmodes is possible for this design the PREG attribute must be set to 1, currently set to 0
WARNING: [DRC RTSTAT-10] No routable loads: 12 net(s) have no routable loads. The problem bus(es) and/or net(s) are system_i/yolo_accel/inst/u_core/u_ll/lb_waddr_reg[10]_0, system_i/yolo_accel/inst/u_core/u_ll/lb_waddr_reg[10]_1, system_i/yolo_accel/inst/u_core/u_ll/lb_waddr_reg[10]_2, system_i/yolo_accel/inst/u_core/u_ll/lb_waddr_reg[10]_3, system_i/yolo_accel/inst/u_core/u_ll/lb_waddr_reg[11]_0, system_i/yolo_accel/inst/u_core/u_ll/lb_waddr_reg[11]_1, system_i/yolo_accel/inst/u_core/u_ll/lb_waddr_reg[11]_2, system_i/yolo_accel/inst/u_core/u_ll/lb_waddr_reg[11]_3, system_i/yolo_accel/inst/u_core/u_ll/lb_waddr_reg[11]_4, system_i/yolo_accel/inst/u_core/u_ll/lb_waddr_reg[12]_0, system_i/yolo_accel/inst/u_core/u_ll/lb_waddr_reg[12]_1, and system_i/yolo_accel/inst/u_core/u_ll/lb_waddr_reg[12]_2.
INFO: [Vivado 12-3199] DRC finished with 0 Errors, 73 Warnings
INFO: [Vivado 12-3200] Please refer to the DRC report (report_drc) for more information.
INFO: [Designutils 20-2272] Running write_bitstream with 2 threads.
Loading data files...
Loading site data...
Loading route data...
Processing options...
Creating bitmap...
Creating bitstream...
Writing bitstream ./system_wrapper.bit...
INFO: [Vivado 12-1842] Bitgen Completed Successfully.
INFO: [Project 1-1876] WebTalk data collection is mandatory when using a ULT device. To see the specific WebTalk data collected for your design, open the usage_statistics_webtalk.html or usage_statistics_webtalk.xml file in the implementation directory.
INFO: [Common 17-83] Releasing license: Implementation
166 Infos, 184 Warnings, 0 Critical Warnings and 0 Errors encountered.
write_bitstream completed successfully
write_bitstream: Time (s): cpu = 00:00:54 ; elapsed = 00:01:01 . Memory (MB): peak = 6385.801 ; gain = 352.566
INFO: [Common 17-206] Exiting Vivado at Mon Sep 28 02:12:26 2026...
