Copyright 1986-2022 Xilinx, Inc. All Rights Reserved. Copyright 2022-2024 Advanced Micro Devices, Inc. All Rights Reserved.
-------------------------------------------------------------------------------------------------------------------------------------------------------------------------------------------------------------------------
| Tool Version      : Vivado v.2024.1 (win64) Build 5076996 Wed May 22 18:37:14 MDT 2024
| Date              : Mon Sep 28 02:10:35 2026
| Host              : Gaurav running 64-bit major release  (build 9200)
| Command           : report_timing_summary -max_paths 10 -report_unconstrained -file system_wrapper_timing_summary_routed.rpt -pb system_wrapper_timing_summary_routed.pb -rpx system_wrapper_timing_summary_routed.rpx
| Design            : system_wrapper
| Device            : xczu7ev-ffvc1156
| Speed File        : -2  PRODUCTION 1.30 05-15-2022
| Design State      : Routed
| Temperature Grade : E
-------------------------------------------------------------------------------------------------------------------------------------------------------------------------------------------------------------------------

Timing Summary Report

------------------------------------------------------------------------------------------------
| Timer Settings
| --------------
------------------------------------------------------------------------------------------------

  Enable Multi Corner Analysis               :  Yes
  Enable Pessimism Removal                   :  Yes
  Pessimism Removal Resolution               :  Nearest Common Node
  Enable Input Delay Default Clock           :  No
  Enable Preset / Clear Arcs                 :  No
  Disable Flight Delays                      :  No
  Ignore I/O Paths                           :  No
  Timing Early Launch at Borrowing Latches   :  No
  Borrow Time for Max Delay Exceptions       :  Yes
  Merge Timing Exceptions                    :  Yes
  Inter-SLR Compensation                     :  Conservative

  Corner  Analyze    Analyze    
  Name    Max Paths  Min Paths  
  ------  ---------  ---------  
  Slow    Yes        Yes        
  Fast    Yes        Yes        


------------------------------------------------------------------------------------------------
| Report Methodology
| ------------------
------------------------------------------------------------------------------------------------

No report available as report_methodology has not been run prior. Run report_methodology on the current design for the summary of methodology violations.



check_timing report

Table of Contents
-----------------
1. checking no_clock (0)
2. checking constant_clock (0)
3. checking pulse_width_clock (0)
4. checking unconstrained_internal_endpoints (0)
5. checking no_input_delay (0)
6. checking no_output_delay (0)
7. checking multiple_clock (0)
8. checking generated_clocks (0)
9. checking loops (0)
10. checking partial_input_delay (0)
11. checking partial_output_delay (0)
12. checking latch_loops (0)

1. checking no_clock (0)
------------------------
 There are 0 register/latch pins with no clock.


2. checking constant_clock (0)
------------------------------
 There are 0 register/latch pins with constant_clock.


3. checking pulse_width_clock (0)
---------------------------------
 There are 0 register/latch pins which need pulse_width check


4. checking unconstrained_internal_endpoints (0)
------------------------------------------------
 There are 0 pins that are not constrained for maximum delay.

 There are 0 pins that are not constrained for maximum delay due to constant clock.


5. checking no_input_delay (0)
------------------------------
 There are 0 input ports with no input delay specified.

 There are 0 input ports with no input delay but user has a false path constraint.


6. checking no_output_delay (0)
-------------------------------
 There are 0 ports with no output delay specified.

 There are 0 ports with no output delay but user has a false path constraint

 There are 0 ports with no output delay but with a timing clock defined on it or propagating through it


7. checking multiple_clock (0)
------------------------------
 There are 0 register/latch pins with multiple clocks.


8. checking generated_clocks (0)
--------------------------------
 There are 0 generated clocks that are not connected to a clock source.


9. checking loops (0)
---------------------
 There are 0 combinational loops in the design.


10. checking partial_input_delay (0)
------------------------------------
 There are 0 input ports with partial input delay specified.


11. checking partial_output_delay (0)
-------------------------------------
 There are 0 ports with partial output delay specified.


12. checking latch_loops (0)
----------------------------
 There are 0 combinational latch loops in the design through latch input



------------------------------------------------------------------------------------------------
| Design Timing Summary
| ---------------------
------------------------------------------------------------------------------------------------

    WNS(ns)      TNS(ns)  TNS Failing Endpoints  TNS Total Endpoints      WHS(ns)      THS(ns)  THS Failing Endpoints  THS Total Endpoints     WPWS(ns)     TPWS(ns)  TPWS Failing Endpoints  TPWS Total Endpoints  
    -------      -------  ---------------------  -------------------      -------      -------  ---------------------  -------------------     --------     --------  ----------------------  --------------------  
      0.099        0.000                      0                56989        0.010        0.000                      0                56989        1.166        0.000                       0                 25110  


All user specified timing constraints are met.


------------------------------------------------------------------------------------------------
| Clock Summary
| -------------
------------------------------------------------------------------------------------------------

Clock     Waveform(ns)         Period(ns)      Frequency(MHz)
-----     ------------         ----------      --------------
clk_pl_0  {0.000 2.667}        5.333           187.512         


------------------------------------------------------------------------------------------------
| Intra Clock Table
| -----------------
------------------------------------------------------------------------------------------------

Clock             WNS(ns)      TNS(ns)  TNS Failing Endpoints  TNS Total Endpoints      WHS(ns)      THS(ns)  THS Failing Endpoints  THS Total Endpoints     WPWS(ns)     TPWS(ns)  TPWS Failing Endpoints  TPWS Total Endpoints  
-----             -------      -------  ---------------------  -------------------      -------      -------  ---------------------  -------------------     --------     --------  ----------------------  --------------------  
clk_pl_0            0.099        0.000                      0                56989        0.010        0.000                      0                56989        1.166        0.000                       0                 25110  


------------------------------------------------------------------------------------------------
| Inter Clock Table
| -----------------
------------------------------------------------------------------------------------------------

From Clock    To Clock          WNS(ns)      TNS(ns)  TNS Failing Endpoints  TNS Total Endpoints      WHS(ns)      THS(ns)  THS Failing Endpoints  THS Total Endpoints  
----------    --------          -------      -------  ---------------------  -------------------      -------      -------  ---------------------  -------------------  


------------------------------------------------------------------------------------------------
| Other Path Groups Table
| -----------------------
------------------------------------------------------------------------------------------------

Path Group    From Clock    To Clock          WNS(ns)      TNS(ns)  TNS Failing Endpoints  TNS Total Endpoints      WHS(ns)      THS(ns)  THS Failing Endpoints  THS Total Endpoints  
----------    ----------    --------          -------      -------  ---------------------  -------------------      -------      -------  ---------------------  -------------------  


------------------------------------------------------------------------------------------------
| User Ignored Path Table
| -----------------------
------------------------------------------------------------------------------------------------

Path Group    From Clock    To Clock    
----------    ----------    --------    
(none)                      clk_pl_0      
(none)        clk_pl_0      clk_pl_0      


------------------------------------------------------------------------------------------------
| Unconstrained Path Table
| ------------------------
------------------------------------------------------------------------------------------------

Path Group    From Clock    To Clock    
----------    ----------    --------    


------------------------------------------------------------------------------------------------
| Timing Details
| --------------
------------------------------------------------------------------------------------------------


---------------------------------------------------------------------------------------------------
From Clock:  clk_pl_0
  To Clock:  clk_pl_0

Setup :            0  Failing Endpoints,  Worst Slack        0.099ns,  Total Violation        0.000ns
Hold  :            0  Failing Endpoints,  Worst Slack        0.010ns,  Total Violation        0.000ns
PW    :            0  Failing Endpoints,  Worst Slack        1.166ns,  Total Violation        0.000ns
---------------------------------------------------------------------------------------------------


Max Delay Paths
--------------------------------------------------------------------------------------
Slack (MET) :             0.099ns  (required time - arrival time)
  Source:                 system_i/yolo_accel/inst/u_core/u_wl/prm_data_reg[3]/C
                            (rising edge-triggered cell FDRE clocked by clk_pl_0  {rise@0.000ns fall@2.667ns period=5.333ns})
  Destination:            system_i/yolo_accel/inst/u_core/u_eng/prm_reg[30][3]/D
                            (rising edge-triggered cell FDRE clocked by clk_pl_0  {rise@0.000ns fall@2.667ns period=5.333ns})
  Path Group:             clk_pl_0
  Path Type:              Setup (Max at Slow Process Corner)
  Requirement:            5.333ns  (clk_pl_0 rise@5.333ns - clk_pl_0 rise@0.000ns)
  Data Path Delay:        5.231ns  (logic 0.079ns (1.510%)  route 5.152ns (98.490%))
  Logic Levels:           0  
  Clock Path Skew:        0.084ns (DCD - SCD + CPR)
    Destination Clock Delay (DCD):    1.931ns = ( 7.264 - 5.333 ) 
    Source Clock Delay      (SCD):    1.944ns
    Clock Pessimism Removal (CPR):    0.097ns
  Clock Uncertainty:      0.112ns  ((TSJ^2 + DJ^2)^1/2) / 2 + PE
    Total System Jitter     (TSJ):    0.071ns
    Discrete Jitter          (DJ):    0.213ns
    Phase Error              (PE):    0.000ns
  Clock Net Delay (Source):      1.736ns (routing 0.569ns, distribution 1.167ns)
  Clock Net Delay (Destination): 1.763ns (routing 0.512ns, distribution 1.251ns)

    Location             Delay type                Incr(ns)  Path(ns)    Netlist Resource(s)
  -------------------------------------------------------------------    -------------------
                         (clock clk_pl_0 rise edge)
                                                      0.000     0.000 r  
    PS8_X0Y0             PS8                          0.000     0.000 r  system_i/zynq_ps/inst/PS8_i/PLCLK[0]
                         net (fo=1, routed)           0.180     0.180    system_i/zynq_ps/inst/pl_clk_unbuffered[0]
    BUFG_PS_X0Y80        BUFG_PS (Prop_BUFG_PS_I_O)
                                                      0.028     0.208 r  system_i/zynq_ps/inst/buffer_pl_clk_0.PL_CLK_0_BUFG/O
    X1Y2 (CLOCK_ROOT)    net (fo=25292, routed)       1.736     1.944    system_i/yolo_accel/inst/u_core/u_wl/aclk
    SLICE_X59Y143        FDRE                                         r  system_i/yolo_accel/inst/u_core/u_wl/prm_data_reg[3]/C
  -------------------------------------------------------------------    -------------------
    SLICE_X59Y143        FDRE (Prop_EFF_SLICEL_C_Q)
                                                      0.079     2.023 r  system_i/yolo_accel/inst/u_core/u_wl/prm_data_reg[3]/Q
                         net (fo=32, routed)          5.152     7.175    system_i/yolo_accel/inst/u_core/u_eng/prm_reg[14][101]_0[3]
    SLICE_X83Y336        FDRE                                         r  system_i/yolo_accel/inst/u_core/u_eng/prm_reg[30][3]/D
  -------------------------------------------------------------------    -------------------

                         (clock clk_pl_0 rise edge)
                                                      5.333     5.333 r  
    PS8_X0Y0             PS8                          0.000     5.333 r  system_i/zynq_ps/inst/PS8_i/PLCLK[0]
                         net (fo=1, routed)           0.143     5.476    system_i/zynq_ps/inst/pl_clk_unbuffered[0]
    BUFG_PS_X0Y80        BUFG_PS (Prop_BUFG_PS_I_O)
                                                      0.025     5.501 r  system_i/zynq_ps/inst/buffer_pl_clk_0.PL_CLK_0_BUFG/O
    X1Y2 (CLOCK_ROOT)    net (fo=25292, routed)       1.763     7.264    system_i/yolo_accel/inst/u_core/u_eng/aclk
    SLICE_X83Y336        FDRE                                         r  system_i/yolo_accel/inst/u_core/u_eng/prm_reg[30][3]/C
                         clock pessimism              0.097     7.361    
                         clock uncertainty           -0.112     7.249    
    SLICE_X83Y336        FDRE (Setup_FFF2_SLICEM_C_D)
                                                      0.025     7.274    system_i/yolo_accel/inst/u_core/u_eng/prm_reg[30][3]
  -------------------------------------------------------------------
                         required time                          7.274    
                         arrival time                          -7.175    
  -------------------------------------------------------------------
                         slack                                  0.099    

Slack (MET) :             0.103ns  (required time - arrival time)
  Source:                 system_i/yolo_accel/inst/u_core/u_wl/prm_data_reg[38]/C
                            (rising edge-triggered cell FDRE clocked by clk_pl_0  {rise@0.000ns fall@2.667ns period=5.333ns})
  Destination:            system_i/yolo_accel/inst/u_core/u_eng/prm_reg[23][38]/D
                            (rising edge-triggered cell FDRE clocked by clk_pl_0  {rise@0.000ns fall@2.667ns period=5.333ns})
  Path Group:             clk_pl_0
  Path Type:              Setup (Max at Slow Process Corner)
  Requirement:            5.333ns  (clk_pl_0 rise@5.333ns - clk_pl_0 rise@0.000ns)
  Data Path Delay:        5.175ns  (logic 0.080ns (1.546%)  route 5.095ns (98.454%))
  Logic Levels:           0  
  Clock Path Skew:        0.032ns (DCD - SCD + CPR)
    Destination Clock Delay (DCD):    1.890ns = ( 7.223 - 5.333 ) 
    Source Clock Delay      (SCD):    1.955ns
    Clock Pessimism Removal (CPR):    0.097ns
  Clock Uncertainty:      0.112ns  ((TSJ^2 + DJ^2)^1/2) / 2 + PE
    Total System Jitter     (TSJ):    0.071ns
    Discrete Jitter          (DJ):    0.213ns
    Phase Error              (PE):    0.000ns
  Clock Net Delay (Source):      1.747ns (routing 0.569ns, distribution 1.178ns)
  Clock Net Delay (Destination): 1.722ns (routing 0.512ns, distribution 1.210ns)

    Location             Delay type                Incr(ns)  Path(ns)    Netlist Resource(s)
  -------------------------------------------------------------------    -------------------
                         (clock clk_pl_0 rise edge)
                                                      0.000     0.000 r  
    PS8_X0Y0             PS8                          0.000     0.000 r  system_i/zynq_ps/inst/PS8_i/PLCLK[0]
                         net (fo=1, routed)           0.180     0.180    system_i/zynq_ps/inst/pl_clk_unbuffered[0]
    BUFG_PS_X0Y80        BUFG_PS (Prop_BUFG_PS_I_O)
                                                      0.028     0.208 r  system_i/zynq_ps/inst/buffer_pl_clk_0.PL_CLK_0_BUFG/O
    X1Y2 (CLOCK_ROOT)    net (fo=25292, routed)       1.747     1.955    system_i/yolo_accel/inst/u_core/u_wl/aclk
    SLICE_X54Y151        FDRE                                         r  system_i/yolo_accel/inst/u_core/u_wl/prm_data_reg[38]/C
  -------------------------------------------------------------------    -------------------
    SLICE_X54Y151        FDRE (Prop_BFF2_SLICEM_C_Q)
                                                      0.080     2.035 r  system_i/yolo_accel/inst/u_core/u_wl/prm_data_reg[38]/Q
                         net (fo=32, routed)          5.095     7.130    system_i/yolo_accel/inst/u_core/u_eng/prm_reg[14][101]_0[38]
    SLICE_X21Y331        FDRE                                         r  system_i/yolo_accel/inst/u_core/u_eng/prm_reg[23][38]/D
  -------------------------------------------------------------------    -------------------

                         (clock clk_pl_0 rise edge)
                                                      5.333     5.333 r  
    PS8_X0Y0             PS8                          0.000     5.333 r  system_i/zynq_ps/inst/PS8_i/PLCLK[0]
                         net (fo=1, routed)           0.143     5.476    system_i/zynq_ps/inst/pl_clk_unbuffered[0]
    BUFG_PS_X0Y80        BUFG_PS (Prop_BUFG_PS_I_O)
                                                      0.025     5.501 r  system_i/zynq_ps/inst/buffer_pl_clk_0.PL_CLK_0_BUFG/O
    X1Y2 (CLOCK_ROOT)    net (fo=25292, routed)       1.722     7.223    system_i/yolo_accel/inst/u_core/u_eng/aclk
    SLICE_X21Y331        FDRE                                         r  system_i/yolo_accel/inst/u_core/u_eng/prm_reg[23][38]/C
                         clock pessimism              0.097     7.320    
                         clock uncertainty           -0.112     7.208    
    SLICE_X21Y331        FDRE (Setup_AFF2_SLICEM_C_D)
                                                      0.025     7.233    system_i/yolo_accel/inst/u_core/u_eng/prm_reg[23][38]
  -------------------------------------------------------------------
                         required time                          7.233    
                         arrival time                          -7.130    
  -------------------------------------------------------------------
                         slack                                  0.103    

Slack (MET) :             0.111ns  (required time - arrival time)
  Source:                 system_i/yolo_accel/inst/u_core/u_wl/prm_data_reg[3]/C
                            (rising edge-triggered cell FDRE clocked by clk_pl_0  {rise@0.000ns fall@2.667ns period=5.333ns})
  Destination:            system_i/yolo_accel/inst/u_core/u_eng/prm_reg[19][3]/D
                            (rising edge-triggered cell FDRE clocked by clk_pl_0  {rise@0.000ns fall@2.667ns period=5.333ns})
  Path Group:             clk_pl_0
  Path Type:              Setup (Max at Slow Process Corner)
  Requirement:            5.333ns  (clk_pl_0 rise@5.333ns - clk_pl_0 rise@0.000ns)
  Data Path Delay:        5.282ns  (logic 0.079ns (1.496%)  route 5.203ns (98.504%))
  Logic Levels:           0  
  Clock Path Skew:        0.148ns (DCD - SCD + CPR)
    Destination Clock Delay (DCD):    1.995ns = ( 7.328 - 5.333 ) 
    Source Clock Delay      (SCD):    1.944ns
    Clock Pessimism Removal (CPR):    0.097ns
  Clock Uncertainty:      0.112ns  ((TSJ^2 + DJ^2)^1/2) / 2 + PE
    Total System Jitter     (TSJ):    0.071ns
    Discrete Jitter          (DJ):    0.213ns
    Phase Error              (PE):    0.000ns
  Clock Net Delay (Source):      1.736ns (routing 0.569ns, distribution 1.167ns)
  Clock Net Delay (Destination): 1.827ns (routing 0.512ns, distribution 1.315ns)

    Location             Delay type                Incr(ns)  Path(ns)    Netlist Resource(s)
  -------------------------------------------------------------------    -------------------
                         (clock clk_pl_0 rise edge)
                                                      0.000     0.000 r  
    PS8_X0Y0             PS8                          0.000     0.000 r  system_i/zynq_ps/inst/PS8_i/PLCLK[0]
                         net (fo=1, routed)           0.180     0.180    system_i/zynq_ps/inst/pl_clk_unbuffered[0]
    BUFG_PS_X0Y80        BUFG_PS (Prop_BUFG_PS_I_O)
                                                      0.028     0.208 r  system_i/zynq_ps/inst/buffer_pl_clk_0.PL_CLK_0_BUFG/O
    X1Y2 (CLOCK_ROOT)    net (fo=25292, routed)       1.736     1.944    system_i/yolo_accel/inst/u_core/u_wl/aclk
    SLICE_X59Y143        FDRE                                         r  system_i/yolo_accel/inst/u_core/u_wl/prm_data_reg[3]/C
  -------------------------------------------------------------------    -------------------
    SLICE_X59Y143        FDRE (Prop_EFF_SLICEL_C_Q)
                                                      0.079     2.023 r  system_i/yolo_accel/inst/u_core/u_wl/prm_data_reg[3]/Q
                         net (fo=32, routed)          5.203     7.226    system_i/yolo_accel/inst/u_core/u_eng/prm_reg[14][101]_0[3]
    SLICE_X91Y329        FDRE                                         r  system_i/yolo_accel/inst/u_core/u_eng/prm_reg[19][3]/D
  -------------------------------------------------------------------    -------------------

                         (clock clk_pl_0 rise edge)
                                                      5.333     5.333 r  
    PS8_X0Y0             PS8                          0.000     5.333 r  system_i/zynq_ps/inst/PS8_i/PLCLK[0]
                         net (fo=1, routed)           0.143     5.476    system_i/zynq_ps/inst/pl_clk_unbuffered[0]
    BUFG_PS_X0Y80        BUFG_PS (Prop_BUFG_PS_I_O)
                                                      0.025     5.501 r  system_i/zynq_ps/inst/buffer_pl_clk_0.PL_CLK_0_BUFG/O
    X1Y2 (CLOCK_ROOT)    net (fo=25292, routed)       1.827     7.328    system_i/yolo_accel/inst/u_core/u_eng/aclk
    SLICE_X91Y329        FDRE                                         r  system_i/yolo_accel/inst/u_core/u_eng/prm_reg[19][3]/C
                         clock pessimism              0.097     7.425    
                         clock uncertainty           -0.112     7.313    
    SLICE_X91Y329        FDRE (Setup_FFF2_SLICEL_C_D)
                                                      0.025     7.338    system_i/yolo_accel/inst/u_core/u_eng/prm_reg[19][3]
  -------------------------------------------------------------------
                         required time                          7.338    
                         arrival time                          -7.226    
  -------------------------------------------------------------------
                         slack                                  0.111    

Slack (MET) :             0.117ns  (required time - arrival time)
  Source:                 system_i/yolo_accel/inst/u_core/u_wl/prm_data_reg[74]/C
                            (rising edge-triggered cell FDRE clocked by clk_pl_0  {rise@0.000ns fall@2.667ns period=5.333ns})
  Destination:            system_i/yolo_accel/inst/u_core/u_eng/prm_reg[18][74]/D
                            (rising edge-triggered cell FDRE clocked by clk_pl_0  {rise@0.000ns fall@2.667ns period=5.333ns})
  Path Group:             clk_pl_0
  Path Type:              Setup (Max at Slow Process Corner)
  Requirement:            5.333ns  (clk_pl_0 rise@5.333ns - clk_pl_0 rise@0.000ns)
  Data Path Delay:        5.273ns  (logic 0.080ns (1.517%)  route 5.193ns (98.483%))
  Logic Levels:           0  
  Clock Path Skew:        0.144ns (DCD - SCD + CPR)
    Destination Clock Delay (DCD):    1.999ns = ( 7.332 - 5.333 ) 
    Source Clock Delay      (SCD):    1.952ns
    Clock Pessimism Removal (CPR):    0.097ns
  Clock Uncertainty:      0.112ns  ((TSJ^2 + DJ^2)^1/2) / 2 + PE
    Total System Jitter     (TSJ):    0.071ns
    Discrete Jitter          (DJ):    0.213ns
    Phase Error              (PE):    0.000ns
  Clock Net Delay (Source):      1.744ns (routing 0.569ns, distribution 1.175ns)
  Clock Net Delay (Destination): 1.831ns (routing 0.512ns, distribution 1.319ns)

    Location             Delay type                Incr(ns)  Path(ns)    Netlist Resource(s)
  -------------------------------------------------------------------    -------------------
                         (clock clk_pl_0 rise edge)
                                                      0.000     0.000 r  
    PS8_X0Y0             PS8                          0.000     0.000 r  system_i/zynq_ps/inst/PS8_i/PLCLK[0]
                         net (fo=1, routed)           0.180     0.180    system_i/zynq_ps/inst/pl_clk_unbuffered[0]
    BUFG_PS_X0Y80        BUFG_PS (Prop_BUFG_PS_I_O)
                                                      0.028     0.208 r  system_i/zynq_ps/inst/buffer_pl_clk_0.PL_CLK_0_BUFG/O
    X1Y2 (CLOCK_ROOT)    net (fo=25292, routed)       1.744     1.952    system_i/yolo_accel/inst/u_core/u_wl/aclk
    SLICE_X60Y145        FDRE                                         r  system_i/yolo_accel/inst/u_core/u_wl/prm_data_reg[74]/C
  -------------------------------------------------------------------    -------------------
    SLICE_X60Y145        FDRE (Prop_HFF2_SLICEL_C_Q)
                                                      0.080     2.032 r  system_i/yolo_accel/inst/u_core/u_wl/prm_data_reg[74]/Q
                         net (fo=32, routed)          5.193     7.225    system_i/yolo_accel/inst/u_core/u_eng/prm_reg[14][101]_0[59]
    SLICE_X89Y341        FDRE                                         r  system_i/yolo_accel/inst/u_core/u_eng/prm_reg[18][74]/D
  -------------------------------------------------------------------    -------------------

                         (clock clk_pl_0 rise edge)
                                                      5.333     5.333 r  
    PS8_X0Y0             PS8                          0.000     5.333 r  system_i/zynq_ps/inst/PS8_i/PLCLK[0]
                         net (fo=1, routed)           0.143     5.476    system_i/zynq_ps/inst/pl_clk_unbuffered[0]
    BUFG_PS_X0Y80        BUFG_PS (Prop_BUFG_PS_I_O)
                                                      0.025     5.501 r  system_i/zynq_ps/inst/buffer_pl_clk_0.PL_CLK_0_BUFG/O
    X1Y2 (CLOCK_ROOT)    net (fo=25292, routed)       1.831     7.332    system_i/yolo_accel/inst/u_core/u_eng/aclk
    SLICE_X89Y341        FDRE                                         r  system_i/yolo_accel/inst/u_core/u_eng/prm_reg[18][74]/C
                         clock pessimism              0.097     7.429    
                         clock uncertainty           -0.112     7.317    
    SLICE_X89Y341        FDRE (Setup_HFF2_SLICEM_C_D)
                                                      0.025     7.342    system_i/yolo_accel/inst/u_core/u_eng/prm_reg[18][74]
  -------------------------------------------------------------------
                         required time                          7.342    
                         arrival time                          -7.225    
  -------------------------------------------------------------------
                         slack                                  0.117    

Slack (MET) :             0.119ns  (required time - arrival time)
  Source:                 system_i/yolo_accel/inst/u_core/u_wl/prm_data_reg[73]/C
                            (rising edge-triggered cell FDRE clocked by clk_pl_0  {rise@0.000ns fall@2.667ns period=5.333ns})
  Destination:            system_i/yolo_accel/inst/u_core/u_eng/prm_reg[31][73]/D
                            (rising edge-triggered cell FDRE clocked by clk_pl_0  {rise@0.000ns fall@2.667ns period=5.333ns})
  Path Group:             clk_pl_0
  Path Type:              Setup (Max at Slow Process Corner)
  Requirement:            5.333ns  (clk_pl_0 rise@5.333ns - clk_pl_0 rise@0.000ns)
  Data Path Delay:        5.210ns  (logic 0.080ns (1.536%)  route 5.130ns (98.464%))
  Logic Levels:           0  
  Clock Path Skew:        0.083ns (DCD - SCD + CPR)
    Destination Clock Delay (DCD):    1.934ns = ( 7.267 - 5.333 ) 
    Source Clock Delay      (SCD):    1.948ns
    Clock Pessimism Removal (CPR):    0.097ns
  Clock Uncertainty:      0.112ns  ((TSJ^2 + DJ^2)^1/2) / 2 + PE
    Total System Jitter     (TSJ):    0.071ns
    Discrete Jitter          (DJ):    0.213ns
    Phase Error              (PE):    0.000ns
  Clock Net Delay (Source):      1.740ns (routing 0.569ns, distribution 1.171ns)
  Clock Net Delay (Destination): 1.766ns (routing 0.512ns, distribution 1.254ns)

    Location             Delay type                Incr(ns)  Path(ns)    Netlist Resource(s)
  -------------------------------------------------------------------    -------------------
                         (clock clk_pl_0 rise edge)
                                                      0.000     0.000 r  
    PS8_X0Y0             PS8                          0.000     0.000 r  system_i/zynq_ps/inst/PS8_i/PLCLK[0]
                         net (fo=1, routed)           0.180     0.180    system_i/zynq_ps/inst/pl_clk_unbuffered[0]
    BUFG_PS_X0Y80        BUFG_PS (Prop_BUFG_PS_I_O)
                                                      0.028     0.208 r  system_i/zynq_ps/inst/buffer_pl_clk_0.PL_CLK_0_BUFG/O
    X1Y2 (CLOCK_ROOT)    net (fo=25292, routed)       1.740     1.948    system_i/yolo_accel/inst/u_core/u_wl/aclk
    SLICE_X55Y151        FDRE                                         r  system_i/yolo_accel/inst/u_core/u_wl/prm_data_reg[73]/C
  -------------------------------------------------------------------    -------------------
    SLICE_X55Y151        FDRE (Prop_BFF2_SLICEL_C_Q)
                                                      0.080     2.028 r  system_i/yolo_accel/inst/u_core/u_wl/prm_data_reg[73]/Q
                         net (fo=32, routed)          5.130     7.158    system_i/yolo_accel/inst/u_core/u_eng/prm_reg[14][101]_0[58]
    SLICE_X88Y332        FDRE                                         r  system_i/yolo_accel/inst/u_core/u_eng/prm_reg[31][73]/D
  -------------------------------------------------------------------    -------------------

                         (clock clk_pl_0 rise edge)
                                                      5.333     5.333 r  
    PS8_X0Y0             PS8                          0.000     5.333 r  system_i/zynq_ps/inst/PS8_i/PLCLK[0]
                         net (fo=1, routed)           0.143     5.476    system_i/zynq_ps/inst/pl_clk_unbuffered[0]
    BUFG_PS_X0Y80        BUFG_PS (Prop_BUFG_PS_I_O)
                                                      0.025     5.501 r  system_i/zynq_ps/inst/buffer_pl_clk_0.PL_CLK_0_BUFG/O
    X1Y2 (CLOCK_ROOT)    net (fo=25292, routed)       1.766     7.267    system_i/yolo_accel/inst/u_core/u_eng/aclk
    SLICE_X88Y332        FDRE                                         r  system_i/yolo_accel/inst/u_core/u_eng/prm_reg[31][73]/C
                         clock pessimism              0.097     7.364    
                         clock uncertainty           -0.112     7.252    
    SLICE_X88Y332        FDRE (Setup_CFF_SLICEM_C_D)
                                                      0.025     7.277    system_i/yolo_accel/inst/u_core/u_eng/prm_reg[31][73]
  -------------------------------------------------------------------
                         required time                          7.277    
                         arrival time                          -7.158    
  -------------------------------------------------------------------
                         slack                                  0.119    

Slack (MET) :             0.132ns  (required time - arrival time)
  Source:                 system_i/yolo_accel/inst/u_core/u_wl/prm_data_reg[75]/C
                            (rising edge-triggered cell FDRE clocked by clk_pl_0  {rise@0.000ns fall@2.667ns period=5.333ns})
  Destination:            system_i/yolo_accel/inst/u_core/u_eng/prm_reg[31][75]/D
                            (rising edge-triggered cell FDRE clocked by clk_pl_0  {rise@0.000ns fall@2.667ns period=5.333ns})
  Path Group:             clk_pl_0
  Path Type:              Setup (Max at Slow Process Corner)
  Requirement:            5.333ns  (clk_pl_0 rise@5.333ns - clk_pl_0 rise@0.000ns)
  Data Path Delay:        5.185ns  (logic 0.079ns (1.524%)  route 5.106ns (98.476%))
  Logic Levels:           0  
  Clock Path Skew:        0.071ns (DCD - SCD + CPR)
    Destination Clock Delay (DCD):    1.940ns = ( 7.273 - 5.333 ) 
    Source Clock Delay      (SCD):    1.966ns
    Clock Pessimism Removal (CPR):    0.097ns
  Clock Uncertainty:      0.112ns  ((TSJ^2 + DJ^2)^1/2) / 2 + PE
    Total System Jitter     (TSJ):    0.071ns
    Discrete Jitter          (DJ):    0.213ns
    Phase Error              (PE):    0.000ns
  Clock Net Delay (Source):      1.758ns (routing 0.569ns, distribution 1.189ns)
  Clock Net Delay (Destination): 1.772ns (routing 0.512ns, distribution 1.260ns)

    Location             Delay type                Incr(ns)  Path(ns)    Netlist Resource(s)
  -------------------------------------------------------------------    -------------------
                         (clock clk_pl_0 rise edge)
                                                      0.000     0.000 r  
    PS8_X0Y0             PS8                          0.000     0.000 r  system_i/zynq_ps/inst/PS8_i/PLCLK[0]
                         net (fo=1, routed)           0.180     0.180    system_i/zynq_ps/inst/pl_clk_unbuffered[0]
    BUFG_PS_X0Y80        BUFG_PS (Prop_BUFG_PS_I_O)
                                                      0.028     0.208 r  system_i/zynq_ps/inst/buffer_pl_clk_0.PL_CLK_0_BUFG/O
    X1Y2 (CLOCK_ROOT)    net (fo=25292, routed)       1.758     1.966    system_i/yolo_accel/inst/u_core/u_wl/aclk
    SLICE_X58Y148        FDRE                                         r  system_i/yolo_accel/inst/u_core/u_wl/prm_data_reg[75]/C
  -------------------------------------------------------------------    -------------------
    SLICE_X58Y148        FDRE (Prop_FFF_SLICEL_C_Q)
                                                      0.079     2.045 r  system_i/yolo_accel/inst/u_core/u_wl/prm_data_reg[75]/Q
                         net (fo=32, routed)          5.106     7.151    system_i/yolo_accel/inst/u_core/u_eng/prm_reg[14][101]_0[60]
    SLICE_X88Y342        FDRE                                         r  system_i/yolo_accel/inst/u_core/u_eng/prm_reg[31][75]/D
  -------------------------------------------------------------------    -------------------

                         (clock clk_pl_0 rise edge)
                                                      5.333     5.333 r  
    PS8_X0Y0             PS8                          0.000     5.333 r  system_i/zynq_ps/inst/PS8_i/PLCLK[0]
                         net (fo=1, routed)           0.143     5.476    system_i/zynq_ps/inst/pl_clk_unbuffered[0]
    BUFG_PS_X0Y80        BUFG_PS (Prop_BUFG_PS_I_O)
                                                      0.025     5.501 r  system_i/zynq_ps/inst/buffer_pl_clk_0.PL_CLK_0_BUFG/O
    X1Y2 (CLOCK_ROOT)    net (fo=25292, routed)       1.772     7.273    system_i/yolo_accel/inst/u_core/u_eng/aclk
    SLICE_X88Y342        FDRE                                         r  system_i/yolo_accel/inst/u_core/u_eng/prm_reg[31][75]/C
                         clock pessimism              0.097     7.370    
                         clock uncertainty           -0.112     7.258    
    SLICE_X88Y342        FDRE (Setup_FFF2_SLICEM_C_D)
                                                      0.025     7.283    system_i/yolo_accel/inst/u_core/u_eng/prm_reg[31][75]
  -------------------------------------------------------------------
                         required time                          7.283    
                         arrival time                          -7.151    
  -------------------------------------------------------------------
                         slack                                  0.132    

Slack (MET) :             0.135ns  (required time - arrival time)
  Source:                 system_i/yolo_accel/inst/u_core/u_wl/wb_data_reg[77]/C
                            (rising edge-triggered cell FDRE clocked by clk_pl_0  {rise@0.000ns fall@2.667ns period=5.333ns})
  Destination:            system_i/yolo_accel/inst/u_core/u_eng/g_wb[26].u_wb/mem_reg_1/DINADIN[5]
                            (rising edge-triggered cell RAMB36E2 clocked by clk_pl_0  {rise@0.000ns fall@2.667ns period=5.333ns})
  Path Group:             clk_pl_0
  Path Type:              Setup (Max at Slow Process Corner)
  Requirement:            5.333ns  (clk_pl_0 rise@5.333ns - clk_pl_0 rise@0.000ns)
  Data Path Delay:        4.925ns  (logic 0.077ns (1.564%)  route 4.848ns (98.436%))
  Logic Levels:           0  
  Clock Path Skew:        0.124ns (DCD - SCD + CPR)
    Destination Clock Delay (DCD):    1.985ns = ( 7.318 - 5.333 ) 
    Source Clock Delay      (SCD):    1.958ns
    Clock Pessimism Removal (CPR):    0.097ns
  Clock Uncertainty:      0.112ns  ((TSJ^2 + DJ^2)^1/2) / 2 + PE
    Total System Jitter     (TSJ):    0.071ns
    Discrete Jitter          (DJ):    0.213ns
    Phase Error              (PE):    0.000ns
  Clock Net Delay (Source):      1.750ns (routing 0.569ns, distribution 1.181ns)
  Clock Net Delay (Destination): 1.817ns (routing 0.512ns, distribution 1.305ns)

    Location             Delay type                Incr(ns)  Path(ns)    Netlist Resource(s)
  -------------------------------------------------------------------    -------------------
                         (clock clk_pl_0 rise edge)
                                                      0.000     0.000 r  
    PS8_X0Y0             PS8                          0.000     0.000 r  system_i/zynq_ps/inst/PS8_i/PLCLK[0]
                         net (fo=1, routed)           0.180     0.180    system_i/zynq_ps/inst/pl_clk_unbuffered[0]
    BUFG_PS_X0Y80        BUFG_PS (Prop_BUFG_PS_I_O)
                                                      0.028     0.208 r  system_i/zynq_ps/inst/buffer_pl_clk_0.PL_CLK_0_BUFG/O
    X1Y2 (CLOCK_ROOT)    net (fo=25292, routed)       1.750     1.958    system_i/yolo_accel/inst/u_core/u_wl/aclk
    SLICE_X54Y149        FDRE                                         r  system_i/yolo_accel/inst/u_core/u_wl/wb_data_reg[77]/C
  -------------------------------------------------------------------    -------------------
    SLICE_X54Y149        FDRE (Prop_AFF_SLICEM_C_Q)
                                                      0.077     2.035 r  system_i/yolo_accel/inst/u_core/u_wl/wb_data_reg[77]/Q
                         net (fo=32, routed)          4.848     6.883    system_i/yolo_accel/inst/u_core/u_eng/g_wb[26].u_wb/mem_reg_1_56[77]
    RAMB36_X0Y57         RAMB36E2                                     r  system_i/yolo_accel/inst/u_core/u_eng/g_wb[26].u_wb/mem_reg_1/DINADIN[5]
  -------------------------------------------------------------------    -------------------

                         (clock clk_pl_0 rise edge)
                                                      5.333     5.333 r  
    PS8_X0Y0             PS8                          0.000     5.333 r  system_i/zynq_ps/inst/PS8_i/PLCLK[0]
                         net (fo=1, routed)           0.143     5.476    system_i/zynq_ps/inst/pl_clk_unbuffered[0]
    BUFG_PS_X0Y80        BUFG_PS (Prop_BUFG_PS_I_O)
                                                      0.025     5.501 r  system_i/zynq_ps/inst/buffer_pl_clk_0.PL_CLK_0_BUFG/O
    X1Y2 (CLOCK_ROOT)    net (fo=25292, routed)       1.817     7.318    system_i/yolo_accel/inst/u_core/u_eng/g_wb[26].u_wb/aclk
    RAMB36_X0Y57         RAMB36E2                                     r  system_i/yolo_accel/inst/u_core/u_eng/g_wb[26].u_wb/mem_reg_1/CLKBWRCLK
                         clock pessimism              0.097     7.415    
                         clock uncertainty           -0.112     7.303    
    RAMB36_X0Y57         RAMB36E2 (Setup_RAMB36E2_RAMB36_CLKBWRCLK_DINADIN[5])
                                                     -0.285     7.018    system_i/yolo_accel/inst/u_core/u_eng/g_wb[26].u_wb/mem_reg_1
  -------------------------------------------------------------------
                         required time                          7.018    
                         arrival time                          -6.883    
  -------------------------------------------------------------------
                         slack                                  0.135    

Slack (MET) :             0.136ns  (required time - arrival time)
  Source:                 system_i/yolo_accel/inst/u_core/u_wl/prm_data_reg[14]/C
                            (rising edge-triggered cell FDRE clocked by clk_pl_0  {rise@0.000ns fall@2.667ns period=5.333ns})
  Destination:            system_i/yolo_accel/inst/u_core/u_eng/prm_reg[31][14]/D
                            (rising edge-triggered cell FDRE clocked by clk_pl_0  {rise@0.000ns fall@2.667ns period=5.333ns})
  Path Group:             clk_pl_0
  Path Type:              Setup (Max at Slow Process Corner)
  Requirement:            5.333ns  (clk_pl_0 rise@5.333ns - clk_pl_0 rise@0.000ns)
  Data Path Delay:        5.194ns  (logic 0.081ns (1.559%)  route 5.113ns (98.441%))
  Logic Levels:           0  
  Clock Path Skew:        0.084ns (DCD - SCD + CPR)
    Destination Clock Delay (DCD):    1.938ns = ( 7.271 - 5.333 ) 
    Source Clock Delay      (SCD):    1.951ns
    Clock Pessimism Removal (CPR):    0.097ns
  Clock Uncertainty:      0.112ns  ((TSJ^2 + DJ^2)^1/2) / 2 + PE
    Total System Jitter     (TSJ):    0.071ns
    Discrete Jitter          (DJ):    0.213ns
    Phase Error              (PE):    0.000ns
  Clock Net Delay (Source):      1.743ns (routing 0.569ns, distribution 1.174ns)
  Clock Net Delay (Destination): 1.770ns (routing 0.512ns, distribution 1.258ns)

    Location             Delay type                Incr(ns)  Path(ns)    Netlist Resource(s)
  -------------------------------------------------------------------    -------------------
                         (clock clk_pl_0 rise edge)
                                                      0.000     0.000 r  
    PS8_X0Y0             PS8                          0.000     0.000 r  system_i/zynq_ps/inst/PS8_i/PLCLK[0]
                         net (fo=1, routed)           0.180     0.180    system_i/zynq_ps/inst/pl_clk_unbuffered[0]
    BUFG_PS_X0Y80        BUFG_PS (Prop_BUFG_PS_I_O)
                                                      0.028     0.208 r  system_i/zynq_ps/inst/buffer_pl_clk_0.PL_CLK_0_BUFG/O
    X1Y2 (CLOCK_ROOT)    net (fo=25292, routed)       1.743     1.951    system_i/yolo_accel/inst/u_core/u_wl/aclk
    SLICE_X55Y149        FDRE                                         r  system_i/yolo_accel/inst/u_core/u_wl/prm_data_reg[14]/C
  -------------------------------------------------------------------    -------------------
    SLICE_X55Y149        FDRE (Prop_DFF2_SLICEL_C_Q)
                                                      0.081     2.032 r  system_i/yolo_accel/inst/u_core/u_wl/prm_data_reg[14]/Q
                         net (fo=32, routed)          5.113     7.145    system_i/yolo_accel/inst/u_core/u_eng/prm_reg[14][101]_0[14]
    SLICE_X86Y333        FDRE                                         r  system_i/yolo_accel/inst/u_core/u_eng/prm_reg[31][14]/D
  -------------------------------------------------------------------    -------------------

                         (clock clk_pl_0 rise edge)
                                                      5.333     5.333 r  
    PS8_X0Y0             PS8                          0.000     5.333 r  system_i/zynq_ps/inst/PS8_i/PLCLK[0]
                         net (fo=1, routed)           0.143     5.476    system_i/zynq_ps/inst/pl_clk_unbuffered[0]
    BUFG_PS_X0Y80        BUFG_PS (Prop_BUFG_PS_I_O)
                                                      0.025     5.501 r  system_i/zynq_ps/inst/buffer_pl_clk_0.PL_CLK_0_BUFG/O
    X1Y2 (CLOCK_ROOT)    net (fo=25292, routed)       1.770     7.271    system_i/yolo_accel/inst/u_core/u_eng/aclk
    SLICE_X86Y333        FDRE                                         r  system_i/yolo_accel/inst/u_core/u_eng/prm_reg[31][14]/C
                         clock pessimism              0.097     7.368    
                         clock uncertainty           -0.112     7.256    
    SLICE_X86Y333        FDRE (Setup_GFF_SLICEM_C_D)
                                                      0.025     7.281    system_i/yolo_accel/inst/u_core/u_eng/prm_reg[31][14]
  -------------------------------------------------------------------
                         required time                          7.281    
                         arrival time                          -7.145    
  -------------------------------------------------------------------
                         slack                                  0.136    

Slack (MET) :             0.137ns  (required time - arrival time)
  Source:                 system_i/yolo_accel/inst/u_core/u_wl/prm_data_reg[44]/C
                            (rising edge-triggered cell FDRE clocked by clk_pl_0  {rise@0.000ns fall@2.667ns period=5.333ns})
  Destination:            system_i/yolo_accel/inst/u_core/u_eng/prm_reg[29][44]/D
                            (rising edge-triggered cell FDRE clocked by clk_pl_0  {rise@0.000ns fall@2.667ns period=5.333ns})
  Path Group:             clk_pl_0
  Path Type:              Setup (Max at Slow Process Corner)
  Requirement:            5.333ns  (clk_pl_0 rise@5.333ns - clk_pl_0 rise@0.000ns)
  Data Path Delay:        5.159ns  (logic 0.080ns (1.551%)  route 5.079ns (98.449%))
  Logic Levels:           0  
  Clock Path Skew:        0.050ns (DCD - SCD + CPR)
    Destination Clock Delay (DCD):    1.924ns = ( 7.257 - 5.333 ) 
    Source Clock Delay      (SCD):    1.971ns
    Clock Pessimism Removal (CPR):    0.097ns
  Clock Uncertainty:      0.112ns  ((TSJ^2 + DJ^2)^1/2) / 2 + PE
    Total System Jitter     (TSJ):    0.071ns
    Discrete Jitter          (DJ):    0.213ns
    Phase Error              (PE):    0.000ns
  Clock Net Delay (Source):      1.763ns (routing 0.569ns, distribution 1.194ns)
  Clock Net Delay (Destination): 1.756ns (routing 0.512ns, distribution 1.244ns)

    Location             Delay type                Incr(ns)  Path(ns)    Netlist Resource(s)
  -------------------------------------------------------------------    -------------------
                         (clock clk_pl_0 rise edge)
                                                      0.000     0.000 r  
    PS8_X0Y0             PS8                          0.000     0.000 r  system_i/zynq_ps/inst/PS8_i/PLCLK[0]
                         net (fo=1, routed)           0.180     0.180    system_i/zynq_ps/inst/pl_clk_unbuffered[0]
    BUFG_PS_X0Y80        BUFG_PS (Prop_BUFG_PS_I_O)
                                                      0.028     0.208 r  system_i/zynq_ps/inst/buffer_pl_clk_0.PL_CLK_0_BUFG/O
    X1Y2 (CLOCK_ROOT)    net (fo=25292, routed)       1.763     1.971    system_i/yolo_accel/inst/u_core/u_wl/aclk
    SLICE_X60Y147        FDRE                                         r  system_i/yolo_accel/inst/u_core/u_wl/prm_data_reg[44]/C
  -------------------------------------------------------------------    -------------------
    SLICE_X60Y147        FDRE (Prop_HFF2_SLICEL_C_Q)
                                                      0.080     2.051 r  system_i/yolo_accel/inst/u_core/u_wl/prm_data_reg[44]/Q
                         net (fo=32, routed)          5.079     7.130    system_i/yolo_accel/inst/u_core/u_eng/prm_reg[14][101]_0[44]
    SLICE_X70Y344        FDRE                                         r  system_i/yolo_accel/inst/u_core/u_eng/prm_reg[29][44]/D
  -------------------------------------------------------------------    -------------------

                         (clock clk_pl_0 rise edge)
                                                      5.333     5.333 r  
    PS8_X0Y0             PS8                          0.000     5.333 r  system_i/zynq_ps/inst/PS8_i/PLCLK[0]
                         net (fo=1, routed)           0.143     5.476    system_i/zynq_ps/inst/pl_clk_unbuffered[0]
    BUFG_PS_X0Y80        BUFG_PS (Prop_BUFG_PS_I_O)
                                                      0.025     5.501 r  system_i/zynq_ps/inst/buffer_pl_clk_0.PL_CLK_0_BUFG/O
    X1Y2 (CLOCK_ROOT)    net (fo=25292, routed)       1.756     7.257    system_i/yolo_accel/inst/u_core/u_eng/aclk
    SLICE_X70Y344        FDRE                                         r  system_i/yolo_accel/inst/u_core/u_eng/prm_reg[29][44]/C
                         clock pessimism              0.097     7.354    
                         clock uncertainty           -0.112     7.242    
    SLICE_X70Y344        FDRE (Setup_EFF2_SLICEM_C_D)
                                                      0.025     7.267    system_i/yolo_accel/inst/u_core/u_eng/prm_reg[29][44]
  -------------------------------------------------------------------
                         required time                          7.267    
                         arrival time                          -7.130    
  -------------------------------------------------------------------
                         slack                                  0.137    

Slack (MET) :             0.137ns  (required time - arrival time)
  Source:                 system_i/yolo_accel/inst/u_core/u_wl/wb_addr_reg[1]/C
                            (rising edge-triggered cell FDRE clocked by clk_pl_0  {rise@0.000ns fall@2.667ns period=5.333ns})
  Destination:            system_i/yolo_accel/inst/u_core/u_eng/g_wb[31].u_wb/mem_reg_1/ADDRBWRADDR[7]
                            (rising edge-triggered cell RAMB36E2 clocked by clk_pl_0  {rise@0.000ns fall@2.667ns period=5.333ns})
  Path Group:             clk_pl_0
  Path Type:              Setup (Max at Slow Process Corner)
  Requirement:            5.333ns  (clk_pl_0 rise@5.333ns - clk_pl_0 rise@0.000ns)
  Data Path Delay:        4.896ns  (logic 0.079ns (1.613%)  route 4.817ns (98.387%))
  Logic Levels:           0  
  Clock Path Skew:        0.098ns (DCD - SCD + CPR)
    Destination Clock Delay (DCD):    1.949ns = ( 7.282 - 5.333 ) 
    Source Clock Delay      (SCD):    1.948ns
    Clock Pessimism Removal (CPR):    0.097ns
  Clock Uncertainty:      0.112ns  ((TSJ^2 + DJ^2)^1/2) / 2 + PE
    Total System Jitter     (TSJ):    0.071ns
    Discrete Jitter          (DJ):    0.213ns
    Phase Error              (PE):    0.000ns
  Clock Net Delay (Source):      1.740ns (routing 0.569ns, distribution 1.171ns)
  Clock Net Delay (Destination): 1.781ns (routing 0.512ns, distribution 1.269ns)

    Location             Delay type                Incr(ns)  Path(ns)    Netlist Resource(s)
  -------------------------------------------------------------------    -------------------
                         (clock clk_pl_0 rise edge)
                                                      0.000     0.000 r  
    PS8_X0Y0             PS8                          0.000     0.000 r  system_i/zynq_ps/inst/PS8_i/PLCLK[0]
                         net (fo=1, routed)           0.180     0.180    system_i/zynq_ps/inst/pl_clk_unbuffered[0]
    BUFG_PS_X0Y80        BUFG_PS (Prop_BUFG_PS_I_O)
                                                      0.028     0.208 r  system_i/zynq_ps/inst/buffer_pl_clk_0.PL_CLK_0_BUFG/O
    X1Y2 (CLOCK_ROOT)    net (fo=25292, routed)       1.740     1.948    system_i/yolo_accel/inst/u_core/u_wl/aclk
    SLICE_X56Y142        FDRE                                         r  system_i/yolo_accel/inst/u_core/u_wl/wb_addr_reg[1]/C
  -------------------------------------------------------------------    -------------------
    SLICE_X56Y142        FDRE (Prop_GFF2_SLICEM_C_Q)
                                                      0.079     2.027 r  system_i/yolo_accel/inst/u_core/u_wl/wb_addr_reg[1]/Q
                         net (fo=64, routed)          4.817     6.844    system_i/yolo_accel/inst/u_core/u_eng/g_wb[31].u_wb/mem_reg_0_69[1]
    RAMB36_X2Y67         RAMB36E2                                     r  system_i/yolo_accel/inst/u_core/u_eng/g_wb[31].u_wb/mem_reg_1/ADDRBWRADDR[7]
  -------------------------------------------------------------------    -------------------

                         (clock clk_pl_0 rise edge)
                                                      5.333     5.333 r  
    PS8_X0Y0             PS8                          0.000     5.333 r  system_i/zynq_ps/inst/PS8_i/PLCLK[0]
                         net (fo=1, routed)           0.143     5.476    system_i/zynq_ps/inst/pl_clk_unbuffered[0]
    BUFG_PS_X0Y80        BUFG_PS (Prop_BUFG_PS_I_O)
                                                      0.025     5.501 r  system_i/zynq_ps/inst/buffer_pl_clk_0.PL_CLK_0_BUFG/O
    X1Y2 (CLOCK_ROOT)    net (fo=25292, routed)       1.781     7.282    system_i/yolo_accel/inst/u_core/u_eng/g_wb[31].u_wb/aclk
    RAMB36_X2Y67         RAMB36E2                                     r  system_i/yolo_accel/inst/u_core/u_eng/g_wb[31].u_wb/mem_reg_1/CLKBWRCLK
                         clock pessimism              0.097     7.379    
                         clock uncertainty           -0.112     7.267    
    RAMB36_X2Y67         RAMB36E2 (Setup_RAMB36E2_RAMB36_CLKBWRCLK_ADDRBWRADDR[7])
                                                     -0.285     6.982    system_i/yolo_accel/inst/u_core/u_eng/g_wb[31].u_wb/mem_reg_1
  -------------------------------------------------------------------
                         required time                          6.982    
                         arrival time                          -6.844    
  -------------------------------------------------------------------
                         slack                                  0.137    





Min Delay Paths
--------------------------------------------------------------------------------------
Slack (MET) :             0.010ns  (arrival time - required time)
  Source:                 system_i/sc_mem/inst/s00_entry_pipeline/s00_si_converter/inst/converter.wrap_narrow_inst/ar_reg_slice/m_vector_i_reg[1079]/C
                            (rising edge-triggered cell FDRE clocked by clk_pl_0  {rise@0.000ns fall@2.667ns period=5.333ns})
  Destination:            system_i/sc_mem/inst/s00_nodes/s00_ar_node/inst/inst_mi_handler/gen_normal_area.inst_fifo_node_payld/gen_xpm_memory_fifo.inst_fifo/gen_mem_rep[0].inst_xpm_memory/xpm_memory_base_inst/gen_wr_a.gen_word_narrow.mem_reg_0_31_112_125/RAMB/I
                            (rising edge-triggered cell RAMD32 clocked by clk_pl_0  {rise@0.000ns fall@2.667ns period=5.333ns})
  Path Group:             clk_pl_0
  Path Type:              Hold (Min at Slow Process Corner)
  Requirement:            0.000ns  (clk_pl_0 rise@0.000ns - clk_pl_0 rise@0.000ns)
  Data Path Delay:        0.213ns  (logic 0.060ns (28.169%)  route 0.153ns (71.831%))
  Logic Levels:           0  
  Clock Path Skew:        0.125ns (DCD - SCD - CPR)
    Destination Clock Delay (DCD):    2.005ns
    Source Clock Delay      (SCD):    1.715ns
    Clock Pessimism Removal (CPR):    0.165ns
  Clock Net Delay (Source):      1.547ns (routing 0.512ns, distribution 1.035ns)
  Clock Net Delay (Destination): 1.797ns (routing 0.569ns, distribution 1.228ns)

    Location             Delay type                Incr(ns)  Path(ns)    Netlist Resource(s)
  -------------------------------------------------------------------    -------------------
                         (clock clk_pl_0 rise edge)
                                                      0.000     0.000 r  
    PS8_X0Y0             PS8                          0.000     0.000 r  system_i/zynq_ps/inst/PS8_i/PLCLK[0]
                         net (fo=1, routed)           0.143     0.143    system_i/zynq_ps/inst/pl_clk_unbuffered[0]
    BUFG_PS_X0Y80        BUFG_PS (Prop_BUFG_PS_I_O)
                                                      0.025     0.168 r  system_i/zynq_ps/inst/buffer_pl_clk_0.PL_CLK_0_BUFG/O
    X1Y2 (CLOCK_ROOT)    net (fo=25292, routed)       1.547     1.715    system_i/sc_mem/inst/s00_entry_pipeline/s00_si_converter/inst/converter.wrap_narrow_inst/ar_reg_slice/aclk
    SLICE_X53Y85         FDRE                                         r  system_i/sc_mem/inst/s00_entry_pipeline/s00_si_converter/inst/converter.wrap_narrow_inst/ar_reg_slice/m_vector_i_reg[1079]/C
  -------------------------------------------------------------------    -------------------
    SLICE_X53Y85         FDRE (Prop_BFF2_SLICEM_C_Q)
                                                      0.060     1.775 r  system_i/sc_mem/inst/s00_entry_pipeline/s00_si_converter/inst/converter.wrap_narrow_inst/ar_reg_slice/m_vector_i_reg[1079]/Q
                         net (fo=1, routed)           0.153     1.928    system_i/sc_mem/inst/s00_nodes/s00_ar_node/inst/inst_mi_handler/gen_normal_area.inst_fifo_node_payld/gen_xpm_memory_fifo.inst_fifo/gen_mem_rep[0].inst_xpm_memory/xpm_memory_base_inst/gen_wr_a.gen_word_narrow.mem_reg_0_31_112_125/DIB0
    SLICE_X50Y85         RAMD32                                       r  system_i/sc_mem/inst/s00_nodes/s00_ar_node/inst/inst_mi_handler/gen_normal_area.inst_fifo_node_payld/gen_xpm_memory_fifo.inst_fifo/gen_mem_rep[0].inst_xpm_memory/xpm_memory_base_inst/gen_wr_a.gen_word_narrow.mem_reg_0_31_112_125/RAMB/I
  -------------------------------------------------------------------    -------------------

                         (clock clk_pl_0 rise edge)
                                                      0.000     0.000 r  
    PS8_X0Y0             PS8                          0.000     0.000 r  system_i/zynq_ps/inst/PS8_i/PLCLK[0]
                         net (fo=1, routed)           0.180     0.180    system_i/zynq_ps/inst/pl_clk_unbuffered[0]
    BUFG_PS_X0Y80        BUFG_PS (Prop_BUFG_PS_I_O)
                                                      0.028     0.208 r  system_i/zynq_ps/inst/buffer_pl_clk_0.PL_CLK_0_BUFG/O
    X1Y2 (CLOCK_ROOT)    net (fo=25292, routed)       1.797     2.005    system_i/sc_mem/inst/s00_nodes/s00_ar_node/inst/inst_mi_handler/gen_normal_area.inst_fifo_node_payld/gen_xpm_memory_fifo.inst_fifo/gen_mem_rep[0].inst_xpm_memory/xpm_memory_base_inst/gen_wr_a.gen_word_narrow.mem_reg_0_31_112_125/WCLK
    SLICE_X50Y85         RAMD32                                       r  system_i/sc_mem/inst/s00_nodes/s00_ar_node/inst/inst_mi_handler/gen_normal_area.inst_fifo_node_payld/gen_xpm_memory_fifo.inst_fifo/gen_mem_rep[0].inst_xpm_memory/xpm_memory_base_inst/gen_wr_a.gen_word_narrow.mem_reg_0_31_112_125/RAMB/CLK
                         clock pessimism             -0.165     1.840    
    SLICE_X50Y85         RAMD32 (Hold_B5LUT_SLICEM_CLK_I)
                                                      0.078     1.918    system_i/sc_mem/inst/s00_nodes/s00_ar_node/inst/inst_mi_handler/gen_normal_area.inst_fifo_node_payld/gen_xpm_memory_fifo.inst_fifo/gen_mem_rep[0].inst_xpm_memory/xpm_memory_base_inst/gen_wr_a.gen_word_narrow.mem_reg_0_31_112_125/RAMB
  -------------------------------------------------------------------
                         required time                         -1.918    
                         arrival time                           1.928    
  -------------------------------------------------------------------
                         slack                                  0.010    

Slack (MET) :             0.011ns  (arrival time - required time)
  Source:                 system_i/sc_mem/inst/s00_entry_pipeline/s00_si_converter/inst/converter.wrap_narrow_inst/w_accum_reg[data][72]/C
                            (rising edge-triggered cell FDRE clocked by clk_pl_0  {rise@0.000ns fall@2.667ns period=5.333ns})
  Destination:            system_i/sc_mem/inst/s00_entry_pipeline/s00_si_converter/inst/converter.wrap_narrow_inst/w_payld_fifo/gen_srls[168].srl_nx1/shift_reg_reg[0]_srl32/D
                            (rising edge-triggered cell SRLC32E clocked by clk_pl_0  {rise@0.000ns fall@2.667ns period=5.333ns})
  Path Group:             clk_pl_0
  Path Type:              Hold (Min at Slow Process Corner)
  Requirement:            0.000ns  (clk_pl_0 rise@0.000ns - clk_pl_0 rise@0.000ns)
  Data Path Delay:        0.287ns  (logic 0.059ns (20.557%)  route 0.228ns (79.443%))
  Logic Levels:           0  
  Clock Path Skew:        0.221ns (DCD - SCD - CPR)
    Destination Clock Delay (DCD):    2.179ns
    Source Clock Delay      (SCD):    1.787ns
    Clock Pessimism Removal (CPR):    0.171ns
  Clock Net Delay (Source):      1.619ns (routing 0.512ns, distribution 1.107ns)
  Clock Net Delay (Destination): 1.971ns (routing 0.569ns, distribution 1.402ns)

    Location             Delay type                Incr(ns)  Path(ns)    Netlist Resource(s)
  -------------------------------------------------------------------    -------------------
                         (clock clk_pl_0 rise edge)
                                                      0.000     0.000 r  
    PS8_X0Y0             PS8                          0.000     0.000 r  system_i/zynq_ps/inst/PS8_i/PLCLK[0]
                         net (fo=1, routed)           0.143     0.143    system_i/zynq_ps/inst/pl_clk_unbuffered[0]
    BUFG_PS_X0Y80        BUFG_PS (Prop_BUFG_PS_I_O)
                                                      0.025     0.168 r  system_i/zynq_ps/inst/buffer_pl_clk_0.PL_CLK_0_BUFG/O
    X1Y2 (CLOCK_ROOT)    net (fo=25292, routed)       1.619     1.787    system_i/sc_mem/inst/s00_entry_pipeline/s00_si_converter/inst/converter.wrap_narrow_inst/aclk
    SLICE_X45Y242        FDRE                                         r  system_i/sc_mem/inst/s00_entry_pipeline/s00_si_converter/inst/converter.wrap_narrow_inst/w_accum_reg[data][72]/C
  -------------------------------------------------------------------    -------------------
    SLICE_X45Y242        FDRE (Prop_DFF_SLICEL_C_Q)
                                                      0.059     1.846 r  system_i/sc_mem/inst/s00_entry_pipeline/s00_si_converter/inst/converter.wrap_narrow_inst/w_accum_reg[data][72]/Q
                         net (fo=1, routed)           0.228     2.074    system_i/sc_mem/inst/s00_entry_pipeline/s00_si_converter/inst/converter.wrap_narrow_inst/w_payld_fifo/gen_srls[168].srl_nx1/s_mesg[0]
    SLICE_X31Y243        SRLC32E                                      r  system_i/sc_mem/inst/s00_entry_pipeline/s00_si_converter/inst/converter.wrap_narrow_inst/w_payld_fifo/gen_srls[168].srl_nx1/shift_reg_reg[0]_srl32/D
  -------------------------------------------------------------------    -------------------

                         (clock clk_pl_0 rise edge)
                                                      0.000     0.000 r  
    PS8_X0Y0             PS8                          0.000     0.000 r  system_i/zynq_ps/inst/PS8_i/PLCLK[0]
                         net (fo=1, routed)           0.180     0.180    system_i/zynq_ps/inst/pl_clk_unbuffered[0]
    BUFG_PS_X0Y80        BUFG_PS (Prop_BUFG_PS_I_O)
                                                      0.028     0.208 r  system_i/zynq_ps/inst/buffer_pl_clk_0.PL_CLK_0_BUFG/O
    X1Y2 (CLOCK_ROOT)    net (fo=25292, routed)       1.971     2.179    system_i/sc_mem/inst/s00_entry_pipeline/s00_si_converter/inst/converter.wrap_narrow_inst/w_payld_fifo/gen_srls[168].srl_nx1/aclk
    SLICE_X31Y243        SRLC32E                                      r  system_i/sc_mem/inst/s00_entry_pipeline/s00_si_converter/inst/converter.wrap_narrow_inst/w_payld_fifo/gen_srls[168].srl_nx1/shift_reg_reg[0]_srl32/CLK
                         clock pessimism             -0.171     2.008    
    SLICE_X31Y243        SRLC32E (Hold_B6LUT_SLICEM_CLK_D)
                                                      0.055     2.063    system_i/sc_mem/inst/s00_entry_pipeline/s00_si_converter/inst/converter.wrap_narrow_inst/w_payld_fifo/gen_srls[168].srl_nx1/shift_reg_reg[0]_srl32
  -------------------------------------------------------------------
                         required time                         -2.063    
                         arrival time                           2.074    
  -------------------------------------------------------------------
                         slack                                  0.011    

Slack (MET) :             0.011ns  (arrival time - required time)
  Source:                 system_i/yolo_accel/inst/u_core/u_ll/a_data_reg[112]/C
                            (rising edge-triggered cell FDRE clocked by clk_pl_0  {rise@0.000ns fall@2.667ns period=5.333ns})
  Destination:            system_i/yolo_accel/inst/u_core/u_ll/lb_wdata_reg[112]/D
                            (rising edge-triggered cell FDRE clocked by clk_pl_0  {rise@0.000ns fall@2.667ns period=5.333ns})
  Path Group:             clk_pl_0
  Path Type:              Hold (Min at Slow Process Corner)
  Requirement:            0.000ns  (clk_pl_0 rise@0.000ns - clk_pl_0 rise@0.000ns)
  Data Path Delay:        0.197ns  (logic 0.116ns (58.791%)  route 0.081ns (41.209%))
  Logic Levels:           1  (LUT4=1)
  Clock Path Skew:        0.126ns (DCD - SCD - CPR)
    Destination Clock Delay (DCD):    1.952ns
    Source Clock Delay      (SCD):    1.725ns
    Clock Pessimism Removal (CPR):    0.101ns
  Clock Net Delay (Source):      1.557ns (routing 0.512ns, distribution 1.045ns)
  Clock Net Delay (Destination): 1.744ns (routing 0.569ns, distribution 1.175ns)

    Location             Delay type                Incr(ns)  Path(ns)    Netlist Resource(s)
  -------------------------------------------------------------------    -------------------
                         (clock clk_pl_0 rise edge)
                                                      0.000     0.000 r  
    PS8_X0Y0             PS8                          0.000     0.000 r  system_i/zynq_ps/inst/PS8_i/PLCLK[0]
                         net (fo=1, routed)           0.143     0.143    system_i/zynq_ps/inst/pl_clk_unbuffered[0]
    BUFG_PS_X0Y80        BUFG_PS (Prop_BUFG_PS_I_O)
                                                      0.025     0.168 r  system_i/zynq_ps/inst/buffer_pl_clk_0.PL_CLK_0_BUFG/O
    X1Y2 (CLOCK_ROOT)    net (fo=25292, routed)       1.557     1.725    system_i/yolo_accel/inst/u_core/u_ll/aclk
    SLICE_X55Y119        FDRE                                         r  system_i/yolo_accel/inst/u_core/u_ll/a_data_reg[112]/C
  -------------------------------------------------------------------    -------------------
    SLICE_X55Y119        FDRE (Prop_DFF_SLICEL_C_Q)
                                                      0.059     1.784 r  system_i/yolo_accel/inst/u_core/u_ll/a_data_reg[112]/Q
                         net (fo=3, routed)           0.059     1.843    system_i/yolo_accel/inst/u_core/u_ll/u_prb/lb_wdata_reg[127][112]
    SLICE_X55Y120        LUT4 (Prop_D6LUT_SLICEL_I3_O)
                                                      0.057     1.900 r  system_i/yolo_accel/inst/u_core/u_ll/u_prb/lb_wdata[112]_i_1/O
                         net (fo=1, routed)           0.022     1.922    system_i/yolo_accel/inst/u_core/u_ll/u_prb_n_31
    SLICE_X55Y120        FDRE                                         r  system_i/yolo_accel/inst/u_core/u_ll/lb_wdata_reg[112]/D
  -------------------------------------------------------------------    -------------------

                         (clock clk_pl_0 rise edge)
                                                      0.000     0.000 r  
    PS8_X0Y0             PS8                          0.000     0.000 r  system_i/zynq_ps/inst/PS8_i/PLCLK[0]
                         net (fo=1, routed)           0.180     0.180    system_i/zynq_ps/inst/pl_clk_unbuffered[0]
    BUFG_PS_X0Y80        BUFG_PS (Prop_BUFG_PS_I_O)
                                                      0.028     0.208 r  system_i/zynq_ps/inst/buffer_pl_clk_0.PL_CLK_0_BUFG/O
    X1Y2 (CLOCK_ROOT)    net (fo=25292, routed)       1.744     1.952    system_i/yolo_accel/inst/u_core/u_ll/aclk
    SLICE_X55Y120        FDRE                                         r  system_i/yolo_accel/inst/u_core/u_ll/lb_wdata_reg[112]/C
                         clock pessimism             -0.101     1.851    
    SLICE_X55Y120        FDRE (Hold_DFF_SLICEL_C_D)
                                                      0.060     1.911    system_i/yolo_accel/inst/u_core/u_ll/lb_wdata_reg[112]
  -------------------------------------------------------------------
                         required time                         -1.911    
                         arrival time                           1.922    
  -------------------------------------------------------------------
                         slack                                  0.011    

Slack (MET) :             0.014ns  (arrival time - required time)
  Source:                 system_i/yolo_accel/inst/u_core/u_eng/prm_reg[1][97]/C
                            (rising edge-triggered cell FDRE clocked by clk_pl_0  {rise@0.000ns fall@2.667ns period=5.333ns})
  Destination:            system_i/yolo_accel/inst/u_core/u_eng/u_ep/g_lane[1].sh1_reg[1]/D
                            (rising edge-triggered cell FDRE clocked by clk_pl_0  {rise@0.000ns fall@2.667ns period=5.333ns})
  Path Group:             clk_pl_0
  Path Type:              Hold (Min at Slow Process Corner)
  Requirement:            0.000ns  (clk_pl_0 rise@0.000ns - clk_pl_0 rise@0.000ns)
  Data Path Delay:        0.144ns  (logic 0.058ns (40.278%)  route 0.086ns (59.722%))
  Logic Levels:           0  
  Clock Path Skew:        0.070ns (DCD - SCD - CPR)
    Destination Clock Delay (DCD):    2.074ns
    Source Clock Delay      (SCD):    1.787ns
    Clock Pessimism Removal (CPR):    0.218ns
  Clock Net Delay (Source):      1.619ns (routing 0.512ns, distribution 1.107ns)
  Clock Net Delay (Destination): 1.866ns (routing 0.569ns, distribution 1.297ns)

    Location             Delay type                Incr(ns)  Path(ns)    Netlist Resource(s)
  -------------------------------------------------------------------    -------------------
                         (clock clk_pl_0 rise edge)
                                                      0.000     0.000 r  
    PS8_X0Y0             PS8                          0.000     0.000 r  system_i/zynq_ps/inst/PS8_i/PLCLK[0]
                         net (fo=1, routed)           0.143     0.143    system_i/zynq_ps/inst/pl_clk_unbuffered[0]
    BUFG_PS_X0Y80        BUFG_PS (Prop_BUFG_PS_I_O)
                                                      0.025     0.168 r  system_i/zynq_ps/inst/buffer_pl_clk_0.PL_CLK_0_BUFG/O
    X1Y2 (CLOCK_ROOT)    net (fo=25292, routed)       1.619     1.787    system_i/yolo_accel/inst/u_core/u_eng/aclk
    SLICE_X47Y241        FDRE                                         r  system_i/yolo_accel/inst/u_core/u_eng/prm_reg[1][97]/C
  -------------------------------------------------------------------    -------------------
    SLICE_X47Y241        FDRE (Prop_DFF_SLICEM_C_Q)
                                                      0.058     1.845 r  system_i/yolo_accel/inst/u_core/u_eng/prm_reg[1][97]/Q
                         net (fo=1, routed)           0.086     1.931    system_i/yolo_accel/inst/u_core/u_eng/u_ep/g_lane[1].sh1_reg[5]_0[67]
    SLICE_X47Y240        FDRE                                         r  system_i/yolo_accel/inst/u_core/u_eng/u_ep/g_lane[1].sh1_reg[1]/D
  -------------------------------------------------------------------    -------------------

                         (clock clk_pl_0 rise edge)
                                                      0.000     0.000 r  
    PS8_X0Y0             PS8                          0.000     0.000 r  system_i/zynq_ps/inst/PS8_i/PLCLK[0]
                         net (fo=1, routed)           0.180     0.180    system_i/zynq_ps/inst/pl_clk_unbuffered[0]
    BUFG_PS_X0Y80        BUFG_PS (Prop_BUFG_PS_I_O)
                                                      0.028     0.208 r  system_i/zynq_ps/inst/buffer_pl_clk_0.PL_CLK_0_BUFG/O
    X1Y2 (CLOCK_ROOT)    net (fo=25292, routed)       1.866     2.074    system_i/yolo_accel/inst/u_core/u_eng/u_ep/aclk
    SLICE_X47Y240        FDRE                                         r  system_i/yolo_accel/inst/u_core/u_eng/u_ep/g_lane[1].sh1_reg[1]/C
                         clock pessimism             -0.218     1.857    
    SLICE_X47Y240        FDRE (Hold_HFF_SLICEM_C_D)
                                                      0.060     1.917    system_i/yolo_accel/inst/u_core/u_eng/u_ep/g_lane[1].sh1_reg[1]
  -------------------------------------------------------------------
                         required time                         -1.917    
                         arrival time                           1.931    
  -------------------------------------------------------------------
                         slack                                  0.014    

Slack (MET) :             0.016ns  (arrival time - required time)
  Source:                 system_i/sc_mem/inst/s00_entry_pipeline/s00_si_converter/inst/converter.wrap_narrow_inst/w_payld_fifo/mesg_reg_reg[154]/C
                            (rising edge-triggered cell FDRE clocked by clk_pl_0  {rise@0.000ns fall@2.667ns period=5.333ns})
  Destination:            system_i/sc_mem/inst/s00_nodes/s00_w_node/inst/inst_mi_handler/gen_normal_area.inst_fifo_node_payld/gen_xpm_memory_fifo.inst_fifo/gen_mem_rep[0].inst_xpm_memory/xpm_memory_base_inst/gen_wr_a.gen_word_narrow.mem_reg_0_31_70_83/RAMG/I
                            (rising edge-triggered cell RAMD32 clocked by clk_pl_0  {rise@0.000ns fall@2.667ns period=5.333ns})
  Path Group:             clk_pl_0
  Path Type:              Hold (Min at Slow Process Corner)
  Requirement:            0.000ns  (clk_pl_0 rise@0.000ns - clk_pl_0 rise@0.000ns)
  Data Path Delay:        0.443ns  (logic 0.060ns (13.544%)  route 0.383ns (86.456%))
  Logic Levels:           0  
  Clock Path Skew:        0.349ns (DCD - SCD - CPR)
    Destination Clock Delay (DCD):    2.202ns
    Source Clock Delay      (SCD):    1.748ns
    Clock Pessimism Removal (CPR):    0.105ns
  Clock Net Delay (Source):      1.580ns (routing 0.512ns, distribution 1.068ns)
  Clock Net Delay (Destination): 1.994ns (routing 0.569ns, distribution 1.425ns)

    Location             Delay type                Incr(ns)  Path(ns)    Netlist Resource(s)
  -------------------------------------------------------------------    -------------------
                         (clock clk_pl_0 rise edge)
                                                      0.000     0.000 r  
    PS8_X0Y0             PS8                          0.000     0.000 r  system_i/zynq_ps/inst/PS8_i/PLCLK[0]
                         net (fo=1, routed)           0.143     0.143    system_i/zynq_ps/inst/pl_clk_unbuffered[0]
    BUFG_PS_X0Y80        BUFG_PS (Prop_BUFG_PS_I_O)
                                                      0.025     0.168 r  system_i/zynq_ps/inst/buffer_pl_clk_0.PL_CLK_0_BUFG/O
    X1Y2 (CLOCK_ROOT)    net (fo=25292, routed)       1.580     1.748    system_i/sc_mem/inst/s00_entry_pipeline/s00_si_converter/inst/converter.wrap_narrow_inst/w_payld_fifo/aclk
    SLICE_X49Y228        FDRE                                         r  system_i/sc_mem/inst/s00_entry_pipeline/s00_si_converter/inst/converter.wrap_narrow_inst/w_payld_fifo/mesg_reg_reg[154]/C
  -------------------------------------------------------------------    -------------------
    SLICE_X49Y228        FDRE (Prop_AFF2_SLICEM_C_Q)
                                                      0.060     1.808 r  system_i/sc_mem/inst/s00_entry_pipeline/s00_si_converter/inst/converter.wrap_narrow_inst/w_payld_fifo/mesg_reg_reg[154]/Q
                         net (fo=1, routed)           0.383     2.191    system_i/sc_mem/inst/s00_nodes/s00_w_node/inst/inst_mi_handler/gen_normal_area.inst_fifo_node_payld/gen_xpm_memory_fifo.inst_fifo/gen_mem_rep[0].inst_xpm_memory/xpm_memory_base_inst/gen_wr_a.gen_word_narrow.mem_reg_0_31_70_83/DIG0
    SLICE_X23Y240        RAMD32                                       r  system_i/sc_mem/inst/s00_nodes/s00_w_node/inst/inst_mi_handler/gen_normal_area.inst_fifo_node_payld/gen_xpm_memory_fifo.inst_fifo/gen_mem_rep[0].inst_xpm_memory/xpm_memory_base_inst/gen_wr_a.gen_word_narrow.mem_reg_0_31_70_83/RAMG/I
  -------------------------------------------------------------------    -------------------

                         (clock clk_pl_0 rise edge)
                                                      0.000     0.000 r  
    PS8_X0Y0             PS8                          0.000     0.000 r  system_i/zynq_ps/inst/PS8_i/PLCLK[0]
                         net (fo=1, routed)           0.180     0.180    system_i/zynq_ps/inst/pl_clk_unbuffered[0]
    BUFG_PS_X0Y80        BUFG_PS (Prop_BUFG_PS_I_O)
                                                      0.028     0.208 r  system_i/zynq_ps/inst/buffer_pl_clk_0.PL_CLK_0_BUFG/O
    X1Y2 (CLOCK_ROOT)    net (fo=25292, routed)       1.994     2.202    system_i/sc_mem/inst/s00_nodes/s00_w_node/inst/inst_mi_handler/gen_normal_area.inst_fifo_node_payld/gen_xpm_memory_fifo.inst_fifo/gen_mem_rep[0].inst_xpm_memory/xpm_memory_base_inst/gen_wr_a.gen_word_narrow.mem_reg_0_31_70_83/WCLK
    SLICE_X23Y240        RAMD32                                       r  system_i/sc_mem/inst/s00_nodes/s00_w_node/inst/inst_mi_handler/gen_normal_area.inst_fifo_node_payld/gen_xpm_memory_fifo.inst_fifo/gen_mem_rep[0].inst_xpm_memory/xpm_memory_base_inst/gen_wr_a.gen_word_narrow.mem_reg_0_31_70_83/RAMG/CLK
                         clock pessimism             -0.105     2.097    
    SLICE_X23Y240        RAMD32 (Hold_G5LUT_SLICEM_CLK_I)
                                                      0.078     2.175    system_i/sc_mem/inst/s00_nodes/s00_w_node/inst/inst_mi_handler/gen_normal_area.inst_fifo_node_payld/gen_xpm_memory_fifo.inst_fifo/gen_mem_rep[0].inst_xpm_memory/xpm_memory_base_inst/gen_wr_a.gen_word_narrow.mem_reg_0_31_70_83/RAMG
  -------------------------------------------------------------------
                         required time                         -2.175    
                         arrival time                           2.191    
  -------------------------------------------------------------------
                         slack                                  0.016    

Slack (MET) :             0.017ns  (arrival time - required time)
  Source:                 system_i/sc_mem/inst/s00_entry_pipeline/s00_si_converter/inst/converter.wrap_narrow_inst/ar_reg_slice/m_vector_i_reg[141]/C
                            (rising edge-triggered cell FDRE clocked by clk_pl_0  {rise@0.000ns fall@2.667ns period=5.333ns})
  Destination:            system_i/sc_mem/inst/s00_nodes/s00_ar_node/inst/inst_mi_handler/gen_normal_area.inst_fifo_node_payld/gen_xpm_memory_fifo.inst_fifo/gen_mem_rep[0].inst_xpm_memory/xpm_memory_base_inst/gen_wr_a.gen_word_narrow.mem_reg_0_31_70_83/RAME/I
                            (rising edge-triggered cell RAMD32 clocked by clk_pl_0  {rise@0.000ns fall@2.667ns period=5.333ns})
  Path Group:             clk_pl_0
  Path Type:              Hold (Min at Slow Process Corner)
  Requirement:            0.000ns  (clk_pl_0 rise@0.000ns - clk_pl_0 rise@0.000ns)
  Data Path Delay:        0.209ns  (logic 0.060ns (28.708%)  route 0.149ns (71.292%))
  Logic Levels:           0  
  Clock Path Skew:        0.115ns (DCD - SCD - CPR)
    Destination Clock Delay (DCD):    2.010ns
    Source Clock Delay      (SCD):    1.730ns
    Clock Pessimism Removal (CPR):    0.164ns
  Clock Net Delay (Source):      1.562ns (routing 0.512ns, distribution 1.050ns)
  Clock Net Delay (Destination): 1.802ns (routing 0.569ns, distribution 1.233ns)

    Location             Delay type                Incr(ns)  Path(ns)    Netlist Resource(s)
  -------------------------------------------------------------------    -------------------
                         (clock clk_pl_0 rise edge)
                                                      0.000     0.000 r  
    PS8_X0Y0             PS8                          0.000     0.000 r  system_i/zynq_ps/inst/PS8_i/PLCLK[0]
                         net (fo=1, routed)           0.143     0.143    system_i/zynq_ps/inst/pl_clk_unbuffered[0]
    BUFG_PS_X0Y80        BUFG_PS (Prop_BUFG_PS_I_O)
                                                      0.025     0.168 r  system_i/zynq_ps/inst/buffer_pl_clk_0.PL_CLK_0_BUFG/O
    X1Y2 (CLOCK_ROOT)    net (fo=25292, routed)       1.562     1.730    system_i/sc_mem/inst/s00_entry_pipeline/s00_si_converter/inst/converter.wrap_narrow_inst/ar_reg_slice/aclk
    SLICE_X54Y82         FDRE                                         r  system_i/sc_mem/inst/s00_entry_pipeline/s00_si_converter/inst/converter.wrap_narrow_inst/ar_reg_slice/m_vector_i_reg[141]/C
  -------------------------------------------------------------------    -------------------
    SLICE_X54Y82         FDRE (Prop_BFF2_SLICEM_C_Q)
                                                      0.060     1.790 r  system_i/sc_mem/inst/s00_entry_pipeline/s00_si_converter/inst/converter.wrap_narrow_inst/ar_reg_slice/m_vector_i_reg[141]/Q
                         net (fo=1, routed)           0.149     1.939    system_i/sc_mem/inst/s00_nodes/s00_ar_node/inst/inst_mi_handler/gen_normal_area.inst_fifo_node_payld/gen_xpm_memory_fifo.inst_fifo/gen_mem_rep[0].inst_xpm_memory/xpm_memory_base_inst/gen_wr_a.gen_word_narrow.mem_reg_0_31_70_83/DIE0
    SLICE_X53Y81         RAMD32                                       r  system_i/sc_mem/inst/s00_nodes/s00_ar_node/inst/inst_mi_handler/gen_normal_area.inst_fifo_node_payld/gen_xpm_memory_fifo.inst_fifo/gen_mem_rep[0].inst_xpm_memory/xpm_memory_base_inst/gen_wr_a.gen_word_narrow.mem_reg_0_31_70_83/RAME/I
  -------------------------------------------------------------------    -------------------

                         (clock clk_pl_0 rise edge)
                                                      0.000     0.000 r  
    PS8_X0Y0             PS8                          0.000     0.000 r  system_i/zynq_ps/inst/PS8_i/PLCLK[0]
                         net (fo=1, routed)           0.180     0.180    system_i/zynq_ps/inst/pl_clk_unbuffered[0]
    BUFG_PS_X0Y80        BUFG_PS (Prop_BUFG_PS_I_O)
                                                      0.028     0.208 r  system_i/zynq_ps/inst/buffer_pl_clk_0.PL_CLK_0_BUFG/O
    X1Y2 (CLOCK_ROOT)    net (fo=25292, routed)       1.802     2.010    system_i/sc_mem/inst/s00_nodes/s00_ar_node/inst/inst_mi_handler/gen_normal_area.inst_fifo_node_payld/gen_xpm_memory_fifo.inst_fifo/gen_mem_rep[0].inst_xpm_memory/xpm_memory_base_inst/gen_wr_a.gen_word_narrow.mem_reg_0_31_70_83/WCLK
    SLICE_X53Y81         RAMD32                                       r  system_i/sc_mem/inst/s00_nodes/s00_ar_node/inst/inst_mi_handler/gen_normal_area.inst_fifo_node_payld/gen_xpm_memory_fifo.inst_fifo/gen_mem_rep[0].inst_xpm_memory/xpm_memory_base_inst/gen_wr_a.gen_word_narrow.mem_reg_0_31_70_83/RAME/CLK
                         clock pessimism             -0.164     1.845    
    SLICE_X53Y81         RAMD32 (Hold_E5LUT_SLICEM_CLK_I)
                                                      0.077     1.922    system_i/sc_mem/inst/s00_nodes/s00_ar_node/inst/inst_mi_handler/gen_normal_area.inst_fifo_node_payld/gen_xpm_memory_fifo.inst_fifo/gen_mem_rep[0].inst_xpm_memory/xpm_memory_base_inst/gen_wr_a.gen_word_narrow.mem_reg_0_31_70_83/RAME
  -------------------------------------------------------------------
                         required time                         -1.922    
                         arrival time                           1.939    
  -------------------------------------------------------------------
                         slack                                  0.017    

Slack (MET) :             0.019ns  (arrival time - required time)
  Source:                 system_i/yolo_accel/inst/u_core/draw_reg[1]/C
                            (rising edge-triggered cell FDRE clocked by clk_pl_0  {rise@0.000ns fall@2.667ns period=5.333ns})
  Destination:            system_i/yolo_accel/inst/u_core/dsc_reg[in_addr][1]/D
                            (rising edge-triggered cell FDRE clocked by clk_pl_0  {rise@0.000ns fall@2.667ns period=5.333ns})
  Path Group:             clk_pl_0
  Path Type:              Hold (Min at Fast Process Corner)
  Requirement:            0.000ns  (clk_pl_0 rise@0.000ns - clk_pl_0 rise@0.000ns)
  Data Path Delay:        0.072ns  (logic 0.039ns (54.167%)  route 0.033ns (45.833%))
  Logic Levels:           0  
  Clock Path Skew:        0.006ns (DCD - SCD - CPR)
    Destination Clock Delay (DCD):    1.287ns
    Source Clock Delay      (SCD):    1.121ns
    Clock Pessimism Removal (CPR):    0.160ns
  Clock Net Delay (Source):      0.982ns (routing 0.311ns, distribution 0.671ns)
  Clock Net Delay (Destination): 1.115ns (routing 0.352ns, distribution 0.763ns)

    Location             Delay type                Incr(ns)  Path(ns)    Netlist Resource(s)
  -------------------------------------------------------------------    -------------------
                         (clock clk_pl_0 rise edge)
                                                      0.000     0.000 r  
    PS8_X0Y0             PS8                          0.000     0.000 r  system_i/zynq_ps/inst/PS8_i/PLCLK[0]
                         net (fo=1, routed)           0.122     0.122    system_i/zynq_ps/inst/pl_clk_unbuffered[0]
    BUFG_PS_X0Y80        BUFG_PS (Prop_BUFG_PS_I_O)
                                                      0.017     0.139 r  system_i/zynq_ps/inst/buffer_pl_clk_0.PL_CLK_0_BUFG/O
    X1Y2 (CLOCK_ROOT)    net (fo=25292, routed)       0.982     1.121    system_i/yolo_accel/inst/u_core/aclk
    SLICE_X58Y117        FDRE                                         r  system_i/yolo_accel/inst/u_core/draw_reg[1]/C
  -------------------------------------------------------------------    -------------------
    SLICE_X58Y117        FDRE (Prop_HFF_SLICEL_C_Q)
                                                      0.039     1.160 r  system_i/yolo_accel/inst/u_core/draw_reg[1]/Q
                         net (fo=1, routed)           0.033     1.193    system_i/yolo_accel/inst/u_core/draw_reg_n_0_[1]
    SLICE_X58Y117        FDRE                                         r  system_i/yolo_accel/inst/u_core/dsc_reg[in_addr][1]/D
  -------------------------------------------------------------------    -------------------

                         (clock clk_pl_0 rise edge)
                                                      0.000     0.000 r  
    PS8_X0Y0             PS8                          0.000     0.000 r  system_i/zynq_ps/inst/PS8_i/PLCLK[0]
                         net (fo=1, routed)           0.154     0.154    system_i/zynq_ps/inst/pl_clk_unbuffered[0]
    BUFG_PS_X0Y80        BUFG_PS (Prop_BUFG_PS_I_O)
                                                      0.018     0.172 r  system_i/zynq_ps/inst/buffer_pl_clk_0.PL_CLK_0_BUFG/O
    X1Y2 (CLOCK_ROOT)    net (fo=25292, routed)       1.115     1.287    system_i/yolo_accel/inst/u_core/aclk
    SLICE_X58Y117        FDRE                                         r  system_i/yolo_accel/inst/u_core/dsc_reg[in_addr][1]/C
                         clock pessimism             -0.160     1.127    
    SLICE_X58Y117        FDRE (Hold_HFF2_SLICEL_C_D)
                                                      0.047     1.174    system_i/yolo_accel/inst/u_core/dsc_reg[in_addr][1]
  -------------------------------------------------------------------
                         required time                         -1.174    
                         arrival time                           1.193    
  -------------------------------------------------------------------
                         slack                                  0.019    

Slack (MET) :             0.019ns  (arrival time - required time)
  Source:                 system_i/yolo_accel/inst/u_core/draw_reg[74]/C
                            (rising edge-triggered cell FDRE clocked by clk_pl_0  {rise@0.000ns fall@2.667ns period=5.333ns})
  Destination:            system_i/yolo_accel/inst/u_core/dsc_reg[out2_addr][10]/D
                            (rising edge-triggered cell FDRE clocked by clk_pl_0  {rise@0.000ns fall@2.667ns period=5.333ns})
  Path Group:             clk_pl_0
  Path Type:              Hold (Min at Fast Process Corner)
  Requirement:            0.000ns  (clk_pl_0 rise@0.000ns - clk_pl_0 rise@0.000ns)
  Data Path Delay:        0.072ns  (logic 0.039ns (54.167%)  route 0.033ns (45.833%))
  Logic Levels:           0  
  Clock Path Skew:        0.006ns (DCD - SCD - CPR)
    Destination Clock Delay (DCD):    1.253ns
    Source Clock Delay      (SCD):    1.094ns
    Clock Pessimism Removal (CPR):    0.154ns
  Clock Net Delay (Source):      0.955ns (routing 0.311ns, distribution 0.644ns)
  Clock Net Delay (Destination): 1.081ns (routing 0.352ns, distribution 0.729ns)

    Location             Delay type                Incr(ns)  Path(ns)    Netlist Resource(s)
  -------------------------------------------------------------------    -------------------
                         (clock clk_pl_0 rise edge)
                                                      0.000     0.000 r  
    PS8_X0Y0             PS8                          0.000     0.000 r  system_i/zynq_ps/inst/PS8_i/PLCLK[0]
                         net (fo=1, routed)           0.122     0.122    system_i/zynq_ps/inst/pl_clk_unbuffered[0]
    BUFG_PS_X0Y80        BUFG_PS (Prop_BUFG_PS_I_O)
                                                      0.017     0.139 r  system_i/zynq_ps/inst/buffer_pl_clk_0.PL_CLK_0_BUFG/O
    X1Y2 (CLOCK_ROOT)    net (fo=25292, routed)       0.955     1.094    system_i/yolo_accel/inst/u_core/aclk
    SLICE_X55Y145        FDRE                                         r  system_i/yolo_accel/inst/u_core/draw_reg[74]/C
  -------------------------------------------------------------------    -------------------
    SLICE_X55Y145        FDRE (Prop_HFF_SLICEL_C_Q)
                                                      0.039     1.133 r  system_i/yolo_accel/inst/u_core/draw_reg[74]/Q
                         net (fo=1, routed)           0.033     1.166    system_i/yolo_accel/inst/u_core/unpack_desc[out2_addr]_return[10]
    SLICE_X55Y145        FDRE                                         r  system_i/yolo_accel/inst/u_core/dsc_reg[out2_addr][10]/D
  -------------------------------------------------------------------    -------------------

                         (clock clk_pl_0 rise edge)
                                                      0.000     0.000 r  
    PS8_X0Y0             PS8                          0.000     0.000 r  system_i/zynq_ps/inst/PS8_i/PLCLK[0]
                         net (fo=1, routed)           0.154     0.154    system_i/zynq_ps/inst/pl_clk_unbuffered[0]
    BUFG_PS_X0Y80        BUFG_PS (Prop_BUFG_PS_I_O)
                                                      0.018     0.172 r  system_i/zynq_ps/inst/buffer_pl_clk_0.PL_CLK_0_BUFG/O
    X1Y2 (CLOCK_ROOT)    net (fo=25292, routed)       1.081     1.253    system_i/yolo_accel/inst/u_core/aclk
    SLICE_X55Y145        FDRE                                         r  system_i/yolo_accel/inst/u_core/dsc_reg[out2_addr][10]/C
                         clock pessimism             -0.154     1.100    
    SLICE_X55Y145        FDRE (Hold_HFF2_SLICEL_C_D)
                                                      0.047     1.147    system_i/yolo_accel/inst/u_core/dsc_reg[out2_addr][10]
  -------------------------------------------------------------------
                         required time                         -1.147    
                         arrival time                           1.166    
  -------------------------------------------------------------------
                         slack                                  0.019    

Slack (MET) :             0.019ns  (arrival time - required time)
  Source:                 system_i/yolo_accel/inst/u_core/draw_reg[117]/C
                            (rising edge-triggered cell FDRE clocked by clk_pl_0  {rise@0.000ns fall@2.667ns period=5.333ns})
  Destination:            system_i/yolo_accel/inst/u_core/dsc_reg[w_addr][21]/D
                            (rising edge-triggered cell FDRE clocked by clk_pl_0  {rise@0.000ns fall@2.667ns period=5.333ns})
  Path Group:             clk_pl_0
  Path Type:              Hold (Min at Fast Process Corner)
  Requirement:            0.000ns  (clk_pl_0 rise@0.000ns - clk_pl_0 rise@0.000ns)
  Data Path Delay:        0.072ns  (logic 0.039ns (54.167%)  route 0.033ns (45.833%))
  Logic Levels:           0  
  Clock Path Skew:        0.006ns (DCD - SCD - CPR)
    Destination Clock Delay (DCD):    1.289ns
    Source Clock Delay      (SCD):    1.123ns
    Clock Pessimism Removal (CPR):    0.160ns
  Clock Net Delay (Source):      0.984ns (routing 0.311ns, distribution 0.673ns)
  Clock Net Delay (Destination): 1.117ns (routing 0.352ns, distribution 0.765ns)

    Location             Delay type                Incr(ns)  Path(ns)    Netlist Resource(s)
  -------------------------------------------------------------------    -------------------
                         (clock clk_pl_0 rise edge)
                                                      0.000     0.000 r  
    PS8_X0Y0             PS8                          0.000     0.000 r  system_i/zynq_ps/inst/PS8_i/PLCLK[0]
                         net (fo=1, routed)           0.122     0.122    system_i/zynq_ps/inst/pl_clk_unbuffered[0]
    BUFG_PS_X0Y80        BUFG_PS (Prop_BUFG_PS_I_O)
                                                      0.017     0.139 r  system_i/zynq_ps/inst/buffer_pl_clk_0.PL_CLK_0_BUFG/O
    X1Y2 (CLOCK_ROOT)    net (fo=25292, routed)       0.984     1.123    system_i/yolo_accel/inst/u_core/aclk
    SLICE_X59Y119        FDRE                                         r  system_i/yolo_accel/inst/u_core/draw_reg[117]/C
  -------------------------------------------------------------------    -------------------
    SLICE_X59Y119        FDRE (Prop_HFF_SLICEL_C_Q)
                                                      0.039     1.162 r  system_i/yolo_accel/inst/u_core/draw_reg[117]/Q
                         net (fo=1, routed)           0.033     1.195    system_i/yolo_accel/inst/u_core/unpack_desc[w_addr]_return[21]
    SLICE_X59Y119        FDRE                                         r  system_i/yolo_accel/inst/u_core/dsc_reg[w_addr][21]/D
  -------------------------------------------------------------------    -------------------

                         (clock clk_pl_0 rise edge)
                                                      0.000     0.000 r  
    PS8_X0Y0             PS8                          0.000     0.000 r  system_i/zynq_ps/inst/PS8_i/PLCLK[0]
                         net (fo=1, routed)           0.154     0.154    system_i/zynq_ps/inst/pl_clk_unbuffered[0]
    BUFG_PS_X0Y80        BUFG_PS (Prop_BUFG_PS_I_O)
                                                      0.018     0.172 r  system_i/zynq_ps/inst/buffer_pl_clk_0.PL_CLK_0_BUFG/O
    X1Y2 (CLOCK_ROOT)    net (fo=25292, routed)       1.117     1.289    system_i/yolo_accel/inst/u_core/aclk
    SLICE_X59Y119        FDRE                                         r  system_i/yolo_accel/inst/u_core/dsc_reg[w_addr][21]/C
                         clock pessimism             -0.160     1.129    
    SLICE_X59Y119        FDRE (Hold_HFF2_SLICEL_C_D)
                                                      0.047     1.176    system_i/yolo_accel/inst/u_core/dsc_reg[w_addr][21]
  -------------------------------------------------------------------
                         required time                         -1.176    
                         arrival time                           1.195    
  -------------------------------------------------------------------
                         slack                                  0.019    

Slack (MET) :             0.019ns  (arrival time - required time)
  Source:                 system_i/yolo_accel/inst/u_core/u_eng/prm_reg[10][97]/C
                            (rising edge-triggered cell FDRE clocked by clk_pl_0  {rise@0.000ns fall@2.667ns period=5.333ns})
  Destination:            system_i/yolo_accel/inst/u_core/u_eng/u_ep/g_lane[10].sh1_reg[1]/D
                            (rising edge-triggered cell FDRE clocked by clk_pl_0  {rise@0.000ns fall@2.667ns period=5.333ns})
  Path Group:             clk_pl_0
  Path Type:              Hold (Min at Fast Process Corner)
  Requirement:            0.000ns  (clk_pl_0 rise@0.000ns - clk_pl_0 rise@0.000ns)
  Data Path Delay:        0.072ns  (logic 0.039ns (54.167%)  route 0.033ns (45.833%))
  Logic Levels:           0  
  Clock Path Skew:        0.006ns (DCD - SCD - CPR)
    Destination Clock Delay (DCD):    1.338ns
    Source Clock Delay      (SCD):    1.171ns
    Clock Pessimism Removal (CPR):    0.161ns
  Clock Net Delay (Source):      1.032ns (routing 0.311ns, distribution 0.721ns)
  Clock Net Delay (Destination): 1.166ns (routing 0.352ns, distribution 0.814ns)

    Location             Delay type                Incr(ns)  Path(ns)    Netlist Resource(s)
  -------------------------------------------------------------------    -------------------
                         (clock clk_pl_0 rise edge)
                                                      0.000     0.000 r  
    PS8_X0Y0             PS8                          0.000     0.000 r  system_i/zynq_ps/inst/PS8_i/PLCLK[0]
                         net (fo=1, routed)           0.122     0.122    system_i/zynq_ps/inst/pl_clk_unbuffered[0]
    BUFG_PS_X0Y80        BUFG_PS (Prop_BUFG_PS_I_O)
                                                      0.017     0.139 r  system_i/zynq_ps/inst/buffer_pl_clk_0.PL_CLK_0_BUFG/O
    X1Y2 (CLOCK_ROOT)    net (fo=25292, routed)       1.032     1.171    system_i/yolo_accel/inst/u_core/u_eng/aclk
    SLICE_X72Y157        FDRE                                         r  system_i/yolo_accel/inst/u_core/u_eng/prm_reg[10][97]/C
  -------------------------------------------------------------------    -------------------
    SLICE_X72Y157        FDRE (Prop_HFF_SLICEL_C_Q)
                                                      0.039     1.210 r  system_i/yolo_accel/inst/u_core/u_eng/prm_reg[10][97]/Q
                         net (fo=1, routed)           0.033     1.243    system_i/yolo_accel/inst/u_core/u_eng/u_ep/g_lane[10].sh1_reg[5]_0[67]
    SLICE_X72Y157        FDRE                                         r  system_i/yolo_accel/inst/u_core/u_eng/u_ep/g_lane[10].sh1_reg[1]/D
  -------------------------------------------------------------------    -------------------

                         (clock clk_pl_0 rise edge)
                                                      0.000     0.000 r  
    PS8_X0Y0             PS8                          0.000     0.000 r  system_i/zynq_ps/inst/PS8_i/PLCLK[0]
                         net (fo=1, routed)           0.154     0.154    system_i/zynq_ps/inst/pl_clk_unbuffered[0]
    BUFG_PS_X0Y80        BUFG_PS (Prop_BUFG_PS_I_O)
                                                      0.018     0.172 r  system_i/zynq_ps/inst/buffer_pl_clk_0.PL_CLK_0_BUFG/O
    X1Y2 (CLOCK_ROOT)    net (fo=25292, routed)       1.166     1.338    system_i/yolo_accel/inst/u_core/u_eng/u_ep/aclk
    SLICE_X72Y157        FDRE                                         r  system_i/yolo_accel/inst/u_core/u_eng/u_ep/g_lane[10].sh1_reg[1]/C
                         clock pessimism             -0.161     1.177    
    SLICE_X72Y157        FDRE (Hold_HFF2_SLICEL_C_D)
                                                      0.047     1.224    system_i/yolo_accel/inst/u_core/u_eng/u_ep/g_lane[10].sh1_reg[1]
  -------------------------------------------------------------------
                         required time                         -1.224    
                         arrival time                           1.243    
  -------------------------------------------------------------------
                         slack                                  0.019    





Pulse Width Checks
--------------------------------------------------------------------------------------
Clock Name:         clk_pl_0
Waveform(ns):       { 0.000 2.667 }
Period(ns):         5.333
Sources:            { system_i/zynq_ps/inst/PS8_i/PLCLK[0] }

Check Type        Corner  Lib Pin             Reference Pin  Required(ns)  Actual(ns)  Slack(ns)  Location      Pin
Min Period        n/a     PS8/MAXIGP0ACLK     n/a            3.000         5.333       2.333      PS8_X0Y0      system_i/zynq_ps/inst/PS8_i/MAXIGP0ACLK
Min Period        n/a     PS8/SAXIGP2RCLK     n/a            3.000         5.333       2.333      PS8_X0Y0      system_i/zynq_ps/inst/PS8_i/SAXIGP2RCLK
Min Period        n/a     PS8/SAXIGP2WCLK     n/a            3.000         5.333       2.333      PS8_X0Y0      system_i/zynq_ps/inst/PS8_i/SAXIGP2WCLK
Min Period        n/a     RAMB36E2/CLKARDCLK  n/a            1.569         5.333       3.764      RAMB36_X2Y48  system_i/yolo_accel/inst/u_core/u_eng/g_wb[0].u_wb/mem_reg_0/CLKARDCLK
Min Period        n/a     RAMB36E2/CLKBWRCLK  n/a            1.569         5.333       3.764      RAMB36_X2Y48  system_i/yolo_accel/inst/u_core/u_eng/g_wb[0].u_wb/mem_reg_0/CLKBWRCLK
Min Period        n/a     RAMB36E2/CLKARDCLK  n/a            1.569         5.333       3.764      RAMB36_X3Y50  system_i/yolo_accel/inst/u_core/u_eng/g_wb[0].u_wb/mem_reg_1/CLKARDCLK
Min Period        n/a     RAMB36E2/CLKBWRCLK  n/a            1.569         5.333       3.764      RAMB36_X3Y50  system_i/yolo_accel/inst/u_core/u_eng/g_wb[0].u_wb/mem_reg_1/CLKBWRCLK
Min Period        n/a     RAMB36E2/CLKARDCLK  n/a            1.569         5.333       3.764      RAMB36_X3Y39  system_i/yolo_accel/inst/u_core/u_eng/g_wb[10].u_wb/mem_reg_0/CLKARDCLK
Min Period        n/a     RAMB36E2/CLKBWRCLK  n/a            1.569         5.333       3.764      RAMB36_X3Y39  system_i/yolo_accel/inst/u_core/u_eng/g_wb[10].u_wb/mem_reg_0/CLKBWRCLK
Min Period        n/a     RAMB36E2/CLKARDCLK  n/a            1.569         5.333       3.764      RAMB36_X3Y51  system_i/yolo_accel/inst/u_core/u_eng/g_wb[10].u_wb/mem_reg_1/CLKARDCLK
Low Pulse Width   Slow    PS8/MAXIGP0ACLK     n/a            1.500         2.666       1.166      PS8_X0Y0      system_i/zynq_ps/inst/PS8_i/MAXIGP0ACLK
Low Pulse Width   Fast    PS8/MAXIGP0ACLK     n/a            1.500         2.667       1.167      PS8_X0Y0      system_i/zynq_ps/inst/PS8_i/MAXIGP0ACLK
Low Pulse Width   Slow    PS8/SAXIGP2RCLK     n/a            1.500         2.667       1.167      PS8_X0Y0      system_i/zynq_ps/inst/PS8_i/SAXIGP2RCLK
Low Pulse Width   Fast    PS8/SAXIGP2RCLK     n/a            1.500         2.666       1.166      PS8_X0Y0      system_i/zynq_ps/inst/PS8_i/SAXIGP2RCLK
Low Pulse Width   Slow    PS8/SAXIGP2WCLK     n/a            1.500         2.667       1.167      PS8_X0Y0      system_i/zynq_ps/inst/PS8_i/SAXIGP2WCLK
Low Pulse Width   Fast    PS8/SAXIGP2WCLK     n/a            1.500         2.666       1.166      PS8_X0Y0      system_i/zynq_ps/inst/PS8_i/SAXIGP2WCLK
Low Pulse Width   Slow    RAMB36E2/CLKARDCLK  n/a            0.542         2.667       2.125      RAMB36_X2Y48  system_i/yolo_accel/inst/u_core/u_eng/g_wb[0].u_wb/mem_reg_0/CLKARDCLK
Low Pulse Width   Fast    RAMB36E2/CLKARDCLK  n/a            0.542         2.667       2.125      RAMB36_X2Y48  system_i/yolo_accel/inst/u_core/u_eng/g_wb[0].u_wb/mem_reg_0/CLKARDCLK
Low Pulse Width   Slow    RAMB36E2/CLKBWRCLK  n/a            0.542         2.667       2.125      RAMB36_X2Y48  system_i/yolo_accel/inst/u_core/u_eng/g_wb[0].u_wb/mem_reg_0/CLKBWRCLK
Low Pulse Width   Fast    RAMB36E2/CLKBWRCLK  n/a            0.542         2.667       2.125      RAMB36_X2Y48  system_i/yolo_accel/inst/u_core/u_eng/g_wb[0].u_wb/mem_reg_0/CLKBWRCLK
High Pulse Width  Slow    PS8/MAXIGP0ACLK     n/a            1.500         2.667       1.167      PS8_X0Y0      system_i/zynq_ps/inst/PS8_i/MAXIGP0ACLK
High Pulse Width  Fast    PS8/MAXIGP0ACLK     n/a            1.500         2.667       1.167      PS8_X0Y0      system_i/zynq_ps/inst/PS8_i/MAXIGP0ACLK
High Pulse Width  Slow    PS8/SAXIGP2RCLK     n/a            1.500         2.667       1.167      PS8_X0Y0      system_i/zynq_ps/inst/PS8_i/SAXIGP2RCLK
High Pulse Width  Fast    PS8/SAXIGP2RCLK     n/a            1.500         2.667       1.167      PS8_X0Y0      system_i/zynq_ps/inst/PS8_i/SAXIGP2RCLK
High Pulse Width  Slow    PS8/SAXIGP2WCLK     n/a            1.500         2.667       1.167      PS8_X0Y0      system_i/zynq_ps/inst/PS8_i/SAXIGP2WCLK
High Pulse Width  Fast    PS8/SAXIGP2WCLK     n/a            1.500         2.667       1.167      PS8_X0Y0      system_i/zynq_ps/inst/PS8_i/SAXIGP2WCLK
High Pulse Width  Slow    RAMB36E2/CLKARDCLK  n/a            0.542         2.666       2.124      RAMB36_X2Y48  system_i/yolo_accel/inst/u_core/u_eng/g_wb[0].u_wb/mem_reg_0/CLKARDCLK
High Pulse Width  Fast    RAMB36E2/CLKARDCLK  n/a            0.542         2.666       2.124      RAMB36_X2Y48  system_i/yolo_accel/inst/u_core/u_eng/g_wb[0].u_wb/mem_reg_0/CLKARDCLK
High Pulse Width  Slow    RAMB36E2/CLKBWRCLK  n/a            0.542         2.667       2.125      RAMB36_X2Y48  system_i/yolo_accel/inst/u_core/u_eng/g_wb[0].u_wb/mem_reg_0/CLKBWRCLK
High Pulse Width  Fast    RAMB36E2/CLKBWRCLK  n/a            0.542         2.666       2.124      RAMB36_X2Y48  system_i/yolo_accel/inst/u_core/u_eng/g_wb[0].u_wb/mem_reg_0/CLKBWRCLK



--------------------------------------------------------------------------------------
Path Group:  (none)
From Clock:  
  To Clock:  clk_pl_0

Max Delay             1 Endpoint
Min Delay             1 Endpoint
--------------------------------------------------------------------------------------


Max Delay Paths
--------------------------------------------------------------------------------------
Slack:                    inf
  Source:                 system_i/zynq_ps/inst/PS8_i/EMIOGPIOO[95]
                            (internal pin)
  Destination:            system_i/rst_pl0/U0/EXT_LPF/ACTIVE_LOW_EXT.ACT_LO_EXT/GENERATE_LEVEL_P_S_CDC.SINGLE_BIT.CROSS_PLEVEL_IN2SCNDRY_IN_cdc_to/D
                            (rising edge-triggered cell FDRE clocked by clk_pl_0  {rise@0.000ns fall@2.667ns period=5.333ns})
  Path Group:             (none)
  Path Type:              Setup (Max at Slow Process Corner)
  Data Path Delay:        1.912ns  (logic 0.150ns (7.845%)  route 1.762ns (92.155%))
  Logic Levels:           1  (LUT1=1)
  Clock Uncertainty:      0.109ns  ((TSJ^2 + DJ^2)^1/2) / 2 + PE
    Total System Jitter     (TSJ):    0.050ns
    Discrete Jitter          (DJ):    0.213ns
    Phase Error              (PE):    0.000ns
  Clock Net Delay (Destination): 1.568ns (routing 0.512ns, distribution 1.056ns)
  Timing Exception:       False Path

    Location             Delay type                Incr(ns)  Path(ns)    Netlist Resource(s)
  -------------------------------------------------------------------    -------------------
    PS8_X0Y0             PS8                          0.000     0.000 f  system_i/zynq_ps/inst/PS8_i/EMIOGPIOO[95]
                         net (fo=1, routed)           1.490     1.490    system_i/rst_pl0/U0/EXT_LPF/ACTIVE_LOW_EXT.ACT_LO_EXT/ext_reset_in
    SLICE_X59Y111        LUT1 (Prop_H6LUT_SLICEL_I0_O)
                                                      0.150     1.640 r  system_i/rst_pl0/U0/EXT_LPF/ACTIVE_LOW_EXT.ACT_LO_EXT/GENERATE_LEVEL_P_S_CDC.SINGLE_BIT.CROSS_PLEVEL_IN2SCNDRY_IN_cdc_to_i_1/O
                         net (fo=1, routed)           0.272     1.912    system_i/rst_pl0/U0/EXT_LPF/ACTIVE_LOW_EXT.ACT_LO_EXT/exr_d1
    SLICE_X59Y111        FDRE                                         r  system_i/rst_pl0/U0/EXT_LPF/ACTIVE_LOW_EXT.ACT_LO_EXT/GENERATE_LEVEL_P_S_CDC.SINGLE_BIT.CROSS_PLEVEL_IN2SCNDRY_IN_cdc_to/D
  -------------------------------------------------------------------    -------------------

                         (clock clk_pl_0 rise edge)
                                                      0.000     0.000 r  
    PS8_X0Y0             PS8                          0.000     0.000 r  system_i/zynq_ps/inst/PS8_i/PLCLK[0]
                         net (fo=1, routed)           0.143     0.143    system_i/zynq_ps/inst/pl_clk_unbuffered[0]
    BUFG_PS_X0Y80        BUFG_PS (Prop_BUFG_PS_I_O)
                                                      0.025     0.168 r  system_i/zynq_ps/inst/buffer_pl_clk_0.PL_CLK_0_BUFG/O
    X1Y2 (CLOCK_ROOT)    net (fo=25292, routed)       1.568     1.736    system_i/rst_pl0/U0/EXT_LPF/ACTIVE_LOW_EXT.ACT_LO_EXT/slowest_sync_clk
    SLICE_X59Y111        FDRE                                         r  system_i/rst_pl0/U0/EXT_LPF/ACTIVE_LOW_EXT.ACT_LO_EXT/GENERATE_LEVEL_P_S_CDC.SINGLE_BIT.CROSS_PLEVEL_IN2SCNDRY_IN_cdc_to/C





Min Delay Paths
--------------------------------------------------------------------------------------
Slack:                    inf
  Source:                 system_i/zynq_ps/inst/PS8_i/EMIOGPIOO[95]
                            (internal pin)
  Destination:            system_i/rst_pl0/U0/EXT_LPF/ACTIVE_LOW_EXT.ACT_LO_EXT/GENERATE_LEVEL_P_S_CDC.SINGLE_BIT.CROSS_PLEVEL_IN2SCNDRY_IN_cdc_to/D
                            (rising edge-triggered cell FDRE clocked by clk_pl_0  {rise@0.000ns fall@2.667ns period=5.333ns})
  Path Group:             (none)
  Path Type:              Hold (Min at Fast Process Corner)
  Data Path Delay:        0.923ns  (logic 0.060ns (6.501%)  route 0.863ns (93.499%))
  Logic Levels:           1  (LUT1=1)
  Clock Uncertainty:      0.109ns  ((TSJ^2 + DJ^2)^1/2) / 2 + PE
    Total System Jitter     (TSJ):    0.050ns
    Discrete Jitter          (DJ):    0.213ns
    Phase Error              (PE):    0.000ns
  Clock Net Delay (Destination): 1.108ns (routing 0.352ns, distribution 0.756ns)
  Timing Exception:       False Path

    Location             Delay type                Incr(ns)  Path(ns)    Netlist Resource(s)
  -------------------------------------------------------------------    -------------------
    PS8_X0Y0             PS8                          0.000     0.000 f  system_i/zynq_ps/inst/PS8_i/EMIOGPIOO[95]
                         net (fo=1, routed)           0.752     0.752    system_i/rst_pl0/U0/EXT_LPF/ACTIVE_LOW_EXT.ACT_LO_EXT/ext_reset_in
    SLICE_X59Y111        LUT1 (Prop_H6LUT_SLICEL_I0_O)
                                                      0.060     0.812 r  system_i/rst_pl0/U0/EXT_LPF/ACTIVE_LOW_EXT.ACT_LO_EXT/GENERATE_LEVEL_P_S_CDC.SINGLE_BIT.CROSS_PLEVEL_IN2SCNDRY_IN_cdc_to_i_1/O
                         net (fo=1, routed)           0.111     0.923    system_i/rst_pl0/U0/EXT_LPF/ACTIVE_LOW_EXT.ACT_LO_EXT/exr_d1
    SLICE_X59Y111        FDRE                                         r  system_i/rst_pl0/U0/EXT_LPF/ACTIVE_LOW_EXT.ACT_LO_EXT/GENERATE_LEVEL_P_S_CDC.SINGLE_BIT.CROSS_PLEVEL_IN2SCNDRY_IN_cdc_to/D
  -------------------------------------------------------------------    -------------------

                         (clock clk_pl_0 rise edge)
                                                      0.000     0.000 r  
    PS8_X0Y0             PS8                          0.000     0.000 r  system_i/zynq_ps/inst/PS8_i/PLCLK[0]
                         net (fo=1, routed)           0.154     0.154    system_i/zynq_ps/inst/pl_clk_unbuffered[0]
    BUFG_PS_X0Y80        BUFG_PS (Prop_BUFG_PS_I_O)
                                                      0.018     0.172 r  system_i/zynq_ps/inst/buffer_pl_clk_0.PL_CLK_0_BUFG/O
    X1Y2 (CLOCK_ROOT)    net (fo=25292, routed)       1.108     1.280    system_i/rst_pl0/U0/EXT_LPF/ACTIVE_LOW_EXT.ACT_LO_EXT/slowest_sync_clk
    SLICE_X59Y111        FDRE                                         r  system_i/rst_pl0/U0/EXT_LPF/ACTIVE_LOW_EXT.ACT_LO_EXT/GENERATE_LEVEL_P_S_CDC.SINGLE_BIT.CROSS_PLEVEL_IN2SCNDRY_IN_cdc_to/C





--------------------------------------------------------------------------------------
Path Group:  (none)
From Clock:  clk_pl_0
  To Clock:  clk_pl_0

Max Delay            56 Endpoints
Min Delay            56 Endpoints
--------------------------------------------------------------------------------------


Max Delay Paths
--------------------------------------------------------------------------------------
Slack:                    inf
  Source:                 system_i/sc_mem/inst/clk_map/psr_aclk/U0/ACTIVE_LOW_BSR_OUT_DFF[0].FDRE_BSR_N/C
                            (rising edge-triggered cell FDRE clocked by clk_pl_0  {rise@0.000ns fall@2.667ns period=5.333ns})
  Destination:            system_i/sc_mem/inst/s00_entry_pipeline/s00_si_converter/inst/xpm_cdc_async_rst_inst/arststages_ff_reg[0]/CLR
                            (recovery check against rising-edge clock clk_pl_0  {rise@0.000ns fall@2.667ns period=5.333ns})
  Path Group:             (none)
  Path Type:              Recovery (Max at Slow Process Corner)
  Data Path Delay:        1.369ns  (logic 0.079ns (5.770%)  route 1.290ns (94.230%))
  Logic Levels:           0  
  Clock Path Skew:        -0.263ns (DCD - SCD + CPR)
    Destination Clock Delay (DCD):    1.709ns
    Source Clock Delay      (SCD):    1.972ns
    Clock Pessimism Removal (CPR):    0.000ns
  Clock Uncertainty:      0.112ns  ((TSJ^2 + DJ^2)^1/2) / 2 + PE
    Total System Jitter     (TSJ):    0.071ns
    Discrete Jitter          (DJ):    0.213ns
    Phase Error              (PE):    0.000ns
  Clock Net Delay (Source):      1.764ns (routing 0.569ns, distribution 1.195ns)
  Clock Net Delay (Destination): 1.541ns (routing 0.512ns, distribution 1.029ns)
  Timing Exception:       False Path

    Location             Delay type                Incr(ns)  Path(ns)    Netlist Resource(s)
  -------------------------------------------------------------------    -------------------
                         (clock clk_pl_0 rise edge)
                                                      0.000     0.000 r  
    PS8_X0Y0             PS8                          0.000     0.000 r  system_i/zynq_ps/inst/PS8_i/PLCLK[0]
                         net (fo=1, routed)           0.180     0.180    system_i/zynq_ps/inst/pl_clk_unbuffered[0]
    BUFG_PS_X0Y80        BUFG_PS (Prop_BUFG_PS_I_O)
                                                      0.028     0.208 r  system_i/zynq_ps/inst/buffer_pl_clk_0.PL_CLK_0_BUFG/O
    X1Y2 (CLOCK_ROOT)    net (fo=25292, routed)       1.764     1.972    system_i/sc_mem/inst/clk_map/psr_aclk/U0/aclk
    SLICE_X58Y89         FDRE                                         r  system_i/sc_mem/inst/clk_map/psr_aclk/U0/ACTIVE_LOW_BSR_OUT_DFF[0].FDRE_BSR_N/C
  -------------------------------------------------------------------    -------------------
    SLICE_X58Y89         FDRE (Prop_DFF_SLICEL_C_Q)
                                                      0.079     2.051 r  system_i/sc_mem/inst/clk_map/psr_aclk/U0/ACTIVE_LOW_BSR_OUT_DFF[0].FDRE_BSR_N/Q
                         net (fo=27, routed)          1.290     3.341    system_i/sc_mem/inst/s00_entry_pipeline/s00_si_converter/inst/xpm_cdc_async_rst_inst/src_arst
    SLICE_X54Y132        FDCE                                         f  system_i/sc_mem/inst/s00_entry_pipeline/s00_si_converter/inst/xpm_cdc_async_rst_inst/arststages_ff_reg[0]/CLR  (IS_INVERTED)
  -------------------------------------------------------------------    -------------------

                         (clock clk_pl_0 rise edge)
                                                      0.000     0.000 r  
    PS8_X0Y0             PS8                          0.000     0.000 r  system_i/zynq_ps/inst/PS8_i/PLCLK[0]
                         net (fo=1, routed)           0.143     0.143    system_i/zynq_ps/inst/pl_clk_unbuffered[0]
    BUFG_PS_X0Y80        BUFG_PS (Prop_BUFG_PS_I_O)
                                                      0.025     0.168 r  system_i/zynq_ps/inst/buffer_pl_clk_0.PL_CLK_0_BUFG/O
    X1Y2 (CLOCK_ROOT)    net (fo=25292, routed)       1.541     1.709    system_i/sc_mem/inst/s00_entry_pipeline/s00_si_converter/inst/xpm_cdc_async_rst_inst/dest_clk
    SLICE_X54Y132        FDCE                                         r  system_i/sc_mem/inst/s00_entry_pipeline/s00_si_converter/inst/xpm_cdc_async_rst_inst/arststages_ff_reg[0]/C

Slack:                    inf
  Source:                 system_i/sc_mem/inst/clk_map/psr_aclk/U0/ACTIVE_LOW_BSR_OUT_DFF[0].FDRE_BSR_N/C
                            (rising edge-triggered cell FDRE clocked by clk_pl_0  {rise@0.000ns fall@2.667ns period=5.333ns})
  Destination:            system_i/sc_mem/inst/s00_entry_pipeline/s00_si_converter/inst/xpm_cdc_async_rst_inst/arststages_ff_reg[1]/CLR
                            (recovery check against rising-edge clock clk_pl_0  {rise@0.000ns fall@2.667ns period=5.333ns})
  Path Group:             (none)
  Path Type:              Recovery (Max at Slow Process Corner)
  Data Path Delay:        1.369ns  (logic 0.079ns (5.770%)  route 1.290ns (94.230%))
  Logic Levels:           0  
  Clock Path Skew:        -0.263ns (DCD - SCD + CPR)
    Destination Clock Delay (DCD):    1.709ns
    Source Clock Delay      (SCD):    1.972ns
    Clock Pessimism Removal (CPR):    0.000ns
  Clock Uncertainty:      0.112ns  ((TSJ^2 + DJ^2)^1/2) / 2 + PE
    Total System Jitter     (TSJ):    0.071ns
    Discrete Jitter          (DJ):    0.213ns
    Phase Error              (PE):    0.000ns
  Clock Net Delay (Source):      1.764ns (routing 0.569ns, distribution 1.195ns)
  Clock Net Delay (Destination): 1.541ns (routing 0.512ns, distribution 1.029ns)
  Timing Exception:       False Path

    Location             Delay type                Incr(ns)  Path(ns)    Netlist Resource(s)
  -------------------------------------------------------------------    -------------------
                         (clock clk_pl_0 rise edge)
                                                      0.000     0.000 r  
    PS8_X0Y0             PS8                          0.000     0.000 r  system_i/zynq_ps/inst/PS8_i/PLCLK[0]
                         net (fo=1, routed)           0.180     0.180    system_i/zynq_ps/inst/pl_clk_unbuffered[0]
    BUFG_PS_X0Y80        BUFG_PS (Prop_BUFG_PS_I_O)
                                                      0.028     0.208 r  system_i/zynq_ps/inst/buffer_pl_clk_0.PL_CLK_0_BUFG/O
    X1Y2 (CLOCK_ROOT)    net (fo=25292, routed)       1.764     1.972    system_i/sc_mem/inst/clk_map/psr_aclk/U0/aclk
    SLICE_X58Y89         FDRE                                         r  system_i/sc_mem/inst/clk_map/psr_aclk/U0/ACTIVE_LOW_BSR_OUT_DFF[0].FDRE_BSR_N/C
  -------------------------------------------------------------------    -------------------
    SLICE_X58Y89         FDRE (Prop_DFF_SLICEL_C_Q)
                                                      0.079     2.051 r  system_i/sc_mem/inst/clk_map/psr_aclk/U0/ACTIVE_LOW_BSR_OUT_DFF[0].FDRE_BSR_N/Q
                         net (fo=27, routed)          1.290     3.341    system_i/sc_mem/inst/s00_entry_pipeline/s00_si_converter/inst/xpm_cdc_async_rst_inst/src_arst
    SLICE_X54Y132        FDCE                                         f  system_i/sc_mem/inst/s00_entry_pipeline/s00_si_converter/inst/xpm_cdc_async_rst_inst/arststages_ff_reg[1]/CLR  (IS_INVERTED)
  -------------------------------------------------------------------    -------------------

                         (clock clk_pl_0 rise edge)
                                                      0.000     0.000 r  
    PS8_X0Y0             PS8                          0.000     0.000 r  system_i/zynq_ps/inst/PS8_i/PLCLK[0]
                         net (fo=1, routed)           0.143     0.143    system_i/zynq_ps/inst/pl_clk_unbuffered[0]
    BUFG_PS_X0Y80        BUFG_PS (Prop_BUFG_PS_I_O)
                                                      0.025     0.168 r  system_i/zynq_ps/inst/buffer_pl_clk_0.PL_CLK_0_BUFG/O
    X1Y2 (CLOCK_ROOT)    net (fo=25292, routed)       1.541     1.709    system_i/sc_mem/inst/s00_entry_pipeline/s00_si_converter/inst/xpm_cdc_async_rst_inst/dest_clk
    SLICE_X54Y132        FDCE                                         r  system_i/sc_mem/inst/s00_entry_pipeline/s00_si_converter/inst/xpm_cdc_async_rst_inst/arststages_ff_reg[1]/C

Slack:                    inf
  Source:                 system_i/sc_mem/inst/clk_map/psr_aclk/U0/ACTIVE_LOW_BSR_OUT_DFF[0].FDRE_BSR_N/C
                            (rising edge-triggered cell FDRE clocked by clk_pl_0  {rise@0.000ns fall@2.667ns period=5.333ns})
  Destination:            system_i/sc_mem/inst/s00_entry_pipeline/s00_si_converter/inst/xpm_cdc_async_rst_inst/arststages_ff_reg[2]/CLR
                            (recovery check against rising-edge clock clk_pl_0  {rise@0.000ns fall@2.667ns period=5.333ns})
  Path Group:             (none)
  Path Type:              Recovery (Max at Slow Process Corner)
  Data Path Delay:        1.369ns  (logic 0.079ns (5.770%)  route 1.290ns (94.230%))
  Logic Levels:           0  
  Clock Path Skew:        -0.263ns (DCD - SCD + CPR)
    Destination Clock Delay (DCD):    1.709ns
    Source Clock Delay      (SCD):    1.972ns
    Clock Pessimism Removal (CPR):    0.000ns
  Clock Uncertainty:      0.112ns  ((TSJ^2 + DJ^2)^1/2) / 2 + PE
    Total System Jitter     (TSJ):    0.071ns
    Discrete Jitter          (DJ):    0.213ns
    Phase Error              (PE):    0.000ns
  Clock Net Delay (Source):      1.764ns (routing 0.569ns, distribution 1.195ns)
  Clock Net Delay (Destination): 1.541ns (routing 0.512ns, distribution 1.029ns)
  Timing Exception:       False Path

    Location             Delay type                Incr(ns)  Path(ns)    Netlist Resource(s)
  -------------------------------------------------------------------    -------------------
                         (clock clk_pl_0 rise edge)
                                                      0.000     0.000 r  
    PS8_X0Y0             PS8                          0.000     0.000 r  system_i/zynq_ps/inst/PS8_i/PLCLK[0]
                         net (fo=1, routed)           0.180     0.180    system_i/zynq_ps/inst/pl_clk_unbuffered[0]
    BUFG_PS_X0Y80        BUFG_PS (Prop_BUFG_PS_I_O)
                                                      0.028     0.208 r  system_i/zynq_ps/inst/buffer_pl_clk_0.PL_CLK_0_BUFG/O
    X1Y2 (CLOCK_ROOT)    net (fo=25292, routed)       1.764     1.972    system_i/sc_mem/inst/clk_map/psr_aclk/U0/aclk
    SLICE_X58Y89         FDRE                                         r  system_i/sc_mem/inst/clk_map/psr_aclk/U0/ACTIVE_LOW_BSR_OUT_DFF[0].FDRE_BSR_N/C
  -------------------------------------------------------------------    -------------------
    SLICE_X58Y89         FDRE (Prop_DFF_SLICEL_C_Q)
                                                      0.079     2.051 r  system_i/sc_mem/inst/clk_map/psr_aclk/U0/ACTIVE_LOW_BSR_OUT_DFF[0].FDRE_BSR_N/Q
                         net (fo=27, routed)          1.290     3.341    system_i/sc_mem/inst/s00_entry_pipeline/s00_si_converter/inst/xpm_cdc_async_rst_inst/src_arst
    SLICE_X54Y132        FDCE                                         f  system_i/sc_mem/inst/s00_entry_pipeline/s00_si_converter/inst/xpm_cdc_async_rst_inst/arststages_ff_reg[2]/CLR  (IS_INVERTED)
  -------------------------------------------------------------------    -------------------

                         (clock clk_pl_0 rise edge)
                                                      0.000     0.000 r  
    PS8_X0Y0             PS8                          0.000     0.000 r  system_i/zynq_ps/inst/PS8_i/PLCLK[0]
                         net (fo=1, routed)           0.143     0.143    system_i/zynq_ps/inst/pl_clk_unbuffered[0]
    BUFG_PS_X0Y80        BUFG_PS (Prop_BUFG_PS_I_O)
                                                      0.025     0.168 r  system_i/zynq_ps/inst/buffer_pl_clk_0.PL_CLK_0_BUFG/O
    X1Y2 (CLOCK_ROOT)    net (fo=25292, routed)       1.541     1.709    system_i/sc_mem/inst/s00_entry_pipeline/s00_si_converter/inst/xpm_cdc_async_rst_inst/dest_clk
    SLICE_X54Y132        FDCE                                         r  system_i/sc_mem/inst/s00_entry_pipeline/s00_si_converter/inst/xpm_cdc_async_rst_inst/arststages_ff_reg[2]/C

Slack:                    inf
  Source:                 system_i/sc_mem/inst/clk_map/psr_aclk/U0/ACTIVE_LOW_BSR_OUT_DFF[0].FDRE_BSR_N/C
                            (rising edge-triggered cell FDRE clocked by clk_pl_0  {rise@0.000ns fall@2.667ns period=5.333ns})
  Destination:            system_i/sc_mem/inst/s00_entry_pipeline/s00_mmu/inst/xpm_cdc_async_rst_inst/arststages_ff_reg[0]/CLR
                            (recovery check against rising-edge clock clk_pl_0  {rise@0.000ns fall@2.667ns period=5.333ns})
  Path Group:             (none)
  Path Type:              Recovery (Max at Slow Process Corner)
  Data Path Delay:        1.322ns  (logic 0.079ns (5.975%)  route 1.243ns (94.025%))
  Logic Levels:           0  
  Clock Path Skew:        -0.264ns (DCD - SCD + CPR)
    Destination Clock Delay (DCD):    1.708ns
    Source Clock Delay      (SCD):    1.972ns
    Clock Pessimism Removal (CPR):    0.000ns
  Clock Uncertainty:      0.112ns  ((TSJ^2 + DJ^2)^1/2) / 2 + PE
    Total System Jitter     (TSJ):    0.071ns
    Discrete Jitter          (DJ):    0.213ns
    Phase Error              (PE):    0.000ns
  Clock Net Delay (Source):      1.764ns (routing 0.569ns, distribution 1.195ns)
  Clock Net Delay (Destination): 1.540ns (routing 0.512ns, distribution 1.028ns)
  Timing Exception:       False Path

    Location             Delay type                Incr(ns)  Path(ns)    Netlist Resource(s)
  -------------------------------------------------------------------    -------------------
                         (clock clk_pl_0 rise edge)
                                                      0.000     0.000 r  
    PS8_X0Y0             PS8                          0.000     0.000 r  system_i/zynq_ps/inst/PS8_i/PLCLK[0]
                         net (fo=1, routed)           0.180     0.180    system_i/zynq_ps/inst/pl_clk_unbuffered[0]
    BUFG_PS_X0Y80        BUFG_PS (Prop_BUFG_PS_I_O)
                                                      0.028     0.208 r  system_i/zynq_ps/inst/buffer_pl_clk_0.PL_CLK_0_BUFG/O
    X1Y2 (CLOCK_ROOT)    net (fo=25292, routed)       1.764     1.972    system_i/sc_mem/inst/clk_map/psr_aclk/U0/aclk
    SLICE_X58Y89         FDRE                                         r  system_i/sc_mem/inst/clk_map/psr_aclk/U0/ACTIVE_LOW_BSR_OUT_DFF[0].FDRE_BSR_N/C
  -------------------------------------------------------------------    -------------------
    SLICE_X58Y89         FDRE (Prop_DFF_SLICEL_C_Q)
                                                      0.079     2.051 r  system_i/sc_mem/inst/clk_map/psr_aclk/U0/ACTIVE_LOW_BSR_OUT_DFF[0].FDRE_BSR_N/Q
                         net (fo=27, routed)          1.243     3.294    system_i/sc_mem/inst/s00_entry_pipeline/s00_mmu/inst/xpm_cdc_async_rst_inst/src_arst
    SLICE_X53Y133        FDCE                                         f  system_i/sc_mem/inst/s00_entry_pipeline/s00_mmu/inst/xpm_cdc_async_rst_inst/arststages_ff_reg[0]/CLR  (IS_INVERTED)
  -------------------------------------------------------------------    -------------------

                         (clock clk_pl_0 rise edge)
                                                      0.000     0.000 r  
    PS8_X0Y0             PS8                          0.000     0.000 r  system_i/zynq_ps/inst/PS8_i/PLCLK[0]
                         net (fo=1, routed)           0.143     0.143    system_i/zynq_ps/inst/pl_clk_unbuffered[0]
    BUFG_PS_X0Y80        BUFG_PS (Prop_BUFG_PS_I_O)
                                                      0.025     0.168 r  system_i/zynq_ps/inst/buffer_pl_clk_0.PL_CLK_0_BUFG/O
    X1Y2 (CLOCK_ROOT)    net (fo=25292, routed)       1.540     1.708    system_i/sc_mem/inst/s00_entry_pipeline/s00_mmu/inst/xpm_cdc_async_rst_inst/dest_clk
    SLICE_X53Y133        FDCE                                         r  system_i/sc_mem/inst/s00_entry_pipeline/s00_mmu/inst/xpm_cdc_async_rst_inst/arststages_ff_reg[0]/C

Slack:                    inf
  Source:                 system_i/sc_mem/inst/clk_map/psr_aclk/U0/ACTIVE_LOW_BSR_OUT_DFF[0].FDRE_BSR_N/C
                            (rising edge-triggered cell FDRE clocked by clk_pl_0  {rise@0.000ns fall@2.667ns period=5.333ns})
  Destination:            system_i/sc_mem/inst/s00_entry_pipeline/s00_mmu/inst/xpm_cdc_async_rst_inst/arststages_ff_reg[1]/CLR
                            (recovery check against rising-edge clock clk_pl_0  {rise@0.000ns fall@2.667ns period=5.333ns})
  Path Group:             (none)
  Path Type:              Recovery (Max at Slow Process Corner)
  Data Path Delay:        1.322ns  (logic 0.079ns (5.975%)  route 1.243ns (94.025%))
  Logic Levels:           0  
  Clock Path Skew:        -0.264ns (DCD - SCD + CPR)
    Destination Clock Delay (DCD):    1.708ns
    Source Clock Delay      (SCD):    1.972ns
    Clock Pessimism Removal (CPR):    0.000ns
  Clock Uncertainty:      0.112ns  ((TSJ^2 + DJ^2)^1/2) / 2 + PE
    Total System Jitter     (TSJ):    0.071ns
    Discrete Jitter          (DJ):    0.213ns
    Phase Error              (PE):    0.000ns
  Clock Net Delay (Source):      1.764ns (routing 0.569ns, distribution 1.195ns)
  Clock Net Delay (Destination): 1.540ns (routing 0.512ns, distribution 1.028ns)
  Timing Exception:       False Path

    Location             Delay type                Incr(ns)  Path(ns)    Netlist Resource(s)
  -------------------------------------------------------------------    -------------------
                         (clock clk_pl_0 rise edge)
                                                      0.000     0.000 r  
    PS8_X0Y0             PS8                          0.000     0.000 r  system_i/zynq_ps/inst/PS8_i/PLCLK[0]
                         net (fo=1, routed)           0.180     0.180    system_i/zynq_ps/inst/pl_clk_unbuffered[0]
    BUFG_PS_X0Y80        BUFG_PS (Prop_BUFG_PS_I_O)
                                                      0.028     0.208 r  system_i/zynq_ps/inst/buffer_pl_clk_0.PL_CLK_0_BUFG/O
    X1Y2 (CLOCK_ROOT)    net (fo=25292, routed)       1.764     1.972    system_i/sc_mem/inst/clk_map/psr_aclk/U0/aclk
    SLICE_X58Y89         FDRE                                         r  system_i/sc_mem/inst/clk_map/psr_aclk/U0/ACTIVE_LOW_BSR_OUT_DFF[0].FDRE_BSR_N/C
  -------------------------------------------------------------------    -------------------
    SLICE_X58Y89         FDRE (Prop_DFF_SLICEL_C_Q)
                                                      0.079     2.051 r  system_i/sc_mem/inst/clk_map/psr_aclk/U0/ACTIVE_LOW_BSR_OUT_DFF[0].FDRE_BSR_N/Q
                         net (fo=27, routed)          1.243     3.294    system_i/sc_mem/inst/s00_entry_pipeline/s00_mmu/inst/xpm_cdc_async_rst_inst/src_arst
    SLICE_X53Y133        FDCE                                         f  system_i/sc_mem/inst/s00_entry_pipeline/s00_mmu/inst/xpm_cdc_async_rst_inst/arststages_ff_reg[1]/CLR  (IS_INVERTED)
  -------------------------------------------------------------------    -------------------

                         (clock clk_pl_0 rise edge)
                                                      0.000     0.000 r  
    PS8_X0Y0             PS8                          0.000     0.000 r  system_i/zynq_ps/inst/PS8_i/PLCLK[0]
                         net (fo=1, routed)           0.143     0.143    system_i/zynq_ps/inst/pl_clk_unbuffered[0]
    BUFG_PS_X0Y80        BUFG_PS (Prop_BUFG_PS_I_O)
                                                      0.025     0.168 r  system_i/zynq_ps/inst/buffer_pl_clk_0.PL_CLK_0_BUFG/O
    X1Y2 (CLOCK_ROOT)    net (fo=25292, routed)       1.540     1.708    system_i/sc_mem/inst/s00_entry_pipeline/s00_mmu/inst/xpm_cdc_async_rst_inst/dest_clk
    SLICE_X53Y133        FDCE                                         r  system_i/sc_mem/inst/s00_entry_pipeline/s00_mmu/inst/xpm_cdc_async_rst_inst/arststages_ff_reg[1]/C

Slack:                    inf
  Source:                 system_i/sc_mem/inst/clk_map/psr_aclk/U0/ACTIVE_LOW_BSR_OUT_DFF[0].FDRE_BSR_N/C
                            (rising edge-triggered cell FDRE clocked by clk_pl_0  {rise@0.000ns fall@2.667ns period=5.333ns})
  Destination:            system_i/sc_mem/inst/s00_entry_pipeline/s00_mmu/inst/xpm_cdc_async_rst_inst/arststages_ff_reg[2]/CLR
                            (recovery check against rising-edge clock clk_pl_0  {rise@0.000ns fall@2.667ns period=5.333ns})
  Path Group:             (none)
  Path Type:              Recovery (Max at Slow Process Corner)
  Data Path Delay:        1.322ns  (logic 0.079ns (5.975%)  route 1.243ns (94.025%))
  Logic Levels:           0  
  Clock Path Skew:        -0.264ns (DCD - SCD + CPR)
    Destination Clock Delay (DCD):    1.708ns
    Source Clock Delay      (SCD):    1.972ns
    Clock Pessimism Removal (CPR):    0.000ns
  Clock Uncertainty:      0.112ns  ((TSJ^2 + DJ^2)^1/2) / 2 + PE
    Total System Jitter     (TSJ):    0.071ns
    Discrete Jitter          (DJ):    0.213ns
    Phase Error              (PE):    0.000ns
  Clock Net Delay (Source):      1.764ns (routing 0.569ns, distribution 1.195ns)
  Clock Net Delay (Destination): 1.540ns (routing 0.512ns, distribution 1.028ns)
  Timing Exception:       False Path

    Location             Delay type                Incr(ns)  Path(ns)    Netlist Resource(s)
  -------------------------------------------------------------------    -------------------
                         (clock clk_pl_0 rise edge)
                                                      0.000     0.000 r  
    PS8_X0Y0             PS8                          0.000     0.000 r  system_i/zynq_ps/inst/PS8_i/PLCLK[0]
                         net (fo=1, routed)           0.180     0.180    system_i/zynq_ps/inst/pl_clk_unbuffered[0]
    BUFG_PS_X0Y80        BUFG_PS (Prop_BUFG_PS_I_O)
                                                      0.028     0.208 r  system_i/zynq_ps/inst/buffer_pl_clk_0.PL_CLK_0_BUFG/O
    X1Y2 (CLOCK_ROOT)    net (fo=25292, routed)       1.764     1.972    system_i/sc_mem/inst/clk_map/psr_aclk/U0/aclk
    SLICE_X58Y89         FDRE                                         r  system_i/sc_mem/inst/clk_map/psr_aclk/U0/ACTIVE_LOW_BSR_OUT_DFF[0].FDRE_BSR_N/C
  -------------------------------------------------------------------    -------------------
    SLICE_X58Y89         FDRE (Prop_DFF_SLICEL_C_Q)
                                                      0.079     2.051 r  system_i/sc_mem/inst/clk_map/psr_aclk/U0/ACTIVE_LOW_BSR_OUT_DFF[0].FDRE_BSR_N/Q
                         net (fo=27, routed)          1.243     3.294    system_i/sc_mem/inst/s00_entry_pipeline/s00_mmu/inst/xpm_cdc_async_rst_inst/src_arst
    SLICE_X53Y133        FDCE                                         f  system_i/sc_mem/inst/s00_entry_pipeline/s00_mmu/inst/xpm_cdc_async_rst_inst/arststages_ff_reg[2]/CLR  (IS_INVERTED)
  -------------------------------------------------------------------    -------------------

                         (clock clk_pl_0 rise edge)
                                                      0.000     0.000 r  
    PS8_X0Y0             PS8                          0.000     0.000 r  system_i/zynq_ps/inst/PS8_i/PLCLK[0]
                         net (fo=1, routed)           0.143     0.143    system_i/zynq_ps/inst/pl_clk_unbuffered[0]
    BUFG_PS_X0Y80        BUFG_PS (Prop_BUFG_PS_I_O)
                                                      0.025     0.168 r  system_i/zynq_ps/inst/buffer_pl_clk_0.PL_CLK_0_BUFG/O
    X1Y2 (CLOCK_ROOT)    net (fo=25292, routed)       1.540     1.708    system_i/sc_mem/inst/s00_entry_pipeline/s00_mmu/inst/xpm_cdc_async_rst_inst/dest_clk
    SLICE_X53Y133        FDCE                                         r  system_i/sc_mem/inst/s00_entry_pipeline/s00_mmu/inst/xpm_cdc_async_rst_inst/arststages_ff_reg[2]/C

Slack:                    inf
  Source:                 system_i/sc_mem/inst/clk_map/psr_aclk/U0/ACTIVE_LOW_BSR_OUT_DFF[0].FDRE_BSR_N/C
                            (rising edge-triggered cell FDRE clocked by clk_pl_0  {rise@0.000ns fall@2.667ns period=5.333ns})
  Destination:            system_i/sc_mem/inst/s00_nodes/s00_b_node/inst/s_sc_xpm_cdc_async_rst_inst/arststages_ff_reg[0]/CLR
                            (recovery check against rising-edge clock clk_pl_0  {rise@0.000ns fall@2.667ns period=5.333ns})
  Path Group:             (none)
  Path Type:              Recovery (Max at Slow Process Corner)
  Data Path Delay:        1.120ns  (logic 0.079ns (7.053%)  route 1.041ns (92.947%))
  Logic Levels:           0  
  Clock Path Skew:        -0.246ns (DCD - SCD + CPR)
    Destination Clock Delay (DCD):    1.726ns
    Source Clock Delay      (SCD):    1.972ns
    Clock Pessimism Removal (CPR):    0.000ns
  Clock Uncertainty:      0.112ns  ((TSJ^2 + DJ^2)^1/2) / 2 + PE
    Total System Jitter     (TSJ):    0.071ns
    Discrete Jitter          (DJ):    0.213ns
    Phase Error              (PE):    0.000ns
  Clock Net Delay (Source):      1.764ns (routing 0.569ns, distribution 1.195ns)
  Clock Net Delay (Destination): 1.558ns (routing 0.512ns, distribution 1.046ns)
  Timing Exception:       False Path

    Location             Delay type                Incr(ns)  Path(ns)    Netlist Resource(s)
  -------------------------------------------------------------------    -------------------
                         (clock clk_pl_0 rise edge)
                                                      0.000     0.000 r  
    PS8_X0Y0             PS8                          0.000     0.000 r  system_i/zynq_ps/inst/PS8_i/PLCLK[0]
                         net (fo=1, routed)           0.180     0.180    system_i/zynq_ps/inst/pl_clk_unbuffered[0]
    BUFG_PS_X0Y80        BUFG_PS (Prop_BUFG_PS_I_O)
                                                      0.028     0.208 r  system_i/zynq_ps/inst/buffer_pl_clk_0.PL_CLK_0_BUFG/O
    X1Y2 (CLOCK_ROOT)    net (fo=25292, routed)       1.764     1.972    system_i/sc_mem/inst/clk_map/psr_aclk/U0/aclk
    SLICE_X58Y89         FDRE                                         r  system_i/sc_mem/inst/clk_map/psr_aclk/U0/ACTIVE_LOW_BSR_OUT_DFF[0].FDRE_BSR_N/C
  -------------------------------------------------------------------    -------------------
    SLICE_X58Y89         FDRE (Prop_DFF_SLICEL_C_Q)
                                                      0.079     2.051 r  system_i/sc_mem/inst/clk_map/psr_aclk/U0/ACTIVE_LOW_BSR_OUT_DFF[0].FDRE_BSR_N/Q
                         net (fo=27, routed)          1.041     3.092    system_i/sc_mem/inst/s00_nodes/s00_b_node/inst/s_sc_xpm_cdc_async_rst_inst/src_arst
    SLICE_X52Y45         FDCE                                         f  system_i/sc_mem/inst/s00_nodes/s00_b_node/inst/s_sc_xpm_cdc_async_rst_inst/arststages_ff_reg[0]/CLR  (IS_INVERTED)
  -------------------------------------------------------------------    -------------------

                         (clock clk_pl_0 rise edge)
                                                      0.000     0.000 r  
    PS8_X0Y0             PS8                          0.000     0.000 r  system_i/zynq_ps/inst/PS8_i/PLCLK[0]
                         net (fo=1, routed)           0.143     0.143    system_i/zynq_ps/inst/pl_clk_unbuffered[0]
    BUFG_PS_X0Y80        BUFG_PS (Prop_BUFG_PS_I_O)
                                                      0.025     0.168 r  system_i/zynq_ps/inst/buffer_pl_clk_0.PL_CLK_0_BUFG/O
    X1Y2 (CLOCK_ROOT)    net (fo=25292, routed)       1.558     1.726    system_i/sc_mem/inst/s00_nodes/s00_b_node/inst/s_sc_xpm_cdc_async_rst_inst/dest_clk
    SLICE_X52Y45         FDCE                                         r  system_i/sc_mem/inst/s00_nodes/s00_b_node/inst/s_sc_xpm_cdc_async_rst_inst/arststages_ff_reg[0]/C

Slack:                    inf
  Source:                 system_i/sc_mem/inst/clk_map/psr_aclk/U0/ACTIVE_LOW_BSR_OUT_DFF[0].FDRE_BSR_N/C
                            (rising edge-triggered cell FDRE clocked by clk_pl_0  {rise@0.000ns fall@2.667ns period=5.333ns})
  Destination:            system_i/sc_mem/inst/s00_nodes/s00_b_node/inst/s_sc_xpm_cdc_async_rst_inst/arststages_ff_reg[1]/CLR
                            (recovery check against rising-edge clock clk_pl_0  {rise@0.000ns fall@2.667ns period=5.333ns})
  Path Group:             (none)
  Path Type:              Recovery (Max at Slow Process Corner)
  Data Path Delay:        1.120ns  (logic 0.079ns (7.053%)  route 1.041ns (92.947%))
  Logic Levels:           0  
  Clock Path Skew:        -0.246ns (DCD - SCD + CPR)
    Destination Clock Delay (DCD):    1.726ns
    Source Clock Delay      (SCD):    1.972ns
    Clock Pessimism Removal (CPR):    0.000ns
  Clock Uncertainty:      0.112ns  ((TSJ^2 + DJ^2)^1/2) / 2 + PE
    Total System Jitter     (TSJ):    0.071ns
    Discrete Jitter          (DJ):    0.213ns
    Phase Error              (PE):    0.000ns
  Clock Net Delay (Source):      1.764ns (routing 0.569ns, distribution 1.195ns)
  Clock Net Delay (Destination): 1.558ns (routing 0.512ns, distribution 1.046ns)
  Timing Exception:       False Path

    Location             Delay type                Incr(ns)  Path(ns)    Netlist Resource(s)
  -------------------------------------------------------------------    -------------------
                         (clock clk_pl_0 rise edge)
                                                      0.000     0.000 r  
    PS8_X0Y0             PS8                          0.000     0.000 r  system_i/zynq_ps/inst/PS8_i/PLCLK[0]
                         net (fo=1, routed)           0.180     0.180    system_i/zynq_ps/inst/pl_clk_unbuffered[0]
    BUFG_PS_X0Y80        BUFG_PS (Prop_BUFG_PS_I_O)
                                                      0.028     0.208 r  system_i/zynq_ps/inst/buffer_pl_clk_0.PL_CLK_0_BUFG/O
    X1Y2 (CLOCK_ROOT)    net (fo=25292, routed)       1.764     1.972    system_i/sc_mem/inst/clk_map/psr_aclk/U0/aclk
    SLICE_X58Y89         FDRE                                         r  system_i/sc_mem/inst/clk_map/psr_aclk/U0/ACTIVE_LOW_BSR_OUT_DFF[0].FDRE_BSR_N/C
  -------------------------------------------------------------------    -------------------
    SLICE_X58Y89         FDRE (Prop_DFF_SLICEL_C_Q)
                                                      0.079     2.051 r  system_i/sc_mem/inst/clk_map/psr_aclk/U0/ACTIVE_LOW_BSR_OUT_DFF[0].FDRE_BSR_N/Q
                         net (fo=27, routed)          1.041     3.092    system_i/sc_mem/inst/s00_nodes/s00_b_node/inst/s_sc_xpm_cdc_async_rst_inst/src_arst
    SLICE_X52Y45         FDCE                                         f  system_i/sc_mem/inst/s00_nodes/s00_b_node/inst/s_sc_xpm_cdc_async_rst_inst/arststages_ff_reg[1]/CLR  (IS_INVERTED)
  -------------------------------------------------------------------    -------------------

                         (clock clk_pl_0 rise edge)
                                                      0.000     0.000 r  
    PS8_X0Y0             PS8                          0.000     0.000 r  system_i/zynq_ps/inst/PS8_i/PLCLK[0]
                         net (fo=1, routed)           0.143     0.143    system_i/zynq_ps/inst/pl_clk_unbuffered[0]
    BUFG_PS_X0Y80        BUFG_PS (Prop_BUFG_PS_I_O)
                                                      0.025     0.168 r  system_i/zynq_ps/inst/buffer_pl_clk_0.PL_CLK_0_BUFG/O
    X1Y2 (CLOCK_ROOT)    net (fo=25292, routed)       1.558     1.726    system_i/sc_mem/inst/s00_nodes/s00_b_node/inst/s_sc_xpm_cdc_async_rst_inst/dest_clk
    SLICE_X52Y45         FDCE                                         r  system_i/sc_mem/inst/s00_nodes/s00_b_node/inst/s_sc_xpm_cdc_async_rst_inst/arststages_ff_reg[1]/C

Slack:                    inf
  Source:                 system_i/sc_mem/inst/clk_map/psr_aclk/U0/ACTIVE_LOW_BSR_OUT_DFF[0].FDRE_BSR_N/C
                            (rising edge-triggered cell FDRE clocked by clk_pl_0  {rise@0.000ns fall@2.667ns period=5.333ns})
  Destination:            system_i/sc_mem/inst/s00_nodes/s00_b_node/inst/s_sc_xpm_cdc_async_rst_inst/arststages_ff_reg[2]/CLR
                            (recovery check against rising-edge clock clk_pl_0  {rise@0.000ns fall@2.667ns period=5.333ns})
  Path Group:             (none)
  Path Type:              Recovery (Max at Slow Process Corner)
  Data Path Delay:        1.120ns  (logic 0.079ns (7.053%)  route 1.041ns (92.947%))
  Logic Levels:           0  
  Clock Path Skew:        -0.246ns (DCD - SCD + CPR)
    Destination Clock Delay (DCD):    1.726ns
    Source Clock Delay      (SCD):    1.972ns
    Clock Pessimism Removal (CPR):    0.000ns
  Clock Uncertainty:      0.112ns  ((TSJ^2 + DJ^2)^1/2) / 2 + PE
    Total System Jitter     (TSJ):    0.071ns
    Discrete Jitter          (DJ):    0.213ns
    Phase Error              (PE):    0.000ns
  Clock Net Delay (Source):      1.764ns (routing 0.569ns, distribution 1.195ns)
  Clock Net Delay (Destination): 1.558ns (routing 0.512ns, distribution 1.046ns)
  Timing Exception:       False Path

    Location             Delay type                Incr(ns)  Path(ns)    Netlist Resource(s)
  -------------------------------------------------------------------    -------------------
                         (clock clk_pl_0 rise edge)
                                                      0.000     0.000 r  
    PS8_X0Y0             PS8                          0.000     0.000 r  system_i/zynq_ps/inst/PS8_i/PLCLK[0]
                         net (fo=1, routed)           0.180     0.180    system_i/zynq_ps/inst/pl_clk_unbuffered[0]
    BUFG_PS_X0Y80        BUFG_PS (Prop_BUFG_PS_I_O)
                                                      0.028     0.208 r  system_i/zynq_ps/inst/buffer_pl_clk_0.PL_CLK_0_BUFG/O
    X1Y2 (CLOCK_ROOT)    net (fo=25292, routed)       1.764     1.972    system_i/sc_mem/inst/clk_map/psr_aclk/U0/aclk
    SLICE_X58Y89         FDRE                                         r  system_i/sc_mem/inst/clk_map/psr_aclk/U0/ACTIVE_LOW_BSR_OUT_DFF[0].FDRE_BSR_N/C
  -------------------------------------------------------------------    -------------------
    SLICE_X58Y89         FDRE (Prop_DFF_SLICEL_C_Q)
                                                      0.079     2.051 r  system_i/sc_mem/inst/clk_map/psr_aclk/U0/ACTIVE_LOW_BSR_OUT_DFF[0].FDRE_BSR_N/Q
                         net (fo=27, routed)          1.041     3.092    system_i/sc_mem/inst/s00_nodes/s00_b_node/inst/s_sc_xpm_cdc_async_rst_inst/src_arst
    SLICE_X52Y45         FDCE                                         f  system_i/sc_mem/inst/s00_nodes/s00_b_node/inst/s_sc_xpm_cdc_async_rst_inst/arststages_ff_reg[2]/CLR  (IS_INVERTED)
  -------------------------------------------------------------------    -------------------

                         (clock clk_pl_0 rise edge)
                                                      0.000     0.000 r  
    PS8_X0Y0             PS8                          0.000     0.000 r  system_i/zynq_ps/inst/PS8_i/PLCLK[0]
                         net (fo=1, routed)           0.143     0.143    system_i/zynq_ps/inst/pl_clk_unbuffered[0]
    BUFG_PS_X0Y80        BUFG_PS (Prop_BUFG_PS_I_O)
                                                      0.025     0.168 r  system_i/zynq_ps/inst/buffer_pl_clk_0.PL_CLK_0_BUFG/O
    X1Y2 (CLOCK_ROOT)    net (fo=25292, routed)       1.558     1.726    system_i/sc_mem/inst/s00_nodes/s00_b_node/inst/s_sc_xpm_cdc_async_rst_inst/dest_clk
    SLICE_X52Y45         FDCE                                         r  system_i/sc_mem/inst/s00_nodes/s00_b_node/inst/s_sc_xpm_cdc_async_rst_inst/arststages_ff_reg[2]/C

Slack:                    inf
  Source:                 system_i/sc_mem/inst/clk_map/psr_aclk/U0/ACTIVE_LOW_BSR_OUT_DFF[0].FDRE_BSR_N/C
                            (rising edge-triggered cell FDRE clocked by clk_pl_0  {rise@0.000ns fall@2.667ns period=5.333ns})
  Destination:            system_i/sc_mem/inst/s00_nodes/s00_w_node/inst/s_sc_xpm_cdc_async_rst_inst/arststages_ff_reg[0]/CLR
                            (recovery check against rising-edge clock clk_pl_0  {rise@0.000ns fall@2.667ns period=5.333ns})
  Path Group:             (none)
  Path Type:              Recovery (Max at Slow Process Corner)
  Data Path Delay:        1.056ns  (logic 0.079ns (7.482%)  route 0.977ns (92.518%))
  Logic Levels:           0  
  Clock Path Skew:        -0.255ns (DCD - SCD + CPR)
    Destination Clock Delay (DCD):    1.717ns
    Source Clock Delay      (SCD):    1.972ns
    Clock Pessimism Removal (CPR):    0.000ns
  Clock Uncertainty:      0.112ns  ((TSJ^2 + DJ^2)^1/2) / 2 + PE
    Total System Jitter     (TSJ):    0.071ns
    Discrete Jitter          (DJ):    0.213ns
    Phase Error              (PE):    0.000ns
  Clock Net Delay (Source):      1.764ns (routing 0.569ns, distribution 1.195ns)
  Clock Net Delay (Destination): 1.549ns (routing 0.512ns, distribution 1.037ns)
  Timing Exception:       False Path

    Location             Delay type                Incr(ns)  Path(ns)    Netlist Resource(s)
  -------------------------------------------------------------------    -------------------
                         (clock clk_pl_0 rise edge)
                                                      0.000     0.000 r  
    PS8_X0Y0             PS8                          0.000     0.000 r  system_i/zynq_ps/inst/PS8_i/PLCLK[0]
                         net (fo=1, routed)           0.180     0.180    system_i/zynq_ps/inst/pl_clk_unbuffered[0]
    BUFG_PS_X0Y80        BUFG_PS (Prop_BUFG_PS_I_O)
                                                      0.028     0.208 r  system_i/zynq_ps/inst/buffer_pl_clk_0.PL_CLK_0_BUFG/O
    X1Y2 (CLOCK_ROOT)    net (fo=25292, routed)       1.764     1.972    system_i/sc_mem/inst/clk_map/psr_aclk/U0/aclk
    SLICE_X58Y89         FDRE                                         r  system_i/sc_mem/inst/clk_map/psr_aclk/U0/ACTIVE_LOW_BSR_OUT_DFF[0].FDRE_BSR_N/C
  -------------------------------------------------------------------    -------------------
    SLICE_X58Y89         FDRE (Prop_DFF_SLICEL_C_Q)
                                                      0.079     2.051 r  system_i/sc_mem/inst/clk_map/psr_aclk/U0/ACTIVE_LOW_BSR_OUT_DFF[0].FDRE_BSR_N/Q
                         net (fo=27, routed)          0.977     3.028    system_i/sc_mem/inst/s00_nodes/s00_w_node/inst/s_sc_xpm_cdc_async_rst_inst/src_arst
    SLICE_X51Y128        FDCE                                         f  system_i/sc_mem/inst/s00_nodes/s00_w_node/inst/s_sc_xpm_cdc_async_rst_inst/arststages_ff_reg[0]/CLR  (IS_INVERTED)
  -------------------------------------------------------------------    -------------------

                         (clock clk_pl_0 rise edge)
                                                      0.000     0.000 r  
    PS8_X0Y0             PS8                          0.000     0.000 r  system_i/zynq_ps/inst/PS8_i/PLCLK[0]
                         net (fo=1, routed)           0.143     0.143    system_i/zynq_ps/inst/pl_clk_unbuffered[0]
    BUFG_PS_X0Y80        BUFG_PS (Prop_BUFG_PS_I_O)
                                                      0.025     0.168 r  system_i/zynq_ps/inst/buffer_pl_clk_0.PL_CLK_0_BUFG/O
    X1Y2 (CLOCK_ROOT)    net (fo=25292, routed)       1.549     1.717    system_i/sc_mem/inst/s00_nodes/s00_w_node/inst/s_sc_xpm_cdc_async_rst_inst/dest_clk
    SLICE_X51Y128        FDCE                                         r  system_i/sc_mem/inst/s00_nodes/s00_w_node/inst/s_sc_xpm_cdc_async_rst_inst/arststages_ff_reg[0]/C





Min Delay Paths
--------------------------------------------------------------------------------------
Slack:                    inf
  Source:                 system_i/sc_ctrl/inst/clk_map/psr_aclk/U0/ACTIVE_LOW_BSR_OUT_DFF[0].FDRE_BSR_N/C
                            (rising edge-triggered cell FDRE clocked by clk_pl_0  {rise@0.000ns fall@2.667ns period=5.333ns})
  Destination:            system_i/sc_ctrl/inst/s00_entry_pipeline/s00_si_converter/inst/xpm_cdc_async_rst_inst/arststages_ff_reg[0]/CLR
                            (removal check against rising-edge clock clk_pl_0  {rise@0.000ns fall@2.667ns period=5.333ns})
  Path Group:             (none)
  Path Type:              Removal (Min at Fast Process Corner)
  Data Path Delay:        0.170ns  (logic 0.039ns (22.992%)  route 0.131ns (77.008%))
  Logic Levels:           0  
  Clock Path Skew:        0.170ns (DCD - SCD - CPR)
    Destination Clock Delay (DCD):    1.279ns
    Source Clock Delay      (SCD):    1.109ns
    Clock Pessimism Removal (CPR):    -0.000ns
  Clock Uncertainty:      0.112ns  ((TSJ^2 + DJ^2)^1/2) / 2 + PE
    Total System Jitter     (TSJ):    0.071ns
    Discrete Jitter          (DJ):    0.213ns
    Phase Error              (PE):    0.000ns
  Clock Net Delay (Source):      0.970ns (routing 0.311ns, distribution 0.659ns)
  Clock Net Delay (Destination): 1.107ns (routing 0.352ns, distribution 0.755ns)
  Timing Exception:       False Path

    Location             Delay type                Incr(ns)  Path(ns)    Netlist Resource(s)
  -------------------------------------------------------------------    -------------------
                         (clock clk_pl_0 rise edge)
                                                      0.000     0.000 r  
    PS8_X0Y0             PS8                          0.000     0.000 r  system_i/zynq_ps/inst/PS8_i/PLCLK[0]
                         net (fo=1, routed)           0.122     0.122    system_i/zynq_ps/inst/pl_clk_unbuffered[0]
    BUFG_PS_X0Y80        BUFG_PS (Prop_BUFG_PS_I_O)
                                                      0.017     0.139 r  system_i/zynq_ps/inst/buffer_pl_clk_0.PL_CLK_0_BUFG/O
    X1Y2 (CLOCK_ROOT)    net (fo=25292, routed)       0.970     1.109    system_i/sc_ctrl/inst/clk_map/psr_aclk/U0/aclk
    SLICE_X59Y79         FDRE                                         r  system_i/sc_ctrl/inst/clk_map/psr_aclk/U0/ACTIVE_LOW_BSR_OUT_DFF[0].FDRE_BSR_N/C
  -------------------------------------------------------------------    -------------------
    SLICE_X59Y79         FDRE (Prop_DFF_SLICEL_C_Q)
                                                      0.039     1.148 r  system_i/sc_ctrl/inst/clk_map/psr_aclk/U0/ACTIVE_LOW_BSR_OUT_DFF[0].FDRE_BSR_N/Q
                         net (fo=27, routed)          0.131     1.279    system_i/sc_ctrl/inst/s00_entry_pipeline/s00_si_converter/inst/xpm_cdc_async_rst_inst/src_arst
    SLICE_X57Y80         FDCE                                         f  system_i/sc_ctrl/inst/s00_entry_pipeline/s00_si_converter/inst/xpm_cdc_async_rst_inst/arststages_ff_reg[0]/CLR  (IS_INVERTED)
  -------------------------------------------------------------------    -------------------

                         (clock clk_pl_0 rise edge)
                                                      0.000     0.000 r  
    PS8_X0Y0             PS8                          0.000     0.000 r  system_i/zynq_ps/inst/PS8_i/PLCLK[0]
                         net (fo=1, routed)           0.154     0.154    system_i/zynq_ps/inst/pl_clk_unbuffered[0]
    BUFG_PS_X0Y80        BUFG_PS (Prop_BUFG_PS_I_O)
                                                      0.018     0.172 r  system_i/zynq_ps/inst/buffer_pl_clk_0.PL_CLK_0_BUFG/O
    X1Y2 (CLOCK_ROOT)    net (fo=25292, routed)       1.107     1.279    system_i/sc_ctrl/inst/s00_entry_pipeline/s00_si_converter/inst/xpm_cdc_async_rst_inst/dest_clk
    SLICE_X57Y80         FDCE                                         r  system_i/sc_ctrl/inst/s00_entry_pipeline/s00_si_converter/inst/xpm_cdc_async_rst_inst/arststages_ff_reg[0]/C

Slack:                    inf
  Source:                 system_i/sc_ctrl/inst/clk_map/psr_aclk/U0/ACTIVE_LOW_BSR_OUT_DFF[0].FDRE_BSR_N/C
                            (rising edge-triggered cell FDRE clocked by clk_pl_0  {rise@0.000ns fall@2.667ns period=5.333ns})
  Destination:            system_i/sc_ctrl/inst/s00_entry_pipeline/s00_si_converter/inst/xpm_cdc_async_rst_inst/arststages_ff_reg[1]/CLR
                            (removal check against rising-edge clock clk_pl_0  {rise@0.000ns fall@2.667ns period=5.333ns})
  Path Group:             (none)
  Path Type:              Removal (Min at Fast Process Corner)
  Data Path Delay:        0.170ns  (logic 0.039ns (22.992%)  route 0.131ns (77.008%))
  Logic Levels:           0  
  Clock Path Skew:        0.170ns (DCD - SCD - CPR)
    Destination Clock Delay (DCD):    1.279ns
    Source Clock Delay      (SCD):    1.109ns
    Clock Pessimism Removal (CPR):    -0.000ns
  Clock Uncertainty:      0.112ns  ((TSJ^2 + DJ^2)^1/2) / 2 + PE
    Total System Jitter     (TSJ):    0.071ns
    Discrete Jitter          (DJ):    0.213ns
    Phase Error              (PE):    0.000ns
  Clock Net Delay (Source):      0.970ns (routing 0.311ns, distribution 0.659ns)
  Clock Net Delay (Destination): 1.107ns (routing 0.352ns, distribution 0.755ns)
  Timing Exception:       False Path

    Location             Delay type                Incr(ns)  Path(ns)    Netlist Resource(s)
  -------------------------------------------------------------------    -------------------
                         (clock clk_pl_0 rise edge)
                                                      0.000     0.000 r  
    PS8_X0Y0             PS8                          0.000     0.000 r  system_i/zynq_ps/inst/PS8_i/PLCLK[0]
                         net (fo=1, routed)           0.122     0.122    system_i/zynq_ps/inst/pl_clk_unbuffered[0]
    BUFG_PS_X0Y80        BUFG_PS (Prop_BUFG_PS_I_O)
                                                      0.017     0.139 r  system_i/zynq_ps/inst/buffer_pl_clk_0.PL_CLK_0_BUFG/O
    X1Y2 (CLOCK_ROOT)    net (fo=25292, routed)       0.970     1.109    system_i/sc_ctrl/inst/clk_map/psr_aclk/U0/aclk
    SLICE_X59Y79         FDRE                                         r  system_i/sc_ctrl/inst/clk_map/psr_aclk/U0/ACTIVE_LOW_BSR_OUT_DFF[0].FDRE_BSR_N/C
  -------------------------------------------------------------------    -------------------
    SLICE_X59Y79         FDRE (Prop_DFF_SLICEL_C_Q)
                                                      0.039     1.148 r  system_i/sc_ctrl/inst/clk_map/psr_aclk/U0/ACTIVE_LOW_BSR_OUT_DFF[0].FDRE_BSR_N/Q
                         net (fo=27, routed)          0.131     1.279    system_i/sc_ctrl/inst/s00_entry_pipeline/s00_si_converter/inst/xpm_cdc_async_rst_inst/src_arst
    SLICE_X57Y80         FDCE                                         f  system_i/sc_ctrl/inst/s00_entry_pipeline/s00_si_converter/inst/xpm_cdc_async_rst_inst/arststages_ff_reg[1]/CLR  (IS_INVERTED)
  -------------------------------------------------------------------    -------------------

                         (clock clk_pl_0 rise edge)
                                                      0.000     0.000 r  
    PS8_X0Y0             PS8                          0.000     0.000 r  system_i/zynq_ps/inst/PS8_i/PLCLK[0]
                         net (fo=1, routed)           0.154     0.154    system_i/zynq_ps/inst/pl_clk_unbuffered[0]
    BUFG_PS_X0Y80        BUFG_PS (Prop_BUFG_PS_I_O)
                                                      0.018     0.172 r  system_i/zynq_ps/inst/buffer_pl_clk_0.PL_CLK_0_BUFG/O
    X1Y2 (CLOCK_ROOT)    net (fo=25292, routed)       1.107     1.279    system_i/sc_ctrl/inst/s00_entry_pipeline/s00_si_converter/inst/xpm_cdc_async_rst_inst/dest_clk
    SLICE_X57Y80         FDCE                                         r  system_i/sc_ctrl/inst/s00_entry_pipeline/s00_si_converter/inst/xpm_cdc_async_rst_inst/arststages_ff_reg[1]/C

Slack:                    inf
  Source:                 system_i/sc_ctrl/inst/clk_map/psr_aclk/U0/ACTIVE_LOW_BSR_OUT_DFF[0].FDRE_BSR_N/C
                            (rising edge-triggered cell FDRE clocked by clk_pl_0  {rise@0.000ns fall@2.667ns period=5.333ns})
  Destination:            system_i/sc_ctrl/inst/s00_entry_pipeline/s00_si_converter/inst/xpm_cdc_async_rst_inst/arststages_ff_reg[2]/CLR
                            (removal check against rising-edge clock clk_pl_0  {rise@0.000ns fall@2.667ns period=5.333ns})
  Path Group:             (none)
  Path Type:              Removal (Min at Fast Process Corner)
  Data Path Delay:        0.170ns  (logic 0.039ns (22.992%)  route 0.131ns (77.008%))
  Logic Levels:           0  
  Clock Path Skew:        0.170ns (DCD - SCD - CPR)
    Destination Clock Delay (DCD):    1.279ns
    Source Clock Delay      (SCD):    1.109ns
    Clock Pessimism Removal (CPR):    -0.000ns
  Clock Uncertainty:      0.112ns  ((TSJ^2 + DJ^2)^1/2) / 2 + PE
    Total System Jitter     (TSJ):    0.071ns
    Discrete Jitter          (DJ):    0.213ns
    Phase Error              (PE):    0.000ns
  Clock Net Delay (Source):      0.970ns (routing 0.311ns, distribution 0.659ns)
  Clock Net Delay (Destination): 1.107ns (routing 0.352ns, distribution 0.755ns)
  Timing Exception:       False Path

    Location             Delay type                Incr(ns)  Path(ns)    Netlist Resource(s)
  -------------------------------------------------------------------    -------------------
                         (clock clk_pl_0 rise edge)
                                                      0.000     0.000 r  
    PS8_X0Y0             PS8                          0.000     0.000 r  system_i/zynq_ps/inst/PS8_i/PLCLK[0]
                         net (fo=1, routed)           0.122     0.122    system_i/zynq_ps/inst/pl_clk_unbuffered[0]
    BUFG_PS_X0Y80        BUFG_PS (Prop_BUFG_PS_I_O)
                                                      0.017     0.139 r  system_i/zynq_ps/inst/buffer_pl_clk_0.PL_CLK_0_BUFG/O
    X1Y2 (CLOCK_ROOT)    net (fo=25292, routed)       0.970     1.109    system_i/sc_ctrl/inst/clk_map/psr_aclk/U0/aclk
    SLICE_X59Y79         FDRE                                         r  system_i/sc_ctrl/inst/clk_map/psr_aclk/U0/ACTIVE_LOW_BSR_OUT_DFF[0].FDRE_BSR_N/C
  -------------------------------------------------------------------    -------------------
    SLICE_X59Y79         FDRE (Prop_DFF_SLICEL_C_Q)
                                                      0.039     1.148 r  system_i/sc_ctrl/inst/clk_map/psr_aclk/U0/ACTIVE_LOW_BSR_OUT_DFF[0].FDRE_BSR_N/Q
                         net (fo=27, routed)          0.131     1.279    system_i/sc_ctrl/inst/s00_entry_pipeline/s00_si_converter/inst/xpm_cdc_async_rst_inst/src_arst
    SLICE_X57Y80         FDCE                                         f  system_i/sc_ctrl/inst/s00_entry_pipeline/s00_si_converter/inst/xpm_cdc_async_rst_inst/arststages_ff_reg[2]/CLR  (IS_INVERTED)
  -------------------------------------------------------------------    -------------------

                         (clock clk_pl_0 rise edge)
                                                      0.000     0.000 r  
    PS8_X0Y0             PS8                          0.000     0.000 r  system_i/zynq_ps/inst/PS8_i/PLCLK[0]
                         net (fo=1, routed)           0.154     0.154    system_i/zynq_ps/inst/pl_clk_unbuffered[0]
    BUFG_PS_X0Y80        BUFG_PS (Prop_BUFG_PS_I_O)
                                                      0.018     0.172 r  system_i/zynq_ps/inst/buffer_pl_clk_0.PL_CLK_0_BUFG/O
    X1Y2 (CLOCK_ROOT)    net (fo=25292, routed)       1.107     1.279    system_i/sc_ctrl/inst/s00_entry_pipeline/s00_si_converter/inst/xpm_cdc_async_rst_inst/dest_clk
    SLICE_X57Y80         FDCE                                         r  system_i/sc_ctrl/inst/s00_entry_pipeline/s00_si_converter/inst/xpm_cdc_async_rst_inst/arststages_ff_reg[2]/C

Slack:                    inf
  Source:                 system_i/sc_ctrl/inst/clk_map/psr_aclk/U0/ACTIVE_LOW_BSR_OUT_DFF[0].FDRE_BSR_N/C
                            (rising edge-triggered cell FDRE clocked by clk_pl_0  {rise@0.000ns fall@2.667ns period=5.333ns})
  Destination:            system_i/sc_ctrl/inst/m00_exit_pipeline/m00_exit/inst/xpm_cdc_async_rst_inst/arststages_ff_reg[0]/CLR
                            (removal check against rising-edge clock clk_pl_0  {rise@0.000ns fall@2.667ns period=5.333ns})
  Path Group:             (none)
  Path Type:              Removal (Min at Fast Process Corner)
  Data Path Delay:        0.173ns  (logic 0.039ns (22.571%)  route 0.134ns (77.429%))
  Logic Levels:           0  
  Clock Path Skew:        0.170ns (DCD - SCD - CPR)
    Destination Clock Delay (DCD):    1.279ns
    Source Clock Delay      (SCD):    1.109ns
    Clock Pessimism Removal (CPR):    -0.000ns
  Clock Uncertainty:      0.112ns  ((TSJ^2 + DJ^2)^1/2) / 2 + PE
    Total System Jitter     (TSJ):    0.071ns
    Discrete Jitter          (DJ):    0.213ns
    Phase Error              (PE):    0.000ns
  Clock Net Delay (Source):      0.970ns (routing 0.311ns, distribution 0.659ns)
  Clock Net Delay (Destination): 1.107ns (routing 0.352ns, distribution 0.755ns)
  Timing Exception:       False Path

    Location             Delay type                Incr(ns)  Path(ns)    Netlist Resource(s)
  -------------------------------------------------------------------    -------------------
                         (clock clk_pl_0 rise edge)
                                                      0.000     0.000 r  
    PS8_X0Y0             PS8                          0.000     0.000 r  system_i/zynq_ps/inst/PS8_i/PLCLK[0]
                         net (fo=1, routed)           0.122     0.122    system_i/zynq_ps/inst/pl_clk_unbuffered[0]
    BUFG_PS_X0Y80        BUFG_PS (Prop_BUFG_PS_I_O)
                                                      0.017     0.139 r  system_i/zynq_ps/inst/buffer_pl_clk_0.PL_CLK_0_BUFG/O
    X1Y2 (CLOCK_ROOT)    net (fo=25292, routed)       0.970     1.109    system_i/sc_ctrl/inst/clk_map/psr_aclk/U0/aclk
    SLICE_X59Y79         FDRE                                         r  system_i/sc_ctrl/inst/clk_map/psr_aclk/U0/ACTIVE_LOW_BSR_OUT_DFF[0].FDRE_BSR_N/C
  -------------------------------------------------------------------    -------------------
    SLICE_X59Y79         FDRE (Prop_DFF_SLICEL_C_Q)
                                                      0.039     1.148 r  system_i/sc_ctrl/inst/clk_map/psr_aclk/U0/ACTIVE_LOW_BSR_OUT_DFF[0].FDRE_BSR_N/Q
                         net (fo=27, routed)          0.134     1.282    system_i/sc_ctrl/inst/m00_exit_pipeline/m00_exit/inst/xpm_cdc_async_rst_inst/src_arst
    SLICE_X56Y75         FDCE                                         f  system_i/sc_ctrl/inst/m00_exit_pipeline/m00_exit/inst/xpm_cdc_async_rst_inst/arststages_ff_reg[0]/CLR  (IS_INVERTED)
  -------------------------------------------------------------------    -------------------

                         (clock clk_pl_0 rise edge)
                                                      0.000     0.000 r  
    PS8_X0Y0             PS8                          0.000     0.000 r  system_i/zynq_ps/inst/PS8_i/PLCLK[0]
                         net (fo=1, routed)           0.154     0.154    system_i/zynq_ps/inst/pl_clk_unbuffered[0]
    BUFG_PS_X0Y80        BUFG_PS (Prop_BUFG_PS_I_O)
                                                      0.018     0.172 r  system_i/zynq_ps/inst/buffer_pl_clk_0.PL_CLK_0_BUFG/O
    X1Y2 (CLOCK_ROOT)    net (fo=25292, routed)       1.107     1.279    system_i/sc_ctrl/inst/m00_exit_pipeline/m00_exit/inst/xpm_cdc_async_rst_inst/dest_clk
    SLICE_X56Y75         FDCE                                         r  system_i/sc_ctrl/inst/m00_exit_pipeline/m00_exit/inst/xpm_cdc_async_rst_inst/arststages_ff_reg[0]/C

Slack:                    inf
  Source:                 system_i/sc_ctrl/inst/clk_map/psr_aclk/U0/ACTIVE_LOW_BSR_OUT_DFF[0].FDRE_BSR_N/C
                            (rising edge-triggered cell FDRE clocked by clk_pl_0  {rise@0.000ns fall@2.667ns period=5.333ns})
  Destination:            system_i/sc_ctrl/inst/m00_exit_pipeline/m00_exit/inst/xpm_cdc_async_rst_inst/arststages_ff_reg[1]/CLR
                            (removal check against rising-edge clock clk_pl_0  {rise@0.000ns fall@2.667ns period=5.333ns})
  Path Group:             (none)
  Path Type:              Removal (Min at Fast Process Corner)
  Data Path Delay:        0.173ns  (logic 0.039ns (22.571%)  route 0.134ns (77.429%))
  Logic Levels:           0  
  Clock Path Skew:        0.170ns (DCD - SCD - CPR)
    Destination Clock Delay (DCD):    1.279ns
    Source Clock Delay      (SCD):    1.109ns
    Clock Pessimism Removal (CPR):    -0.000ns
  Clock Uncertainty:      0.112ns  ((TSJ^2 + DJ^2)^1/2) / 2 + PE
    Total System Jitter     (TSJ):    0.071ns
    Discrete Jitter          (DJ):    0.213ns
    Phase Error              (PE):    0.000ns
  Clock Net Delay (Source):      0.970ns (routing 0.311ns, distribution 0.659ns)
  Clock Net Delay (Destination): 1.107ns (routing 0.352ns, distribution 0.755ns)
  Timing Exception:       False Path

    Location             Delay type                Incr(ns)  Path(ns)    Netlist Resource(s)
  -------------------------------------------------------------------    -------------------
                         (clock clk_pl_0 rise edge)
                                                      0.000     0.000 r  
    PS8_X0Y0             PS8                          0.000     0.000 r  system_i/zynq_ps/inst/PS8_i/PLCLK[0]
                         net (fo=1, routed)           0.122     0.122    system_i/zynq_ps/inst/pl_clk_unbuffered[0]
    BUFG_PS_X0Y80        BUFG_PS (Prop_BUFG_PS_I_O)
                                                      0.017     0.139 r  system_i/zynq_ps/inst/buffer_pl_clk_0.PL_CLK_0_BUFG/O
    X1Y2 (CLOCK_ROOT)    net (fo=25292, routed)       0.970     1.109    system_i/sc_ctrl/inst/clk_map/psr_aclk/U0/aclk
    SLICE_X59Y79         FDRE                                         r  system_i/sc_ctrl/inst/clk_map/psr_aclk/U0/ACTIVE_LOW_BSR_OUT_DFF[0].FDRE_BSR_N/C
  -------------------------------------------------------------------    -------------------
    SLICE_X59Y79         FDRE (Prop_DFF_SLICEL_C_Q)
                                                      0.039     1.148 r  system_i/sc_ctrl/inst/clk_map/psr_aclk/U0/ACTIVE_LOW_BSR_OUT_DFF[0].FDRE_BSR_N/Q
                         net (fo=27, routed)          0.134     1.282    system_i/sc_ctrl/inst/m00_exit_pipeline/m00_exit/inst/xpm_cdc_async_rst_inst/src_arst
    SLICE_X56Y75         FDCE                                         f  system_i/sc_ctrl/inst/m00_exit_pipeline/m00_exit/inst/xpm_cdc_async_rst_inst/arststages_ff_reg[1]/CLR  (IS_INVERTED)
  -------------------------------------------------------------------    -------------------

                         (clock clk_pl_0 rise edge)
                                                      0.000     0.000 r  
    PS8_X0Y0             PS8                          0.000     0.000 r  system_i/zynq_ps/inst/PS8_i/PLCLK[0]
                         net (fo=1, routed)           0.154     0.154    system_i/zynq_ps/inst/pl_clk_unbuffered[0]
    BUFG_PS_X0Y80        BUFG_PS (Prop_BUFG_PS_I_O)
                                                      0.018     0.172 r  system_i/zynq_ps/inst/buffer_pl_clk_0.PL_CLK_0_BUFG/O
    X1Y2 (CLOCK_ROOT)    net (fo=25292, routed)       1.107     1.279    system_i/sc_ctrl/inst/m00_exit_pipeline/m00_exit/inst/xpm_cdc_async_rst_inst/dest_clk
    SLICE_X56Y75         FDCE                                         r  system_i/sc_ctrl/inst/m00_exit_pipeline/m00_exit/inst/xpm_cdc_async_rst_inst/arststages_ff_reg[1]/C

Slack:                    inf
  Source:                 system_i/sc_ctrl/inst/clk_map/psr_aclk/U0/ACTIVE_LOW_BSR_OUT_DFF[0].FDRE_BSR_N/C
                            (rising edge-triggered cell FDRE clocked by clk_pl_0  {rise@0.000ns fall@2.667ns period=5.333ns})
  Destination:            system_i/sc_ctrl/inst/m00_exit_pipeline/m00_exit/inst/xpm_cdc_async_rst_inst/arststages_ff_reg[2]/CLR
                            (removal check against rising-edge clock clk_pl_0  {rise@0.000ns fall@2.667ns period=5.333ns})
  Path Group:             (none)
  Path Type:              Removal (Min at Fast Process Corner)
  Data Path Delay:        0.173ns  (logic 0.039ns (22.571%)  route 0.134ns (77.429%))
  Logic Levels:           0  
  Clock Path Skew:        0.170ns (DCD - SCD - CPR)
    Destination Clock Delay (DCD):    1.279ns
    Source Clock Delay      (SCD):    1.109ns
    Clock Pessimism Removal (CPR):    -0.000ns
  Clock Uncertainty:      0.112ns  ((TSJ^2 + DJ^2)^1/2) / 2 + PE
    Total System Jitter     (TSJ):    0.071ns
    Discrete Jitter          (DJ):    0.213ns
    Phase Error              (PE):    0.000ns
  Clock Net Delay (Source):      0.970ns (routing 0.311ns, distribution 0.659ns)
  Clock Net Delay (Destination): 1.107ns (routing 0.352ns, distribution 0.755ns)
  Timing Exception:       False Path

    Location             Delay type                Incr(ns)  Path(ns)    Netlist Resource(s)
  -------------------------------------------------------------------    -------------------
                         (clock clk_pl_0 rise edge)
                                                      0.000     0.000 r  
    PS8_X0Y0             PS8                          0.000     0.000 r  system_i/zynq_ps/inst/PS8_i/PLCLK[0]
                         net (fo=1, routed)           0.122     0.122    system_i/zynq_ps/inst/pl_clk_unbuffered[0]
    BUFG_PS_X0Y80        BUFG_PS (Prop_BUFG_PS_I_O)
                                                      0.017     0.139 r  system_i/zynq_ps/inst/buffer_pl_clk_0.PL_CLK_0_BUFG/O
    X1Y2 (CLOCK_ROOT)    net (fo=25292, routed)       0.970     1.109    system_i/sc_ctrl/inst/clk_map/psr_aclk/U0/aclk
    SLICE_X59Y79         FDRE                                         r  system_i/sc_ctrl/inst/clk_map/psr_aclk/U0/ACTIVE_LOW_BSR_OUT_DFF[0].FDRE_BSR_N/C
  -------------------------------------------------------------------    -------------------
    SLICE_X59Y79         FDRE (Prop_DFF_SLICEL_C_Q)
                                                      0.039     1.148 r  system_i/sc_ctrl/inst/clk_map/psr_aclk/U0/ACTIVE_LOW_BSR_OUT_DFF[0].FDRE_BSR_N/Q
                         net (fo=27, routed)          0.134     1.282    system_i/sc_ctrl/inst/m00_exit_pipeline/m00_exit/inst/xpm_cdc_async_rst_inst/src_arst
    SLICE_X56Y75         FDCE                                         f  system_i/sc_ctrl/inst/m00_exit_pipeline/m00_exit/inst/xpm_cdc_async_rst_inst/arststages_ff_reg[2]/CLR  (IS_INVERTED)
  -------------------------------------------------------------------    -------------------

                         (clock clk_pl_0 rise edge)
                                                      0.000     0.000 r  
    PS8_X0Y0             PS8                          0.000     0.000 r  system_i/zynq_ps/inst/PS8_i/PLCLK[0]
                         net (fo=1, routed)           0.154     0.154    system_i/zynq_ps/inst/pl_clk_unbuffered[0]
    BUFG_PS_X0Y80        BUFG_PS (Prop_BUFG_PS_I_O)
                                                      0.018     0.172 r  system_i/zynq_ps/inst/buffer_pl_clk_0.PL_CLK_0_BUFG/O
    X1Y2 (CLOCK_ROOT)    net (fo=25292, routed)       1.107     1.279    system_i/sc_ctrl/inst/m00_exit_pipeline/m00_exit/inst/xpm_cdc_async_rst_inst/dest_clk
    SLICE_X56Y75         FDCE                                         r  system_i/sc_ctrl/inst/m00_exit_pipeline/m00_exit/inst/xpm_cdc_async_rst_inst/arststages_ff_reg[2]/C

Slack:                    inf
  Source:                 system_i/sc_ctrl/inst/clk_map/psr_aclk/U0/ACTIVE_LOW_BSR_OUT_DFF[0].FDRE_BSR_N/C
                            (rising edge-triggered cell FDRE clocked by clk_pl_0  {rise@0.000ns fall@2.667ns period=5.333ns})
  Destination:            system_i/sc_ctrl/inst/s00_nodes/s00_w_node/inst/s_sc_xpm_cdc_async_rst_inst/arststages_ff_reg[0]/CLR
                            (removal check against rising-edge clock clk_pl_0  {rise@0.000ns fall@2.667ns period=5.333ns})
  Path Group:             (none)
  Path Type:              Removal (Min at Fast Process Corner)
  Data Path Delay:        0.222ns  (logic 0.039ns (17.581%)  route 0.183ns (82.419%))
  Logic Levels:           0  
  Clock Path Skew:        0.178ns (DCD - SCD - CPR)
    Destination Clock Delay (DCD):    1.287ns
    Source Clock Delay      (SCD):    1.109ns
    Clock Pessimism Removal (CPR):    -0.000ns
  Clock Uncertainty:      0.112ns  ((TSJ^2 + DJ^2)^1/2) / 2 + PE
    Total System Jitter     (TSJ):    0.071ns
    Discrete Jitter          (DJ):    0.213ns
    Phase Error              (PE):    0.000ns
  Clock Net Delay (Source):      0.970ns (routing 0.311ns, distribution 0.659ns)
  Clock Net Delay (Destination): 1.115ns (routing 0.352ns, distribution 0.763ns)
  Timing Exception:       False Path

    Location             Delay type                Incr(ns)  Path(ns)    Netlist Resource(s)
  -------------------------------------------------------------------    -------------------
                         (clock clk_pl_0 rise edge)
                                                      0.000     0.000 r  
    PS8_X0Y0             PS8                          0.000     0.000 r  system_i/zynq_ps/inst/PS8_i/PLCLK[0]
                         net (fo=1, routed)           0.122     0.122    system_i/zynq_ps/inst/pl_clk_unbuffered[0]
    BUFG_PS_X0Y80        BUFG_PS (Prop_BUFG_PS_I_O)
                                                      0.017     0.139 r  system_i/zynq_ps/inst/buffer_pl_clk_0.PL_CLK_0_BUFG/O
    X1Y2 (CLOCK_ROOT)    net (fo=25292, routed)       0.970     1.109    system_i/sc_ctrl/inst/clk_map/psr_aclk/U0/aclk
    SLICE_X59Y79         FDRE                                         r  system_i/sc_ctrl/inst/clk_map/psr_aclk/U0/ACTIVE_LOW_BSR_OUT_DFF[0].FDRE_BSR_N/C
  -------------------------------------------------------------------    -------------------
    SLICE_X59Y79         FDRE (Prop_DFF_SLICEL_C_Q)
                                                      0.039     1.148 r  system_i/sc_ctrl/inst/clk_map/psr_aclk/U0/ACTIVE_LOW_BSR_OUT_DFF[0].FDRE_BSR_N/Q
                         net (fo=27, routed)          0.183     1.331    system_i/sc_ctrl/inst/s00_nodes/s00_w_node/inst/s_sc_xpm_cdc_async_rst_inst/src_arst
    SLICE_X55Y75         FDCE                                         f  system_i/sc_ctrl/inst/s00_nodes/s00_w_node/inst/s_sc_xpm_cdc_async_rst_inst/arststages_ff_reg[0]/CLR  (IS_INVERTED)
  -------------------------------------------------------------------    -------------------

                         (clock clk_pl_0 rise edge)
                                                      0.000     0.000 r  
    PS8_X0Y0             PS8                          0.000     0.000 r  system_i/zynq_ps/inst/PS8_i/PLCLK[0]
                         net (fo=1, routed)           0.154     0.154    system_i/zynq_ps/inst/pl_clk_unbuffered[0]
    BUFG_PS_X0Y80        BUFG_PS (Prop_BUFG_PS_I_O)
                                                      0.018     0.172 r  system_i/zynq_ps/inst/buffer_pl_clk_0.PL_CLK_0_BUFG/O
    X1Y2 (CLOCK_ROOT)    net (fo=25292, routed)       1.115     1.287    system_i/sc_ctrl/inst/s00_nodes/s00_w_node/inst/s_sc_xpm_cdc_async_rst_inst/dest_clk
    SLICE_X55Y75         FDCE                                         r  system_i/sc_ctrl/inst/s00_nodes/s00_w_node/inst/s_sc_xpm_cdc_async_rst_inst/arststages_ff_reg[0]/C

Slack:                    inf
  Source:                 system_i/sc_ctrl/inst/clk_map/psr_aclk/U0/ACTIVE_LOW_BSR_OUT_DFF[0].FDRE_BSR_N/C
                            (rising edge-triggered cell FDRE clocked by clk_pl_0  {rise@0.000ns fall@2.667ns period=5.333ns})
  Destination:            system_i/sc_ctrl/inst/s00_nodes/s00_w_node/inst/s_sc_xpm_cdc_async_rst_inst/arststages_ff_reg[1]/CLR
                            (removal check against rising-edge clock clk_pl_0  {rise@0.000ns fall@2.667ns period=5.333ns})
  Path Group:             (none)
  Path Type:              Removal (Min at Fast Process Corner)
  Data Path Delay:        0.222ns  (logic 0.039ns (17.581%)  route 0.183ns (82.419%))
  Logic Levels:           0  
  Clock Path Skew:        0.178ns (DCD - SCD - CPR)
    Destination Clock Delay (DCD):    1.287ns
    Source Clock Delay      (SCD):    1.109ns
    Clock Pessimism Removal (CPR):    -0.000ns
  Clock Uncertainty:      0.112ns  ((TSJ^2 + DJ^2)^1/2) / 2 + PE
    Total System Jitter     (TSJ):    0.071ns
    Discrete Jitter          (DJ):    0.213ns
    Phase Error              (PE):    0.000ns
  Clock Net Delay (Source):      0.970ns (routing 0.311ns, distribution 0.659ns)
  Clock Net Delay (Destination): 1.115ns (routing 0.352ns, distribution 0.763ns)
  Timing Exception:       False Path

    Location             Delay type                Incr(ns)  Path(ns)    Netlist Resource(s)
  -------------------------------------------------------------------    -------------------
                         (clock clk_pl_0 rise edge)
                                                      0.000     0.000 r  
    PS8_X0Y0             PS8                          0.000     0.000 r  system_i/zynq_ps/inst/PS8_i/PLCLK[0]
                         net (fo=1, routed)           0.122     0.122    system_i/zynq_ps/inst/pl_clk_unbuffered[0]
    BUFG_PS_X0Y80        BUFG_PS (Prop_BUFG_PS_I_O)
                                                      0.017     0.139 r  system_i/zynq_ps/inst/buffer_pl_clk_0.PL_CLK_0_BUFG/O
    X1Y2 (CLOCK_ROOT)    net (fo=25292, routed)       0.970     1.109    system_i/sc_ctrl/inst/clk_map/psr_aclk/U0/aclk
    SLICE_X59Y79         FDRE                                         r  system_i/sc_ctrl/inst/clk_map/psr_aclk/U0/ACTIVE_LOW_BSR_OUT_DFF[0].FDRE_BSR_N/C
  -------------------------------------------------------------------    -------------------
    SLICE_X59Y79         FDRE (Prop_DFF_SLICEL_C_Q)
                                                      0.039     1.148 r  system_i/sc_ctrl/inst/clk_map/psr_aclk/U0/ACTIVE_LOW_BSR_OUT_DFF[0].FDRE_BSR_N/Q
                         net (fo=27, routed)          0.183     1.331    system_i/sc_ctrl/inst/s00_nodes/s00_w_node/inst/s_sc_xpm_cdc_async_rst_inst/src_arst
    SLICE_X55Y75         FDCE                                         f  system_i/sc_ctrl/inst/s00_nodes/s00_w_node/inst/s_sc_xpm_cdc_async_rst_inst/arststages_ff_reg[1]/CLR  (IS_INVERTED)
  -------------------------------------------------------------------    -------------------

                         (clock clk_pl_0 rise edge)
                                                      0.000     0.000 r  
    PS8_X0Y0             PS8                          0.000     0.000 r  system_i/zynq_ps/inst/PS8_i/PLCLK[0]
                         net (fo=1, routed)           0.154     0.154    system_i/zynq_ps/inst/pl_clk_unbuffered[0]
    BUFG_PS_X0Y80        BUFG_PS (Prop_BUFG_PS_I_O)
                                                      0.018     0.172 r  system_i/zynq_ps/inst/buffer_pl_clk_0.PL_CLK_0_BUFG/O
    X1Y2 (CLOCK_ROOT)    net (fo=25292, routed)       1.115     1.287    system_i/sc_ctrl/inst/s00_nodes/s00_w_node/inst/s_sc_xpm_cdc_async_rst_inst/dest_clk
    SLICE_X55Y75         FDCE                                         r  system_i/sc_ctrl/inst/s00_nodes/s00_w_node/inst/s_sc_xpm_cdc_async_rst_inst/arststages_ff_reg[1]/C

Slack:                    inf
  Source:                 system_i/sc_ctrl/inst/clk_map/psr_aclk/U0/ACTIVE_LOW_BSR_OUT_DFF[0].FDRE_BSR_N/C
                            (rising edge-triggered cell FDRE clocked by clk_pl_0  {rise@0.000ns fall@2.667ns period=5.333ns})
  Destination:            system_i/sc_ctrl/inst/s00_nodes/s00_w_node/inst/s_sc_xpm_cdc_async_rst_inst/arststages_ff_reg[2]/CLR
                            (removal check against rising-edge clock clk_pl_0  {rise@0.000ns fall@2.667ns period=5.333ns})
  Path Group:             (none)
  Path Type:              Removal (Min at Fast Process Corner)
  Data Path Delay:        0.222ns  (logic 0.039ns (17.581%)  route 0.183ns (82.419%))
  Logic Levels:           0  
  Clock Path Skew:        0.178ns (DCD - SCD - CPR)
    Destination Clock Delay (DCD):    1.287ns
    Source Clock Delay      (SCD):    1.109ns
    Clock Pessimism Removal (CPR):    -0.000ns
  Clock Uncertainty:      0.112ns  ((TSJ^2 + DJ^2)^1/2) / 2 + PE
    Total System Jitter     (TSJ):    0.071ns
    Discrete Jitter          (DJ):    0.213ns
    Phase Error              (PE):    0.000ns
  Clock Net Delay (Source):      0.970ns (routing 0.311ns, distribution 0.659ns)
  Clock Net Delay (Destination): 1.115ns (routing 0.352ns, distribution 0.763ns)
  Timing Exception:       False Path

    Location             Delay type                Incr(ns)  Path(ns)    Netlist Resource(s)
  -------------------------------------------------------------------    -------------------
                         (clock clk_pl_0 rise edge)
                                                      0.000     0.000 r  
    PS8_X0Y0             PS8                          0.000     0.000 r  system_i/zynq_ps/inst/PS8_i/PLCLK[0]
                         net (fo=1, routed)           0.122     0.122    system_i/zynq_ps/inst/pl_clk_unbuffered[0]
    BUFG_PS_X0Y80        BUFG_PS (Prop_BUFG_PS_I_O)
                                                      0.017     0.139 r  system_i/zynq_ps/inst/buffer_pl_clk_0.PL_CLK_0_BUFG/O
    X1Y2 (CLOCK_ROOT)    net (fo=25292, routed)       0.970     1.109    system_i/sc_ctrl/inst/clk_map/psr_aclk/U0/aclk
    SLICE_X59Y79         FDRE                                         r  system_i/sc_ctrl/inst/clk_map/psr_aclk/U0/ACTIVE_LOW_BSR_OUT_DFF[0].FDRE_BSR_N/C
  -------------------------------------------------------------------    -------------------
    SLICE_X59Y79         FDRE (Prop_DFF_SLICEL_C_Q)
                                                      0.039     1.148 r  system_i/sc_ctrl/inst/clk_map/psr_aclk/U0/ACTIVE_LOW_BSR_OUT_DFF[0].FDRE_BSR_N/Q
                         net (fo=27, routed)          0.183     1.331    system_i/sc_ctrl/inst/s00_nodes/s00_w_node/inst/s_sc_xpm_cdc_async_rst_inst/src_arst
    SLICE_X55Y75         FDCE                                         f  system_i/sc_ctrl/inst/s00_nodes/s00_w_node/inst/s_sc_xpm_cdc_async_rst_inst/arststages_ff_reg[2]/CLR  (IS_INVERTED)
  -------------------------------------------------------------------    -------------------

                         (clock clk_pl_0 rise edge)
                                                      0.000     0.000 r  
    PS8_X0Y0             PS8                          0.000     0.000 r  system_i/zynq_ps/inst/PS8_i/PLCLK[0]
                         net (fo=1, routed)           0.154     0.154    system_i/zynq_ps/inst/pl_clk_unbuffered[0]
    BUFG_PS_X0Y80        BUFG_PS (Prop_BUFG_PS_I_O)
                                                      0.018     0.172 r  system_i/zynq_ps/inst/buffer_pl_clk_0.PL_CLK_0_BUFG/O
    X1Y2 (CLOCK_ROOT)    net (fo=25292, routed)       1.115     1.287    system_i/sc_ctrl/inst/s00_nodes/s00_w_node/inst/s_sc_xpm_cdc_async_rst_inst/dest_clk
    SLICE_X55Y75         FDCE                                         r  system_i/sc_ctrl/inst/s00_nodes/s00_w_node/inst/s_sc_xpm_cdc_async_rst_inst/arststages_ff_reg[2]/C

Slack:                    inf
  Source:                 system_i/sc_ctrl/inst/clk_map/psr_aclk/U0/ACTIVE_LOW_BSR_OUT_DFF[0].FDRE_BSR_N/C
                            (rising edge-triggered cell FDRE clocked by clk_pl_0  {rise@0.000ns fall@2.667ns period=5.333ns})
  Destination:            system_i/sc_ctrl/inst/s00_nodes/s00_aw_node/inst/s_sc_xpm_cdc_async_rst_inst/arststages_ff_reg[0]/CLR
                            (removal check against rising-edge clock clk_pl_0  {rise@0.000ns fall@2.667ns period=5.333ns})
  Path Group:             (none)
  Path Type:              Removal (Min at Fast Process Corner)
  Data Path Delay:        0.225ns  (logic 0.039ns (17.316%)  route 0.186ns (82.684%))
  Logic Levels:           0  
  Clock Path Skew:        0.171ns (DCD - SCD - CPR)
    Destination Clock Delay (DCD):    1.280ns
    Source Clock Delay      (SCD):    1.109ns
    Clock Pessimism Removal (CPR):    -0.000ns
  Clock Uncertainty:      0.112ns  ((TSJ^2 + DJ^2)^1/2) / 2 + PE
    Total System Jitter     (TSJ):    0.071ns
    Discrete Jitter          (DJ):    0.213ns
    Phase Error              (PE):    0.000ns
  Clock Net Delay (Source):      0.970ns (routing 0.311ns, distribution 0.659ns)
  Clock Net Delay (Destination): 1.108ns (routing 0.352ns, distribution 0.756ns)
  Timing Exception:       False Path

    Location             Delay type                Incr(ns)  Path(ns)    Netlist Resource(s)
  -------------------------------------------------------------------    -------------------
                         (clock clk_pl_0 rise edge)
                                                      0.000     0.000 r  
    PS8_X0Y0             PS8                          0.000     0.000 r  system_i/zynq_ps/inst/PS8_i/PLCLK[0]
                         net (fo=1, routed)           0.122     0.122    system_i/zynq_ps/inst/pl_clk_unbuffered[0]
    BUFG_PS_X0Y80        BUFG_PS (Prop_BUFG_PS_I_O)
                                                      0.017     0.139 r  system_i/zynq_ps/inst/buffer_pl_clk_0.PL_CLK_0_BUFG/O
    X1Y2 (CLOCK_ROOT)    net (fo=25292, routed)       0.970     1.109    system_i/sc_ctrl/inst/clk_map/psr_aclk/U0/aclk
    SLICE_X59Y79         FDRE                                         r  system_i/sc_ctrl/inst/clk_map/psr_aclk/U0/ACTIVE_LOW_BSR_OUT_DFF[0].FDRE_BSR_N/C
  -------------------------------------------------------------------    -------------------
    SLICE_X59Y79         FDRE (Prop_DFF_SLICEL_C_Q)
                                                      0.039     1.148 r  system_i/sc_ctrl/inst/clk_map/psr_aclk/U0/ACTIVE_LOW_BSR_OUT_DFF[0].FDRE_BSR_N/Q
                         net (fo=27, routed)          0.186     1.334    system_i/sc_ctrl/inst/s00_nodes/s00_aw_node/inst/s_sc_xpm_cdc_async_rst_inst/src_arst
    SLICE_X56Y63         FDCE                                         f  system_i/sc_ctrl/inst/s00_nodes/s00_aw_node/inst/s_sc_xpm_cdc_async_rst_inst/arststages_ff_reg[0]/CLR  (IS_INVERTED)
  -------------------------------------------------------------------    -------------------

                         (clock clk_pl_0 rise edge)
                                                      0.000     0.000 r  
    PS8_X0Y0             PS8                          0.000     0.000 r  system_i/zynq_ps/inst/PS8_i/PLCLK[0]
                         net (fo=1, routed)           0.154     0.154    system_i/zynq_ps/inst/pl_clk_unbuffered[0]
    BUFG_PS_X0Y80        BUFG_PS (Prop_BUFG_PS_I_O)
                                                      0.018     0.172 r  system_i/zynq_ps/inst/buffer_pl_clk_0.PL_CLK_0_BUFG/O
    X1Y2 (CLOCK_ROOT)    net (fo=25292, routed)       1.108     1.280    system_i/sc_ctrl/inst/s00_nodes/s00_aw_node/inst/s_sc_xpm_cdc_async_rst_inst/dest_clk
    SLICE_X56Y63         FDCE                                         r  system_i/sc_ctrl/inst/s00_nodes/s00_aw_node/inst/s_sc_xpm_cdc_async_rst_inst/arststages_ff_reg[0]/C





