Copyright 1986-2022 Xilinx, Inc. All Rights Reserved. Copyright 2022-2024 Advanced Micro Devices, Inc. All Rights Reserved.
---------------------------------------------------------------------------------------------------------------------------------------------
| Tool Version : Vivado v.2024.1 (win64) Build 5076996 Wed May 22 18:37:14 MDT 2024
| Date         : Mon Sep 28 02:06:47 2026
| Host         : Gaurav running 64-bit major release  (build 9200)
| Command      : report_control_sets -verbose -file system_wrapper_control_sets_placed.rpt
| Design       : system_wrapper
| Device       : xczu7ev
---------------------------------------------------------------------------------------------------------------------------------------------

Control Set Information

Table of Contents
-----------------
1. Summary
2. Histogram
3. Flip-Flop Distribution
4. Detailed Control Set Information

1. Summary
----------

+----------------------------------------------------------+-------+
|                          Status                          | Count |
+----------------------------------------------------------+-------+
| Total control sets                                       |   339 |
|    Minimum number of control sets                        |   339 |
|    Addition due to synthesis replication                 |     0 |
|    Addition due to physical synthesis replication        |     0 |
| Unused register locations in slices containing registers |   290 |
+----------------------------------------------------------+-------+
* Control sets can be merged at opt_design using control_set_merge or merge_equivalent_drivers
** Run report_qor_suggestions for automated merging and remapping suggestions


2. Histogram
------------

+--------------------+-------+
|       Fanout       | Count |
+--------------------+-------+
| Total control sets |   339 |
| >= 0 to < 4        |    78 |
| >= 4 to < 6        |    28 |
| >= 6 to < 8        |    10 |
| >= 8 to < 10       |    67 |
| >= 10 to < 12      |     2 |
| >= 12 to < 14      |     6 |
| >= 14 to < 16      |     1 |
| >= 16              |   147 |
+--------------------+-------+
* Control sets can be remapped at either synth_design or opt_design


3. Flip-Flop Distribution
-------------------------

+--------------+-----------------------+------------------------+-----------------+--------------+
| Clock Enable | Synchronous Set/Reset | Asynchronous Set/Reset | Total Registers | Total Slices |
+--------------+-----------------------+------------------------+-----------------+--------------+
| No           | No                    | No                     |           13516 |         3265 |
| No           | No                    | Yes                    |              54 |           17 |
| No           | Yes                   | No                     |            1501 |          348 |
| Yes          | No                    | No                     |            5405 |          820 |
| Yes          | No                    | Yes                    |               0 |            0 |
| Yes          | Yes                   | No                     |            3134 |          603 |
+--------------+-----------------------+------------------------+-----------------+--------------+


4. Detailed Control Set Information
-----------------------------------

+--------------------------------+----------------------------------------------------------------------------------------------------------------------------------------------------------------------------------------------------------+-------------------------------------------------------------------------------------------------------------------------------------------------------+------------------+----------------+--------------+
|          Clock Signal          |                                                                                               Enable Signal                                                                                              |                                                                    Set/Reset Signal                                                                   | Slice Load Count | Bel Load Count | Bels / Slice |
+--------------------------------+----------------------------------------------------------------------------------------------------------------------------------------------------------------------------------------------------------+-------------------------------------------------------------------------------------------------------------------------------------------------------+------------------+----------------+--------------+
|  system_i/zynq_ps/inst/pl_clk0 |                                                                                                                                                                                                          | system_i/sc_mem/inst/s00_nodes/s00_r_node/inst/mi_handler_m_sc_areset                                                                                 |                1 |              1 |         1.00 |
|  system_i/zynq_ps/inst/pl_clk0 |                                                                                                                                                                                                          | system_i/sc_mem/inst/s00_nodes/s00_ar_node/inst/s_sc_areset_pipe                                                                                      |                1 |              1 |         1.00 |
|  system_i/zynq_ps/inst/pl_clk0 |                                                                                                                                                                                                          | system_i/sc_ctrl/inst/s00_nodes/s00_b_node/inst/s_sc_areset_pipe                                                                                      |                1 |              1 |         1.00 |
|  system_i/zynq_ps/inst/pl_clk0 |                                                                                                                                                                                                          | system_i/sc_mem/inst/s00_nodes/s00_w_node/inst/s_sc_areset_pipe                                                                                       |                1 |              1 |         1.00 |
|  system_i/zynq_ps/inst/pl_clk0 |                                                                                                                                                                                                          | system_i/sc_ctrl/inst/s00_nodes/s00_r_node/inst/s_sc_areset_pipe                                                                                      |                1 |              1 |         1.00 |
|  system_i/zynq_ps/inst/pl_clk0 | system_i/sc_mem/inst/s00_entry_pipeline/s00_si_converter/inst/converter.wrap_narrow_inst/ar_reg_slice/state                                                                                              | system_i/sc_mem/inst/s00_entry_pipeline/s00_si_converter/inst/areset                                                                                  |                1 |              1 |         1.00 |
|  system_i/zynq_ps/inst/pl_clk0 |                                                                                                                                                                                                          | system_i/sc_mem/inst/s00_nodes/s00_aw_node/inst/s_sc_areset_pipe                                                                                      |                1 |              1 |         1.00 |
|  system_i/zynq_ps/inst/pl_clk0 | system_i/sc_mem/inst/s00_entry_pipeline/s00_si_converter/inst/converter.wrap_narrow_inst/aw_reg_slice/state                                                                                              | system_i/sc_mem/inst/s00_entry_pipeline/s00_si_converter/inst/areset                                                                                  |                1 |              1 |         1.00 |
|  system_i/zynq_ps/inst/pl_clk0 | system_i/sc_mem/inst/s00_entry_pipeline/s00_si_converter/inst/converter.wrap_narrow_inst/w_payld_fifo/cmd_fifo/gen_srls[0].srl_nx1/gen_pipelined.state_reg[1]                                            |                                                                                                                                                       |                1 |              1 |         1.00 |
|  system_i/zynq_ps/inst/pl_clk0 |                                                                                                                                                                                                          | system_i/sc_mem/inst/s00_nodes/s00_aw_node/inst/mi_handler_m_sc_areset                                                                                |                1 |              1 |         1.00 |
|  system_i/zynq_ps/inst/pl_clk0 |                                                                                                                                                                                                          | system_i/sc_mem/inst/s00_nodes/s00_r_node/inst/s_sc_areset_pipe                                                                                       |                1 |              1 |         1.00 |
|  system_i/zynq_ps/inst/pl_clk0 |                                                                                                                                                                                                          | system_i/sc_mem/inst/s00_nodes/s00_b_node/inst/mi_handler_m_sc_areset                                                                                 |                1 |              1 |         1.00 |
|  system_i/zynq_ps/inst/pl_clk0 |                                                                                                                                                                                                          | system_i/sc_mem/inst/s00_nodes/s00_b_node/inst/s_sc_areset_pipe                                                                                       |                1 |              1 |         1.00 |
|  system_i/zynq_ps/inst/pl_clk0 |                                                                                                                                                                                                          | system_i/sc_ctrl/inst/s00_nodes/s00_w_node/inst/s_sc_areset_pipe                                                                                      |                1 |              1 |         1.00 |
|  system_i/zynq_ps/inst/pl_clk0 |                                                                                                                                                                                                          | system_i/sc_mem/inst/s00_nodes/s00_w_node/inst/mi_handler_m_sc_areset                                                                                 |                1 |              1 |         1.00 |
|  system_i/zynq_ps/inst/pl_clk0 |                                                                                                                                                                                                          | system_i/sc_ctrl/inst/s00_nodes/s00_ar_node/inst/s_sc_areset_pipe                                                                                     |                1 |              1 |         1.00 |
|  system_i/zynq_ps/inst/pl_clk0 |                                                                                                                                                                                                          | system_i/sc_mem/inst/s00_nodes/s00_ar_node/inst/mi_handler_m_sc_areset                                                                                |                1 |              1 |         1.00 |
|  system_i/zynq_ps/inst/pl_clk0 |                                                                                                                                                                                                          | system_i/sc_ctrl/inst/s00_nodes/s00_aw_node/inst/s_sc_areset_pipe                                                                                     |                1 |              1 |         1.00 |
|  system_i/zynq_ps/inst/pl_clk0 | system_i/sc_mem/inst/s00_entry_pipeline/s00_si_converter/inst/converter.wrap_narrow_inst/w_payld_fifo/w_payld_push_d                                                                                     | system_i/sc_mem/inst/s00_entry_pipeline/s00_si_converter/inst/areset                                                                                  |                1 |              2 |         2.00 |
|  system_i/zynq_ps/inst/pl_clk0 | system_i/sc_mem/inst/s00_entry_pipeline/s00_si_converter/inst/converter.wrap_narrow_inst/w_cmd_fifo/gen_srls[11].srl_nx1/shift_qual                                                                      |                                                                                                                                                       |                1 |              2 |         2.00 |
|  system_i/zynq_ps/inst/pl_clk0 | system_i/sc_mem/inst/s00_entry_pipeline/s00_si_converter/inst/converter.wrap_narrow_inst/w_payld_fifo/cmd_fifo/cmd_len_qq                                                                                | system_i/sc_mem/inst/s00_entry_pipeline/s00_si_converter/inst/areset                                                                                  |                1 |              2 |         2.00 |
|  system_i/zynq_ps/inst/pl_clk0 |                                                                                                                                                                                                          | system_i/sc_ctrl/inst/m00_exit_pipeline/m00_exit/inst/exit_inst/gen_r_cmd_reg.aresetn_d_reg_n_0_[0]                                                   |                1 |              2 |         2.00 |
|  system_i/zynq_ps/inst/pl_clk0 | system_i/sc_ctrl/inst/s00_entry_pipeline/s00_mmu/inst/aw_reg_stall/E[0]                                                                                                                                  | system_i/sc_ctrl/inst/s00_entry_pipeline/s00_mmu/inst/areset                                                                                          |                1 |              2 |         2.00 |
|  system_i/zynq_ps/inst/pl_clk0 |                                                                                                                                                                                                          | system_i/sc_ctrl/inst/m00_exit_pipeline/m00_exit/inst/areset                                                                                          |                1 |              2 |         2.00 |
|  system_i/zynq_ps/inst/pl_clk0 |                                                                                                                                                                                                          | system_i/sc_ctrl/inst/s00_entry_pipeline/s00_mmu/inst/areset_d                                                                                        |                1 |              2 |         2.00 |
|  system_i/zynq_ps/inst/pl_clk0 | system_i/sc_mem/inst/s00_entry_pipeline/s00_mmu/inst/aw_reg_stall/E[0]                                                                                                                                   | system_i/sc_mem/inst/s00_entry_pipeline/s00_mmu/inst/areset                                                                                           |                1 |              2 |         2.00 |
|  system_i/zynq_ps/inst/pl_clk0 |                                                                                                                                                                                                          | system_i/yolo_accel/inst/u_core/u_ll/SR[0]                                                                                                            |                1 |              2 |         2.00 |
|  system_i/zynq_ps/inst/pl_clk0 |                                                                                                                                                                                                          | system_i/sc_ctrl/inst/s00_entry_pipeline/s00_transaction_regulator/inst/areset                                                                        |                1 |              2 |         2.00 |
|  system_i/zynq_ps/inst/pl_clk0 |                                                                                                                                                                                                          | system_i/sc_ctrl/inst/s00_entry_pipeline/s00_transaction_regulator/inst/gen_endpoint.gen_w_singleorder.w_singleorder/gen_id_reg.aresetn_d_reg_n_0_[0] |                2 |              2 |         1.00 |
|  system_i/zynq_ps/inst/pl_clk0 |                                                                                                                                                                                                          | system_i/sc_ctrl/inst/s00_nodes/s00_w_node/inst/inst_mi_handler/areset_r                                                                              |                1 |              2 |         2.00 |
|  system_i/zynq_ps/inst/pl_clk0 |                                                                                                                                                                                                          | system_i/sc_ctrl/inst/s00_nodes/s00_ar_node/inst/inst_mi_handler/areset_r                                                                             |                1 |              2 |         2.00 |
|  system_i/zynq_ps/inst/pl_clk0 |                                                                                                                                                                                                          | system_i/sc_ctrl/inst/s00_nodes/s00_aw_node/inst/inst_mi_handler/areset_r                                                                             |                1 |              2 |         2.00 |
|  system_i/zynq_ps/inst/pl_clk0 |                                                                                                                                                                                                          | system_i/sc_ctrl/inst/s00_nodes/s00_b_node/inst/inst_mi_handler/areset_r                                                                              |                1 |              2 |         2.00 |
|  system_i/zynq_ps/inst/pl_clk0 |                                                                                                                                                                                                          | system_i/sc_ctrl/inst/s00_nodes/s00_r_node/inst/inst_mi_handler/areset_r                                                                              |                1 |              2 |         2.00 |
|  system_i/zynq_ps/inst/pl_clk0 | system_i/sc_ctrl/inst/s00_entry_pipeline/s00_mmu/inst/ar_reg_stall/E[0]                                                                                                                                  | system_i/sc_ctrl/inst/s00_entry_pipeline/s00_mmu/inst/areset                                                                                          |                1 |              2 |         2.00 |
|  system_i/zynq_ps/inst/pl_clk0 | system_i/sc_mem/inst/s00_entry_pipeline/s00_mmu/inst/ar_reg_stall/E[0]                                                                                                                                   | system_i/sc_mem/inst/s00_entry_pipeline/s00_mmu/inst/areset                                                                                           |                1 |              2 |         2.00 |
|  system_i/zynq_ps/inst/pl_clk0 |                                                                                                                                                                                                          | system_i/sc_mem/inst/s00_entry_pipeline/s00_mmu/inst/areset_d                                                                                         |                2 |              2 |         1.00 |
|  system_i/zynq_ps/inst/pl_clk0 | system_i/yolo_accel/inst/u_core/u_wr/E[0]                                                                                                                                                                | system_i/yolo_accel/inst/u_core/u_wr/sp[1]_i_1_n_0                                                                                                    |                1 |              2 |         2.00 |
|  system_i/zynq_ps/inst/pl_clk0 |                                                                                                                                                                                                          | system_i/sc_mem/inst/s00_entry_pipeline/s00_transaction_regulator/inst/areset                                                                         |                2 |              2 |         1.00 |
|  system_i/zynq_ps/inst/pl_clk0 |                                                                                                                                                                                                          | system_i/sc_mem/inst/s00_nodes/s00_ar_node/inst/inst_mi_handler/m_sc_areset_r                                                                         |                2 |              2 |         1.00 |
|  system_i/zynq_ps/inst/pl_clk0 |                                                                                                                                                                                                          | system_i/sc_mem/inst/s00_nodes/s00_ar_node/inst/inst_mi_handler/areset_r                                                                              |                2 |              2 |         1.00 |
|  system_i/zynq_ps/inst/pl_clk0 |                                                                                                                                                                                                          | system_i/sc_mem/inst/s00_nodes/s00_aw_node/inst/inst_mi_handler/areset_r                                                                              |                2 |              2 |         1.00 |
|  system_i/zynq_ps/inst/pl_clk0 |                                                                                                                                                                                                          | system_i/sc_mem/inst/s00_nodes/s00_aw_node/inst/inst_mi_handler/m_sc_areset_r                                                                         |                2 |              2 |         1.00 |
|  system_i/zynq_ps/inst/pl_clk0 |                                                                                                                                                                                                          | system_i/sc_mem/inst/s00_nodes/s00_b_node/inst/inst_mi_handler/m_sc_areset_r                                                                          |                2 |              2 |         1.00 |
|  system_i/zynq_ps/inst/pl_clk0 |                                                                                                                                                                                                          | system_i/sc_mem/inst/s00_nodes/s00_r_node/inst/inst_mi_handler/m_sc_areset_r                                                                          |                2 |              2 |         1.00 |
|  system_i/zynq_ps/inst/pl_clk0 |                                                                                                                                                                                                          | system_i/sc_mem/inst/s00_nodes/s00_r_node/inst/inst_mi_handler/areset_r                                                                               |                2 |              2 |         1.00 |
|  system_i/zynq_ps/inst/pl_clk0 |                                                                                                                                                                                                          | system_i/sc_mem/inst/s00_nodes/s00_w_node/inst/inst_mi_handler/m_sc_areset_r                                                                          |                2 |              2 |         1.00 |
|  system_i/zynq_ps/inst/pl_clk0 |                                                                                                                                                                                                          | system_i/sc_mem/inst/s00_nodes/s00_w_node/inst/inst_mi_handler/areset_r                                                                               |                2 |              2 |         1.00 |
|  system_i/zynq_ps/inst/pl_clk0 |                                                                                                                                                                                                          | system_i/yolo_accel/inst/u_core/u_regs/w_got_i_1_n_0                                                                                                  |                1 |              2 |         2.00 |
|  system_i/zynq_ps/inst/pl_clk0 | system_i/yolo_accel/inst/u_core/u_wl/E[0]                                                                                                                                                                | system_i/rst_pl0/U0/peripheral_aresetn[0]                                                                                                             |                2 |              2 |         1.00 |
|  system_i/zynq_ps/inst/pl_clk0 | system_i/sc_ctrl/inst/s00_entry_pipeline/s00_si_converter/inst/gen_axilite_conv.axilite_conv_inst/r_state                                                                                                | system_i/sc_ctrl/inst/s00_entry_pipeline/s00_si_converter/inst/areset                                                                                 |                2 |              2 |         1.00 |
|  system_i/zynq_ps/inst/pl_clk0 | system_i/sc_ctrl/inst/s00_entry_pipeline/s00_si_converter/inst/gen_axilite_conv.axilite_conv_inst/s_r_pointer[1]_i_1_n_0                                                                                 | system_i/sc_ctrl/inst/s00_entry_pipeline/s00_si_converter/inst/areset                                                                                 |                1 |              2 |         2.00 |
|  system_i/zynq_ps/inst/pl_clk0 | system_i/sc_ctrl/inst/s00_entry_pipeline/s00_si_converter/inst/gen_axilite_conv.axilite_conv_inst/w_size_mask[1]_i_1_n_0                                                                                 |                                                                                                                                                       |                1 |              2 |         2.00 |
|  system_i/zynq_ps/inst/pl_clk0 | system_i/sc_mem/inst/s00_entry_pipeline/s00_si_converter/inst/converter.wrap_narrow_inst/w_cmd_fifo/gen_pipelined.mesg_reg                                                                               |                                                                                                                                                       |                1 |              2 |         2.00 |
|  system_i/zynq_ps/inst/pl_clk0 | system_i/sc_mem/inst/s00_entry_pipeline/s00_si_converter/inst/converter.wrap_narrow_inst/gen_thread_loop[0].r_payld_fifo/cmd_fifo/gen_pipelined.state                                                    | system_i/sc_mem/inst/s00_entry_pipeline/s00_si_converter/inst/areset                                                                                  |                1 |              3 |         3.00 |
|  system_i/zynq_ps/inst/pl_clk0 | system_i/sc_mem/inst/s00_entry_pipeline/s00_si_converter/inst/converter.wrap_narrow_inst/w_payld_fifo/cmd_fifo/gen_pipelined.state                                                                       | system_i/sc_mem/inst/s00_entry_pipeline/s00_si_converter/inst/areset                                                                                  |                1 |              3 |         3.00 |
|  system_i/zynq_ps/inst/pl_clk0 | system_i/sc_mem/inst/s00_entry_pipeline/s00_mmu/inst/gen_endpoint.decerr_slave_inst/FSM_onehot_gen_axi.gen_write.write_cs[2]_i_1_n_0                                                                     | system_i/sc_mem/inst/s00_entry_pipeline/s00_mmu/inst/areset                                                                                           |                1 |              3 |         3.00 |
|  system_i/zynq_ps/inst/pl_clk0 | system_i/sc_ctrl/inst/s00_entry_pipeline/s00_mmu/inst/gen_endpoint.decerr_slave_inst/FSM_onehot_gen_axi.gen_write.write_cs[2]_i_1_n_0                                                                    | system_i/sc_ctrl/inst/s00_entry_pipeline/s00_mmu/inst/areset                                                                                          |                1 |              3 |         3.00 |
|  system_i/zynq_ps/inst/pl_clk0 |                                                                                                                                                                                                          | system_i/yolo_accel/inst/u_core/u_wr/wb                                                                                                               |                2 |              3 |         1.50 |
|  system_i/zynq_ps/inst/pl_clk0 | system_i/sc_mem/inst/s00_entry_pipeline/s00_si_converter/inst/converter.wrap_narrow_inst/w_payld_fifo/cmd_fifo/cmd_active_reg                                                                            |                                                                                                                                                       |                1 |              3 |         3.00 |
|  system_i/zynq_ps/inst/pl_clk0 | system_i/sc_mem/inst/s00_entry_pipeline/s00_si_converter/inst/gen_normal.splitter_inst/gen_no_wsplitter.gen_endpoint_woffset.gen_wbypass_offset_fifo.wbypass_offset_fifo/gen_srls[7].srl_nx1/shift_qual  |                                                                                                                                                       |                1 |              3 |         3.00 |
|  system_i/zynq_ps/inst/pl_clk0 | system_i/sc_ctrl/inst/s00_entry_pipeline/s00_si_converter/inst/gen_axilite_conv.axilite_conv_inst/w_state                                                                                                | system_i/sc_ctrl/inst/s00_entry_pipeline/s00_si_converter/inst/areset                                                                                 |                1 |              3 |         3.00 |
|  system_i/zynq_ps/inst/pl_clk0 | system_i/sc_mem/inst/s00_entry_pipeline/s00_transaction_regulator/inst/gen_endpoint.gen_r_singleorder.r_singleorder/gen_id_fifo.singleorder_fifo/gen_pipelined.state[2]_i_1__0_n_0                       | system_i/sc_mem/inst/s00_entry_pipeline/s00_transaction_regulator/inst/areset                                                                         |                1 |              3 |         3.00 |
|  system_i/zynq_ps/inst/pl_clk0 | system_i/yolo_accel/inst/u_core/u_ll/rr                                                                                                                                                                  | system_i/yolo_accel/inst/u_core/u_ll/SR[0]                                                                                                            |                2 |              3 |         1.50 |
|  system_i/zynq_ps/inst/pl_clk0 | system_i/sc_mem/inst/m00_exit_pipeline/m00_exit/inst/exit_inst/gen_w_cmd_fifo.w_cmd_fifo/gen_pipelined.state[2]_i_1__0_n_0                                                                               | system_i/sc_mem/inst/m00_exit_pipeline/m00_exit/inst/areset                                                                                           |                2 |              3 |         1.50 |
|  system_i/zynq_ps/inst/pl_clk0 | system_i/sc_ctrl/inst/s00_entry_pipeline/s00_mmu/inst/aw_reg_stall/state                                                                                                                                 | system_i/sc_ctrl/inst/s00_entry_pipeline/s00_mmu/inst/areset                                                                                          |                1 |              3 |         3.00 |
|  system_i/zynq_ps/inst/pl_clk0 | system_i/sc_mem/inst/s00_entry_pipeline/s00_mmu/inst/ar_reg_stall/state                                                                                                                                  | system_i/sc_mem/inst/s00_entry_pipeline/s00_mmu/inst/areset                                                                                           |                2 |              3 |         1.50 |
|  system_i/zynq_ps/inst/pl_clk0 | system_i/sc_mem/inst/m00_exit_pipeline/m00_exit/inst/exit_inst/gen_r_cmd_fifo.r_cmd_fifo/gen_pipelined.state[2]_i_1_n_0                                                                                  | system_i/sc_mem/inst/m00_exit_pipeline/m00_exit/inst/areset                                                                                           |                2 |              3 |         1.50 |
|  system_i/zynq_ps/inst/pl_clk0 | system_i/sc_ctrl/inst/s00_entry_pipeline/s00_si_converter/inst/gen_axilite_conv.axilite_conv_inst/aw_incr_0                                                                                              | system_i/sc_ctrl/inst/s00_entry_pipeline/s00_si_converter/inst/areset                                                                                 |                1 |              3 |         3.00 |
|  system_i/zynq_ps/inst/pl_clk0 | system_i/sc_mem/inst/s00_entry_pipeline/s00_si_converter/inst/converter.wrap_narrow_inst/w_cmd_fifo/gen_pipelined.state                                                                                  | system_i/sc_mem/inst/s00_entry_pipeline/s00_si_converter/inst/areset                                                                                  |                2 |              3 |         1.50 |
|  system_i/zynq_ps/inst/pl_clk0 | system_i/sc_mem/inst/s00_entry_pipeline/s00_si_converter/inst/gen_normal.splitter_inst/gen_no_wsplitter.gen_endpoint_woffset.gen_wbypass_offset_fifo.wbypass_offset_fifo/gen_pipelined.mesg_reg_0        |                                                                                                                                                       |                1 |              3 |         3.00 |
|  system_i/zynq_ps/inst/pl_clk0 | system_i/sc_mem/inst/s00_entry_pipeline/s00_transaction_regulator/inst/gen_endpoint.gen_w_singleorder.w_singleorder/gen_id_fifo.singleorder_fifo/gen_pipelined.state[2]_i_1_n_0                          | system_i/sc_mem/inst/s00_entry_pipeline/s00_transaction_regulator/inst/areset                                                                         |                2 |              3 |         1.50 |
|  system_i/zynq_ps/inst/pl_clk0 | system_i/sc_mem/inst/s00_entry_pipeline/s00_si_converter/inst/gen_normal.splitter_inst/gen_no_wsplitter.gen_endpoint_woffset.gen_wbypass_offset_fifo.wbypass_offset_fifo/gen_pipelined.state             | system_i/sc_mem/inst/s00_entry_pipeline/s00_si_converter/inst/areset                                                                                  |                2 |              3 |         1.50 |
|  system_i/zynq_ps/inst/pl_clk0 | system_i/sc_ctrl/inst/s00_entry_pipeline/s00_mmu/inst/ar_reg_stall/state                                                                                                                                 | system_i/sc_ctrl/inst/s00_entry_pipeline/s00_mmu/inst/areset                                                                                          |                1 |              3 |         3.00 |
|  system_i/zynq_ps/inst/pl_clk0 | system_i/sc_mem/inst/s00_entry_pipeline/s00_si_converter/inst/converter.wrap_narrow_inst/gen_thread_loop[0].r_cmd_fifo/gen_pipelined.state                                                               | system_i/sc_mem/inst/s00_entry_pipeline/s00_si_converter/inst/areset                                                                                  |                1 |              3 |         3.00 |
|  system_i/zynq_ps/inst/pl_clk0 | system_i/sc_mem/inst/s00_entry_pipeline/s00_mmu/inst/aw_reg_stall/state                                                                                                                                  | system_i/sc_mem/inst/s00_entry_pipeline/s00_mmu/inst/areset                                                                                           |                1 |              3 |         3.00 |
|  system_i/zynq_ps/inst/pl_clk0 |                                                                                                                                                                                                          | system_i/sc_mem/inst/m00_exit_pipeline/m00_exit/inst/areset                                                                                           |                3 |              3 |         1.00 |
|  system_i/zynq_ps/inst/pl_clk0 | system_i/sc_mem/inst/s00_entry_pipeline/s00_si_converter/inst/converter.wrap_narrow_inst/gen_thread_loop[0].r_payld_fifo/cmd_fifo/cmd_active_reg                                                         |                                                                                                                                                       |                1 |              3 |         3.00 |
|  system_i/zynq_ps/inst/pl_clk0 |                                                                                                                                                                                                          | system_i/sc_ctrl/inst/clk_map/psr_aclk/U0/EXT_LPF/lpf_int                                                                                             |                2 |              4 |         2.00 |
|  system_i/zynq_ps/inst/pl_clk0 | system_i/sc_mem/inst/s00_entry_pipeline/s00_transaction_regulator/inst/gen_endpoint.gen_r_singleorder.r_singleorder/gen_id_fifo.singleorder_fifo/fifoaddr[3]_i_1_n_0                                     | system_i/sc_mem/inst/s00_entry_pipeline/s00_transaction_regulator/inst/areset                                                                         |                1 |              4 |         4.00 |
|  system_i/zynq_ps/inst/pl_clk0 | system_i/sc_mem/inst/s00_entry_pipeline/s00_si_converter/inst/converter.wrap_narrow_inst/w_cmd_fifo/w_payld_push119_out                                                                                  | system_i/sc_mem/inst/s00_entry_pipeline/s00_si_converter/inst/converter.wrap_narrow_inst/w_cmd_fifo/SR[0]                                             |                2 |              4 |         2.00 |
|  system_i/zynq_ps/inst/pl_clk0 | system_i/yolo_accel/inst/u_core/u_eng/kx[3]_i_2_n_0                                                                                                                                                      | system_i/yolo_accel/inst/u_core/u_eng/kx[3]_i_1_n_0                                                                                                   |                1 |              4 |         4.00 |
|  system_i/zynq_ps/inst/pl_clk0 | system_i/sc_mem/inst/s00_entry_pipeline/s00_si_converter/inst/converter.wrap_narrow_inst/w_cmd_fifo/fifoaddr[3]_i_1__2_n_0                                                                               | system_i/sc_mem/inst/s00_entry_pipeline/s00_si_converter/inst/areset                                                                                  |                1 |              4 |         4.00 |
|  system_i/zynq_ps/inst/pl_clk0 | system_i/yolo_accel/inst/u_core/u_eng/ky[3]_i_2_n_0                                                                                                                                                      | system_i/yolo_accel/inst/u_core/u_eng/ky[3]_i_1_n_0                                                                                                   |                2 |              4 |         2.00 |
|  system_i/zynq_ps/inst/pl_clk0 | system_i/yolo_accel/inst/u_core/CEB2                                                                                                                                                                     | system_i/rst_pl0/U0/peripheral_aresetn[0]                                                                                                             |                3 |              4 |         1.33 |
|  system_i/zynq_ps/inst/pl_clk0 | system_i/yolo_accel/inst/u_core/u_eng/u_of/rp0                                                                                                                                                           | system_i/rst_pl0/U0/peripheral_aresetn[0]                                                                                                             |                1 |              4 |         4.00 |
|  system_i/zynq_ps/inst/pl_clk0 | system_i/yolo_accel/inst/u_core/u_eng/u_of/cst_reg[2][0]                                                                                                                                                 | system_i/rst_pl0/U0/peripheral_aresetn[0]                                                                                                             |                1 |              4 |         4.00 |
|  system_i/zynq_ps/inst/pl_clk0 | system_i/yolo_accel/inst/u_core/u_eng/u_of/v_reg[4]__0[0]                                                                                                                                                | system_i/rst_pl0/U0/peripheral_aresetn[0]                                                                                                             |                2 |              4 |         2.00 |
|  system_i/zynq_ps/inst/pl_clk0 | system_i/sc_mem/inst/s00_entry_pipeline/s00_si_converter/inst/converter.wrap_narrow_inst/gen_thread_loop[0].r_cmd_fifo/fifoaddr[3]_i_1_n_0                                                               | system_i/sc_mem/inst/s00_entry_pipeline/s00_si_converter/inst/areset                                                                                  |                2 |              4 |         2.00 |
|  system_i/zynq_ps/inst/pl_clk0 | system_i/sc_mem/inst/s00_entry_pipeline/s00_transaction_regulator/inst/gen_endpoint.gen_w_singleorder.w_singleorder/gen_id_fifo.singleorder_fifo/fifoaddr[3]_i_1__0_n_0                                  | system_i/sc_mem/inst/s00_entry_pipeline/s00_transaction_regulator/inst/areset                                                                         |                1 |              4 |         4.00 |
|  system_i/zynq_ps/inst/pl_clk0 | system_i/sc_mem/inst/s00_entry_pipeline/s00_si_converter/inst/converter.wrap_narrow_inst/w_payld_fifo/cmd_fifo/fifoaddr[3]_i_1__3_n_0                                                                    | system_i/sc_mem/inst/s00_entry_pipeline/s00_si_converter/inst/areset                                                                                  |                2 |              4 |         2.00 |
|  system_i/zynq_ps/inst/pl_clk0 |                                                                                                                                                                                                          | system_i/sc_mem/inst/clk_map/psr_aclk/U0/EXT_LPF/lpf_int                                                                                              |                2 |              4 |         2.00 |
|  system_i/zynq_ps/inst/pl_clk0 | system_i/sc_mem/inst/m00_exit_pipeline/m00_exit/inst/exit_inst/gen_w_cmd_fifo.w_cmd_fifo/fifoaddr[3]_i_1__0_n_0                                                                                          | system_i/sc_mem/inst/m00_exit_pipeline/m00_exit/inst/areset                                                                                           |                1 |              4 |         4.00 |
|  system_i/zynq_ps/inst/pl_clk0 | system_i/sc_mem/inst/s00_entry_pipeline/s00_si_converter/inst/converter.wrap_narrow_inst/gen_thread_loop[0].r_payld_fifo/cmd_fifo/fifoaddr[3]_i_1__0_n_0                                                 | system_i/sc_mem/inst/s00_entry_pipeline/s00_si_converter/inst/areset                                                                                  |                1 |              4 |         4.00 |
|  system_i/zynq_ps/inst/pl_clk0 | system_i/sc_mem/inst/s00_entry_pipeline/s00_si_converter/inst/converter.wrap_narrow_inst/w_payld_fifo/E[0]                                                                                               | system_i/sc_mem/inst/s00_entry_pipeline/s00_si_converter/inst/areset                                                                                  |                1 |              4 |         4.00 |
|  system_i/zynq_ps/inst/pl_clk0 | system_i/sc_mem/inst/s00_entry_pipeline/s00_si_converter/inst/converter.wrap_narrow_inst/gen_thread_loop[0].r_payld_fifo/r_acceptance_reg[0][0]                                                          | system_i/sc_mem/inst/s00_entry_pipeline/s00_si_converter/inst/areset                                                                                  |                1 |              4 |         4.00 |
|  system_i/zynq_ps/inst/pl_clk0 | system_i/sc_mem/inst/m00_exit_pipeline/m00_exit/inst/exit_inst/gen_r_cmd_fifo.r_cmd_fifo/fifoaddr[3]_i_1_n_0                                                                                             | system_i/sc_mem/inst/m00_exit_pipeline/m00_exit/inst/areset                                                                                           |                2 |              4 |         2.00 |
|  system_i/zynq_ps/inst/pl_clk0 | system_i/sc_mem/inst/s00_entry_pipeline/s00_si_converter/inst/converter.wrap_narrow_inst/gen_thread_loop[0].r_payld_fifo/fifoaddr                                                                        | system_i/sc_mem/inst/s00_entry_pipeline/s00_si_converter/inst/areset                                                                                  |                2 |              5 |         2.50 |
|  system_i/zynq_ps/inst/pl_clk0 | system_i/sc_mem/inst/s00_entry_pipeline/s00_mmu/inst/gen_endpoint.b_cnt[4]_i_1_n_0                                                                                                                       | system_i/sc_mem/inst/s00_entry_pipeline/s00_mmu/inst/areset_d                                                                                         |                2 |              5 |         2.50 |
|  system_i/zynq_ps/inst/pl_clk0 |                                                                                                                                                                                                          | system_i/rst_pl0/U0/EXT_LPF/lpf_int                                                                                                                   |                2 |              5 |         2.50 |
|  system_i/zynq_ps/inst/pl_clk0 | system_i/yolo_accel/inst/u_core/u_wl/o                                                                                                                                                                   | system_i/yolo_accel/inst/u_core/u_wl/pcnt                                                                                                             |                1 |              5 |         5.00 |
|  system_i/zynq_ps/inst/pl_clk0 | system_i/sc_mem/inst/s00_entry_pipeline/s00_mmu/inst/ar_reg_stall/state_reg[s_ready_i]_0[0]                                                                                                              | system_i/sc_mem/inst/s00_entry_pipeline/s00_mmu/inst/areset                                                                                           |                1 |              5 |         5.00 |
|  system_i/zynq_ps/inst/pl_clk0 | system_i/sc_mem/inst/s00_entry_pipeline/s00_mmu/inst/gen_endpoint.w_cnt[4]_i_1_n_0                                                                                                                       | system_i/sc_mem/inst/s00_entry_pipeline/s00_mmu/inst/areset_d                                                                                         |                1 |              5 |         5.00 |
|  system_i/zynq_ps/inst/pl_clk0 | system_i/sc_mem/inst/s00_entry_pipeline/s00_si_converter/inst/converter.wrap_narrow_inst/w_payld_fifo/fifoaddr                                                                                           | system_i/sc_mem/inst/s00_entry_pipeline/s00_si_converter/inst/areset                                                                                  |                2 |              5 |         2.50 |
|  system_i/zynq_ps/inst/pl_clk0 | system_i/sc_mem/inst/m00_exit_pipeline/m00_exit/inst/exit_inst/gen_r_cmd_fifo.r_cmd_fifo/gen_srls[16].srl_nx1/shift                                                                                      |                                                                                                                                                       |                1 |              5 |         5.00 |
|  system_i/zynq_ps/inst/pl_clk0 | system_i/sc_mem/inst/m00_exit_pipeline/m00_exit/inst/exit_inst/gen_r_cmd_fifo.r_cmd_fifo/gen_pipelined.load_mesg                                                                                         |                                                                                                                                                       |                3 |              5 |         1.67 |
|  system_i/zynq_ps/inst/pl_clk0 | system_i/sc_ctrl/inst/clk_map/psr_aclk/U0/SEQ/seq_cnt_en                                                                                                                                                 | system_i/sc_ctrl/inst/clk_map/psr_aclk/U0/SEQ/seq_clr                                                                                                 |                1 |              6 |         6.00 |
|  system_i/zynq_ps/inst/pl_clk0 | system_i/sc_mem/inst/s00_nodes/s00_b_node/inst/inst_mi_handler/gen_normal_area.inst_fifo_node_payld/gen_xpm_memory_fifo.inst_fifo/gen_mem_rep[0].inst_rd_addrb/rd_addrb_incr                             | system_i/sc_mem/inst/s00_nodes/s00_b_node/inst/inst_mi_handler/m_sc_areset_r                                                                          |                2 |              6 |         3.00 |
|  system_i/zynq_ps/inst/pl_clk0 |                                                                                                                                                                                                          | system_i/yolo_accel/inst/u_core/dsc_reg[ups_n_0_]                                                                                                     |                5 |              6 |         1.20 |
|  system_i/zynq_ps/inst/pl_clk0 | system_i/rst_pl0/U0/SEQ/seq_cnt_en                                                                                                                                                                       | system_i/rst_pl0/U0/SEQ/seq_clr                                                                                                                       |                1 |              6 |         6.00 |
|  system_i/zynq_ps/inst/pl_clk0 | system_i/sc_ctrl/inst/s00_entry_pipeline/s00_si_converter/inst/gen_axilite_conv.axilite_conv_inst/ar_addr_d[7]_i_1_n_0                                                                                   | system_i/sc_ctrl/inst/s00_entry_pipeline/s00_si_converter/inst/areset                                                                                 |                2 |              6 |         3.00 |
|  system_i/zynq_ps/inst/pl_clk0 | system_i/sc_ctrl/inst/s00_nodes/s00_ar_node/inst/inst_mi_handler/gen_normal_area.inst_fifo_node_payld/gen_reg_fifo.inst_reg_fifo/gen_single_rank.data[118]_i_1_n_0                                       |                                                                                                                                                       |                2 |              6 |         3.00 |
|  system_i/zynq_ps/inst/pl_clk0 | system_i/yolo_accel/inst/u_core/u_regs/aw_got0                                                                                                                                                           | system_i/rst_pl0/U0/peripheral_aresetn[0]                                                                                                             |                2 |              6 |         3.00 |
|  system_i/zynq_ps/inst/pl_clk0 | system_i/yolo_accel/inst/u_core/u_wl/pcnt[5]_i_2_n_0                                                                                                                                                     | system_i/yolo_accel/inst/u_core/u_wl/pcnt                                                                                                             |                1 |              6 |         6.00 |
|  system_i/zynq_ps/inst/pl_clk0 | system_i/sc_ctrl/inst/s00_nodes/s00_aw_node/inst/inst_mi_handler/gen_normal_area.inst_fifo_node_payld/gen_reg_fifo.inst_reg_fifo/gen_single_rank.data[118]_i_1_n_0                                       |                                                                                                                                                       |                2 |              6 |         3.00 |
|  system_i/zynq_ps/inst/pl_clk0 | system_i/sc_mem/inst/clk_map/psr_aclk/U0/SEQ/seq_cnt_en                                                                                                                                                  | system_i/sc_mem/inst/clk_map/psr_aclk/U0/SEQ/seq_clr                                                                                                  |                2 |              6 |         3.00 |
|  system_i/zynq_ps/inst/pl_clk0 |                                                                                                                                                                                                          | system_i/sc_ctrl/inst/s00_entry_pipeline/s00_mmu/inst/areset                                                                                          |                6 |              8 |         1.33 |
|  system_i/zynq_ps/inst/pl_clk0 | system_i/yolo_accel/inst/u_core/u_eng/u_of/E[0]                                                                                                                                                          | system_i/rst_pl0/U0/peripheral_aresetn[0]                                                                                                             |                5 |              8 |         1.60 |
|  system_i/zynq_ps/inst/pl_clk0 |                                                                                                                                                                                                          | system_i/yolo_accel/inst/u_core/u_eng/u_ep/g_lane[13].y50                                                                                             |                2 |              8 |         4.00 |
|  system_i/zynq_ps/inst/pl_clk0 |                                                                                                                                                                                                          | system_i/sc_mem/inst/s00_entry_pipeline/s00_mmu/inst/areset                                                                                           |                5 |              8 |         1.60 |
|  system_i/zynq_ps/inst/pl_clk0 |                                                                                                                                                                                                          | system_i/yolo_accel/inst/u_core/u_eng/u_ep/g_lane[9].y50                                                                                              |                2 |              8 |         4.00 |
|  system_i/zynq_ps/inst/pl_clk0 |                                                                                                                                                                                                          | system_i/yolo_accel/inst/u_core/u_eng/u_ep/g_lane[6].y5_reg[7]_i_1_n_4                                                                                |                2 |              8 |         4.00 |
|  system_i/zynq_ps/inst/pl_clk0 |                                                                                                                                                                                                          | system_i/yolo_accel/inst/u_core/u_eng/u_ep/g_lane[12].y50                                                                                             |                1 |              8 |         8.00 |
|  system_i/zynq_ps/inst/pl_clk0 |                                                                                                                                                                                                          | system_i/yolo_accel/inst/u_core/u_eng/u_ep/g_lane[11].y5_reg[7]_i_1_n_4                                                                               |                3 |              8 |         2.67 |
|  system_i/zynq_ps/inst/pl_clk0 |                                                                                                                                                                                                          | system_i/yolo_accel/inst/u_core/u_eng/u_ep/g_lane[5].y5_reg[7]_i_1_n_4                                                                                |                3 |              8 |         2.67 |
|  system_i/zynq_ps/inst/pl_clk0 | system_i/sc_mem/inst/s00_entry_pipeline/s00_mmu/inst/gen_endpoint.decerr_slave_inst/gen_axi.gen_read.read_cnt[7]_i_1_n_0                                                                                 | system_i/sc_mem/inst/s00_entry_pipeline/s00_mmu/inst/areset                                                                                           |                3 |              8 |         2.67 |
|  system_i/zynq_ps/inst/pl_clk0 | system_i/yolo_accel/inst/u_core/u_eng/sel                                                                                                                                                                | system_i/yolo_accel/inst/u_core/u_eng/c[7]_i_1_n_0                                                                                                    |                1 |              8 |         8.00 |
|  system_i/zynq_ps/inst/pl_clk0 |                                                                                                                                                                                                          | system_i/yolo_accel/inst/u_core/u_eng/u_ep/g_lane[4].y5_reg[7]_i_1_n_4                                                                                |                3 |              8 |         2.67 |
|  system_i/zynq_ps/inst/pl_clk0 | system_i/sc_ctrl/inst/s00_entry_pipeline/s00_mmu/inst/gen_endpoint.decerr_slave_inst/gen_axi.gen_read.read_cnt[7]_i_1_n_0                                                                                | system_i/sc_ctrl/inst/s00_entry_pipeline/s00_mmu/inst/areset                                                                                          |                2 |              8 |         4.00 |
|  system_i/zynq_ps/inst/pl_clk0 | system_i/sc_mem/inst/s00_entry_pipeline/s00_si_converter/inst/converter.wrap_narrow_inst/w_payld_fifo/w_subst_mask_reg[2]_0                                                                              | system_i/sc_mem/inst/s00_entry_pipeline/s00_si_converter/inst/converter.wrap_narrow_inst/w_payld_fifo/w_fill_mask_reg[2]                              |                1 |              8 |         8.00 |
|  system_i/zynq_ps/inst/pl_clk0 |                                                                                                                                                                                                          | system_i/yolo_accel/inst/u_core/u_eng/u_ep/g_lane[3].y5_reg[7]_i_1_n_4                                                                                |                2 |              8 |         4.00 |
|  system_i/zynq_ps/inst/pl_clk0 | system_i/sc_mem/inst/s00_entry_pipeline/s00_si_converter/inst/converter.wrap_narrow_inst/gen_thread_loop[0].r_payld_fifo/cmd_fifo/gen_pipelined.mesg_reg                                                 |                                                                                                                                                       |                2 |              8 |         4.00 |
|  system_i/zynq_ps/inst/pl_clk0 |                                                                                                                                                                                                          | system_i/yolo_accel/inst/u_core/u_eng/u_ep/g_lane[31].y5_reg[7]_i_1_n_4                                                                               |                2 |              8 |         4.00 |
|  system_i/zynq_ps/inst/pl_clk0 |                                                                                                                                                                                                          | system_i/yolo_accel/inst/u_core/u_eng/u_ep/g_lane[30].y50                                                                                             |                2 |              8 |         4.00 |
|  system_i/zynq_ps/inst/pl_clk0 |                                                                                                                                                                                                          | system_i/yolo_accel/inst/u_core/u_eng/u_ep/g_lane[2].y50                                                                                              |                2 |              8 |         4.00 |
|  system_i/zynq_ps/inst/pl_clk0 |                                                                                                                                                                                                          | system_i/yolo_accel/inst/u_core/u_eng/u_ep/g_lane[29].y50                                                                                             |                2 |              8 |         4.00 |
|  system_i/zynq_ps/inst/pl_clk0 |                                                                                                                                                                                                          | system_i/yolo_accel/inst/u_core/u_eng/u_ep/g_lane[28].y50                                                                                             |                2 |              8 |         4.00 |
|  system_i/zynq_ps/inst/pl_clk0 | system_i/sc_ctrl/inst/s00_entry_pipeline/s00_si_converter/inst/gen_axilite_conv.axilite_conv_inst/aw_addr[7]_i_1_n_0                                                                                     | system_i/sc_ctrl/inst/s00_entry_pipeline/s00_si_converter/inst/areset                                                                                 |                3 |              8 |         2.67 |
|  system_i/zynq_ps/inst/pl_clk0 | system_i/sc_ctrl/inst/s00_entry_pipeline/s00_si_converter/inst/gen_axilite_conv.axilite_conv_inst/r_beats[7]_i_1_n_0                                                                                     | system_i/sc_ctrl/inst/s00_entry_pipeline/s00_si_converter/inst/areset                                                                                 |                3 |              8 |         2.67 |
|  system_i/zynq_ps/inst/pl_clk0 | system_i/sc_mem/inst/s00_entry_pipeline/s00_si_converter/inst/converter.wrap_narrow_inst/gen_thread_loop[0].r_payld_fifo/E[0]                                                                            | system_i/sc_mem/inst/s00_entry_pipeline/s00_si_converter/inst/areset                                                                                  |                3 |              8 |         2.67 |
|  system_i/zynq_ps/inst/pl_clk0 | system_i/yolo_accel/inst/u_core/u_ll/ll_rvalid                                                                                                                                                           | system_i/yolo_accel/inst/u_core/u_ll/rc[7]_i_1_n_0                                                                                                    |                2 |              8 |         4.00 |
|  system_i/zynq_ps/inst/pl_clk0 |                                                                                                                                                                                                          | system_i/yolo_accel/inst/u_core/u_eng/u_ep/g_lane[27].y5_reg[7]_i_1_n_4                                                                               |                3 |              8 |         2.67 |
|  system_i/zynq_ps/inst/pl_clk0 |                                                                                                                                                                                                          | system_i/yolo_accel/inst/u_core/u_eng/u_ep/g_lane[10].y5_reg[7]_i_1_n_4                                                                               |                2 |              8 |         4.00 |
|  system_i/zynq_ps/inst/pl_clk0 |                                                                                                                                                                                                          | system_i/yolo_accel/inst/u_core/u_eng/u_ep/g_lane[26].y5_reg[7]_i_1_n_4                                                                               |                2 |              8 |         4.00 |
|  system_i/zynq_ps/inst/pl_clk0 |                                                                                                                                                                                                          | system_i/yolo_accel/inst/u_core/u_eng/u_ep/g_lane[25].y5_reg[7]_i_1_n_4                                                                               |                3 |              8 |         2.67 |
|  system_i/zynq_ps/inst/pl_clk0 | system_i/sc_mem/inst/s00_entry_pipeline/s00_si_converter/inst/converter.wrap_narrow_inst/gen_thread_loop[0].r_payld_fifo/cmd_fifo/gen_srls[7].srl_nx1/shift_qual                                         |                                                                                                                                                       |                1 |              8 |         8.00 |
|  system_i/zynq_ps/inst/pl_clk0 |                                                                                                                                                                                                          | system_i/yolo_accel/inst/u_core/u_eng/u_ep/g_lane[24].y5_reg[7]_i_1_n_4                                                                               |                4 |              8 |         2.00 |
|  system_i/zynq_ps/inst/pl_clk0 |                                                                                                                                                                                                          | system_i/yolo_accel/inst/u_core/u_eng/u_ep/g_lane[0].y5_reg[7]_i_1_n_4                                                                                |                2 |              8 |         4.00 |
|  system_i/zynq_ps/inst/pl_clk0 |                                                                                                                                                                                                          | system_i/yolo_accel/inst/u_core/u_eng/u_ep/g_lane[23].y5_reg[7]_i_1_n_4                                                                               |                2 |              8 |         4.00 |
|  system_i/zynq_ps/inst/pl_clk0 |                                                                                                                                                                                                          | system_i/yolo_accel/inst/u_core/u_eng/u_ep/g_lane[22].y5_reg[7]_i_1_n_4                                                                               |                4 |              8 |         2.00 |
|  system_i/zynq_ps/inst/pl_clk0 |                                                                                                                                                                                                          | system_i/yolo_accel/inst/u_core/u_eng/u_ep/g_lane[7].y5_reg[7]_i_1_n_4                                                                                |                2 |              8 |         4.00 |
|  system_i/zynq_ps/inst/pl_clk0 | system_i/sc_mem/inst/s00_entry_pipeline/s00_si_converter/inst/converter.wrap_narrow_inst/w_payld_fifo/s_ready_i_reg_1                                                                                    | system_i/sc_mem/inst/s00_entry_pipeline/s00_si_converter/inst/converter.wrap_narrow_inst/w_payld_fifo/w_accum_continue_d_reg                          |                2 |              8 |         4.00 |
|  system_i/zynq_ps/inst/pl_clk0 |                                                                                                                                                                                                          | system_i/yolo_accel/inst/u_core/u_eng/u_ep/g_lane[21].y5_reg[7]_i_1_n_4                                                                               |                4 |              8 |         2.00 |
|  system_i/zynq_ps/inst/pl_clk0 | system_i/sc_mem/inst/s00_entry_pipeline/s00_si_converter/inst/converter.wrap_narrow_inst/w_payld_fifo/w_subst_mask_reg[10]_0                                                                             | system_i/sc_mem/inst/s00_entry_pipeline/s00_si_converter/inst/converter.wrap_narrow_inst/w_payld_fifo/w_fill_mask_reg[10]                             |                3 |              8 |         2.67 |
|  system_i/zynq_ps/inst/pl_clk0 | system_i/sc_mem/inst/s00_entry_pipeline/s00_si_converter/inst/converter.wrap_narrow_inst/w_payld_fifo/w_subst_mask_reg[11]_0                                                                             | system_i/sc_mem/inst/s00_entry_pipeline/s00_si_converter/inst/converter.wrap_narrow_inst/w_payld_fifo/w_fill_mask_reg[11]                             |                2 |              8 |         4.00 |
|  system_i/zynq_ps/inst/pl_clk0 | system_i/sc_mem/inst/s00_entry_pipeline/s00_si_converter/inst/converter.wrap_narrow_inst/w_payld_fifo/w_subst_mask_reg[13]_0                                                                             | system_i/sc_mem/inst/s00_entry_pipeline/s00_si_converter/inst/converter.wrap_narrow_inst/w_payld_fifo/w_fill_mask_reg[13]                             |                3 |              8 |         2.67 |
|  system_i/zynq_ps/inst/pl_clk0 | system_i/sc_mem/inst/s00_entry_pipeline/s00_si_converter/inst/converter.wrap_narrow_inst/w_payld_fifo/w_subst_mask_reg[8]_0                                                                              | system_i/sc_mem/inst/s00_entry_pipeline/s00_si_converter/inst/converter.wrap_narrow_inst/w_payld_fifo/w_fill_mask_reg[8]                              |                3 |              8 |         2.67 |
|  system_i/zynq_ps/inst/pl_clk0 | system_i/sc_mem/inst/s00_entry_pipeline/s00_si_converter/inst/converter.wrap_narrow_inst/w_payld_fifo/w_subst_mask_reg[9]_0                                                                              | system_i/sc_mem/inst/s00_entry_pipeline/s00_si_converter/inst/converter.wrap_narrow_inst/w_payld_fifo/w_fill_mask_reg[9]                              |                3 |              8 |         2.67 |
|  system_i/zynq_ps/inst/pl_clk0 | system_i/sc_mem/inst/s00_entry_pipeline/s00_si_converter/inst/converter.wrap_narrow_inst/w_payld_fifo/w_subst_mask_reg[3]_0                                                                              | system_i/sc_mem/inst/s00_entry_pipeline/s00_si_converter/inst/converter.wrap_narrow_inst/w_payld_fifo/w_fill_mask_reg[3]                              |                2 |              8 |         4.00 |
|  system_i/zynq_ps/inst/pl_clk0 | system_i/sc_mem/inst/s00_entry_pipeline/s00_si_converter/inst/converter.wrap_narrow_inst/w_payld_fifo/w_subst_mask_reg[1]_0                                                                              | system_i/sc_mem/inst/s00_entry_pipeline/s00_si_converter/inst/converter.wrap_narrow_inst/w_payld_fifo/w_fill_mask_reg[1]                              |                4 |              8 |         2.00 |
|  system_i/zynq_ps/inst/pl_clk0 | system_i/sc_mem/inst/s00_entry_pipeline/s00_si_converter/inst/converter.wrap_narrow_inst/w_payld_fifo/w_subst_mask_reg[12]_0                                                                             | system_i/sc_mem/inst/s00_entry_pipeline/s00_si_converter/inst/converter.wrap_narrow_inst/w_payld_fifo/w_fill_mask_reg[12]                             |                3 |              8 |         2.67 |
|  system_i/zynq_ps/inst/pl_clk0 | system_i/sc_mem/inst/s00_entry_pipeline/s00_si_converter/inst/converter.wrap_narrow_inst/w_payld_fifo/w_subst_mask_reg[6]_0                                                                              | system_i/sc_mem/inst/s00_entry_pipeline/s00_si_converter/inst/converter.wrap_narrow_inst/w_payld_fifo/w_fill_mask_reg[6]                              |                1 |              8 |         8.00 |
|  system_i/zynq_ps/inst/pl_clk0 |                                                                                                                                                                                                          | system_i/yolo_accel/inst/u_core/u_eng/u_ep/g_lane[20].y5_reg[7]_i_1_n_4                                                                               |                3 |              8 |         2.67 |
|  system_i/zynq_ps/inst/pl_clk0 | system_i/sc_mem/inst/s00_entry_pipeline/s00_si_converter/inst/converter.wrap_narrow_inst/w_payld_fifo/w_subst_mask_reg[5]_0                                                                              | system_i/sc_mem/inst/s00_entry_pipeline/s00_si_converter/inst/converter.wrap_narrow_inst/w_payld_fifo/w_fill_mask_reg[5]                              |                2 |              8 |         4.00 |
|  system_i/zynq_ps/inst/pl_clk0 | system_i/sc_mem/inst/s00_entry_pipeline/s00_si_converter/inst/converter.wrap_narrow_inst/w_payld_fifo/w_subst_mask_reg[7]_0                                                                              | system_i/sc_mem/inst/s00_entry_pipeline/s00_si_converter/inst/converter.wrap_narrow_inst/w_payld_fifo/w_fill_mask_reg[7]                              |                1 |              8 |         8.00 |
|  system_i/zynq_ps/inst/pl_clk0 | system_i/sc_mem/inst/s00_entry_pipeline/s00_si_converter/inst/converter.wrap_narrow_inst/w_payld_fifo/w_subst_mask_reg[4]_0                                                                              | system_i/sc_mem/inst/s00_entry_pipeline/s00_si_converter/inst/converter.wrap_narrow_inst/w_payld_fifo/w_fill_mask_reg[4]                              |                1 |              8 |         8.00 |
|  system_i/zynq_ps/inst/pl_clk0 | system_i/sc_mem/inst/s00_entry_pipeline/s00_si_converter/inst/converter.wrap_narrow_inst/w_payld_fifo/w_subst_mask_reg[15]_0                                                                             | system_i/sc_mem/inst/s00_entry_pipeline/s00_si_converter/inst/converter.wrap_narrow_inst/w_payld_fifo/w_fill_mask_reg[15]                             |                2 |              8 |         4.00 |
|  system_i/zynq_ps/inst/pl_clk0 | system_i/sc_mem/inst/s00_entry_pipeline/s00_si_converter/inst/converter.wrap_narrow_inst/w_payld_fifo/w_subst_mask_reg[14]_0                                                                             | system_i/sc_mem/inst/s00_entry_pipeline/s00_si_converter/inst/converter.wrap_narrow_inst/w_payld_fifo/w_fill_mask_reg[14]                             |                2 |              8 |         4.00 |
|  system_i/zynq_ps/inst/pl_clk0 |                                                                                                                                                                                                          | system_i/yolo_accel/inst/u_core/u_eng/u_ep/g_lane[1].y5_reg[7]_i_1_n_4                                                                                |                2 |              8 |         4.00 |
|  system_i/zynq_ps/inst/pl_clk0 |                                                                                                                                                                                                          | system_i/yolo_accel/inst/u_core/u_eng/u_ep/g_lane[19].y5_reg[7]_i_1_n_4                                                                               |                3 |              8 |         2.67 |
|  system_i/zynq_ps/inst/pl_clk0 | system_i/sc_mem/inst/s00_entry_pipeline/s00_si_converter/inst/converter.wrap_narrow_inst/w_cmd_fifo/E[0]                                                                                                 | system_i/sc_mem/inst/s00_entry_pipeline/s00_si_converter/inst/areset                                                                                  |                3 |              8 |         2.67 |
|  system_i/zynq_ps/inst/pl_clk0 |                                                                                                                                                                                                          | system_i/yolo_accel/inst/u_core/u_eng/u_ep/g_lane[18].y5_reg[7]_i_1_n_4                                                                               |                2 |              8 |         4.00 |
|  system_i/zynq_ps/inst/pl_clk0 |                                                                                                                                                                                                          | system_i/yolo_accel/inst/u_core/u_eng/u_ep/g_lane[17].y5_reg[7]_i_1_n_4                                                                               |                3 |              8 |         2.67 |
|  system_i/zynq_ps/inst/pl_clk0 |                                                                                                                                                                                                          | system_i/yolo_accel/inst/u_core/u_eng/u_ep/g_lane[16].y5_reg[7]_i_1_n_4                                                                               |                2 |              8 |         4.00 |
|  system_i/zynq_ps/inst/pl_clk0 |                                                                                                                                                                                                          | system_i/yolo_accel/inst/u_core/u_eng/u_ep/g_lane[15].y5_reg[7]_i_1_n_4                                                                               |                2 |              8 |         4.00 |
|  system_i/zynq_ps/inst/pl_clk0 |                                                                                                                                                                                                          | system_i/yolo_accel/inst/u_core/u_eng/u_ep/g_lane[14].y5_reg[7]_i_1_n_4                                                                               |                2 |              8 |         4.00 |
|  system_i/zynq_ps/inst/pl_clk0 |                                                                                                                                                                                                          | system_i/yolo_accel/inst/u_core/u_eng/u_ep/g_lane[8].y5_reg[7]_i_1_n_4                                                                                |                2 |              8 |         4.00 |
|  system_i/zynq_ps/inst/pl_clk0 | system_i/sc_mem/inst/s00_entry_pipeline/s00_si_converter/inst/converter.wrap_narrow_inst/w_payld_fifo/cmd_fifo/E[0]                                                                                      | system_i/sc_mem/inst/s00_entry_pipeline/s00_si_converter/inst/areset                                                                                  |                2 |              9 |         4.50 |
|  system_i/zynq_ps/inst/pl_clk0 | system_i/sc_ctrl/inst/s00_entry_pipeline/s00_si_converter/inst/gen_axilite_conv.axilite_conv_inst/ar_cnt[8]_i_1_n_0                                                                                      | system_i/sc_ctrl/inst/s00_entry_pipeline/s00_si_converter/inst/areset                                                                                 |                4 |              9 |         2.25 |
|  system_i/zynq_ps/inst/pl_clk0 | system_i/sc_mem/inst/s00_entry_pipeline/s00_si_converter/inst/converter.wrap_narrow_inst/gen_thread_loop[0].r_payld_fifo/cmd_fifo/cmd_active_reg_0[0]                                                    | system_i/sc_mem/inst/s00_entry_pipeline/s00_si_converter/inst/areset                                                                                  |                2 |              9 |         4.50 |
|  system_i/zynq_ps/inst/pl_clk0 | system_i/sc_ctrl/inst/s00_entry_pipeline/s00_si_converter/inst/gen_axilite_conv.axilite_conv_inst/w_cnt[8]_i_1_n_0                                                                                       | system_i/sc_ctrl/inst/s00_entry_pipeline/s00_si_converter/inst/areset                                                                                 |                2 |              9 |         4.50 |
|  system_i/zynq_ps/inst/pl_clk0 | system_i/sc_ctrl/inst/s00_entry_pipeline/s00_si_converter/inst/gen_axilite_conv.axilite_conv_inst/b_cnt[8]_i_2_n_0                                                                                       | system_i/sc_ctrl/inst/s00_entry_pipeline/s00_si_converter/inst/gen_axilite_conv.axilite_conv_inst/b_cnt[8]_i_1_n_0                                    |                3 |              9 |         3.00 |
|  system_i/zynq_ps/inst/pl_clk0 | system_i/sc_mem/inst/s00_entry_pipeline/s00_si_converter/inst/converter.wrap_narrow_inst/gen_thread_loop[0].r_payld_fifo/cmd_fifo/E[0]                                                                   | system_i/sc_mem/inst/s00_entry_pipeline/s00_si_converter/inst/areset                                                                                  |                3 |              9 |         3.00 |
|  system_i/zynq_ps/inst/pl_clk0 | system_i/yolo_accel/inst/u_core/u_ll/ptr                                                                                                                                                                 | system_i/yolo_accel/inst/u_core/u_ll/rx[15]_i_1_n_0                                                                                                   |                2 |             10 |         5.00 |
|  system_i/zynq_ps/inst/pl_clk0 | system_i/sc_mem/inst/s00_entry_pipeline/s00_si_converter/inst/converter.wrap_narrow_inst/gen_thread_loop[0].r_payld_fifo/gen_thread_loop[0].r_unshelve_reg[0][0]                                         | system_i/sc_mem/inst/s00_entry_pipeline/s00_si_converter/inst/areset                                                                                  |                4 |             10 |         2.50 |
|  system_i/zynq_ps/inst/pl_clk0 |                                                                                                                                                                                                          | system_i/sc_ctrl/inst/s00_entry_pipeline/s00_si_converter/inst/areset                                                                                 |                7 |             12 |         1.71 |
|  system_i/zynq_ps/inst/pl_clk0 | system_i/sc_mem/inst/s00_nodes/s00_ar_node/inst/inst_si_handler/s_sc_valid                                                                                                                               | system_i/sc_mem/inst/s00_nodes/s00_ar_node/inst/inst_mi_handler/areset_r                                                                              |                3 |             12 |         4.00 |
|  system_i/zynq_ps/inst/pl_clk0 | system_i/sc_mem/inst/s00_nodes/s00_aw_node/inst/inst_si_handler/s_sc_valid                                                                                                                               | system_i/sc_mem/inst/s00_nodes/s00_aw_node/inst/inst_mi_handler/areset_r                                                                              |                7 |             12 |         1.71 |
|  system_i/zynq_ps/inst/pl_clk0 | system_i/sc_mem/inst/s00_nodes/s00_b_node/inst/inst_si_handler/s_sc_valid                                                                                                                                | system_i/sc_mem/inst/s00_nodes/s00_b_node/inst/inst_mi_handler/areset_r                                                                               |                2 |             12 |         6.00 |
|  system_i/zynq_ps/inst/pl_clk0 | system_i/sc_mem/inst/s00_nodes/s00_r_node/inst/inst_si_handler/s_sc_valid                                                                                                                                | system_i/sc_mem/inst/s00_nodes/s00_r_node/inst/inst_mi_handler/areset_r                                                                               |                3 |             12 |         4.00 |
|  system_i/zynq_ps/inst/pl_clk0 | system_i/sc_mem/inst/s00_nodes/s00_w_node/inst/inst_si_handler/s_sc_valid                                                                                                                                | system_i/sc_mem/inst/s00_nodes/s00_w_node/inst/inst_mi_handler/areset_r                                                                               |                4 |             12 |         3.00 |
|  system_i/zynq_ps/inst/pl_clk0 | system_i/sc_mem/inst/s00_entry_pipeline/s00_si_converter/inst/converter.wrap_narrow_inst/w_cmd_fifo/w_payld_push119_out                                                                                  |                                                                                                                                                       |                6 |             15 |         2.50 |
|  system_i/zynq_ps/inst/pl_clk0 | system_i/sc_ctrl/inst/s00_entry_pipeline/s00_mmu/inst/gen_endpoint.decerr_slave_inst/gen_axi.gen_read.s_axi_rid_i_0                                                                                      | system_i/sc_ctrl/inst/s00_entry_pipeline/s00_mmu/inst/areset                                                                                          |                8 |             16 |         2.00 |
|  system_i/zynq_ps/inst/pl_clk0 | system_i/sc_ctrl/inst/s00_entry_pipeline/s00_mmu/inst/gen_endpoint.decerr_slave_inst/gen_axi.gen_write.s_axi_bid_i[15]_i_1_n_0                                                                           | system_i/sc_ctrl/inst/s00_entry_pipeline/s00_mmu/inst/areset                                                                                          |                3 |             16 |         5.33 |
|  system_i/zynq_ps/inst/pl_clk0 | system_i/sc_mem/inst/s00_entry_pipeline/s00_si_converter/inst/converter.wrap_narrow_inst/gen_thread_loop[0].r_cmd_fifo/gen_pipelined.mesg_reg                                                            |                                                                                                                                                       |                7 |             16 |         2.29 |
|  system_i/zynq_ps/inst/pl_clk0 | system_i/yolo_accel/inst/u_core/u_regs/num_layers[15]_i_1_n_0                                                                                                                                            | system_i/rst_pl0/U0/peripheral_aresetn[0]                                                                                                             |               10 |             16 |         1.60 |
|  system_i/zynq_ps/inst/pl_clk0 | system_i/yolo_accel/inst/u_core/u_regs/E[0]                                                                                                                                                              | system_i/rst_pl0/U0/peripheral_aresetn[0]                                                                                                             |                4 |             16 |         4.00 |
|  system_i/zynq_ps/inst/pl_clk0 | system_i/sc_mem/inst/s00_entry_pipeline/s00_si_converter/inst/converter.wrap_narrow_inst/w_cmd_fifo/w_payld_push119_out                                                                                  | system_i/sc_mem/inst/s00_entry_pipeline/s00_si_converter/inst/converter.wrap_narrow_inst/w_cmd_fifo/gen_pipelined.mesg_reg_reg[11]_0                  |                7 |             16 |         2.29 |
|  system_i/zynq_ps/inst/pl_clk0 | system_i/sc_ctrl/inst/s00_entry_pipeline/s00_transaction_regulator/inst/gen_endpoint.gen_w_singleorder.w_singleorder/gen_id_reg.s_rid_i0                                                                 |                                                                                                                                                       |                3 |             16 |         5.33 |
|  system_i/zynq_ps/inst/pl_clk0 | system_i/yolo_accel/inst/u_core/u_ll/rx                                                                                                                                                                  | system_i/yolo_accel/inst/u_core/u_ll/rx[15]_i_1_n_0                                                                                                   |                3 |             16 |         5.33 |
|  system_i/zynq_ps/inst/pl_clk0 | system_i/yolo_accel/inst/u_core/u_ll/a_rowend__0                                                                                                                                                         | system_i/yolo_accel/inst/u_core/u_ll/SR[0]                                                                                                            |                3 |             16 |         5.33 |
|  system_i/zynq_ps/inst/pl_clk0 | system_i/yolo_accel/inst/u_core/u_eng/oy[15]_i_2_n_0                                                                                                                                                     | system_i/yolo_accel/inst/u_core/u_eng/oy[15]_i_1_n_0                                                                                                  |                3 |             16 |         5.33 |
|  system_i/zynq_ps/inst/pl_clk0 | system_i/sc_ctrl/inst/s00_entry_pipeline/s00_transaction_regulator/inst/gen_endpoint.gen_r_singleorder.r_singleorder/gen_id_reg.s_rid_i0                                                                 |                                                                                                                                                       |                8 |             16 |         2.00 |
|  system_i/zynq_ps/inst/pl_clk0 | system_i/yolo_accel/inst/u_core/u_ll/u_bg/contig_reg[0]                                                                                                                                                  | system_i/yolo_accel/inst/u_core/u_ll/SR[0]                                                                                                            |                3 |             16 |         5.33 |
|  system_i/zynq_ps/inst/pl_clk0 | system_i/yolo_accel/inst/u_core/u_ll/u_bg/qst_reg[0][0]                                                                                                                                                  | system_i/yolo_accel/inst/u_core/u_ll/SR[0]                                                                                                            |                4 |             16 |         4.00 |
|  system_i/zynq_ps/inst/pl_clk0 | system_i/yolo_accel/inst/u_core/u_wl/a                                                                                                                                                                   | system_i/yolo_accel/inst/u_core/u_wl/a[15]_i_1_n_0                                                                                                    |                3 |             16 |         5.33 |
|  system_i/zynq_ps/inst/pl_clk0 | system_i/yolo_accel/inst/u_core/u_eng/ox[15]_i_2__0_n_0                                                                                                                                                  | system_i/yolo_accel/inst/u_core/u_eng/clear                                                                                                           |                3 |             16 |         5.33 |
|  system_i/zynq_ps/inst/pl_clk0 | system_i/sc_mem/inst/s00_entry_pipeline/s00_si_converter/inst/converter.wrap_narrow_inst/gen_thread_loop[0].r_cmd_fifo/gen_srls[15].srl_nx1/shift_qual                                                   |                                                                                                                                                       |                3 |             16 |         5.33 |
|  system_i/zynq_ps/inst/pl_clk0 | system_i/yolo_accel/inst/u_core/u_wr/pix_ok                                                                                                                                                              | system_i/yolo_accel/inst/u_core/u_wr/ox[15]_i_1_n_0                                                                                                   |                3 |             16 |         5.33 |
|  system_i/zynq_ps/inst/pl_clk0 | system_i/yolo_accel/inst/u_core/u_eng/sel                                                                                                                                                                | system_i/yolo_accel/inst/u_core/u_eng/wa[15]_i_1_n_0                                                                                                  |                3 |             16 |         5.33 |
|  system_i/zynq_ps/inst/pl_clk0 |                                                                                                                                                                                                          | system_i/yolo_accel/inst/u_core/u_eng/rl_d                                                                                                            |               10 |             18 |         1.80 |
|  system_i/zynq_ps/inst/pl_clk0 | system_i/yolo_accel/inst/u_core/u_eng/col_min[17]_i_1_n_0                                                                                                                                                | system_i/rst_pl0/U0/peripheral_aresetn[0]                                                                                                             |                3 |             18 |         6.00 |
|  system_i/zynq_ps/inst/pl_clk0 | system_i/yolo_accel/inst/u_core/u_eng/row_min[0]_i_1_n_0                                                                                                                                                 | system_i/rst_pl0/U0/peripheral_aresetn[0]                                                                                                             |                3 |             18 |         6.00 |
|  system_i/zynq_ps/inst/pl_clk0 | system_i/sc_ctrl/inst/s00_entry_pipeline/s00_si_converter/inst/gen_axilite_conv.axilite_conv_inst/m_aruser                                                                                               | system_i/sc_ctrl/inst/s00_entry_pipeline/s00_si_converter/inst/areset                                                                                 |                7 |             19 |         2.71 |
|  system_i/zynq_ps/inst/pl_clk0 |                                                                                                                                                                                                          | system_i/sc_mem/inst/s00_entry_pipeline/s00_si_converter/inst/areset                                                                                  |               16 |             21 |         1.31 |
|  system_i/zynq_ps/inst/pl_clk0 |                                                                                                                                                                                                          | system_i/yolo_accel/inst/u_core/u_eng/u_ep/g_lane[19].t1_reg[26]_i_1_n_4                                                                              |                3 |             27 |         9.00 |
|  system_i/zynq_ps/inst/pl_clk0 |                                                                                                                                                                                                          | system_i/yolo_accel/inst/u_core/u_eng/u_ep/g_lane[1].t1_reg[26]_i_1_n_4                                                                               |                4 |             27 |         6.75 |
|  system_i/zynq_ps/inst/pl_clk0 |                                                                                                                                                                                                          | system_i/yolo_accel/inst/u_core/u_eng/u_ep/g_lane[20].t1_reg[26]_i_1_n_4                                                                              |                5 |             27 |         5.40 |
|  system_i/zynq_ps/inst/pl_clk0 |                                                                                                                                                                                                          | system_i/yolo_accel/inst/u_core/u_eng/u_ep/g_lane[21].t1_reg[26]_i_1_n_4                                                                              |                3 |             27 |         9.00 |
|  system_i/zynq_ps/inst/pl_clk0 |                                                                                                                                                                                                          | system_i/yolo_accel/inst/u_core/u_eng/u_ep/g_lane[22].t1_reg[26]_i_1_n_4                                                                              |                3 |             27 |         9.00 |
|  system_i/zynq_ps/inst/pl_clk0 |                                                                                                                                                                                                          | system_i/yolo_accel/inst/u_core/u_eng/u_ep/g_lane[23].t1_reg[26]_i_1_n_4                                                                              |                5 |             27 |         5.40 |
|  system_i/zynq_ps/inst/pl_clk0 |                                                                                                                                                                                                          | system_i/yolo_accel/inst/u_core/u_eng/u_ep/g_lane[24].t1_reg[26]_i_1_n_4                                                                              |                5 |             27 |         5.40 |
|  system_i/zynq_ps/inst/pl_clk0 |                                                                                                                                                                                                          | system_i/yolo_accel/inst/u_core/u_eng/u_ep/g_lane[25].t1_reg[26]_i_1_n_4                                                                              |                5 |             27 |         5.40 |
|  system_i/zynq_ps/inst/pl_clk0 |                                                                                                                                                                                                          | system_i/yolo_accel/inst/u_core/u_eng/u_ep/g_lane[26].t1_reg[26]_i_1_n_4                                                                              |                3 |             27 |         9.00 |
|  system_i/zynq_ps/inst/pl_clk0 |                                                                                                                                                                                                          | system_i/yolo_accel/inst/u_core/u_eng/u_ep/g_lane[28].t10                                                                                             |                3 |             27 |         9.00 |
|  system_i/zynq_ps/inst/pl_clk0 |                                                                                                                                                                                                          | system_i/yolo_accel/inst/u_core/u_eng/u_ep/g_lane[29].t10                                                                                             |                2 |             27 |        13.50 |
|  system_i/zynq_ps/inst/pl_clk0 |                                                                                                                                                                                                          | system_i/yolo_accel/inst/u_core/u_eng/u_ep/g_lane[2].t10                                                                                              |                2 |             27 |        13.50 |
|  system_i/zynq_ps/inst/pl_clk0 |                                                                                                                                                                                                          | system_i/yolo_accel/inst/u_core/u_eng/u_ep/g_lane[30].t10                                                                                             |                3 |             27 |         9.00 |
|  system_i/zynq_ps/inst/pl_clk0 |                                                                                                                                                                                                          | system_i/yolo_accel/inst/u_core/u_eng/u_ep/g_lane[31].t1_reg[26]_i_1_n_4                                                                              |                4 |             27 |         6.75 |
|  system_i/zynq_ps/inst/pl_clk0 |                                                                                                                                                                                                          | system_i/yolo_accel/inst/u_core/u_eng/u_ep/g_lane[3].t1_reg[26]_i_1_n_4                                                                               |                5 |             27 |         5.40 |
|  system_i/zynq_ps/inst/pl_clk0 |                                                                                                                                                                                                          | system_i/yolo_accel/inst/u_core/u_eng/u_ep/g_lane[4].t10                                                                                              |                4 |             27 |         6.75 |
|  system_i/zynq_ps/inst/pl_clk0 |                                                                                                                                                                                                          | system_i/yolo_accel/inst/u_core/u_eng/u_ep/g_lane[5].t1_reg[26]_i_1_n_4                                                                               |                3 |             27 |         9.00 |
|  system_i/zynq_ps/inst/pl_clk0 |                                                                                                                                                                                                          | system_i/yolo_accel/inst/u_core/u_eng/u_ep/g_lane[6].t1_reg[26]_i_1_n_4                                                                               |                4 |             27 |         6.75 |
|  system_i/zynq_ps/inst/pl_clk0 |                                                                                                                                                                                                          | system_i/yolo_accel/inst/u_core/u_eng/u_ep/g_lane[7].t1_reg[26]_i_1_n_4                                                                               |                3 |             27 |         9.00 |
|  system_i/zynq_ps/inst/pl_clk0 |                                                                                                                                                                                                          | system_i/yolo_accel/inst/u_core/u_eng/u_ep/g_lane[8].t1_reg[26]_i_1_n_4                                                                               |                3 |             27 |         9.00 |
|  system_i/zynq_ps/inst/pl_clk0 |                                                                                                                                                                                                          | system_i/yolo_accel/inst/u_core/u_eng/u_ep/g_lane[9].t10                                                                                              |                3 |             27 |         9.00 |
|  system_i/zynq_ps/inst/pl_clk0 |                                                                                                                                                                                                          | system_i/yolo_accel/inst/u_core/u_eng/u_ep/p_1_in__0                                                                                                  |                4 |             27 |         6.75 |
|  system_i/zynq_ps/inst/pl_clk0 |                                                                                                                                                                                                          | system_i/yolo_accel/inst/u_core/u_eng/u_ep/p_1_in                                                                                                     |                4 |             27 |         6.75 |
|  system_i/zynq_ps/inst/pl_clk0 |                                                                                                                                                                                                          | system_i/yolo_accel/inst/u_core/u_eng/u_ep/p_1_in__1                                                                                                  |                3 |             27 |         9.00 |
|  system_i/zynq_ps/inst/pl_clk0 | system_i/sc_ctrl/inst/s00_entry_pipeline/s00_mmu/inst/aw_reg_stall/m_vector_i                                                                                                                            |                                                                                                                                                       |                4 |             27 |         6.75 |
|  system_i/zynq_ps/inst/pl_clk0 | system_i/sc_ctrl/inst/s00_entry_pipeline/s00_mmu/inst/aw_reg_stall/skid_buffer[1068]_i_1_n_0                                                                                                             |                                                                                                                                                       |                4 |             27 |         6.75 |
|  system_i/zynq_ps/inst/pl_clk0 |                                                                                                                                                                                                          | system_i/yolo_accel/inst/u_core/u_eng/u_ep/g_lane[27].t1_reg[26]_i_1_n_4                                                                              |                5 |             27 |         5.40 |
|  system_i/zynq_ps/inst/pl_clk0 |                                                                                                                                                                                                          | system_i/sc_ctrl/inst/clk_map/psr_aclk/U0/interconnect_aresetn[0]                                                                                     |                9 |             27 |         3.00 |
|  system_i/zynq_ps/inst/pl_clk0 |                                                                                                                                                                                                          | system_i/sc_mem/inst/clk_map/psr_aclk/U0/interconnect_aresetn[0]                                                                                      |                8 |             27 |         3.38 |
|  system_i/zynq_ps/inst/pl_clk0 |                                                                                                                                                                                                          | system_i/yolo_accel/inst/u_core/u_eng/u_ep/g_lane[10].t1_reg[26]_i_1_n_4                                                                              |                3 |             27 |         9.00 |
|  system_i/zynq_ps/inst/pl_clk0 |                                                                                                                                                                                                          | system_i/yolo_accel/inst/u_core/u_eng/u_ep/g_lane[11].t1_reg[26]_i_1_n_4                                                                              |                3 |             27 |         9.00 |
|  system_i/zynq_ps/inst/pl_clk0 |                                                                                                                                                                                                          | system_i/yolo_accel/inst/u_core/u_eng/u_ep/g_lane[12].t10                                                                                             |                2 |             27 |        13.50 |
|  system_i/zynq_ps/inst/pl_clk0 |                                                                                                                                                                                                          | system_i/yolo_accel/inst/u_core/u_eng/u_ep/g_lane[13].t10                                                                                             |                3 |             27 |         9.00 |
|  system_i/zynq_ps/inst/pl_clk0 |                                                                                                                                                                                                          | system_i/yolo_accel/inst/u_core/u_eng/u_ep/g_lane[15].t1_reg[26]_i_1_n_4                                                                              |                5 |             27 |         5.40 |
|  system_i/zynq_ps/inst/pl_clk0 |                                                                                                                                                                                                          | system_i/yolo_accel/inst/u_core/u_eng/u_ep/g_lane[16].t1_reg[26]_i_1_n_4                                                                              |                3 |             27 |         9.00 |
|  system_i/zynq_ps/inst/pl_clk0 |                                                                                                                                                                                                          | system_i/yolo_accel/inst/u_core/u_eng/u_ep/g_lane[17].t1_reg[26]_i_1_n_4                                                                              |                2 |             27 |        13.50 |
|  system_i/zynq_ps/inst/pl_clk0 | system_i/yolo_accel/inst/u_core/u_regs/busy_reg[0]                                                                                                                                                       | system_i/rst_pl0/U0/peripheral_aresetn[0]                                                                                                             |               11 |             32 |         2.91 |
|  system_i/zynq_ps/inst/pl_clk0 | system_i/yolo_accel/inst/u_core/u_regs/desc_addr[31]_i_1_n_0                                                                                                                                             | system_i/rst_pl0/U0/peripheral_aresetn[0]                                                                                                             |               15 |             32 |         2.13 |
|  system_i/zynq_ps/inst/pl_clk0 | system_i/sc_mem/inst/s00_entry_pipeline/s00_mmu/inst/aw_reg_stall/skid_buffer[1092]_i_1_n_0                                                                                                              |                                                                                                                                                       |                4 |             32 |         8.00 |
|  system_i/zynq_ps/inst/pl_clk0 | system_i/yolo_accel/inst/u_core/u_regs/w_got0                                                                                                                                                            | system_i/rst_pl0/U0/peripheral_aresetn[0]                                                                                                             |                8 |             32 |         4.00 |
|  system_i/zynq_ps/inst/pl_clk0 | system_i/yolo_accel/inst/u_core/u_regs/cst_reg[2]_0[0]                                                                                                                                                   | system_i/rst_pl0/U0/peripheral_aresetn[0]                                                                                                             |               13 |             32 |         2.46 |
|  system_i/zynq_ps/inst/pl_clk0 | system_i/sc_ctrl/inst/s00_nodes/s00_r_node/inst/inst_mi_handler/gen_normal_area.inst_fifo_node_payld/gen_reg_fifo.inst_reg_fifo/gen_single_rank.data[51]_i_1_n_0                                         |                                                                                                                                                       |               11 |             32 |         2.91 |
|  system_i/zynq_ps/inst/pl_clk0 | system_i/yolo_accel/inst/u_core/u_eng/busy_reg_0[0]                                                                                                                                                      | system_i/rst_pl0/U0/peripheral_aresetn[0]                                                                                                             |               10 |             32 |         3.20 |
|  system_i/zynq_ps/inst/pl_clk0 | system_i/yolo_accel/inst/u_core/u_eng/u_of/cst_reg[2]_0[0]                                                                                                                                               | system_i/rst_pl0/U0/peripheral_aresetn[0]                                                                                                             |               11 |             32 |         2.91 |
|  system_i/zynq_ps/inst/pl_clk0 | system_i/sc_ctrl/inst/s00_nodes/s00_w_node/inst/inst_mi_handler/gen_normal_area.inst_fifo_node_payld/gen_reg_fifo.inst_reg_fifo/gen_single_rank.data[51]_i_1_n_0                                         |                                                                                                                                                       |                2 |             32 |        16.00 |
|  system_i/zynq_ps/inst/pl_clk0 | system_i/sc_ctrl/inst/s00_entry_pipeline/s00_si_converter/inst/gen_axilite_conv.axilite_conv_inst/s_axi_rdata_i[31]_i_1_n_0                                                                              | system_i/sc_ctrl/inst/s00_entry_pipeline/s00_si_converter/inst/areset                                                                                 |                9 |             32 |         3.56 |
|  system_i/zynq_ps/inst/pl_clk0 | system_i/yolo_accel/inst/u_core/u_ll/u_bg/E[0]                                                                                                                                                           | system_i/rst_pl0/U0/peripheral_aresetn[0]                                                                                                             |               19 |             32 |         1.68 |
|  system_i/zynq_ps/inst/pl_clk0 | system_i/yolo_accel/inst/u_core/u_eng/cred_reg[4]_0[0]                                                                                                                                                   | system_i/rst_pl0/U0/peripheral_aresetn[0]                                                                                                             |               13 |             32 |         2.46 |
|  system_i/zynq_ps/inst/pl_clk0 | system_i/yolo_accel/inst/u_core/u_ll/u_bg/st_start_reg[0]                                                                                                                                                | system_i/rst_pl0/U0/peripheral_aresetn[0]                                                                                                             |               19 |             32 |         1.68 |
|  system_i/zynq_ps/inst/pl_clk0 | system_i/yolo_accel/inst/u_core/u_regs/s_rvalid0                                                                                                                                                         | system_i/rst_pl0/U0/peripheral_aresetn[0]                                                                                                             |               16 |             32 |         2.00 |
|  system_i/zynq_ps/inst/pl_clk0 | system_i/sc_mem/inst/s00_entry_pipeline/s00_mmu/inst/aw_reg_stall/m_vector_i                                                                                                                             |                                                                                                                                                       |                6 |             32 |         5.33 |
|  system_i/zynq_ps/inst/pl_clk0 | system_i/sc_ctrl/inst/s00_entry_pipeline/s00_mmu/inst/ar_reg_stall/skid_buffer[1132]_i_1_n_0                                                                                                             |                                                                                                                                                       |                8 |             35 |         4.38 |
|  system_i/zynq_ps/inst/pl_clk0 | system_i/sc_ctrl/inst/s00_entry_pipeline/s00_mmu/inst/ar_reg_stall/m_vector_i                                                                                                                            |                                                                                                                                                       |                8 |             35 |         4.38 |
|  system_i/zynq_ps/inst/pl_clk0 | system_i/sc_mem/inst/s00_entry_pipeline/s00_si_converter/inst/converter.wrap_narrow_inst/aw_reg_slice/i___0_n_0                                                                                          |                                                                                                                                                       |                7 |             35 |         5.00 |
|  system_i/zynq_ps/inst/pl_clk0 | system_i/sc_mem/inst/s00_entry_pipeline/s00_si_converter/inst/converter.wrap_narrow_inst/aw_reg_slice/m_vector_i                                                                                         |                                                                                                                                                       |                7 |             35 |         5.00 |
|  system_i/zynq_ps/inst/pl_clk0 | system_i/sc_mem/inst/s00_entry_pipeline/s00_mmu/inst/ar_reg_stall/skid_buffer[1132]_i_1_n_0                                                                                                              |                                                                                                                                                       |                6 |             40 |         6.67 |
|  system_i/zynq_ps/inst/pl_clk0 | system_i/sc_mem/inst/s00_entry_pipeline/s00_mmu/inst/ar_reg_stall/m_vector_i                                                                                                                             |                                                                                                                                                       |                6 |             40 |         6.67 |
|  system_i/zynq_ps/inst/pl_clk0 |                                                                                                                                                                                                          | system_i/yolo_accel/inst/u_core/u_eng/rl_d[1][17]_i_1_n_0                                                                                             |                7 |             42 |         6.00 |
|  system_i/zynq_ps/inst/pl_clk0 | system_i/yolo_accel/inst/u_core/u_eng/CEC                                                                                                                                                                |                                                                                                                                                       |               12 |             47 |         3.92 |
|  system_i/zynq_ps/inst/pl_clk0 | system_i/sc_mem/inst/s00_entry_pipeline/s00_si_converter/inst/converter.wrap_narrow_inst/ar_reg_slice/i__n_0                                                                                             |                                                                                                                                                       |               11 |             51 |         4.64 |
|  system_i/zynq_ps/inst/pl_clk0 | system_i/sc_mem/inst/s00_entry_pipeline/s00_si_converter/inst/converter.wrap_narrow_inst/ar_reg_slice/m_vector_i                                                                                         |                                                                                                                                                       |               11 |             51 |         4.64 |
|  system_i/zynq_ps/inst/pl_clk0 | system_i/yolo_accel/inst/u_core/u_ll/u_bg/rem                                                                                                                                                            | system_i/rst_pl0/U0/peripheral_aresetn[0]                                                                                                             |               20 |             56 |         2.80 |
|  system_i/zynq_ps/inst/pl_clk0 | system_i/yolo_accel/inst/u_core/u_wl/u_bg/rem_0                                                                                                                                                          | system_i/rst_pl0/U0/peripheral_aresetn[0]                                                                                                             |               16 |             56 |         3.50 |
|  system_i/zynq_ps/inst/pl_clk0 | system_i/yolo_accel/inst/u_core/u_wr/pix1                                                                                                                                                                | system_i/rst_pl0/U0/peripheral_aresetn[0]                                                                                                             |               12 |             64 |         5.33 |
|  system_i/zynq_ps/inst/pl_clk0 | system_i/yolo_accel/inst/u_core/u_wr/rowp1                                                                                                                                                               | system_i/rst_pl0/U0/peripheral_aresetn[0]                                                                                                             |                8 |             64 |         8.00 |
|  system_i/zynq_ps/inst/pl_clk0 | system_i/sc_mem/inst/s00_nodes/s00_aw_node/inst/inst_mi_handler/gen_normal_area.inst_fifo_node_payld/gen_xpm_memory_fifo.inst_fifo/gen_mem_rep[0].inst_rd_addrb/rd_addrb_incr                            | system_i/sc_mem/inst/s00_nodes/s00_aw_node/inst/inst_mi_handler/m_sc_areset_r                                                                         |                9 |             69 |         7.67 |
|  system_i/zynq_ps/inst/pl_clk0 | system_i/yolo_accel/inst/u_core/u_wl/prm_we_reg_25[0]                                                                                                                                                    |                                                                                                                                                       |               14 |             72 |         5.14 |
|  system_i/zynq_ps/inst/pl_clk0 | system_i/yolo_accel/inst/u_core/u_wl/prm_we_reg_11[0]                                                                                                                                                    |                                                                                                                                                       |               12 |             72 |         6.00 |
|  system_i/zynq_ps/inst/pl_clk0 | system_i/yolo_accel/inst/u_core/u_wl/prm_we_reg_23[0]                                                                                                                                                    |                                                                                                                                                       |               11 |             72 |         6.55 |
|  system_i/zynq_ps/inst/pl_clk0 | system_i/yolo_accel/inst/u_core/u_wl/prm_we_reg_1[0]                                                                                                                                                     |                                                                                                                                                       |               16 |             72 |         4.50 |
|  system_i/zynq_ps/inst/pl_clk0 | system_i/yolo_accel/inst/u_core/u_wl/prm_we_reg_14[0]                                                                                                                                                    |                                                                                                                                                       |               17 |             72 |         4.24 |
|  system_i/zynq_ps/inst/pl_clk0 | system_i/yolo_accel/inst/u_core/u_wl/prm_we_reg_17[0]                                                                                                                                                    |                                                                                                                                                       |               14 |             72 |         5.14 |
|  system_i/zynq_ps/inst/pl_clk0 | system_i/yolo_accel/inst/u_core/u_wl/prm_we_reg_9[0]                                                                                                                                                     |                                                                                                                                                       |               12 |             72 |         6.00 |
|  system_i/zynq_ps/inst/pl_clk0 | system_i/yolo_accel/inst/u_core/u_wl/prm_we_reg_24[0]                                                                                                                                                    |                                                                                                                                                       |               11 |             72 |         6.55 |
|  system_i/zynq_ps/inst/pl_clk0 | system_i/yolo_accel/inst/u_core/u_wl/prm_we_reg_16[0]                                                                                                                                                    |                                                                                                                                                       |               12 |             72 |         6.00 |
|  system_i/zynq_ps/inst/pl_clk0 | system_i/yolo_accel/inst/u_core/u_wl/prm_we_reg_15[0]                                                                                                                                                    |                                                                                                                                                       |               11 |             72 |         6.55 |
|  system_i/zynq_ps/inst/pl_clk0 | system_i/yolo_accel/inst/u_core/u_wl/prm_we_reg_13[0]                                                                                                                                                    |                                                                                                                                                       |               12 |             72 |         6.00 |
|  system_i/zynq_ps/inst/pl_clk0 | system_i/yolo_accel/inst/u_core/u_wl/prm_we_reg_12[0]                                                                                                                                                    |                                                                                                                                                       |               14 |             72 |         5.14 |
|  system_i/zynq_ps/inst/pl_clk0 | system_i/yolo_accel/inst/u_core/u_wl/prm_we_reg_10[0]                                                                                                                                                    |                                                                                                                                                       |               12 |             72 |         6.00 |
|  system_i/zynq_ps/inst/pl_clk0 | system_i/yolo_accel/inst/u_core/u_wl/prm_we_reg_18[0]                                                                                                                                                    |                                                                                                                                                       |               13 |             72 |         5.54 |
|  system_i/zynq_ps/inst/pl_clk0 | system_i/yolo_accel/inst/u_core/u_wl/prm_we_reg_19[0]                                                                                                                                                    |                                                                                                                                                       |               13 |             72 |         5.54 |
|  system_i/zynq_ps/inst/pl_clk0 | system_i/yolo_accel/inst/u_core/u_wl/prm_we_reg_2[0]                                                                                                                                                     |                                                                                                                                                       |               11 |             72 |         6.55 |
|  system_i/zynq_ps/inst/pl_clk0 | system_i/yolo_accel/inst/u_core/u_wl/prm_we_reg_20[0]                                                                                                                                                    |                                                                                                                                                       |               13 |             72 |         5.54 |
|  system_i/zynq_ps/inst/pl_clk0 | system_i/yolo_accel/inst/u_core/u_wl/prm_we_reg_0[0]                                                                                                                                                     |                                                                                                                                                       |               13 |             72 |         5.54 |
|  system_i/zynq_ps/inst/pl_clk0 | system_i/yolo_accel/inst/u_core/u_wl/prm_we_reg_22[0]                                                                                                                                                    |                                                                                                                                                       |               11 |             72 |         6.55 |
|  system_i/zynq_ps/inst/pl_clk0 | system_i/yolo_accel/inst/u_core/u_wl/prm_we_reg_5[0]                                                                                                                                                     |                                                                                                                                                       |               12 |             72 |         6.00 |
|  system_i/zynq_ps/inst/pl_clk0 | system_i/yolo_accel/inst/u_core/u_wl/prm_we_reg_27[0]                                                                                                                                                    |                                                                                                                                                       |               11 |             72 |         6.55 |
|  system_i/zynq_ps/inst/pl_clk0 | system_i/yolo_accel/inst/u_core/u_wl/prm_we_reg_31[0]                                                                                                                                                    |                                                                                                                                                       |               11 |             72 |         6.55 |
|  system_i/zynq_ps/inst/pl_clk0 | system_i/yolo_accel/inst/u_core/u_wl/prm_we_reg_3[0]                                                                                                                                                     |                                                                                                                                                       |               11 |             72 |         6.55 |
|  system_i/zynq_ps/inst/pl_clk0 | system_i/yolo_accel/inst/u_core/u_wl/prm_we_reg_4[0]                                                                                                                                                     |                                                                                                                                                       |               14 |             72 |         5.14 |
|  system_i/zynq_ps/inst/pl_clk0 | system_i/yolo_accel/inst/u_core/u_wl/prm_we_reg_21[0]                                                                                                                                                    |                                                                                                                                                       |               15 |             72 |         4.80 |
|  system_i/zynq_ps/inst/pl_clk0 | system_i/yolo_accel/inst/u_core/u_wl/prm_we_reg_29[0]                                                                                                                                                    |                                                                                                                                                       |               14 |             72 |         5.14 |
|  system_i/zynq_ps/inst/pl_clk0 | system_i/yolo_accel/inst/u_core/u_wl/prm_we_reg_7[0]                                                                                                                                                     |                                                                                                                                                       |               12 |             72 |         6.00 |
|  system_i/zynq_ps/inst/pl_clk0 | system_i/yolo_accel/inst/u_core/u_wl/prm_we_reg_6[0]                                                                                                                                                     |                                                                                                                                                       |               12 |             72 |         6.00 |
|  system_i/zynq_ps/inst/pl_clk0 | system_i/yolo_accel/inst/u_core/u_wl/prm_we_reg_28[0]                                                                                                                                                    |                                                                                                                                                       |               12 |             72 |         6.00 |
|  system_i/zynq_ps/inst/pl_clk0 | system_i/yolo_accel/inst/u_core/u_wl/prm_we_reg_30[0]                                                                                                                                                    |                                                                                                                                                       |               14 |             72 |         5.14 |
|  system_i/zynq_ps/inst/pl_clk0 | system_i/yolo_accel/inst/u_core/u_wl/prm_we_reg_26[0]                                                                                                                                                    |                                                                                                                                                       |               11 |             72 |         6.55 |
|  system_i/zynq_ps/inst/pl_clk0 | system_i/yolo_accel/inst/u_core/u_wl/prm_we_reg_8[0]                                                                                                                                                     |                                                                                                                                                       |               16 |             72 |         4.50 |
|  system_i/zynq_ps/inst/pl_clk0 | system_i/sc_mem/inst/s00_nodes/s00_ar_node/inst/inst_mi_handler/gen_normal_area.inst_fifo_node_payld/gen_xpm_memory_fifo.inst_fifo/gen_mem_rep[0].inst_rd_addrb/rd_addrb_incr                            | system_i/sc_mem/inst/s00_nodes/s00_ar_node/inst/inst_mi_handler/m_sc_areset_r                                                                         |                9 |             73 |         8.11 |
|  system_i/zynq_ps/inst/pl_clk0 | system_i/yolo_accel/inst/u_core/u_wl/prm_idx[4]_i_1_n_0                                                                                                                                                  | system_i/rst_pl0/U0/peripheral_aresetn[0]                                                                                                             |               41 |             77 |         1.88 |
|  system_i/zynq_ps/inst/pl_clk0 | system_i/yolo_accel/inst/u_core/p_1_in[303]                                                                                                                                                              | system_i/rst_pl0/U0/peripheral_aresetn[0]                                                                                                             |               26 |             95 |         3.65 |
|  system_i/zynq_ps/inst/pl_clk0 | system_i/sc_mem/inst/s00_nodes/s00_aw_node/inst/inst_mi_handler/gen_normal_area.inst_fifo_node_payld/gen_xpm_memory_fifo.inst_fifo/wr_wea                                                                |                                                                                                                                                       |                6 |             96 |        16.00 |
|  system_i/zynq_ps/inst/pl_clk0 | system_i/sc_mem/inst/s00_nodes/s00_ar_node/inst/inst_mi_handler/gen_normal_area.inst_fifo_node_payld/gen_xpm_memory_fifo.inst_fifo/wr_wea                                                                |                                                                                                                                                       |                6 |             96 |        16.00 |
|  system_i/zynq_ps/inst/pl_clk0 | system_i/yolo_accel/inst/u_core/u_ll/CEB1                                                                                                                                                                | system_i/rst_pl0/U0/peripheral_aresetn[0]                                                                                                             |               46 |            112 |         2.43 |
|  system_i/zynq_ps/inst/pl_clk0 | system_i/sc_mem/inst/s00_entry_pipeline/s00_si_converter/inst/converter.wrap_narrow_inst/gen_thread_loop[0].r_payld_fifo/gen_srls[143].srl_nx1/push                                                      |                                                                                                                                                       |               19 |            128 |         6.74 |
|  system_i/zynq_ps/inst/pl_clk0 | system_i/yolo_accel/inst/u_core/u_ll/p_0_in__0                                                                                                                                                           |                                                                                                                                                       |                8 |            128 |        16.00 |
|  system_i/zynq_ps/inst/pl_clk0 | system_i/sc_mem/inst/s00_entry_pipeline/s00_si_converter/inst/converter.wrap_narrow_inst/gen_thread_loop[0].r_payld_fifo/cmd_fifo/gen_thread_loop[0].r_cmd_active_reg[0][0]                              |                                                                                                                                                       |               19 |            128 |         6.74 |
|  system_i/zynq_ps/inst/pl_clk0 | system_i/sc_mem/inst/s00_entry_pipeline/s00_si_converter/inst/converter.wrap_narrow_inst/r_shelf                                                                                                         |                                                                                                                                                       |               34 |            128 |         3.76 |
|  system_i/zynq_ps/inst/pl_clk0 | system_i/yolo_accel/inst/u_core/p_1_in[44]                                                                                                                                                               | system_i/rst_pl0/U0/peripheral_aresetn[0]                                                                                                             |               47 |            128 |         2.72 |
|  system_i/zynq_ps/inst/pl_clk0 | system_i/sc_mem/inst/s00_nodes/s00_r_node/inst/inst_mi_handler/gen_normal_area.inst_fifo_node_payld/gen_xpm_memory_fifo.inst_fifo/gen_mem_rep[0].inst_rd_addrb/rd_addrb_incr                             | system_i/sc_mem/inst/s00_nodes/s00_r_node/inst/inst_mi_handler/m_sc_areset_r                                                                          |               13 |            134 |        10.31 |
|  system_i/zynq_ps/inst/pl_clk0 | system_i/yolo_accel/inst/u_core/u_ll/a_addr                                                                                                                                                              | system_i/rst_pl0/U0/peripheral_aresetn[0]                                                                                                             |               49 |            141 |         2.88 |
|  system_i/zynq_ps/inst/pl_clk0 | system_i/yolo_accel/inst/u_core/u_wl/wb_bank[4]_i_1_n_0                                                                                                                                                  | system_i/rst_pl0/U0/peripheral_aresetn[0]                                                                                                             |               54 |            142 |         2.63 |
|  system_i/zynq_ps/inst/pl_clk0 | system_i/sc_mem/inst/s00_entry_pipeline/s00_si_converter/inst/converter.wrap_narrow_inst/w_payld_fifo/gen_srls[223].srl_nx1/push                                                                         |                                                                                                                                                       |               40 |            144 |         3.60 |
|  system_i/zynq_ps/inst/pl_clk0 | system_i/sc_mem/inst/s00_entry_pipeline/s00_si_converter/inst/gen_normal.splitter_inst/gen_no_wsplitter.gen_endpoint_woffset.gen_wbypass_offset_fifo.wbypass_offset_fifo/gen_pipelined.state_reg[1]_0[0] |                                                                                                                                                       |               41 |            145 |         3.54 |
|  system_i/zynq_ps/inst/pl_clk0 | system_i/sc_mem/inst/s00_nodes/s00_w_node/inst/inst_mi_handler/gen_normal_area.inst_fifo_node_payld/gen_xpm_memory_fifo.inst_fifo/gen_mem_rep[0].inst_rd_addrb/rd_addrb_incr                             | system_i/sc_mem/inst/s00_nodes/s00_w_node/inst/inst_mi_handler/m_sc_areset_r                                                                          |               15 |            151 |        10.07 |
|  system_i/zynq_ps/inst/pl_clk0 | system_i/sc_mem/inst/s00_nodes/s00_r_node/inst/inst_mi_handler/gen_normal_area.inst_fifo_node_payld/gen_xpm_memory_fifo.inst_fifo/wr_wea                                                                 |                                                                                                                                                       |               10 |            160 |        16.00 |
|  system_i/zynq_ps/inst/pl_clk0 | system_i/sc_mem/inst/s00_nodes/s00_w_node/inst/inst_mi_handler/gen_normal_area.inst_fifo_node_payld/gen_xpm_memory_fifo.inst_fifo/wr_wea                                                                 |                                                                                                                                                       |               11 |            176 |        16.00 |
|  system_i/zynq_ps/inst/pl_clk0 |                                                                                                                                                                                                          | system_i/rst_pl0/U0/peripheral_aresetn[0]                                                                                                             |               61 |            186 |         3.05 |
|  system_i/zynq_ps/inst/pl_clk0 | system_i/yolo_accel/inst/u_core/u_wr/st_start_reg[0]                                                                                                                                                     | system_i/rst_pl0/U0/peripheral_aresetn[0]                                                                                                             |               19 |            256 |        13.47 |
|  system_i/zynq_ps/inst/pl_clk0 | system_i/yolo_accel/inst/u_core/u_eng/u_of/v_reg[4]__0[0]                                                                                                                                                |                                                                                                                                                       |               19 |            296 |        15.58 |
|  system_i/zynq_ps/inst/pl_clk0 | system_i/yolo_accel/inst/u_core/u_ll/CEB2                                                                                                                                                                | system_i/rst_pl0/U0/peripheral_aresetn[0]                                                                                                             |              112 |            335 |         2.99 |
|  system_i/zynq_ps/inst/pl_clk0 | system_i/yolo_accel/inst/u_core/u_eng/p_1_in7_in                                                                                                                                                         |                                                                                                                                                       |              128 |           1024 |         8.00 |
|  system_i/zynq_ps/inst/pl_clk0 | system_i/yolo_accel/inst/u_core/u_eng/acc_out                                                                                                                                                            |                                                                                                                                                       |              128 |           1024 |         8.00 |
|  system_i/zynq_ps/inst/pl_clk0 |                                                                                                                                                                                                          |                                                                                                                                                       |             3265 |          13524 |         4.14 |
+--------------------------------+----------------------------------------------------------------------------------------------------------------------------------------------------------------------------------------------------------+-------------------------------------------------------------------------------------------------------------------------------------------------------+------------------+----------------+--------------+


