#-----------------------------------------------------------
# Vivado v2024.1 (64-bit)
# SW Build 5076996 on Wed May 22 18:37:14 MDT 2024
# IP Build 5075265 on Wed May 22 21:45:21 MDT 2024
# SharedData Build 5076995 on Wed May 22 18:29:18 MDT 2024
# Start of session at: Mon Sep 28 01:28:43 2026
# Process ID: 10340
# Current directory: D:/MPSOC_YOLO/06_vivado
# Command line: vivado.exe -mode batch -notrace -source build.tcl -log D:\MPSOC_YOLO\logs\vivado_build.log -journal D:\MPSOC_YOLO\logs\vivado_build.jou
# Log file: D:/MPSOC_YOLO/logs/vivado_build.log
# Journal file: D:\MPSOC_YOLO\logs\vivado_build.jou
# Running On        :Gaurav
# Platform          :Windows Server 2016 or Windows 10
# Operating System  :26200
# Processor Detail  :13th Gen Intel(R) Core(TM) i5-13420H
# CPU Frequency     :2611 MHz
# CPU Physical cores:8
# CPU Logical cores :12
# Host memory       :16802 MB
# Swap memory       :8952 MB
# Total Virtual     :25755 MB
# Available Virtual :14157 MB
#-----------------------------------------------------------
source build.tcl -notrace
create_project: Time (s): cpu = 00:00:13 ; elapsed = 00:00:15 . Memory (MB): peak = 912.312 ; gain = 594.879
INFO: board part xilinx.com:zcu104:part0:1.1
Wrote  : <D:\MPSOC_YOLO\06_vivado\proj\yolo_zcu104.srcs\sources_1\bd\system\system.bd> 
INFO: [PSU-1]  DP_AUDIO clock source: RPLL is also being used by other peripheral clocks. Their outputs may get impacted if any driver changes DP_AUDIO PLL source to support runtime audio change 
INFO: [PSU-1]  DP_AUDIO clock source: RPLL is also being used by other peripheral clocks. Their outputs may get impacted if any driver changes DP_AUDIO PLL source to support runtime audio change 
PLCLK: requested 200 MHz, PS actual 187.500000 MHz
INFO: [PSU-1]  DP_AUDIO clock source: RPLL is also being used by other peripheral clocks. Their outputs may get impacted if any driver changes DP_AUDIO PLL source to support runtime audio change 
PLCLK: 200 MHz not exact -> requested 187.5 MHz, PS actual 187.500000 MHz
INFO: [IP_Flow 19-5107] Inferred bus interface 'aclk' of definition 'xilinx.com:signal:clock:1.0' (from X_INTERFACE_INFO parameter from HDL file).
INFO: [IP_Flow 19-5107] Inferred bus interface 'aclk' of definition 'xilinx.com:signal:clock:1.0' (from 'X_INTERFACE_INFO' attribute).
INFO: [IP_Flow 19-5107] Inferred bus interface 'aresetn' of definition 'xilinx.com:signal:reset:1.0' (from X_INTERFACE_INFO parameter from HDL file).
INFO: [IP_Flow 19-5107] Inferred bus interface 'aresetn' of definition 'xilinx.com:signal:reset:1.0' (from 'X_INTERFACE_INFO' attribute).
INFO: [IP_Flow 19-5107] Inferred bus interface 'irq' of definition 'xilinx.com:signal:interrupt:1.0' (from X_INTERFACE_INFO parameter from HDL file).
INFO: [IP_Flow 19-5107] Inferred bus interface 'irq' of definition 'xilinx.com:signal:interrupt:1.0' (from 'X_INTERFACE_INFO' attribute).
INFO: [IP_Flow 19-5107] Inferred bus interface 'm_axi' of definition 'xilinx.com:interface:aximm:1.0' (from Xilinx Repository).
INFO: [IP_Flow 19-5107] Inferred bus interface 's_axi' of definition 'xilinx.com:interface:aximm:1.0' (from Xilinx Repository).
INFO: [IP_Flow 19-4728] Bus Interface 'aclk': Added interface parameter 'ASSOCIATED_BUSIF' with value 'm_axi'.
INFO: [IP_Flow 19-4728] Bus Interface 'aclk': Added interface parameter 'ASSOCIATED_RESET' with value 'aresetn'.
INFO: [IP_Flow 19-4728] Bus Interface 'aresetn': Added interface parameter 'POLARITY' with value 'ACTIVE_LOW'.
INFO: [IP_Flow 19-4728] Bus Interface 'irq': Added interface parameter 'SENSITIVITY' with value 'LEVEL_HIGH'.
WARNING: [IP_Flow 19-11770] Clock interface 'aclk' has no FREQ_HZ parameter.
PLCLK: pl_clk0 FREQ_HZ = 187500000
INFO: [BD 41-3093] Triggering Legacy Auto Assign Algorithm
Slave segment '/zynq_ps/SAXIGP2/HP0_DDR_LOW' is being assigned into address space '/yolo_accel/m_axi' at <0x0000_0000 [ 2G ]>.
Slave segment '/zynq_ps/SAXIGP2/HP0_QSPI' is being assigned into address space '/yolo_accel/m_axi' at <0xC000_0000 [ 512M ]>.
Slave segment '/yolo_accel/s_axi/reg0' is being assigned into address space '/zynq_ps/Data' at <0xA000_0000 [ 4K ]>.
Slave segment '/zynq_ps/SAXIGP2/HP0_LPS_OCM' is being assigned into address space '/yolo_accel/m_axi' at <0xFF00_0000 [ 16M ]>.
Excluding slave segment /zynq_ps/SAXIGP2/HP0_QSPI from address space /yolo_accel/m_axi.
Excluding slave segment /zynq_ps/SAXIGP2/HP0_LPS_OCM from address space /yolo_accel/m_axi.
WARNING: [BD 41-1629] Slave segment </zynq_ps/SAXIGP2/HP0_QSPI> is excluded from all addressing paths.
WARNING: [BD 41-1629] Slave segment </zynq_ps/SAXIGP2/HP0_LPS_OCM> is excluded from all addressing paths.
Excluding slave segment /zynq_ps/SAXIGP2/HP0_LPS_OCM from address space /yolo_accel/m_axi.
Excluding slave segment /zynq_ps/SAXIGP2/HP0_QSPI from address space /yolo_accel/m_axi.
Excluding slave segment /zynq_ps/SAXIGP2/HP0_LPS_OCM from address space /yolo_accel/m_axi.
Excluding slave segment /zynq_ps/SAXIGP2/HP0_QSPI from address space /yolo_accel/m_axi.
INFO: [PSU-1]  DP_AUDIO clock source: RPLL is also being used by other peripheral clocks. Their outputs may get impacted if any driver changes DP_AUDIO PLL source to support runtime audio change 
INFO: [BD 5-943] Reserving offset range <0xA000_0000 [ 4K ]> from slave interface '/sc_ctrl/S00_AXI' to master interface '/sc_ctrl/M00_AXI'. This will be used by smartconnect on path for routing.
INFO: [xilinx.com:ip:smartconnect:1.0-1] system_sc_ctrl_0: SmartConnect system_sc_ctrl_0 is in Low-Area Mode.
WARNING: [xilinx.com:ip:smartconnect:1.0-1] system_sc_ctrl_0: IP system_sc_ctrl_0 is configured in Low-area mode as all propagated traffic is low-bandwidth (AXI4LITE). SI S00_AXI has property HAS_BURST == 1. WRAP bursts are not supported in Low-area mode and will result in DECERR if received.
WARNING: [xilinx.com:ip:smartconnect:1.0-1] system_sc_ctrl_0: If WRAP transactions are required then turn off Low-area mode using ADVANCED_PROPERTIES. Execute following: set_property CONFIG.ADVANCED_PROPERTIES {__experimental_features__ {disable_low_area_mode 1}} [get_bd_cells /system_sc_ctrl_0]
INFO: [BD 5-943] Reserving offset range <0x0000_0000 [ 2G ]> from slave interface '/sc_mem/S00_AXI' to master interface '/sc_mem/M00_AXI'. This will be used by smartconnect on path for routing.
INFO: [xilinx.com:ip:smartconnect:1.0-1] system_sc_mem_0: SmartConnect system_sc_mem_0 is in High-performance Mode.
Excluding slave segment /zynq_ps/SAXIGP2/HP0_LPS_OCM from address space /yolo_accel/m_axi.
Excluding slave segment /zynq_ps/SAXIGP2/HP0_QSPI from address space /yolo_accel/m_axi.
Excluding slave segment /zynq_ps/SAXIGP2/HP0_LPS_OCM from address space /yolo_accel/m_axi.
Excluding slave segment /zynq_ps/SAXIGP2/HP0_QSPI from address space /yolo_accel/m_axi.
Wrote  : <D:\MPSOC_YOLO\06_vivado\proj\yolo_zcu104.srcs\sources_1\bd\system\system.bd> 
BD VALIDATED: pl_clk0 187.500000 MHz
ADDRESS MAP:
  SEG_zynq_ps_HP0_DDR_LOW offset=0x00000000 range=0x80000000
  reg0 offset= range=0x00001000
  SEG_yolo_accel_reg0 offset=0x00A0000000 range=0x0000001000
  HP0_DDR_LOW offset= range=0x80000000
  HP0_QSPI offset= range=0x20000000
  HP0_LPS_OCM offset= range=0x01000000
INFO: [BD 41-1662] The design 'system.bd' is already validated. Therefore parameter propagation will not be re-run.
Verilog Output written to : D:/MPSOC_YOLO/06_vivado/proj/yolo_zcu104.gen/sources_1/bd/system/synth/system.v
Verilog Output written to : D:/MPSOC_YOLO/06_vivado/proj/yolo_zcu104.gen/sources_1/bd/system/sim/system.v
Verilog Output written to : D:/MPSOC_YOLO/06_vivado/proj/yolo_zcu104.gen/sources_1/bd/system/hdl/system_wrapper.v
INFO: [xilinx.com:ip:zynq_ultra_ps_e:3.5-0] system_zynq_ps_0: 
Changes in your design (including the PCW configuration settings) are not automatically exported from Vivado to Amd's SDK, Petalinux or Yocto.
This is by design to avoid disrupting existing embedded development efforts. To have any changes of your design taking effect in the embedded software flow please export your
design by going through Vivado's main menu, click on File, then Export finally select Export Hardware, please ensure you click on the Include BitStream option.
The auto-generated HDF file is all you need to import in Amd's SDK, Petalinux or Yocto for your changes to be reflected in the Embedded Software Flow.
For more information, please consult PG201, section: Exporting PCW Settings to Embedded Software Flows
INFO: [PSU-0] Address Range of DDR (0x7ff00000 to 0x7fffffff) is reserved by PMU for internal purpose.
INFO: [IP_Flow 19-5611] Unable to find an associated reset port for the interface 'M_AXI_HPM0_FPD'. A default connection has been created.
INFO: [IP_Flow 19-5611] Unable to find an associated reset port for the interface 'S_AXI_HP0_FPD'. A default connection has been created.
INFO: [BD 41-1029] Generation completed for the IP Integrator block zynq_ps .
INFO: [BD 41-1029] Generation completed for the IP Integrator block yolo_accel .
INFO: [BD 41-1029] Generation completed for the IP Integrator block rst_pl0 .
Exporting to file d:/MPSOC_YOLO/06_vivado/proj/yolo_zcu104.gen/sources_1/bd/system/ip/system_sc_ctrl_0/bd_0/hw_handoff/system_sc_ctrl_0.hwh
Generated Hardware Definition File d:/MPSOC_YOLO/06_vivado/proj/yolo_zcu104.gen/sources_1/bd/system/ip/system_sc_ctrl_0/bd_0/synth/system_sc_ctrl_0.hwdef
INFO: [BD 41-1029] Generation completed for the IP Integrator block sc_ctrl .
Exporting to file d:/MPSOC_YOLO/06_vivado/proj/yolo_zcu104.gen/sources_1/bd/system/ip/system_sc_mem_0/bd_0/hw_handoff/system_sc_mem_0.hwh
Generated Hardware Definition File d:/MPSOC_YOLO/06_vivado/proj/yolo_zcu104.gen/sources_1/bd/system/ip/system_sc_mem_0/bd_0/synth/system_sc_mem_0.hwdef
INFO: [BD 41-1029] Generation completed for the IP Integrator block sc_mem .
Exporting to file D:/MPSOC_YOLO/06_vivado/proj/yolo_zcu104.gen/sources_1/bd/system/hw_handoff/system.hwh
Generated Hardware Definition File D:/MPSOC_YOLO/06_vivado/proj/yolo_zcu104.gen/sources_1/bd/system/synth/system.hwdef
generate_target: Time (s): cpu = 00:00:28 ; elapsed = 00:00:30 . Memory (MB): peak = 1487.469 ; gain = 343.746
WARNING: [Vivado 12-7122] Auto Incremental Compile:: No reference checkpoint was found in run synth_1. Auto-incremental flow will not be run, the standard flow will be run instead.
[Mon Sep 28 01:30:03 2026] Launched synth_1...
Run output will be captured here: D:/MPSOC_YOLO/06_vivado/proj/yolo_zcu104.runs/synth_1/runme.log
launch_runs: Time (s): cpu = 00:00:00 ; elapsed = 00:00:18 . Memory (MB): peak = 1487.469 ; gain = 0.000
[Mon Sep 28 01:30:03 2026] Waiting for synth_1 to finish...

*** Running vivado
    with args -log system_wrapper.vds -m64 -product Vivado -mode batch -messageDb vivado.pb -notrace -source system_wrapper.tcl



****** Vivado v2024.1 (64-bit)
  **** SW Build 5076996 on Wed May 22 18:37:14 MDT 2024
  **** IP Build 5075265 on Wed May 22 21:45:21 MDT 2024
  **** SharedData Build 5076995 on Wed May 22 18:29:18 MDT 2024
  **** Start of session at: Mon Sep 28 01:29:48 2026
    ** Copyright 1986-2022 Xilinx, Inc. All Rights Reserved.
    ** Copyright 2022-2024 Advanced Micro Devices, Inc. All Rights Reserved.

source system_wrapper.tcl -notrace
create_project: Time (s): cpu = 00:00:05 ; elapsed = 00:00:05 . Memory (MB): peak = 521.328 ; gain = 204.699
INFO: [IP_Flow 19-234] Refreshing IP repositories
INFO: [IP_Flow 19-1704] No user IP repositories specified
INFO: [IP_Flow 19-2313] Loaded Vivado IP repository 'C:/Xilinx/Vivado/2024.1/data/ip'.
Command: synth_design -top system_wrapper -part xczu7ev-ffvc1156-2-e
Starting synth_design
Attempting to get a license for feature 'Synthesis' and/or device 'xczu7ev'
INFO: [Common 17-349] Got license for feature 'Synthesis' and/or device 'xczu7ev'
INFO: [Device 21-403] Loading part xczu7ev-ffvc1156-2-e
INFO: [Synth 8-7079] Multithreading enabled for synth_design using a maximum of 4 processes.
INFO: [Synth 8-7078] Launching helper process for spawning children vivado processes
INFO: [Synth 8-7075] Helper process launched with PID 13520
---------------------------------------------------------------------------------
Starting RTL Elaboration : Time (s): cpu = 00:00:04 ; elapsed = 00:00:05 . Memory (MB): peak = 2485.246 ; gain = 404.340
---------------------------------------------------------------------------------
INFO: [Synth 8-11241] undeclared symbol 'dp_audi_ref_clk', assumed default net type 'wire' [d:/MPSOC_YOLO/06_vivado/proj/yolo_zcu104.gen/sources_1/bd/system/ip/system_zynq_ps_0/hdl/zynq_ultra_ps_e_v3_5_3.v:2490]
INFO: [Synth 8-6157] synthesizing module 'system_wrapper' [D:/MPSOC_YOLO/06_vivado/proj/yolo_zcu104.gen/sources_1/bd/system/hdl/system_wrapper.v:13]
INFO: [Synth 8-6157] synthesizing module 'system' [d:/MPSOC_YOLO/06_vivado/proj/yolo_zcu104.gen/sources_1/bd/system/synth/system.v:13]
INFO: [Synth 8-638] synthesizing module 'system_rst_pl0_0' [d:/MPSOC_YOLO/06_vivado/proj/yolo_zcu104.gen/sources_1/bd/system/ip/system_rst_pl0_0/synth/system_rst_pl0_0.vhd:74]
	Parameter C_FAMILY bound to: zynquplus - type: string 
	Parameter C_EXT_RST_WIDTH bound to: 4 - type: integer 
	Parameter C_AUX_RST_WIDTH bound to: 4 - type: integer 
	Parameter C_EXT_RESET_HIGH bound to: 1'b0 
	Parameter C_AUX_RESET_HIGH bound to: 1'b0 
	Parameter C_NUM_BUS_RST bound to: 1 - type: integer 
	Parameter C_NUM_PERP_RST bound to: 1 - type: integer 
	Parameter C_NUM_INTERCONNECT_ARESETN bound to: 1 - type: integer 
	Parameter C_NUM_PERP_ARESETN bound to: 1 - type: integer 
INFO: [Synth 8-3491] module 'proc_sys_reset' declared at 'd:/MPSOC_YOLO/06_vivado/proj/yolo_zcu104.gen/sources_1/bd/system/ipshared/3a26/hdl/proc_sys_reset_v5_0_vh_rfs.vhd:1271' bound to instance 'U0' of component 'proc_sys_reset' [d:/MPSOC_YOLO/06_vivado/proj/yolo_zcu104.gen/sources_1/bd/system/ip/system_rst_pl0_0/synth/system_rst_pl0_0.vhd:129]
INFO: [Synth 8-638] synthesizing module 'proc_sys_reset' [d:/MPSOC_YOLO/06_vivado/proj/yolo_zcu104.gen/sources_1/bd/system/ipshared/3a26/hdl/proc_sys_reset_v5_0_vh_rfs.vhd:1330]
	Parameter INIT bound to: 1'b1 
INFO: [Synth 8-113] binding component instance 'FDRE_inst' to cell 'FDRE' [d:/MPSOC_YOLO/06_vivado/proj/yolo_zcu104.gen/sources_1/bd/system/ipshared/3a26/hdl/proc_sys_reset_v5_0_vh_rfs.vhd:1399]
	Parameter INIT bound to: 1'b1 
INFO: [Synth 8-113] binding component instance 'FDRE_BSR' to cell 'FDRE' [d:/MPSOC_YOLO/06_vivado/proj/yolo_zcu104.gen/sources_1/bd/system/ipshared/3a26/hdl/proc_sys_reset_v5_0_vh_rfs.vhd:1415]
	Parameter INIT bound to: 1'b0 
INFO: [Synth 8-113] binding component instance 'FDRE_BSR_N' to cell 'FDRE' [d:/MPSOC_YOLO/06_vivado/proj/yolo_zcu104.gen/sources_1/bd/system/ipshared/3a26/hdl/proc_sys_reset_v5_0_vh_rfs.vhd:1441]
	Parameter INIT bound to: 1'b1 
INFO: [Synth 8-113] binding component instance 'FDRE_PER' to cell 'FDRE' [d:/MPSOC_YOLO/06_vivado/proj/yolo_zcu104.gen/sources_1/bd/system/ipshared/3a26/hdl/proc_sys_reset_v5_0_vh_rfs.vhd:1464]
	Parameter INIT bound to: 1'b0 
INFO: [Synth 8-113] binding component instance 'FDRE_PER_N' to cell 'FDRE' [d:/MPSOC_YOLO/06_vivado/proj/yolo_zcu104.gen/sources_1/bd/system/ipshared/3a26/hdl/proc_sys_reset_v5_0_vh_rfs.vhd:1488]
INFO: [Synth 8-638] synthesizing module 'lpf' [d:/MPSOC_YOLO/06_vivado/proj/yolo_zcu104.gen/sources_1/bd/system/ipshared/3a26/hdl/proc_sys_reset_v5_0_vh_rfs.vhd:821]
INFO: [Synth 8-3491] module 'SRL16' declared at 'C:/Xilinx/Vivado/2024.1/scripts/rt/data/unisim_comp.v:137246' bound to instance 'POR_SRL_I' of component 'SRL16' [d:/MPSOC_YOLO/06_vivado/proj/yolo_zcu104.gen/sources_1/bd/system/ipshared/3a26/hdl/proc_sys_reset_v5_0_vh_rfs.vhd:873]
INFO: [Synth 8-6157] synthesizing module 'SRL16' [C:/Xilinx/Vivado/2024.1/scripts/rt/data/unisim_comp.v:137246]
INFO: [Synth 8-6155] done synthesizing module 'SRL16' (0#1) [C:/Xilinx/Vivado/2024.1/scripts/rt/data/unisim_comp.v:137246]
INFO: [Synth 8-638] synthesizing module 'cdc_sync' [d:/MPSOC_YOLO/06_vivado/proj/yolo_zcu104.gen/sources_1/bd/system/ipshared/2a4f/hdl/lib_cdc_v1_0_rfs.vhd:106]
	Parameter INIT bound to: 1'b0 
INFO: [Synth 8-113] binding component instance 'CROSS_PLEVEL_IN2SCNDRY_IN_cdc_to' to cell 'FDR' [d:/MPSOC_YOLO/06_vivado/proj/yolo_zcu104.gen/sources_1/bd/system/ipshared/2a4f/hdl/lib_cdc_v1_0_rfs.vhd:514]
	Parameter INIT bound to: 1'b0 
INFO: [Synth 8-113] binding component instance 'CROSS_PLEVEL_IN2SCNDRY_s_level_out_d2' to cell 'FDR' [d:/MPSOC_YOLO/06_vivado/proj/yolo_zcu104.gen/sources_1/bd/system/ipshared/2a4f/hdl/lib_cdc_v1_0_rfs.vhd:545]
	Parameter INIT bound to: 1'b0 
INFO: [Synth 8-113] binding component instance 'CROSS_PLEVEL_IN2SCNDRY_s_level_out_d3' to cell 'FDR' [d:/MPSOC_YOLO/06_vivado/proj/yolo_zcu104.gen/sources_1/bd/system/ipshared/2a4f/hdl/lib_cdc_v1_0_rfs.vhd:554]
	Parameter INIT bound to: 1'b0 
INFO: [Synth 8-113] binding component instance 'CROSS_PLEVEL_IN2SCNDRY_s_level_out_d4' to cell 'FDR' [d:/MPSOC_YOLO/06_vivado/proj/yolo_zcu104.gen/sources_1/bd/system/ipshared/2a4f/hdl/lib_cdc_v1_0_rfs.vhd:564]
	Parameter INIT bound to: 1'b0 
INFO: [Synth 8-113] binding component instance 'CROSS_PLEVEL_IN2SCNDRY_s_level_out_d5' to cell 'FDR' [d:/MPSOC_YOLO/06_vivado/proj/yolo_zcu104.gen/sources_1/bd/system/ipshared/2a4f/hdl/lib_cdc_v1_0_rfs.vhd:574]
	Parameter INIT bound to: 1'b0 
INFO: [Synth 8-113] binding component instance 'CROSS_PLEVEL_IN2SCNDRY_s_level_out_d6' to cell 'FDR' [d:/MPSOC_YOLO/06_vivado/proj/yolo_zcu104.gen/sources_1/bd/system/ipshared/2a4f/hdl/lib_cdc_v1_0_rfs.vhd:584]
INFO: [Synth 8-256] done synthesizing module 'cdc_sync' (0#1) [d:/MPSOC_YOLO/06_vivado/proj/yolo_zcu104.gen/sources_1/bd/system/ipshared/2a4f/hdl/lib_cdc_v1_0_rfs.vhd:106]
INFO: [Synth 8-256] done synthesizing module 'lpf' (0#1) [d:/MPSOC_YOLO/06_vivado/proj/yolo_zcu104.gen/sources_1/bd/system/ipshared/3a26/hdl/proc_sys_reset_v5_0_vh_rfs.vhd:821]
INFO: [Synth 8-638] synthesizing module 'sequence_psr' [d:/MPSOC_YOLO/06_vivado/proj/yolo_zcu104.gen/sources_1/bd/system/ipshared/3a26/hdl/proc_sys_reset_v5_0_vh_rfs.vhd:304]
INFO: [Synth 8-638] synthesizing module 'upcnt_n' [d:/MPSOC_YOLO/06_vivado/proj/yolo_zcu104.gen/sources_1/bd/system/ipshared/3a26/hdl/proc_sys_reset_v5_0_vh_rfs.vhd:126]
INFO: [Synth 8-256] done synthesizing module 'upcnt_n' (0#1) [d:/MPSOC_YOLO/06_vivado/proj/yolo_zcu104.gen/sources_1/bd/system/ipshared/3a26/hdl/proc_sys_reset_v5_0_vh_rfs.vhd:126]
INFO: [Synth 8-256] done synthesizing module 'sequence_psr' (0#1) [d:/MPSOC_YOLO/06_vivado/proj/yolo_zcu104.gen/sources_1/bd/system/ipshared/3a26/hdl/proc_sys_reset_v5_0_vh_rfs.vhd:304]
INFO: [Synth 8-256] done synthesizing module 'proc_sys_reset' (0#1) [d:/MPSOC_YOLO/06_vivado/proj/yolo_zcu104.gen/sources_1/bd/system/ipshared/3a26/hdl/proc_sys_reset_v5_0_vh_rfs.vhd:1330]
INFO: [Synth 8-256] done synthesizing module 'system_rst_pl0_0' (0#1) [d:/MPSOC_YOLO/06_vivado/proj/yolo_zcu104.gen/sources_1/bd/system/ip/system_rst_pl0_0/synth/system_rst_pl0_0.vhd:74]
WARNING: [Synth 8-7071] port 'mb_reset' of module 'system_rst_pl0_0' is unconnected for instance 'rst_pl0' [d:/MPSOC_YOLO/06_vivado/proj/yolo_zcu104.gen/sources_1/bd/system/synth/system.v:153]
WARNING: [Synth 8-7071] port 'bus_struct_reset' of module 'system_rst_pl0_0' is unconnected for instance 'rst_pl0' [d:/MPSOC_YOLO/06_vivado/proj/yolo_zcu104.gen/sources_1/bd/system/synth/system.v:153]
WARNING: [Synth 8-7071] port 'peripheral_reset' of module 'system_rst_pl0_0' is unconnected for instance 'rst_pl0' [d:/MPSOC_YOLO/06_vivado/proj/yolo_zcu104.gen/sources_1/bd/system/synth/system.v:153]
WARNING: [Synth 8-7023] instance 'rst_pl0' of module 'system_rst_pl0_0' has 10 connections declared, but only 7 given [d:/MPSOC_YOLO/06_vivado/proj/yolo_zcu104.gen/sources_1/bd/system/synth/system.v:153]
INFO: [Synth 8-6157] synthesizing module 'system_sc_ctrl_0' [d:/MPSOC_YOLO/06_vivado/proj/yolo_zcu104.gen/sources_1/bd/system/ip/system_sc_ctrl_0/synth/system_sc_ctrl_0.v:53]
INFO: [Synth 8-6157] synthesizing module 'bd_73a6' [d:/MPSOC_YOLO/06_vivado/proj/yolo_zcu104.gen/sources_1/bd/system/ip/system_sc_ctrl_0/bd_0/synth/bd_73a6.v:10]
INFO: [Synth 8-6157] synthesizing module 'clk_map_imp_1MM1RYS' [d:/MPSOC_YOLO/06_vivado/proj/yolo_zcu104.gen/sources_1/bd/system/ip/system_sc_ctrl_0/bd_0/synth/bd_73a6.v:724]
INFO: [Synth 8-6157] synthesizing module 'bd_73a6_one_0' [d:/MPSOC_YOLO/06_vivado/proj/yolo_zcu104.gen/sources_1/bd/system/ip/system_sc_ctrl_0/bd_0/ip/ip_0/synth/bd_73a6_one_0.v:53]
INFO: [Synth 8-6157] synthesizing module 'xlconstant_v1_1_9_xlconstant' [d:/MPSOC_YOLO/06_vivado/proj/yolo_zcu104.gen/sources_1/bd/system/ipshared/e2d2/hdl/xlconstant_v1_1_vl_rfs.v:68]
INFO: [Synth 8-6155] done synthesizing module 'xlconstant_v1_1_9_xlconstant' (0#1) [d:/MPSOC_YOLO/06_vivado/proj/yolo_zcu104.gen/sources_1/bd/system/ipshared/e2d2/hdl/xlconstant_v1_1_vl_rfs.v:68]
INFO: [Synth 8-6155] done synthesizing module 'bd_73a6_one_0' (0#1) [d:/MPSOC_YOLO/06_vivado/proj/yolo_zcu104.gen/sources_1/bd/system/ip/system_sc_ctrl_0/bd_0/ip/ip_0/synth/bd_73a6_one_0.v:53]
INFO: [Synth 8-638] synthesizing module 'bd_73a6_psr_aclk_0' [d:/MPSOC_YOLO/06_vivado/proj/yolo_zcu104.gen/sources_1/bd/system/ip/system_sc_ctrl_0/bd_0/ip/ip_1/synth/bd_73a6_psr_aclk_0.vhd:74]
	Parameter C_FAMILY bound to: zynquplus - type: string 
	Parameter C_EXT_RST_WIDTH bound to: 4 - type: integer 
	Parameter C_AUX_RST_WIDTH bound to: 1 - type: integer 
	Parameter C_EXT_RESET_HIGH bound to: 1'b0 
	Parameter C_AUX_RESET_HIGH bound to: 1'b0 
	Parameter C_NUM_BUS_RST bound to: 1 - type: integer 
	Parameter C_NUM_PERP_RST bound to: 1 - type: integer 
	Parameter C_NUM_INTERCONNECT_ARESETN bound to: 1 - type: integer 
	Parameter C_NUM_PERP_ARESETN bound to: 1 - type: integer 
INFO: [Synth 8-3491] module 'proc_sys_reset' declared at 'd:/MPSOC_YOLO/06_vivado/proj/yolo_zcu104.gen/sources_1/bd/system/ipshared/3a26/hdl/proc_sys_reset_v5_0_vh_rfs.vhd:1271' bound to instance 'U0' of component 'proc_sys_reset' [d:/MPSOC_YOLO/06_vivado/proj/yolo_zcu104.gen/sources_1/bd/system/ip/system_sc_ctrl_0/bd_0/ip/ip_1/synth/bd_73a6_psr_aclk_0.vhd:129]
INFO: [Synth 8-638] synthesizing module 'proc_sys_reset__parameterized1' [d:/MPSOC_YOLO/06_vivado/proj/yolo_zcu104.gen/sources_1/bd/system/ipshared/3a26/hdl/proc_sys_reset_v5_0_vh_rfs.vhd:1330]
	Parameter INIT bound to: 1'b1 
INFO: [Synth 8-113] binding component instance 'FDRE_inst' to cell 'FDRE' [d:/MPSOC_YOLO/06_vivado/proj/yolo_zcu104.gen/sources_1/bd/system/ipshared/3a26/hdl/proc_sys_reset_v5_0_vh_rfs.vhd:1399]
	Parameter INIT bound to: 1'b1 
INFO: [Synth 8-113] binding component instance 'FDRE_BSR' to cell 'FDRE' [d:/MPSOC_YOLO/06_vivado/proj/yolo_zcu104.gen/sources_1/bd/system/ipshared/3a26/hdl/proc_sys_reset_v5_0_vh_rfs.vhd:1415]
	Parameter INIT bound to: 1'b0 
INFO: [Synth 8-113] binding component instance 'FDRE_BSR_N' to cell 'FDRE' [d:/MPSOC_YOLO/06_vivado/proj/yolo_zcu104.gen/sources_1/bd/system/ipshared/3a26/hdl/proc_sys_reset_v5_0_vh_rfs.vhd:1441]
	Parameter INIT bound to: 1'b1 
INFO: [Synth 8-113] binding component instance 'FDRE_PER' to cell 'FDRE' [d:/MPSOC_YOLO/06_vivado/proj/yolo_zcu104.gen/sources_1/bd/system/ipshared/3a26/hdl/proc_sys_reset_v5_0_vh_rfs.vhd:1464]
	Parameter INIT bound to: 1'b0 
INFO: [Synth 8-113] binding component instance 'FDRE_PER_N' to cell 'FDRE' [d:/MPSOC_YOLO/06_vivado/proj/yolo_zcu104.gen/sources_1/bd/system/ipshared/3a26/hdl/proc_sys_reset_v5_0_vh_rfs.vhd:1488]
INFO: [Synth 8-638] synthesizing module 'lpf__parameterized0' [d:/MPSOC_YOLO/06_vivado/proj/yolo_zcu104.gen/sources_1/bd/system/ipshared/3a26/hdl/proc_sys_reset_v5_0_vh_rfs.vhd:821]
INFO: [Synth 8-3491] module 'SRL16' declared at 'C:/Xilinx/Vivado/2024.1/scripts/rt/data/unisim_comp.v:137246' bound to instance 'POR_SRL_I' of component 'SRL16' [d:/MPSOC_YOLO/06_vivado/proj/yolo_zcu104.gen/sources_1/bd/system/ipshared/3a26/hdl/proc_sys_reset_v5_0_vh_rfs.vhd:873]
INFO: [Synth 8-256] done synthesizing module 'lpf__parameterized0' (0#1) [d:/MPSOC_YOLO/06_vivado/proj/yolo_zcu104.gen/sources_1/bd/system/ipshared/3a26/hdl/proc_sys_reset_v5_0_vh_rfs.vhd:821]
INFO: [Synth 8-256] done synthesizing module 'proc_sys_reset__parameterized1' (0#1) [d:/MPSOC_YOLO/06_vivado/proj/yolo_zcu104.gen/sources_1/bd/system/ipshared/3a26/hdl/proc_sys_reset_v5_0_vh_rfs.vhd:1330]
INFO: [Synth 8-256] done synthesizing module 'bd_73a6_psr_aclk_0' (0#1) [d:/MPSOC_YOLO/06_vivado/proj/yolo_zcu104.gen/sources_1/bd/system/ip/system_sc_ctrl_0/bd_0/ip/ip_1/synth/bd_73a6_psr_aclk_0.vhd:74]
WARNING: [Synth 8-7071] port 'mb_reset' of module 'bd_73a6_psr_aclk_0' is unconnected for instance 'psr_aclk' [d:/MPSOC_YOLO/06_vivado/proj/yolo_zcu104.gen/sources_1/bd/system/ip/system_sc_ctrl_0/bd_0/synth/bd_73a6.v:759]
WARNING: [Synth 8-7071] port 'bus_struct_reset' of module 'bd_73a6_psr_aclk_0' is unconnected for instance 'psr_aclk' [d:/MPSOC_YOLO/06_vivado/proj/yolo_zcu104.gen/sources_1/bd/system/ip/system_sc_ctrl_0/bd_0/synth/bd_73a6.v:759]
WARNING: [Synth 8-7071] port 'peripheral_reset' of module 'bd_73a6_psr_aclk_0' is unconnected for instance 'psr_aclk' [d:/MPSOC_YOLO/06_vivado/proj/yolo_zcu104.gen/sources_1/bd/system/ip/system_sc_ctrl_0/bd_0/synth/bd_73a6.v:759]
WARNING: [Synth 8-7071] port 'peripheral_aresetn' of module 'bd_73a6_psr_aclk_0' is unconnected for instance 'psr_aclk' [d:/MPSOC_YOLO/06_vivado/proj/yolo_zcu104.gen/sources_1/bd/system/ip/system_sc_ctrl_0/bd_0/synth/bd_73a6.v:759]
WARNING: [Synth 8-7023] instance 'psr_aclk' of module 'bd_73a6_psr_aclk_0' has 10 connections declared, but only 6 given [d:/MPSOC_YOLO/06_vivado/proj/yolo_zcu104.gen/sources_1/bd/system/ip/system_sc_ctrl_0/bd_0/synth/bd_73a6.v:759]
INFO: [Synth 8-6155] done synthesizing module 'clk_map_imp_1MM1RYS' (0#1) [d:/MPSOC_YOLO/06_vivado/proj/yolo_zcu104.gen/sources_1/bd/system/ip/system_sc_ctrl_0/bd_0/synth/bd_73a6.v:724]
INFO: [Synth 8-6157] synthesizing module 'm00_exit_pipeline_imp_C36SR3' [d:/MPSOC_YOLO/06_vivado/proj/yolo_zcu104.gen/sources_1/bd/system/ip/system_sc_ctrl_0/bd_0/synth/bd_73a6.v:768]
INFO: [Synth 8-6157] synthesizing module 'bd_73a6_m00e_0' [d:/MPSOC_YOLO/06_vivado/proj/yolo_zcu104.gen/sources_1/bd/system/ip/system_sc_ctrl_0/bd_0/ip/ip_12/synth/bd_73a6_m00e_0.sv:53]
INFO: [Synth 8-6157] synthesizing module 'xpm_cdc_async_rst' [C:/Xilinx/Vivado/2024.1/data/ip/xpm/xpm_cdc/hdl/xpm_cdc.sv:1175]
INFO: [Synth 8-6155] done synthesizing module 'xpm_cdc_async_rst' (0#1) [C:/Xilinx/Vivado/2024.1/data/ip/xpm/xpm_cdc/hdl/xpm_cdc.sv:1175]
INFO: [Synth 8-6155] done synthesizing module 'bd_73a6_m00e_0' (0#1) [d:/MPSOC_YOLO/06_vivado/proj/yolo_zcu104.gen/sources_1/bd/system/ip/system_sc_ctrl_0/bd_0/ip/ip_12/synth/bd_73a6_m00e_0.sv:53]
INFO: [Synth 8-6155] done synthesizing module 'm00_exit_pipeline_imp_C36SR3' (0#1) [d:/MPSOC_YOLO/06_vivado/proj/yolo_zcu104.gen/sources_1/bd/system/ip/system_sc_ctrl_0/bd_0/synth/bd_73a6.v:768]
INFO: [Synth 8-6157] synthesizing module 'bd_73a6_m00s2a_0' [d:/MPSOC_YOLO/06_vivado/proj/yolo_zcu104.gen/sources_1/bd/system/ip/system_sc_ctrl_0/bd_0/ip/ip_11/synth/bd_73a6_m00s2a_0.sv:53]
INFO: [Synth 8-6155] done synthesizing module 'bd_73a6_m00s2a_0' (0#1) [d:/MPSOC_YOLO/06_vivado/proj/yolo_zcu104.gen/sources_1/bd/system/ip/system_sc_ctrl_0/bd_0/ip/ip_11/synth/bd_73a6_m00s2a_0.sv:53]
INFO: [Synth 8-6157] synthesizing module 'bd_73a6_s00a2s_0' [d:/MPSOC_YOLO/06_vivado/proj/yolo_zcu104.gen/sources_1/bd/system/ip/system_sc_ctrl_0/bd_0/ip/ip_5/synth/bd_73a6_s00a2s_0.sv:53]
INFO: [Synth 8-6155] done synthesizing module 'bd_73a6_s00a2s_0' (0#1) [d:/MPSOC_YOLO/06_vivado/proj/yolo_zcu104.gen/sources_1/bd/system/ip/system_sc_ctrl_0/bd_0/ip/ip_5/synth/bd_73a6_s00a2s_0.sv:53]
INFO: [Synth 8-6157] synthesizing module 's00_entry_pipeline_imp_1ATB024' [d:/MPSOC_YOLO/06_vivado/proj/yolo_zcu104.gen/sources_1/bd/system/ip/system_sc_ctrl_0/bd_0/synth/bd_73a6.v:1069]
INFO: [Synth 8-6157] synthesizing module 'bd_73a6_s00mmu_0' [d:/MPSOC_YOLO/06_vivado/proj/yolo_zcu104.gen/sources_1/bd/system/ip/system_sc_ctrl_0/bd_0/ip/ip_2/synth/bd_73a6_s00mmu_0.sv:53]
INFO: [Synth 8-6155] done synthesizing module 'bd_73a6_s00mmu_0' (0#1) [d:/MPSOC_YOLO/06_vivado/proj/yolo_zcu104.gen/sources_1/bd/system/ip/system_sc_ctrl_0/bd_0/ip/ip_2/synth/bd_73a6_s00mmu_0.sv:53]
INFO: [Synth 8-6157] synthesizing module 'bd_73a6_s00sic_0' [d:/MPSOC_YOLO/06_vivado/proj/yolo_zcu104.gen/sources_1/bd/system/ip/system_sc_ctrl_0/bd_0/ip/ip_4/synth/bd_73a6_s00sic_0.sv:53]
INFO: [Synth 8-6155] done synthesizing module 'bd_73a6_s00sic_0' (0#1) [d:/MPSOC_YOLO/06_vivado/proj/yolo_zcu104.gen/sources_1/bd/system/ip/system_sc_ctrl_0/bd_0/ip/ip_4/synth/bd_73a6_s00sic_0.sv:53]
INFO: [Synth 8-6157] synthesizing module 'bd_73a6_s00tr_0' [d:/MPSOC_YOLO/06_vivado/proj/yolo_zcu104.gen/sources_1/bd/system/ip/system_sc_ctrl_0/bd_0/ip/ip_3/synth/bd_73a6_s00tr_0.sv:53]
INFO: [Synth 8-6155] done synthesizing module 'bd_73a6_s00tr_0' (0#1) [d:/MPSOC_YOLO/06_vivado/proj/yolo_zcu104.gen/sources_1/bd/system/ip/system_sc_ctrl_0/bd_0/ip/ip_3/synth/bd_73a6_s00tr_0.sv:53]
INFO: [Synth 8-6155] done synthesizing module 's00_entry_pipeline_imp_1ATB024' (0#1) [d:/MPSOC_YOLO/06_vivado/proj/yolo_zcu104.gen/sources_1/bd/system/ip/system_sc_ctrl_0/bd_0/synth/bd_73a6.v:1069]
INFO: [Synth 8-6157] synthesizing module 's00_nodes_imp_1GFXR86' [d:/MPSOC_YOLO/06_vivado/proj/yolo_zcu104.gen/sources_1/bd/system/ip/system_sc_ctrl_0/bd_0/synth/bd_73a6.v:1728]
INFO: [Synth 8-6157] synthesizing module 'bd_73a6_sarn_0' [d:/MPSOC_YOLO/06_vivado/proj/yolo_zcu104.gen/sources_1/bd/system/ip/system_sc_ctrl_0/bd_0/ip/ip_6/synth/bd_73a6_sarn_0.sv:53]
INFO: [Synth 8-6155] done synthesizing module 'bd_73a6_sarn_0' (0#1) [d:/MPSOC_YOLO/06_vivado/proj/yolo_zcu104.gen/sources_1/bd/system/ip/system_sc_ctrl_0/bd_0/ip/ip_6/synth/bd_73a6_sarn_0.sv:53]
INFO: [Synth 8-6157] synthesizing module 'bd_73a6_sawn_0' [d:/MPSOC_YOLO/06_vivado/proj/yolo_zcu104.gen/sources_1/bd/system/ip/system_sc_ctrl_0/bd_0/ip/ip_8/synth/bd_73a6_sawn_0.sv:53]
INFO: [Synth 8-6155] done synthesizing module 'bd_73a6_sawn_0' (0#1) [d:/MPSOC_YOLO/06_vivado/proj/yolo_zcu104.gen/sources_1/bd/system/ip/system_sc_ctrl_0/bd_0/ip/ip_8/synth/bd_73a6_sawn_0.sv:53]
INFO: [Synth 8-6157] synthesizing module 'bd_73a6_sbn_0' [d:/MPSOC_YOLO/06_vivado/proj/yolo_zcu104.gen/sources_1/bd/system/ip/system_sc_ctrl_0/bd_0/ip/ip_10/synth/bd_73a6_sbn_0.sv:53]
INFO: [Synth 8-6155] done synthesizing module 'bd_73a6_sbn_0' (0#1) [d:/MPSOC_YOLO/06_vivado/proj/yolo_zcu104.gen/sources_1/bd/system/ip/system_sc_ctrl_0/bd_0/ip/ip_10/synth/bd_73a6_sbn_0.sv:53]
INFO: [Synth 8-6157] synthesizing module 'bd_73a6_srn_0' [d:/MPSOC_YOLO/06_vivado/proj/yolo_zcu104.gen/sources_1/bd/system/ip/system_sc_ctrl_0/bd_0/ip/ip_7/synth/bd_73a6_srn_0.sv:53]
INFO: [Synth 8-6155] done synthesizing module 'bd_73a6_srn_0' (0#1) [d:/MPSOC_YOLO/06_vivado/proj/yolo_zcu104.gen/sources_1/bd/system/ip/system_sc_ctrl_0/bd_0/ip/ip_7/synth/bd_73a6_srn_0.sv:53]
INFO: [Synth 8-6157] synthesizing module 'bd_73a6_swn_0' [d:/MPSOC_YOLO/06_vivado/proj/yolo_zcu104.gen/sources_1/bd/system/ip/system_sc_ctrl_0/bd_0/ip/ip_9/synth/bd_73a6_swn_0.sv:53]
INFO: [Synth 8-6155] done synthesizing module 'bd_73a6_swn_0' (0#1) [d:/MPSOC_YOLO/06_vivado/proj/yolo_zcu104.gen/sources_1/bd/system/ip/system_sc_ctrl_0/bd_0/ip/ip_9/synth/bd_73a6_swn_0.sv:53]
INFO: [Synth 8-6155] done synthesizing module 's00_nodes_imp_1GFXR86' (0#1) [d:/MPSOC_YOLO/06_vivado/proj/yolo_zcu104.gen/sources_1/bd/system/ip/system_sc_ctrl_0/bd_0/synth/bd_73a6.v:1728]
INFO: [Synth 8-6155] done synthesizing module 'bd_73a6' (0#1) [d:/MPSOC_YOLO/06_vivado/proj/yolo_zcu104.gen/sources_1/bd/system/ip/system_sc_ctrl_0/bd_0/synth/bd_73a6.v:10]
INFO: [Synth 8-6155] done synthesizing module 'system_sc_ctrl_0' (0#1) [d:/MPSOC_YOLO/06_vivado/proj/yolo_zcu104.gen/sources_1/bd/system/ip/system_sc_ctrl_0/synth/system_sc_ctrl_0.v:53]
WARNING: [Synth 8-7071] port 'M00_AXI_awprot' of module 'system_sc_ctrl_0' is unconnected for instance 'sc_ctrl' [d:/MPSOC_YOLO/06_vivado/proj/yolo_zcu104.gen/sources_1/bd/system/synth/system.v:161]
WARNING: [Synth 8-7071] port 'M00_AXI_arprot' of module 'system_sc_ctrl_0' is unconnected for instance 'sc_ctrl' [d:/MPSOC_YOLO/06_vivado/proj/yolo_zcu104.gen/sources_1/bd/system/synth/system.v:161]
WARNING: [Synth 8-7023] instance 'sc_ctrl' of module 'system_sc_ctrl_0' has 60 connections declared, but only 58 given [d:/MPSOC_YOLO/06_vivado/proj/yolo_zcu104.gen/sources_1/bd/system/synth/system.v:161]
INFO: [Synth 8-6157] synthesizing module 'system_sc_mem_0' [d:/MPSOC_YOLO/06_vivado/proj/yolo_zcu104.gen/sources_1/bd/system/ip/system_sc_mem_0/synth/system_sc_mem_0.v:53]
INFO: [Synth 8-6157] synthesizing module 'bd_0182' [d:/MPSOC_YOLO/06_vivado/proj/yolo_zcu104.gen/sources_1/bd/system/ip/system_sc_mem_0/bd_0/synth/bd_0182.v:10]
INFO: [Synth 8-6157] synthesizing module 'clk_map_imp_9ADCLJ' [d:/MPSOC_YOLO/06_vivado/proj/yolo_zcu104.gen/sources_1/bd/system/ip/system_sc_mem_0/bd_0/synth/bd_0182.v:804]
INFO: [Synth 8-6157] synthesizing module 'bd_0182_one_0' [d:/MPSOC_YOLO/06_vivado/proj/yolo_zcu104.gen/sources_1/bd/system/ip/system_sc_mem_0/bd_0/ip/ip_0/synth/bd_0182_one_0.v:53]
INFO: [Synth 8-6155] done synthesizing module 'bd_0182_one_0' (0#1) [d:/MPSOC_YOLO/06_vivado/proj/yolo_zcu104.gen/sources_1/bd/system/ip/system_sc_mem_0/bd_0/ip/ip_0/synth/bd_0182_one_0.v:53]
INFO: [Synth 8-638] synthesizing module 'bd_0182_psr_aclk_0' [d:/MPSOC_YOLO/06_vivado/proj/yolo_zcu104.gen/sources_1/bd/system/ip/system_sc_mem_0/bd_0/ip/ip_1/synth/bd_0182_psr_aclk_0.vhd:74]
	Parameter C_FAMILY bound to: zynquplus - type: string 
	Parameter C_EXT_RST_WIDTH bound to: 4 - type: integer 
	Parameter C_AUX_RST_WIDTH bound to: 1 - type: integer 
	Parameter C_EXT_RESET_HIGH bound to: 1'b0 
	Parameter C_AUX_RESET_HIGH bound to: 1'b0 
	Parameter C_NUM_BUS_RST bound to: 1 - type: integer 
	Parameter C_NUM_PERP_RST bound to: 1 - type: integer 
	Parameter C_NUM_INTERCONNECT_ARESETN bound to: 1 - type: integer 
	Parameter C_NUM_PERP_ARESETN bound to: 1 - type: integer 
INFO: [Synth 8-3491] module 'proc_sys_reset' declared at 'd:/MPSOC_YOLO/06_vivado/proj/yolo_zcu104.gen/sources_1/bd/system/ipshared/3a26/hdl/proc_sys_reset_v5_0_vh_rfs.vhd:1271' bound to instance 'U0' of component 'proc_sys_reset' [d:/MPSOC_YOLO/06_vivado/proj/yolo_zcu104.gen/sources_1/bd/system/ip/system_sc_mem_0/bd_0/ip/ip_1/synth/bd_0182_psr_aclk_0.vhd:129]
INFO: [Synth 8-256] done synthesizing module 'bd_0182_psr_aclk_0' (0#1) [d:/MPSOC_YOLO/06_vivado/proj/yolo_zcu104.gen/sources_1/bd/system/ip/system_sc_mem_0/bd_0/ip/ip_1/synth/bd_0182_psr_aclk_0.vhd:74]
WARNING: [Synth 8-7071] port 'mb_reset' of module 'bd_0182_psr_aclk_0' is unconnected for instance 'psr_aclk' [d:/MPSOC_YOLO/06_vivado/proj/yolo_zcu104.gen/sources_1/bd/system/ip/system_sc_mem_0/bd_0/synth/bd_0182.v:839]
WARNING: [Synth 8-7071] port 'bus_struct_reset' of module 'bd_0182_psr_aclk_0' is unconnected for instance 'psr_aclk' [d:/MPSOC_YOLO/06_vivado/proj/yolo_zcu104.gen/sources_1/bd/system/ip/system_sc_mem_0/bd_0/synth/bd_0182.v:839]
WARNING: [Synth 8-7071] port 'peripheral_reset' of module 'bd_0182_psr_aclk_0' is unconnected for instance 'psr_aclk' [d:/MPSOC_YOLO/06_vivado/proj/yolo_zcu104.gen/sources_1/bd/system/ip/system_sc_mem_0/bd_0/synth/bd_0182.v:839]
WARNING: [Synth 8-7071] port 'peripheral_aresetn' of module 'bd_0182_psr_aclk_0' is unconnected for instance 'psr_aclk' [d:/MPSOC_YOLO/06_vivado/proj/yolo_zcu104.gen/sources_1/bd/system/ip/system_sc_mem_0/bd_0/synth/bd_0182.v:839]
WARNING: [Synth 8-7023] instance 'psr_aclk' of module 'bd_0182_psr_aclk_0' has 10 connections declared, but only 6 given [d:/MPSOC_YOLO/06_vivado/proj/yolo_zcu104.gen/sources_1/bd/system/ip/system_sc_mem_0/bd_0/synth/bd_0182.v:839]
INFO: [Synth 8-6155] done synthesizing module 'clk_map_imp_9ADCLJ' (0#1) [d:/MPSOC_YOLO/06_vivado/proj/yolo_zcu104.gen/sources_1/bd/system/ip/system_sc_mem_0/bd_0/synth/bd_0182.v:804]
INFO: [Synth 8-6157] synthesizing module 'm00_exit_pipeline_imp_1OFXE58' [d:/MPSOC_YOLO/06_vivado/proj/yolo_zcu104.gen/sources_1/bd/system/ip/system_sc_mem_0/bd_0/synth/bd_0182.v:848]
INFO: [Synth 8-6157] synthesizing module 'bd_0182_m00e_0' [d:/MPSOC_YOLO/06_vivado/proj/yolo_zcu104.gen/sources_1/bd/system/ip/system_sc_mem_0/bd_0/ip/ip_12/synth/bd_0182_m00e_0.sv:53]
INFO: [Synth 8-6155] done synthesizing module 'bd_0182_m00e_0' (0#1) [d:/MPSOC_YOLO/06_vivado/proj/yolo_zcu104.gen/sources_1/bd/system/ip/system_sc_mem_0/bd_0/ip/ip_12/synth/bd_0182_m00e_0.sv:53]
INFO: [Synth 8-6155] done synthesizing module 'm00_exit_pipeline_imp_1OFXE58' (0#1) [d:/MPSOC_YOLO/06_vivado/proj/yolo_zcu104.gen/sources_1/bd/system/ip/system_sc_mem_0/bd_0/synth/bd_0182.v:848]
INFO: [Synth 8-6157] synthesizing module 'bd_0182_m00s2a_0' [d:/MPSOC_YOLO/06_vivado/proj/yolo_zcu104.gen/sources_1/bd/system/ip/system_sc_mem_0/bd_0/ip/ip_11/synth/bd_0182_m00s2a_0.sv:53]
INFO: [Synth 8-6155] done synthesizing module 'bd_0182_m00s2a_0' (0#1) [d:/MPSOC_YOLO/06_vivado/proj/yolo_zcu104.gen/sources_1/bd/system/ip/system_sc_mem_0/bd_0/ip/ip_11/synth/bd_0182_m00s2a_0.sv:53]
INFO: [Synth 8-6157] synthesizing module 'bd_0182_s00a2s_0' [d:/MPSOC_YOLO/06_vivado/proj/yolo_zcu104.gen/sources_1/bd/system/ip/system_sc_mem_0/bd_0/ip/ip_5/synth/bd_0182_s00a2s_0.sv:53]
INFO: [Synth 8-6155] done synthesizing module 'bd_0182_s00a2s_0' (0#1) [d:/MPSOC_YOLO/06_vivado/proj/yolo_zcu104.gen/sources_1/bd/system/ip/system_sc_mem_0/bd_0/ip/ip_5/synth/bd_0182_s00a2s_0.sv:53]
INFO: [Synth 8-6157] synthesizing module 's00_entry_pipeline_imp_P8Y0V3' [d:/MPSOC_YOLO/06_vivado/proj/yolo_zcu104.gen/sources_1/bd/system/ip/system_sc_mem_0/bd_0/synth/bd_0182.v:1229]
INFO: [Synth 8-6157] synthesizing module 'bd_0182_s00mmu_0' [d:/MPSOC_YOLO/06_vivado/proj/yolo_zcu104.gen/sources_1/bd/system/ip/system_sc_mem_0/bd_0/ip/ip_2/synth/bd_0182_s00mmu_0.sv:53]
INFO: [Synth 8-6155] done synthesizing module 'bd_0182_s00mmu_0' (0#1) [d:/MPSOC_YOLO/06_vivado/proj/yolo_zcu104.gen/sources_1/bd/system/ip/system_sc_mem_0/bd_0/ip/ip_2/synth/bd_0182_s00mmu_0.sv:53]
INFO: [Synth 8-6157] synthesizing module 'bd_0182_s00sic_0' [d:/MPSOC_YOLO/06_vivado/proj/yolo_zcu104.gen/sources_1/bd/system/ip/system_sc_mem_0/bd_0/ip/ip_4/synth/bd_0182_s00sic_0.sv:53]
INFO: [Synth 8-6155] done synthesizing module 'bd_0182_s00sic_0' (0#1) [d:/MPSOC_YOLO/06_vivado/proj/yolo_zcu104.gen/sources_1/bd/system/ip/system_sc_mem_0/bd_0/ip/ip_4/synth/bd_0182_s00sic_0.sv:53]
INFO: [Synth 8-6157] synthesizing module 'bd_0182_s00tr_0' [d:/MPSOC_YOLO/06_vivado/proj/yolo_zcu104.gen/sources_1/bd/system/ip/system_sc_mem_0/bd_0/ip/ip_3/synth/bd_0182_s00tr_0.sv:53]
INFO: [Synth 8-6155] done synthesizing module 'bd_0182_s00tr_0' (0#1) [d:/MPSOC_YOLO/06_vivado/proj/yolo_zcu104.gen/sources_1/bd/system/ip/system_sc_mem_0/bd_0/ip/ip_3/synth/bd_0182_s00tr_0.sv:53]
INFO: [Synth 8-6155] done synthesizing module 's00_entry_pipeline_imp_P8Y0V3' (0#1) [d:/MPSOC_YOLO/06_vivado/proj/yolo_zcu104.gen/sources_1/bd/system/ip/system_sc_mem_0/bd_0/synth/bd_0182.v:1229]
INFO: [Synth 8-6157] synthesizing module 's00_nodes_imp_LZUAX1' [d:/MPSOC_YOLO/06_vivado/proj/yolo_zcu104.gen/sources_1/bd/system/ip/system_sc_mem_0/bd_0/synth/bd_0182.v:1888]
INFO: [Synth 8-6157] synthesizing module 'bd_0182_sarn_0' [d:/MPSOC_YOLO/06_vivado/proj/yolo_zcu104.gen/sources_1/bd/system/ip/system_sc_mem_0/bd_0/ip/ip_6/synth/bd_0182_sarn_0.sv:53]
INFO: [Synth 8-6157] synthesizing module 'xpm_memory_sdpram' [C:/Xilinx/Vivado/2024.1/data/ip/xpm/xpm_memory/hdl/xpm_memory.sv:8556]
INFO: [Synth 8-6157] synthesizing module 'xpm_memory_base' [C:/Xilinx/Vivado/2024.1/data/ip/xpm/xpm_memory/hdl/xpm_memory.sv:54]
INFO: [Synth 8-6155] done synthesizing module 'xpm_memory_base' (0#1) [C:/Xilinx/Vivado/2024.1/data/ip/xpm/xpm_memory/hdl/xpm_memory.sv:54]
INFO: [Synth 8-6155] done synthesizing module 'xpm_memory_sdpram' (0#1) [C:/Xilinx/Vivado/2024.1/data/ip/xpm/xpm_memory/hdl/xpm_memory.sv:8556]
INFO: [Synth 8-6155] done synthesizing module 'bd_0182_sarn_0' (0#1) [d:/MPSOC_YOLO/06_vivado/proj/yolo_zcu104.gen/sources_1/bd/system/ip/system_sc_mem_0/bd_0/ip/ip_6/synth/bd_0182_sarn_0.sv:53]
INFO: [Synth 8-6157] synthesizing module 'bd_0182_sawn_0' [d:/MPSOC_YOLO/06_vivado/proj/yolo_zcu104.gen/sources_1/bd/system/ip/system_sc_mem_0/bd_0/ip/ip_8/synth/bd_0182_sawn_0.sv:53]
INFO: [Synth 8-6155] done synthesizing module 'bd_0182_sawn_0' (0#1) [d:/MPSOC_YOLO/06_vivado/proj/yolo_zcu104.gen/sources_1/bd/system/ip/system_sc_mem_0/bd_0/ip/ip_8/synth/bd_0182_sawn_0.sv:53]
INFO: [Synth 8-6157] synthesizing module 'bd_0182_sbn_0' [d:/MPSOC_YOLO/06_vivado/proj/yolo_zcu104.gen/sources_1/bd/system/ip/system_sc_mem_0/bd_0/ip/ip_10/synth/bd_0182_sbn_0.sv:53]
INFO: [Synth 8-6157] synthesizing module 'xpm_memory_sdpram__parameterized0' [C:/Xilinx/Vivado/2024.1/data/ip/xpm/xpm_memory/hdl/xpm_memory.sv:8556]
INFO: [Synth 8-6157] synthesizing module 'xpm_memory_base__parameterized0' [C:/Xilinx/Vivado/2024.1/data/ip/xpm/xpm_memory/hdl/xpm_memory.sv:54]
INFO: [Synth 8-6155] done synthesizing module 'xpm_memory_base__parameterized0' (0#1) [C:/Xilinx/Vivado/2024.1/data/ip/xpm/xpm_memory/hdl/xpm_memory.sv:54]
INFO: [Synth 8-6155] done synthesizing module 'xpm_memory_sdpram__parameterized0' (0#1) [C:/Xilinx/Vivado/2024.1/data/ip/xpm/xpm_memory/hdl/xpm_memory.sv:8556]
INFO: [Synth 8-6155] done synthesizing module 'bd_0182_sbn_0' (0#1) [d:/MPSOC_YOLO/06_vivado/proj/yolo_zcu104.gen/sources_1/bd/system/ip/system_sc_mem_0/bd_0/ip/ip_10/synth/bd_0182_sbn_0.sv:53]
INFO: [Synth 8-6157] synthesizing module 'bd_0182_srn_0' [d:/MPSOC_YOLO/06_vivado/proj/yolo_zcu104.gen/sources_1/bd/system/ip/system_sc_mem_0/bd_0/ip/ip_7/synth/bd_0182_srn_0.sv:53]
INFO: [Synth 8-6157] synthesizing module 'xpm_memory_sdpram__parameterized1' [C:/Xilinx/Vivado/2024.1/data/ip/xpm/xpm_memory/hdl/xpm_memory.sv:8556]
INFO: [Synth 8-6157] synthesizing module 'xpm_memory_base__parameterized1' [C:/Xilinx/Vivado/2024.1/data/ip/xpm/xpm_memory/hdl/xpm_memory.sv:54]
INFO: [Synth 8-6155] done synthesizing module 'xpm_memory_base__parameterized1' (0#1) [C:/Xilinx/Vivado/2024.1/data/ip/xpm/xpm_memory/hdl/xpm_memory.sv:54]
INFO: [Synth 8-6155] done synthesizing module 'xpm_memory_sdpram__parameterized1' (0#1) [C:/Xilinx/Vivado/2024.1/data/ip/xpm/xpm_memory/hdl/xpm_memory.sv:8556]
INFO: [Synth 8-6155] done synthesizing module 'bd_0182_srn_0' (0#1) [d:/MPSOC_YOLO/06_vivado/proj/yolo_zcu104.gen/sources_1/bd/system/ip/system_sc_mem_0/bd_0/ip/ip_7/synth/bd_0182_srn_0.sv:53]
INFO: [Synth 8-6157] synthesizing module 'bd_0182_swn_0' [d:/MPSOC_YOLO/06_vivado/proj/yolo_zcu104.gen/sources_1/bd/system/ip/system_sc_mem_0/bd_0/ip/ip_9/synth/bd_0182_swn_0.sv:53]
INFO: [Synth 8-6157] synthesizing module 'xpm_memory_sdpram__parameterized2' [C:/Xilinx/Vivado/2024.1/data/ip/xpm/xpm_memory/hdl/xpm_memory.sv:8556]
INFO: [Synth 8-6157] synthesizing module 'xpm_memory_base__parameterized2' [C:/Xilinx/Vivado/2024.1/data/ip/xpm/xpm_memory/hdl/xpm_memory.sv:54]
INFO: [Synth 8-6155] done synthesizing module 'xpm_memory_base__parameterized2' (0#1) [C:/Xilinx/Vivado/2024.1/data/ip/xpm/xpm_memory/hdl/xpm_memory.sv:54]
INFO: [Synth 8-6155] done synthesizing module 'xpm_memory_sdpram__parameterized2' (0#1) [C:/Xilinx/Vivado/2024.1/data/ip/xpm/xpm_memory/hdl/xpm_memory.sv:8556]
INFO: [Synth 8-6155] done synthesizing module 'bd_0182_swn_0' (0#1) [d:/MPSOC_YOLO/06_vivado/proj/yolo_zcu104.gen/sources_1/bd/system/ip/system_sc_mem_0/bd_0/ip/ip_9/synth/bd_0182_swn_0.sv:53]
INFO: [Synth 8-6155] done synthesizing module 's00_nodes_imp_LZUAX1' (0#1) [d:/MPSOC_YOLO/06_vivado/proj/yolo_zcu104.gen/sources_1/bd/system/ip/system_sc_mem_0/bd_0/synth/bd_0182.v:1888]
INFO: [Synth 8-6155] done synthesizing module 'bd_0182' (0#1) [d:/MPSOC_YOLO/06_vivado/proj/yolo_zcu104.gen/sources_1/bd/system/ip/system_sc_mem_0/bd_0/synth/bd_0182.v:10]
INFO: [Synth 8-6155] done synthesizing module 'system_sc_mem_0' (0#1) [d:/MPSOC_YOLO/06_vivado/proj/yolo_zcu104.gen/sources_1/bd/system/ip/system_sc_mem_0/synth/system_sc_mem_0.v:53]
INFO: [Synth 8-6157] synthesizing module 'system_yolo_accel_0' [d:/MPSOC_YOLO/06_vivado/proj/yolo_zcu104.gen/sources_1/bd/system/ip/system_yolo_accel_0/synth/system_yolo_accel_0.v:53]
INFO: [Synth 8-6157] synthesizing module 'yolo_accel_wrap' [D:/MPSOC_YOLO/04_rtl/yolo_accel_wrap.v:4]
INFO: [Synth 8-6157] synthesizing module 'yolo_accel' [D:/MPSOC_YOLO/04_rtl/yolo_accel.sv:7]
INFO: [Synth 8-6157] synthesizing module 'axil_regs' [D:/MPSOC_YOLO/04_rtl/axil_regs.sv:12]
INFO: [Synth 8-6155] done synthesizing module 'axil_regs' (0#1) [D:/MPSOC_YOLO/04_rtl/axil_regs.sv:12]
INFO: [Synth 8-6157] synthesizing module 'weight_loader' [D:/MPSOC_YOLO/04_rtl/weight_loader.sv:3]
INFO: [Synth 8-6157] synthesizing module 'burst_gen' [D:/MPSOC_YOLO/04_rtl/burst_gen.sv:3]
INFO: [Synth 8-6155] done synthesizing module 'burst_gen' (0#1) [D:/MPSOC_YOLO/04_rtl/burst_gen.sv:3]
INFO: [Synth 8-6155] done synthesizing module 'weight_loader' (0#1) [D:/MPSOC_YOLO/04_rtl/weight_loader.sv:3]
INFO: [Synth 8-6157] synthesizing module 'line_loader' [D:/MPSOC_YOLO/04_rtl/line_loader.sv:5]
INFO: [Synth 8-6157] synthesizing module 'sdp_ram' [D:/MPSOC_YOLO/04_rtl/sdp_ram.sv:3]
	Parameter W bound to: 32'sb00000000000000000000000010000000 
	Parameter LG bound to: 32'sb00000000000000000000000000001010 
	Parameter LAT bound to: 32'sb00000000000000000000000000000001 
INFO: [Synth 8-6155] done synthesizing module 'sdp_ram' (0#1) [D:/MPSOC_YOLO/04_rtl/sdp_ram.sv:3]
INFO: [Synth 8-6155] done synthesizing module 'line_loader' (0#1) [D:/MPSOC_YOLO/04_rtl/line_loader.sv:5]
INFO: [Synth 8-6157] synthesizing module 'conv_engine' [D:/MPSOC_YOLO/04_rtl/conv_engine.sv:7]
INFO: [Synth 8-6157] synthesizing module 'sdp_ram__parameterized0' [D:/MPSOC_YOLO/04_rtl/sdp_ram.sv:3]
	Parameter W bound to: 32'sb00000000000000000000000010000000 
	Parameter LG bound to: 32'sb00000000000000000000000000001001 
	Parameter LAT bound to: 32'sb00000000000000000000000000000010 
INFO: [Synth 8-6155] done synthesizing module 'sdp_ram__parameterized0' (0#1) [D:/MPSOC_YOLO/04_rtl/sdp_ram.sv:3]
INFO: [Synth 8-6157] synthesizing module 'sdp_ram__parameterized1' [D:/MPSOC_YOLO/04_rtl/sdp_ram.sv:3]
	Parameter W bound to: 32'sb00000000000000000000000010000000 
	Parameter LG bound to: 32'sb00000000000000000000000000001101 
	Parameter LAT bound to: 32'sb00000000000000000000000000000010 
INFO: [Synth 8-6155] done synthesizing module 'sdp_ram__parameterized1' (0#1) [D:/MPSOC_YOLO/04_rtl/sdp_ram.sv:3]
INFO: [Synth 8-6157] synthesizing module 'pe_array' [D:/MPSOC_YOLO/04_rtl/pe_array.sv:3]
INFO: [Synth 8-6155] done synthesizing module 'pe_array' (0#1) [D:/MPSOC_YOLO/04_rtl/pe_array.sv:3]
INFO: [Synth 8-6157] synthesizing module 'epilogue' [D:/MPSOC_YOLO/04_rtl/epilogue.sv:3]
INFO: [Synth 8-6155] done synthesizing module 'epilogue' (0#1) [D:/MPSOC_YOLO/04_rtl/epilogue.sv:3]
INFO: [Synth 8-6157] synthesizing module 'sync_fifo' [D:/MPSOC_YOLO/04_rtl/sync_fifo.sv:2]
	Parameter W bound to: 32'sb00000000000000000000000100000000 
	Parameter LG bound to: 32'sb00000000000000000000000000000100 
INFO: [Synth 8-6155] done synthesizing module 'sync_fifo' (0#1) [D:/MPSOC_YOLO/04_rtl/sync_fifo.sv:2]
INFO: [Synth 8-6155] done synthesizing module 'conv_engine' (0#1) [D:/MPSOC_YOLO/04_rtl/conv_engine.sv:7]
INFO: [Synth 8-6157] synthesizing module 'writer' [D:/MPSOC_YOLO/04_rtl/writer.sv:5]
INFO: [Synth 8-6155] done synthesizing module 'writer' (0#1) [D:/MPSOC_YOLO/04_rtl/writer.sv:5]
INFO: [Synth 8-6155] done synthesizing module 'yolo_accel' (0#1) [D:/MPSOC_YOLO/04_rtl/yolo_accel.sv:7]
INFO: [Synth 8-6155] done synthesizing module 'yolo_accel_wrap' (0#1) [D:/MPSOC_YOLO/04_rtl/yolo_accel_wrap.v:4]
INFO: [Synth 8-6155] done synthesizing module 'system_yolo_accel_0' (0#1) [d:/MPSOC_YOLO/06_vivado/proj/yolo_zcu104.gen/sources_1/bd/system/ip/system_yolo_accel_0/synth/system_yolo_accel_0.v:53]
INFO: [Synth 8-6157] synthesizing module 'system_zynq_ps_0' [d:/MPSOC_YOLO/06_vivado/proj/yolo_zcu104.gen/sources_1/bd/system/ip/system_zynq_ps_0/synth/system_zynq_ps_0.v:53]
INFO: [Synth 8-6157] synthesizing module 'zynq_ultra_ps_e_v3_5_3_zynq_ultra_ps_e' [d:/MPSOC_YOLO/06_vivado/proj/yolo_zcu104.gen/sources_1/bd/system/ip/system_zynq_ps_0/hdl/zynq_ultra_ps_e_v3_5_3.v:68]
INFO: [Synth 8-6157] synthesizing module 'BUFG_PS' [C:/Xilinx/Vivado/2024.1/scripts/rt/data/unisim_comp.v:2187]
INFO: [Synth 8-6155] done synthesizing module 'BUFG_PS' (0#1) [C:/Xilinx/Vivado/2024.1/scripts/rt/data/unisim_comp.v:2187]
INFO: [Synth 8-6157] synthesizing module 'PS8' [C:/Xilinx/Vivado/2024.1/scripts/rt/data/unisim_comp.v:116504]
INFO: [Synth 8-6155] done synthesizing module 'PS8' (0#1) [C:/Xilinx/Vivado/2024.1/scripts/rt/data/unisim_comp.v:116504]
WARNING: [Synth 8-689] width (5) of port connection 'EMIOSDIO0DATAIN' does not match port width (8) of module 'PS8' [d:/MPSOC_YOLO/06_vivado/proj/yolo_zcu104.gen/sources_1/bd/system/ip/system_zynq_ps_0/hdl/zynq_ultra_ps_e_v3_5_3.v:4674]
WARNING: [Synth 8-689] width (5) of port connection 'EMIOSDIO0DATAOUT' does not match port width (8) of module 'PS8' [d:/MPSOC_YOLO/06_vivado/proj/yolo_zcu104.gen/sources_1/bd/system/ip/system_zynq_ps_0/hdl/zynq_ultra_ps_e_v3_5_3.v:4675]
WARNING: [Synth 8-689] width (5) of port connection 'EMIOSDIO0DATAENA' does not match port width (8) of module 'PS8' [d:/MPSOC_YOLO/06_vivado/proj/yolo_zcu104.gen/sources_1/bd/system/ip/system_zynq_ps_0/hdl/zynq_ultra_ps_e_v3_5_3.v:4676]
WARNING: [Synth 8-689] width (4) of port connection 'EMIOSDIO1DATAIN' does not match port width (8) of module 'PS8' [d:/MPSOC_YOLO/06_vivado/proj/yolo_zcu104.gen/sources_1/bd/system/ip/system_zynq_ps_0/hdl/zynq_ultra_ps_e_v3_5_3.v:4687]
WARNING: [Synth 8-689] width (4) of port connection 'EMIOSDIO1DATAOUT' does not match port width (8) of module 'PS8' [d:/MPSOC_YOLO/06_vivado/proj/yolo_zcu104.gen/sources_1/bd/system/ip/system_zynq_ps_0/hdl/zynq_ultra_ps_e_v3_5_3.v:4688]
WARNING: [Synth 8-689] width (4) of port connection 'EMIOSDIO1DATAENA' does not match port width (8) of module 'PS8' [d:/MPSOC_YOLO/06_vivado/proj/yolo_zcu104.gen/sources_1/bd/system/ip/system_zynq_ps_0/hdl/zynq_ultra_ps_e_v3_5_3.v:4689]
WARNING: [Synth 8-7071] port 'PSS_ALTO_CORE_PAD_MGTTXN0OUT' of module 'PS8' is unconnected for instance 'PS8_i' [d:/MPSOC_YOLO/06_vivado/proj/yolo_zcu104.gen/sources_1/bd/system/ip/system_zynq_ps_0/hdl/zynq_ultra_ps_e_v3_5_3.v:3865]
WARNING: [Synth 8-7071] port 'PSS_ALTO_CORE_PAD_MGTTXN1OUT' of module 'PS8' is unconnected for instance 'PS8_i' [d:/MPSOC_YOLO/06_vivado/proj/yolo_zcu104.gen/sources_1/bd/system/ip/system_zynq_ps_0/hdl/zynq_ultra_ps_e_v3_5_3.v:3865]
WARNING: [Synth 8-7071] port 'PSS_ALTO_CORE_PAD_MGTTXN2OUT' of module 'PS8' is unconnected for instance 'PS8_i' [d:/MPSOC_YOLO/06_vivado/proj/yolo_zcu104.gen/sources_1/bd/system/ip/system_zynq_ps_0/hdl/zynq_ultra_ps_e_v3_5_3.v:3865]
WARNING: [Synth 8-7071] port 'PSS_ALTO_CORE_PAD_MGTTXN3OUT' of module 'PS8' is unconnected for instance 'PS8_i' [d:/MPSOC_YOLO/06_vivado/proj/yolo_zcu104.gen/sources_1/bd/system/ip/system_zynq_ps_0/hdl/zynq_ultra_ps_e_v3_5_3.v:3865]
WARNING: [Synth 8-7071] port 'PSS_ALTO_CORE_PAD_MGTTXP0OUT' of module 'PS8' is unconnected for instance 'PS8_i' [d:/MPSOC_YOLO/06_vivado/proj/yolo_zcu104.gen/sources_1/bd/system/ip/system_zynq_ps_0/hdl/zynq_ultra_ps_e_v3_5_3.v:3865]
WARNING: [Synth 8-7071] port 'PSS_ALTO_CORE_PAD_MGTTXP1OUT' of module 'PS8' is unconnected for instance 'PS8_i' [d:/MPSOC_YOLO/06_vivado/proj/yolo_zcu104.gen/sources_1/bd/system/ip/system_zynq_ps_0/hdl/zynq_ultra_ps_e_v3_5_3.v:3865]
WARNING: [Synth 8-7071] port 'PSS_ALTO_CORE_PAD_MGTTXP2OUT' of module 'PS8' is unconnected for instance 'PS8_i' [d:/MPSOC_YOLO/06_vivado/proj/yolo_zcu104.gen/sources_1/bd/system/ip/system_zynq_ps_0/hdl/zynq_ultra_ps_e_v3_5_3.v:3865]
WARNING: [Synth 8-7071] port 'PSS_ALTO_CORE_PAD_MGTTXP3OUT' of module 'PS8' is unconnected for instance 'PS8_i' [d:/MPSOC_YOLO/06_vivado/proj/yolo_zcu104.gen/sources_1/bd/system/ip/system_zynq_ps_0/hdl/zynq_ultra_ps_e_v3_5_3.v:3865]
WARNING: [Synth 8-7071] port 'PSS_ALTO_CORE_PAD_PADO' of module 'PS8' is unconnected for instance 'PS8_i' [d:/MPSOC_YOLO/06_vivado/proj/yolo_zcu104.gen/sources_1/bd/system/ip/system_zynq_ps_0/hdl/zynq_ultra_ps_e_v3_5_3.v:3865]
WARNING: [Synth 8-7071] port 'PSS_ALTO_CORE_PAD_BOOTMODE' of module 'PS8' is unconnected for instance 'PS8_i' [d:/MPSOC_YOLO/06_vivado/proj/yolo_zcu104.gen/sources_1/bd/system/ip/system_zynq_ps_0/hdl/zynq_ultra_ps_e_v3_5_3.v:3865]
WARNING: [Synth 8-7071] port 'PSS_ALTO_CORE_PAD_CLK' of module 'PS8' is unconnected for instance 'PS8_i' [d:/MPSOC_YOLO/06_vivado/proj/yolo_zcu104.gen/sources_1/bd/system/ip/system_zynq_ps_0/hdl/zynq_ultra_ps_e_v3_5_3.v:3865]
WARNING: [Synth 8-7071] port 'PSS_ALTO_CORE_PAD_DONEB' of module 'PS8' is unconnected for instance 'PS8_i' [d:/MPSOC_YOLO/06_vivado/proj/yolo_zcu104.gen/sources_1/bd/system/ip/system_zynq_ps_0/hdl/zynq_ultra_ps_e_v3_5_3.v:3865]
WARNING: [Synth 8-7071] port 'PSS_ALTO_CORE_PAD_DRAMA' of module 'PS8' is unconnected for instance 'PS8_i' [d:/MPSOC_YOLO/06_vivado/proj/yolo_zcu104.gen/sources_1/bd/system/ip/system_zynq_ps_0/hdl/zynq_ultra_ps_e_v3_5_3.v:3865]
WARNING: [Synth 8-7071] port 'PSS_ALTO_CORE_PAD_DRAMACTN' of module 'PS8' is unconnected for instance 'PS8_i' [d:/MPSOC_YOLO/06_vivado/proj/yolo_zcu104.gen/sources_1/bd/system/ip/system_zynq_ps_0/hdl/zynq_ultra_ps_e_v3_5_3.v:3865]
WARNING: [Synth 8-7071] port 'PSS_ALTO_CORE_PAD_DRAMALERTN' of module 'PS8' is unconnected for instance 'PS8_i' [d:/MPSOC_YOLO/06_vivado/proj/yolo_zcu104.gen/sources_1/bd/system/ip/system_zynq_ps_0/hdl/zynq_ultra_ps_e_v3_5_3.v:3865]
WARNING: [Synth 8-7071] port 'PSS_ALTO_CORE_PAD_DRAMBA' of module 'PS8' is unconnected for instance 'PS8_i' [d:/MPSOC_YOLO/06_vivado/proj/yolo_zcu104.gen/sources_1/bd/system/ip/system_zynq_ps_0/hdl/zynq_ultra_ps_e_v3_5_3.v:3865]
WARNING: [Synth 8-7071] port 'PSS_ALTO_CORE_PAD_DRAMBG' of module 'PS8' is unconnected for instance 'PS8_i' [d:/MPSOC_YOLO/06_vivado/proj/yolo_zcu104.gen/sources_1/bd/system/ip/system_zynq_ps_0/hdl/zynq_ultra_ps_e_v3_5_3.v:3865]
WARNING: [Synth 8-7071] port 'PSS_ALTO_CORE_PAD_DRAMCK' of module 'PS8' is unconnected for instance 'PS8_i' [d:/MPSOC_YOLO/06_vivado/proj/yolo_zcu104.gen/sources_1/bd/system/ip/system_zynq_ps_0/hdl/zynq_ultra_ps_e_v3_5_3.v:3865]
WARNING: [Synth 8-7071] port 'PSS_ALTO_CORE_PAD_DRAMCKE' of module 'PS8' is unconnected for instance 'PS8_i' [d:/MPSOC_YOLO/06_vivado/proj/yolo_zcu104.gen/sources_1/bd/system/ip/system_zynq_ps_0/hdl/zynq_ultra_ps_e_v3_5_3.v:3865]
WARNING: [Synth 8-7071] port 'PSS_ALTO_CORE_PAD_DRAMCKN' of module 'PS8' is unconnected for instance 'PS8_i' [d:/MPSOC_YOLO/06_vivado/proj/yolo_zcu104.gen/sources_1/bd/system/ip/system_zynq_ps_0/hdl/zynq_ultra_ps_e_v3_5_3.v:3865]
WARNING: [Synth 8-7071] port 'PSS_ALTO_CORE_PAD_DRAMCSN' of module 'PS8' is unconnected for instance 'PS8_i' [d:/MPSOC_YOLO/06_vivado/proj/yolo_zcu104.gen/sources_1/bd/system/ip/system_zynq_ps_0/hdl/zynq_ultra_ps_e_v3_5_3.v:3865]
WARNING: [Synth 8-7071] port 'PSS_ALTO_CORE_PAD_DRAMDM' of module 'PS8' is unconnected for instance 'PS8_i' [d:/MPSOC_YOLO/06_vivado/proj/yolo_zcu104.gen/sources_1/bd/system/ip/system_zynq_ps_0/hdl/zynq_ultra_ps_e_v3_5_3.v:3865]
WARNING: [Synth 8-7071] port 'PSS_ALTO_CORE_PAD_DRAMDQ' of module 'PS8' is unconnected for instance 'PS8_i' [d:/MPSOC_YOLO/06_vivado/proj/yolo_zcu104.gen/sources_1/bd/system/ip/system_zynq_ps_0/hdl/zynq_ultra_ps_e_v3_5_3.v:3865]
WARNING: [Synth 8-7071] port 'PSS_ALTO_CORE_PAD_DRAMDQS' of module 'PS8' is unconnected for instance 'PS8_i' [d:/MPSOC_YOLO/06_vivado/proj/yolo_zcu104.gen/sources_1/bd/system/ip/system_zynq_ps_0/hdl/zynq_ultra_ps_e_v3_5_3.v:3865]
WARNING: [Synth 8-7071] port 'PSS_ALTO_CORE_PAD_DRAMDQSN' of module 'PS8' is unconnected for instance 'PS8_i' [d:/MPSOC_YOLO/06_vivado/proj/yolo_zcu104.gen/sources_1/bd/system/ip/system_zynq_ps_0/hdl/zynq_ultra_ps_e_v3_5_3.v:3865]
WARNING: [Synth 8-7071] port 'PSS_ALTO_CORE_PAD_DRAMODT' of module 'PS8' is unconnected for instance 'PS8_i' [d:/MPSOC_YOLO/06_vivado/proj/yolo_zcu104.gen/sources_1/bd/system/ip/system_zynq_ps_0/hdl/zynq_ultra_ps_e_v3_5_3.v:3865]
WARNING: [Synth 8-7071] port 'PSS_ALTO_CORE_PAD_DRAMPARITY' of module 'PS8' is unconnected for instance 'PS8_i' [d:/MPSOC_YOLO/06_vivado/proj/yolo_zcu104.gen/sources_1/bd/system/ip/system_zynq_ps_0/hdl/zynq_ultra_ps_e_v3_5_3.v:3865]
WARNING: [Synth 8-7071] port 'PSS_ALTO_CORE_PAD_DRAMRAMRSTN' of module 'PS8' is unconnected for instance 'PS8_i' [d:/MPSOC_YOLO/06_vivado/proj/yolo_zcu104.gen/sources_1/bd/system/ip/system_zynq_ps_0/hdl/zynq_ultra_ps_e_v3_5_3.v:3865]
WARNING: [Synth 8-7071] port 'PSS_ALTO_CORE_PAD_ERROROUT' of module 'PS8' is unconnected for instance 'PS8_i' [d:/MPSOC_YOLO/06_vivado/proj/yolo_zcu104.gen/sources_1/bd/system/ip/system_zynq_ps_0/hdl/zynq_ultra_ps_e_v3_5_3.v:3865]
WARNING: [Synth 8-7071] port 'PSS_ALTO_CORE_PAD_ERRORSTATUS' of module 'PS8' is unconnected for instance 'PS8_i' [d:/MPSOC_YOLO/06_vivado/proj/yolo_zcu104.gen/sources_1/bd/system/ip/system_zynq_ps_0/hdl/zynq_ultra_ps_e_v3_5_3.v:3865]
WARNING: [Synth 8-7071] port 'PSS_ALTO_CORE_PAD_INITB' of module 'PS8' is unconnected for instance 'PS8_i' [d:/MPSOC_YOLO/06_vivado/proj/yolo_zcu104.gen/sources_1/bd/system/ip/system_zynq_ps_0/hdl/zynq_ultra_ps_e_v3_5_3.v:3865]
WARNING: [Synth 8-7071] port 'PSS_ALTO_CORE_PAD_JTAGTCK' of module 'PS8' is unconnected for instance 'PS8_i' [d:/MPSOC_YOLO/06_vivado/proj/yolo_zcu104.gen/sources_1/bd/system/ip/system_zynq_ps_0/hdl/zynq_ultra_ps_e_v3_5_3.v:3865]
WARNING: [Synth 8-7071] port 'PSS_ALTO_CORE_PAD_JTAGTDI' of module 'PS8' is unconnected for instance 'PS8_i' [d:/MPSOC_YOLO/06_vivado/proj/yolo_zcu104.gen/sources_1/bd/system/ip/system_zynq_ps_0/hdl/zynq_ultra_ps_e_v3_5_3.v:3865]
WARNING: [Synth 8-7071] port 'PSS_ALTO_CORE_PAD_JTAGTDO' of module 'PS8' is unconnected for instance 'PS8_i' [d:/MPSOC_YOLO/06_vivado/proj/yolo_zcu104.gen/sources_1/bd/system/ip/system_zynq_ps_0/hdl/zynq_ultra_ps_e_v3_5_3.v:3865]
WARNING: [Synth 8-7071] port 'PSS_ALTO_CORE_PAD_JTAGTMS' of module 'PS8' is unconnected for instance 'PS8_i' [d:/MPSOC_YOLO/06_vivado/proj/yolo_zcu104.gen/sources_1/bd/system/ip/system_zynq_ps_0/hdl/zynq_ultra_ps_e_v3_5_3.v:3865]
WARNING: [Synth 8-7071] port 'PSS_ALTO_CORE_PAD_MIO' of module 'PS8' is unconnected for instance 'PS8_i' [d:/MPSOC_YOLO/06_vivado/proj/yolo_zcu104.gen/sources_1/bd/system/ip/system_zynq_ps_0/hdl/zynq_ultra_ps_e_v3_5_3.v:3865]
WARNING: [Synth 8-7071] port 'PSS_ALTO_CORE_PAD_PORB' of module 'PS8' is unconnected for instance 'PS8_i' [d:/MPSOC_YOLO/06_vivado/proj/yolo_zcu104.gen/sources_1/bd/system/ip/system_zynq_ps_0/hdl/zynq_ultra_ps_e_v3_5_3.v:3865]
WARNING: [Synth 8-7071] port 'PSS_ALTO_CORE_PAD_PROGB' of module 'PS8' is unconnected for instance 'PS8_i' [d:/MPSOC_YOLO/06_vivado/proj/yolo_zcu104.gen/sources_1/bd/system/ip/system_zynq_ps_0/hdl/zynq_ultra_ps_e_v3_5_3.v:3865]
WARNING: [Synth 8-7071] port 'PSS_ALTO_CORE_PAD_RCALIBINOUT' of module 'PS8' is unconnected for instance 'PS8_i' [d:/MPSOC_YOLO/06_vivado/proj/yolo_zcu104.gen/sources_1/bd/system/ip/system_zynq_ps_0/hdl/zynq_ultra_ps_e_v3_5_3.v:3865]
WARNING: [Synth 8-7071] port 'PSS_ALTO_CORE_PAD_SRSTB' of module 'PS8' is unconnected for instance 'PS8_i' [d:/MPSOC_YOLO/06_vivado/proj/yolo_zcu104.gen/sources_1/bd/system/ip/system_zynq_ps_0/hdl/zynq_ultra_ps_e_v3_5_3.v:3865]
WARNING: [Synth 8-7071] port 'PSS_ALTO_CORE_PAD_ZQ' of module 'PS8' is unconnected for instance 'PS8_i' [d:/MPSOC_YOLO/06_vivado/proj/yolo_zcu104.gen/sources_1/bd/system/ip/system_zynq_ps_0/hdl/zynq_ultra_ps_e_v3_5_3.v:3865]
WARNING: [Synth 8-7071] port 'PSS_ALTO_CORE_PAD_MGTRXN0IN' of module 'PS8' is unconnected for instance 'PS8_i' [d:/MPSOC_YOLO/06_vivado/proj/yolo_zcu104.gen/sources_1/bd/system/ip/system_zynq_ps_0/hdl/zynq_ultra_ps_e_v3_5_3.v:3865]
WARNING: [Synth 8-7071] port 'PSS_ALTO_CORE_PAD_MGTRXN1IN' of module 'PS8' is unconnected for instance 'PS8_i' [d:/MPSOC_YOLO/06_vivado/proj/yolo_zcu104.gen/sources_1/bd/system/ip/system_zynq_ps_0/hdl/zynq_ultra_ps_e_v3_5_3.v:3865]
WARNING: [Synth 8-7071] port 'PSS_ALTO_CORE_PAD_MGTRXN2IN' of module 'PS8' is unconnected for instance 'PS8_i' [d:/MPSOC_YOLO/06_vivado/proj/yolo_zcu104.gen/sources_1/bd/system/ip/system_zynq_ps_0/hdl/zynq_ultra_ps_e_v3_5_3.v:3865]
WARNING: [Synth 8-7071] port 'PSS_ALTO_CORE_PAD_MGTRXN3IN' of module 'PS8' is unconnected for instance 'PS8_i' [d:/MPSOC_YOLO/06_vivado/proj/yolo_zcu104.gen/sources_1/bd/system/ip/system_zynq_ps_0/hdl/zynq_ultra_ps_e_v3_5_3.v:3865]
WARNING: [Synth 8-7071] port 'PSS_ALTO_CORE_PAD_MGTRXP0IN' of module 'PS8' is unconnected for instance 'PS8_i' [d:/MPSOC_YOLO/06_vivado/proj/yolo_zcu104.gen/sources_1/bd/system/ip/system_zynq_ps_0/hdl/zynq_ultra_ps_e_v3_5_3.v:3865]
WARNING: [Synth 8-7071] port 'PSS_ALTO_CORE_PAD_MGTRXP1IN' of module 'PS8' is unconnected for instance 'PS8_i' [d:/MPSOC_YOLO/06_vivado/proj/yolo_zcu104.gen/sources_1/bd/system/ip/system_zynq_ps_0/hdl/zynq_ultra_ps_e_v3_5_3.v:3865]
WARNING: [Synth 8-7071] port 'PSS_ALTO_CORE_PAD_MGTRXP2IN' of module 'PS8' is unconnected for instance 'PS8_i' [d:/MPSOC_YOLO/06_vivado/proj/yolo_zcu104.gen/sources_1/bd/system/ip/system_zynq_ps_0/hdl/zynq_ultra_ps_e_v3_5_3.v:3865]
WARNING: [Synth 8-7071] port 'PSS_ALTO_CORE_PAD_MGTRXP3IN' of module 'PS8' is unconnected for instance 'PS8_i' [d:/MPSOC_YOLO/06_vivado/proj/yolo_zcu104.gen/sources_1/bd/system/ip/system_zynq_ps_0/hdl/zynq_ultra_ps_e_v3_5_3.v:3865]
WARNING: [Synth 8-7071] port 'PSS_ALTO_CORE_PAD_PADI' of module 'PS8' is unconnected for instance 'PS8_i' [d:/MPSOC_YOLO/06_vivado/proj/yolo_zcu104.gen/sources_1/bd/system/ip/system_zynq_ps_0/hdl/zynq_ultra_ps_e_v3_5_3.v:3865]
WARNING: [Synth 8-7071] port 'PSS_ALTO_CORE_PAD_REFN0IN' of module 'PS8' is unconnected for instance 'PS8_i' [d:/MPSOC_YOLO/06_vivado/proj/yolo_zcu104.gen/sources_1/bd/system/ip/system_zynq_ps_0/hdl/zynq_ultra_ps_e_v3_5_3.v:3865]
WARNING: [Synth 8-7071] port 'PSS_ALTO_CORE_PAD_REFN1IN' of module 'PS8' is unconnected for instance 'PS8_i' [d:/MPSOC_YOLO/06_vivado/proj/yolo_zcu104.gen/sources_1/bd/system/ip/system_zynq_ps_0/hdl/zynq_ultra_ps_e_v3_5_3.v:3865]
WARNING: [Synth 8-7071] port 'PSS_ALTO_CORE_PAD_REFN2IN' of module 'PS8' is unconnected for instance 'PS8_i' [d:/MPSOC_YOLO/06_vivado/proj/yolo_zcu104.gen/sources_1/bd/system/ip/system_zynq_ps_0/hdl/zynq_ultra_ps_e_v3_5_3.v:3865]
WARNING: [Synth 8-7071] port 'PSS_ALTO_CORE_PAD_REFN3IN' of module 'PS8' is unconnected for instance 'PS8_i' [d:/MPSOC_YOLO/06_vivado/proj/yolo_zcu104.gen/sources_1/bd/system/ip/system_zynq_ps_0/hdl/zynq_ultra_ps_e_v3_5_3.v:3865]
WARNING: [Synth 8-7071] port 'PSS_ALTO_CORE_PAD_REFP0IN' of module 'PS8' is unconnected for instance 'PS8_i' [d:/MPSOC_YOLO/06_vivado/proj/yolo_zcu104.gen/sources_1/bd/system/ip/system_zynq_ps_0/hdl/zynq_ultra_ps_e_v3_5_3.v:3865]
WARNING: [Synth 8-7071] port 'PSS_ALTO_CORE_PAD_REFP1IN' of module 'PS8' is unconnected for instance 'PS8_i' [d:/MPSOC_YOLO/06_vivado/proj/yolo_zcu104.gen/sources_1/bd/system/ip/system_zynq_ps_0/hdl/zynq_ultra_ps_e_v3_5_3.v:3865]
WARNING: [Synth 8-7071] port 'PSS_ALTO_CORE_PAD_REFP2IN' of module 'PS8' is unconnected for instance 'PS8_i' [d:/MPSOC_YOLO/06_vivado/proj/yolo_zcu104.gen/sources_1/bd/system/ip/system_zynq_ps_0/hdl/zynq_ultra_ps_e_v3_5_3.v:3865]
WARNING: [Synth 8-7071] port 'PSS_ALTO_CORE_PAD_REFP3IN' of module 'PS8' is unconnected for instance 'PS8_i' [d:/MPSOC_YOLO/06_vivado/proj/yolo_zcu104.gen/sources_1/bd/system/ip/system_zynq_ps_0/hdl/zynq_ultra_ps_e_v3_5_3.v:3865]
WARNING: [Synth 8-7023] instance 'PS8_i' of module 'PS8' has 1015 connections declared, but only 957 given [d:/MPSOC_YOLO/06_vivado/proj/yolo_zcu104.gen/sources_1/bd/system/ip/system_zynq_ps_0/hdl/zynq_ultra_ps_e_v3_5_3.v:3865]
INFO: [Synth 8-6155] done synthesizing module 'zynq_ultra_ps_e_v3_5_3_zynq_ultra_ps_e' (0#1) [d:/MPSOC_YOLO/06_vivado/proj/yolo_zcu104.gen/sources_1/bd/system/ip/system_zynq_ps_0/hdl/zynq_ultra_ps_e_v3_5_3.v:68]
WARNING: [Synth 8-7071] port 'emio_enet0_signal_detect' of module 'zynq_ultra_ps_e_v3_5_3_zynq_ultra_ps_e' is unconnected for instance 'inst' [d:/MPSOC_YOLO/06_vivado/proj/yolo_zcu104.gen/sources_1/bd/system/ip/system_zynq_ps_0/synth/system_zynq_ps_0.v:359]
WARNING: [Synth 8-7071] port 'emio_enet1_signal_detect' of module 'zynq_ultra_ps_e_v3_5_3_zynq_ultra_ps_e' is unconnected for instance 'inst' [d:/MPSOC_YOLO/06_vivado/proj/yolo_zcu104.gen/sources_1/bd/system/ip/system_zynq_ps_0/synth/system_zynq_ps_0.v:359]
WARNING: [Synth 8-7071] port 'emio_enet2_signal_detect' of module 'zynq_ultra_ps_e_v3_5_3_zynq_ultra_ps_e' is unconnected for instance 'inst' [d:/MPSOC_YOLO/06_vivado/proj/yolo_zcu104.gen/sources_1/bd/system/ip/system_zynq_ps_0/synth/system_zynq_ps_0.v:359]
WARNING: [Synth 8-7071] port 'emio_enet3_signal_detect' of module 'zynq_ultra_ps_e_v3_5_3_zynq_ultra_ps_e' is unconnected for instance 'inst' [d:/MPSOC_YOLO/06_vivado/proj/yolo_zcu104.gen/sources_1/bd/system/ip/system_zynq_ps_0/synth/system_zynq_ps_0.v:359]
WARNING: [Synth 8-7023] instance 'inst' of module 'zynq_ultra_ps_e_v3_5_3_zynq_ultra_ps_e' has 1491 connections declared, but only 1487 given [d:/MPSOC_YOLO/06_vivado/proj/yolo_zcu104.gen/sources_1/bd/system/ip/system_zynq_ps_0/synth/system_zynq_ps_0.v:359]
INFO: [Synth 8-6155] done synthesizing module 'system_zynq_ps_0' (0#1) [d:/MPSOC_YOLO/06_vivado/proj/yolo_zcu104.gen/sources_1/bd/system/ip/system_zynq_ps_0/synth/system_zynq_ps_0.v:53]
WARNING: [Synth 8-7071] port 'saxigp2_bid' of module 'system_zynq_ps_0' is unconnected for instance 'zynq_ps' [d:/MPSOC_YOLO/06_vivado/proj/yolo_zcu104.gen/sources_1/bd/system/synth/system.v:357]
WARNING: [Synth 8-7071] port 'saxigp2_rid' of module 'system_zynq_ps_0' is unconnected for instance 'zynq_ps' [d:/MPSOC_YOLO/06_vivado/proj/yolo_zcu104.gen/sources_1/bd/system/synth/system.v:357]
WARNING: [Synth 8-7023] instance 'zynq_ps' of module 'system_zynq_ps_0' has 83 connections declared, but only 81 given [d:/MPSOC_YOLO/06_vivado/proj/yolo_zcu104.gen/sources_1/bd/system/synth/system.v:357]
INFO: [Synth 8-6155] done synthesizing module 'system' (0#1) [d:/MPSOC_YOLO/06_vivado/proj/yolo_zcu104.gen/sources_1/bd/system/synth/system.v:13]
INFO: [Synth 8-6155] done synthesizing module 'system_wrapper' (0#1) [D:/MPSOC_YOLO/06_vivado/proj/yolo_zcu104.gen/sources_1/bd/system/hdl/system_wrapper.v:13]
WARNING: [Synth 8-3848] Net aresetn_out in module/entity clk_map_imp_1MM1RYS does not have driver. [d:/MPSOC_YOLO/06_vivado/proj/yolo_zcu104.gen/sources_1/bd/system/ip/system_sc_ctrl_0/bd_0/synth/bd_73a6.v:740]
WARNING: [Synth 8-3848] Net aresetn_out in module/entity clk_map_imp_9ADCLJ does not have driver. [d:/MPSOC_YOLO/06_vivado/proj/yolo_zcu104.gen/sources_1/bd/system/ip/system_sc_mem_0/bd_0/synth/bd_0182.v:820]
WARNING: [Synth 8-3936] Found unconnected internal register 'p_v_reg' and it is trimmed from '3' to '2' bits. [D:/MPSOC_YOLO/04_rtl/conv_engine.sv:161]
WARNING: [Synth 8-3936] Found unconnected internal register 'p_inb_reg' and it is trimmed from '3' to '2' bits. [D:/MPSOC_YOLO/04_rtl/conv_engine.sv:164]
WARNING: [Synth 8-3936] Found unconnected internal register 'p_last_reg' and it is trimmed from '3' to '2' bits. [D:/MPSOC_YOLO/04_rtl/conv_engine.sv:163]
WARNING: [Synth 8-3936] Found unconnected internal register 'p_first_reg' and it is trimmed from '3' to '2' bits. [D:/MPSOC_YOLO/04_rtl/conv_engine.sv:162]
WARNING: [Synth 8-6014] Unused sequential element dsc_reg[in_h] was removed.  [D:/MPSOC_YOLO/04_rtl/yolo_accel.sv:117]
WARNING: [Synth 8-3848] Net dp_audio_ref_clk in module/entity zynq_ultra_ps_e_v3_5_3_zynq_ultra_ps_e does not have driver. [d:/MPSOC_YOLO/06_vivado/proj/yolo_zcu104.gen/sources_1/bd/system/ip/system_zynq_ps_0/hdl/zynq_ultra_ps_e_v3_5_3.v:364]
WARNING: [Synth 8-3848] Net irq_ipi_pl_0 in module/entity zynq_ultra_ps_e_v3_5_3_zynq_ultra_ps_e does not have driver. [d:/MPSOC_YOLO/06_vivado/proj/yolo_zcu104.gen/sources_1/bd/system/ip/system_zynq_ps_0/hdl/zynq_ultra_ps_e_v3_5_3.v:1384]
WARNING: [Synth 8-3848] Net irq_ipi_pl_1 in module/entity zynq_ultra_ps_e_v3_5_3_zynq_ultra_ps_e does not have driver. [d:/MPSOC_YOLO/06_vivado/proj/yolo_zcu104.gen/sources_1/bd/system/ip/system_zynq_ps_0/hdl/zynq_ultra_ps_e_v3_5_3.v:1385]
WARNING: [Synth 8-3848] Net irq_ipi_pl_2 in module/entity zynq_ultra_ps_e_v3_5_3_zynq_ultra_ps_e does not have driver. [d:/MPSOC_YOLO/06_vivado/proj/yolo_zcu104.gen/sources_1/bd/system/ip/system_zynq_ps_0/hdl/zynq_ultra_ps_e_v3_5_3.v:1386]
WARNING: [Synth 8-3848] Net irq_ipi_pl_3 in module/entity zynq_ultra_ps_e_v3_5_3_zynq_ultra_ps_e does not have driver. [d:/MPSOC_YOLO/06_vivado/proj/yolo_zcu104.gen/sources_1/bd/system/ip/system_zynq_ps_0/hdl/zynq_ultra_ps_e_v3_5_3.v:1387]
WARNING: [Synth 8-7129] Port dp_audio_ref_clk in module zynq_ultra_ps_e_v3_5_3_zynq_ultra_ps_e is either unconnected or has no load
WARNING: [Synth 8-7129] Port irq_ipi_pl_0 in module zynq_ultra_ps_e_v3_5_3_zynq_ultra_ps_e is either unconnected or has no load
WARNING: [Synth 8-7129] Port irq_ipi_pl_1 in module zynq_ultra_ps_e_v3_5_3_zynq_ultra_ps_e is either unconnected or has no load
WARNING: [Synth 8-7129] Port irq_ipi_pl_2 in module zynq_ultra_ps_e_v3_5_3_zynq_ultra_ps_e is either unconnected or has no load
WARNING: [Synth 8-7129] Port irq_ipi_pl_3 in module zynq_ultra_ps_e_v3_5_3_zynq_ultra_ps_e is either unconnected or has no load
WARNING: [Synth 8-7129] Port saxihpc0_fpd_rclk in module zynq_ultra_ps_e_v3_5_3_zynq_ultra_ps_e is either unconnected or has no load
WARNING: [Synth 8-7129] Port saxihpc0_fpd_wclk in module zynq_ultra_ps_e_v3_5_3_zynq_ultra_ps_e is either unconnected or has no load
WARNING: [Synth 8-7129] Port saxihpc1_fpd_rclk in module zynq_ultra_ps_e_v3_5_3_zynq_ultra_ps_e is either unconnected or has no load
WARNING: [Synth 8-7129] Port saxihpc1_fpd_wclk in module zynq_ultra_ps_e_v3_5_3_zynq_ultra_ps_e is either unconnected or has no load
WARNING: [Synth 8-7129] Port saxihp0_fpd_rclk in module zynq_ultra_ps_e_v3_5_3_zynq_ultra_ps_e is either unconnected or has no load
WARNING: [Synth 8-7129] Port saxihp0_fpd_wclk in module zynq_ultra_ps_e_v3_5_3_zynq_ultra_ps_e is either unconnected or has no load
WARNING: [Synth 8-7129] Port saxihp1_fpd_rclk in module zynq_ultra_ps_e_v3_5_3_zynq_ultra_ps_e is either unconnected or has no load
WARNING: [Synth 8-7129] Port saxihp1_fpd_wclk in module zynq_ultra_ps_e_v3_5_3_zynq_ultra_ps_e is either unconnected or has no load
WARNING: [Synth 8-7129] Port saxihp2_fpd_rclk in module zynq_ultra_ps_e_v3_5_3_zynq_ultra_ps_e is either unconnected or has no load
WARNING: [Synth 8-7129] Port saxihp2_fpd_wclk in module zynq_ultra_ps_e_v3_5_3_zynq_ultra_ps_e is either unconnected or has no load
WARNING: [Synth 8-7129] Port saxihp3_fpd_rclk in module zynq_ultra_ps_e_v3_5_3_zynq_ultra_ps_e is either unconnected or has no load
WARNING: [Synth 8-7129] Port saxihp3_fpd_wclk in module zynq_ultra_ps_e_v3_5_3_zynq_ultra_ps_e is either unconnected or has no load
WARNING: [Synth 8-7129] Port saxi_lpd_rclk in module zynq_ultra_ps_e_v3_5_3_zynq_ultra_ps_e is either unconnected or has no load
WARNING: [Synth 8-7129] Port saxi_lpd_wclk in module zynq_ultra_ps_e_v3_5_3_zynq_ultra_ps_e is either unconnected or has no load
WARNING: [Synth 8-7129] Port sacefpd_awuser[15] in module zynq_ultra_ps_e_v3_5_3_zynq_ultra_ps_e is either unconnected or has no load
WARNING: [Synth 8-7129] Port sacefpd_awuser[14] in module zynq_ultra_ps_e_v3_5_3_zynq_ultra_ps_e is either unconnected or has no load
WARNING: [Synth 8-7129] Port sacefpd_awuser[13] in module zynq_ultra_ps_e_v3_5_3_zynq_ultra_ps_e is either unconnected or has no load
WARNING: [Synth 8-7129] Port sacefpd_awuser[12] in module zynq_ultra_ps_e_v3_5_3_zynq_ultra_ps_e is either unconnected or has no load
WARNING: [Synth 8-7129] Port sacefpd_awuser[11] in module zynq_ultra_ps_e_v3_5_3_zynq_ultra_ps_e is either unconnected or has no load
WARNING: [Synth 8-7129] Port sacefpd_awuser[10] in module zynq_ultra_ps_e_v3_5_3_zynq_ultra_ps_e is either unconnected or has no load
WARNING: [Synth 8-7129] Port sacefpd_awuser[9] in module zynq_ultra_ps_e_v3_5_3_zynq_ultra_ps_e is either unconnected or has no load
WARNING: [Synth 8-7129] Port sacefpd_awuser[8] in module zynq_ultra_ps_e_v3_5_3_zynq_ultra_ps_e is either unconnected or has no load
WARNING: [Synth 8-7129] Port sacefpd_awuser[7] in module zynq_ultra_ps_e_v3_5_3_zynq_ultra_ps_e is either unconnected or has no load
WARNING: [Synth 8-7129] Port sacefpd_awuser[6] in module zynq_ultra_ps_e_v3_5_3_zynq_ultra_ps_e is either unconnected or has no load
WARNING: [Synth 8-7129] Port sacefpd_aruser[15] in module zynq_ultra_ps_e_v3_5_3_zynq_ultra_ps_e is either unconnected or has no load
WARNING: [Synth 8-7129] Port sacefpd_aruser[14] in module zynq_ultra_ps_e_v3_5_3_zynq_ultra_ps_e is either unconnected or has no load
WARNING: [Synth 8-7129] Port sacefpd_aruser[13] in module zynq_ultra_ps_e_v3_5_3_zynq_ultra_ps_e is either unconnected or has no load
WARNING: [Synth 8-7129] Port sacefpd_aruser[12] in module zynq_ultra_ps_e_v3_5_3_zynq_ultra_ps_e is either unconnected or has no load
WARNING: [Synth 8-7129] Port sacefpd_aruser[11] in module zynq_ultra_ps_e_v3_5_3_zynq_ultra_ps_e is either unconnected or has no load
WARNING: [Synth 8-7129] Port sacefpd_aruser[10] in module zynq_ultra_ps_e_v3_5_3_zynq_ultra_ps_e is either unconnected or has no load
WARNING: [Synth 8-7129] Port sacefpd_aruser[9] in module zynq_ultra_ps_e_v3_5_3_zynq_ultra_ps_e is either unconnected or has no load
WARNING: [Synth 8-7129] Port sacefpd_aruser[8] in module zynq_ultra_ps_e_v3_5_3_zynq_ultra_ps_e is either unconnected or has no load
WARNING: [Synth 8-7129] Port sacefpd_aruser[7] in module zynq_ultra_ps_e_v3_5_3_zynq_ultra_ps_e is either unconnected or has no load
WARNING: [Synth 8-7129] Port sacefpd_aruser[6] in module zynq_ultra_ps_e_v3_5_3_zynq_ultra_ps_e is either unconnected or has no load
WARNING: [Synth 8-7129] Port test_adc_clk[3] in module zynq_ultra_ps_e_v3_5_3_zynq_ultra_ps_e is either unconnected or has no load
WARNING: [Synth 8-7129] Port test_adc_clk[2] in module zynq_ultra_ps_e_v3_5_3_zynq_ultra_ps_e is either unconnected or has no load
WARNING: [Synth 8-7129] Port test_adc_clk[1] in module zynq_ultra_ps_e_v3_5_3_zynq_ultra_ps_e is either unconnected or has no load
WARNING: [Synth 8-7129] Port test_adc_clk[0] in module zynq_ultra_ps_e_v3_5_3_zynq_ultra_ps_e is either unconnected or has no load
WARNING: [Synth 8-7129] Port test_adc_in[31] in module zynq_ultra_ps_e_v3_5_3_zynq_ultra_ps_e is either unconnected or has no load
WARNING: [Synth 8-7129] Port test_adc_in[30] in module zynq_ultra_ps_e_v3_5_3_zynq_ultra_ps_e is either unconnected or has no load
WARNING: [Synth 8-7129] Port test_adc_in[29] in module zynq_ultra_ps_e_v3_5_3_zynq_ultra_ps_e is either unconnected or has no load
WARNING: [Synth 8-7129] Port test_adc_in[28] in module zynq_ultra_ps_e_v3_5_3_zynq_ultra_ps_e is either unconnected or has no load
WARNING: [Synth 8-7129] Port test_adc_in[27] in module zynq_ultra_ps_e_v3_5_3_zynq_ultra_ps_e is either unconnected or has no load
WARNING: [Synth 8-7129] Port test_adc_in[26] in module zynq_ultra_ps_e_v3_5_3_zynq_ultra_ps_e is either unconnected or has no load
WARNING: [Synth 8-7129] Port test_adc_in[25] in module zynq_ultra_ps_e_v3_5_3_zynq_ultra_ps_e is either unconnected or has no load
WARNING: [Synth 8-7129] Port test_adc_in[24] in module zynq_ultra_ps_e_v3_5_3_zynq_ultra_ps_e is either unconnected or has no load
WARNING: [Synth 8-7129] Port test_adc_in[23] in module zynq_ultra_ps_e_v3_5_3_zynq_ultra_ps_e is either unconnected or has no load
WARNING: [Synth 8-7129] Port test_adc_in[22] in module zynq_ultra_ps_e_v3_5_3_zynq_ultra_ps_e is either unconnected or has no load
WARNING: [Synth 8-7129] Port test_adc_in[21] in module zynq_ultra_ps_e_v3_5_3_zynq_ultra_ps_e is either unconnected or has no load
WARNING: [Synth 8-7129] Port test_adc_in[20] in module zynq_ultra_ps_e_v3_5_3_zynq_ultra_ps_e is either unconnected or has no load
WARNING: [Synth 8-7129] Port test_adc_in[19] in module zynq_ultra_ps_e_v3_5_3_zynq_ultra_ps_e is either unconnected or has no load
WARNING: [Synth 8-7129] Port test_adc_in[18] in module zynq_ultra_ps_e_v3_5_3_zynq_ultra_ps_e is either unconnected or has no load
WARNING: [Synth 8-7129] Port test_adc_in[17] in module zynq_ultra_ps_e_v3_5_3_zynq_ultra_ps_e is either unconnected or has no load
WARNING: [Synth 8-7129] Port test_adc_in[16] in module zynq_ultra_ps_e_v3_5_3_zynq_ultra_ps_e is either unconnected or has no load
WARNING: [Synth 8-7129] Port test_adc_in[15] in module zynq_ultra_ps_e_v3_5_3_zynq_ultra_ps_e is either unconnected or has no load
WARNING: [Synth 8-7129] Port test_adc_in[14] in module zynq_ultra_ps_e_v3_5_3_zynq_ultra_ps_e is either unconnected or has no load
WARNING: [Synth 8-7129] Port test_adc_in[13] in module zynq_ultra_ps_e_v3_5_3_zynq_ultra_ps_e is either unconnected or has no load
WARNING: [Synth 8-7129] Port test_adc_in[12] in module zynq_ultra_ps_e_v3_5_3_zynq_ultra_ps_e is either unconnected or has no load
WARNING: [Synth 8-7129] Port test_adc_in[11] in module zynq_ultra_ps_e_v3_5_3_zynq_ultra_ps_e is either unconnected or has no load
WARNING: [Synth 8-7129] Port test_adc_in[10] in module zynq_ultra_ps_e_v3_5_3_zynq_ultra_ps_e is either unconnected or has no load
WARNING: [Synth 8-7129] Port test_adc_in[9] in module zynq_ultra_ps_e_v3_5_3_zynq_ultra_ps_e is either unconnected or has no load
WARNING: [Synth 8-7129] Port test_adc_in[8] in module zynq_ultra_ps_e_v3_5_3_zynq_ultra_ps_e is either unconnected or has no load
WARNING: [Synth 8-7129] Port test_adc_in[7] in module zynq_ultra_ps_e_v3_5_3_zynq_ultra_ps_e is either unconnected or has no load
WARNING: [Synth 8-7129] Port test_adc_in[6] in module zynq_ultra_ps_e_v3_5_3_zynq_ultra_ps_e is either unconnected or has no load
WARNING: [Synth 8-7129] Port test_adc_in[5] in module zynq_ultra_ps_e_v3_5_3_zynq_ultra_ps_e is either unconnected or has no load
WARNING: [Synth 8-7129] Port test_adc_in[4] in module zynq_ultra_ps_e_v3_5_3_zynq_ultra_ps_e is either unconnected or has no load
WARNING: [Synth 8-7129] Port test_adc_in[3] in module zynq_ultra_ps_e_v3_5_3_zynq_ultra_ps_e is either unconnected or has no load
WARNING: [Synth 8-7129] Port test_adc_in[2] in module zynq_ultra_ps_e_v3_5_3_zynq_ultra_ps_e is either unconnected or has no load
WARNING: [Synth 8-7129] Port test_adc_in[1] in module zynq_ultra_ps_e_v3_5_3_zynq_ultra_ps_e is either unconnected or has no load
WARNING: [Synth 8-7129] Port test_adc_in[0] in module zynq_ultra_ps_e_v3_5_3_zynq_ultra_ps_e is either unconnected or has no load
WARNING: [Synth 8-7129] Port test_adc2_in[31] in module zynq_ultra_ps_e_v3_5_3_zynq_ultra_ps_e is either unconnected or has no load
WARNING: [Synth 8-7129] Port test_adc2_in[30] in module zynq_ultra_ps_e_v3_5_3_zynq_ultra_ps_e is either unconnected or has no load
WARNING: [Synth 8-7129] Port test_adc2_in[29] in module zynq_ultra_ps_e_v3_5_3_zynq_ultra_ps_e is either unconnected or has no load
WARNING: [Synth 8-7129] Port test_adc2_in[28] in module zynq_ultra_ps_e_v3_5_3_zynq_ultra_ps_e is either unconnected or has no load
WARNING: [Synth 8-7129] Port test_adc2_in[27] in module zynq_ultra_ps_e_v3_5_3_zynq_ultra_ps_e is either unconnected or has no load
WARNING: [Synth 8-7129] Port test_adc2_in[26] in module zynq_ultra_ps_e_v3_5_3_zynq_ultra_ps_e is either unconnected or has no load
WARNING: [Synth 8-7129] Port test_adc2_in[25] in module zynq_ultra_ps_e_v3_5_3_zynq_ultra_ps_e is either unconnected or has no load
WARNING: [Synth 8-7129] Port test_adc2_in[24] in module zynq_ultra_ps_e_v3_5_3_zynq_ultra_ps_e is either unconnected or has no load
WARNING: [Synth 8-7129] Port test_adc2_in[23] in module zynq_ultra_ps_e_v3_5_3_zynq_ultra_ps_e is either unconnected or has no load
WARNING: [Synth 8-7129] Port test_adc2_in[22] in module zynq_ultra_ps_e_v3_5_3_zynq_ultra_ps_e is either unconnected or has no load
WARNING: [Synth 8-7129] Port test_adc2_in[21] in module zynq_ultra_ps_e_v3_5_3_zynq_ultra_ps_e is either unconnected or has no load
WARNING: [Synth 8-7129] Port test_adc2_in[20] in module zynq_ultra_ps_e_v3_5_3_zynq_ultra_ps_e is either unconnected or has no load
WARNING: [Synth 8-7129] Port test_adc2_in[19] in module zynq_ultra_ps_e_v3_5_3_zynq_ultra_ps_e is either unconnected or has no load
WARNING: [Synth 8-7129] Port test_adc2_in[18] in module zynq_ultra_ps_e_v3_5_3_zynq_ultra_ps_e is either unconnected or has no load
WARNING: [Synth 8-7129] Port test_adc2_in[17] in module zynq_ultra_ps_e_v3_5_3_zynq_ultra_ps_e is either unconnected or has no load
WARNING: [Synth 8-7129] Port test_adc2_in[16] in module zynq_ultra_ps_e_v3_5_3_zynq_ultra_ps_e is either unconnected or has no load
WARNING: [Synth 8-7129] Port test_adc2_in[15] in module zynq_ultra_ps_e_v3_5_3_zynq_ultra_ps_e is either unconnected or has no load
WARNING: [Synth 8-7129] Port test_adc2_in[14] in module zynq_ultra_ps_e_v3_5_3_zynq_ultra_ps_e is either unconnected or has no load
WARNING: [Synth 8-7129] Port test_adc2_in[13] in module zynq_ultra_ps_e_v3_5_3_zynq_ultra_ps_e is either unconnected or has no load
WARNING: [Synth 8-7129] Port test_adc2_in[12] in module zynq_ultra_ps_e_v3_5_3_zynq_ultra_ps_e is either unconnected or has no load
WARNING: [Synth 8-7129] Port test_adc2_in[11] in module zynq_ultra_ps_e_v3_5_3_zynq_ultra_ps_e is either unconnected or has no load
WARNING: [Synth 8-7129] Port test_adc2_in[10] in module zynq_ultra_ps_e_v3_5_3_zynq_ultra_ps_e is either unconnected or has no load
WARNING: [Synth 8-7129] Port test_adc2_in[9] in module zynq_ultra_ps_e_v3_5_3_zynq_ultra_ps_e is either unconnected or has no load
WARNING: [Synth 8-7129] Port test_adc2_in[8] in module zynq_ultra_ps_e_v3_5_3_zynq_ultra_ps_e is either unconnected or has no load
WARNING: [Synth 8-7129] Port test_adc2_in[7] in module zynq_ultra_ps_e_v3_5_3_zynq_ultra_ps_e is either unconnected or has no load
INFO: [Common 17-14] Message 'Synth 8-7129' appears 100 times and further instances of the messages will be disabled. Use the Tcl command set_msg_config to change the current settings.
---------------------------------------------------------------------------------
Finished RTL Elaboration : Time (s): cpu = 00:00:13 ; elapsed = 00:00:14 . Memory (MB): peak = 2877.867 ; gain = 796.961
---------------------------------------------------------------------------------
---------------------------------------------------------------------------------
Start Handling Custom Attributes
---------------------------------------------------------------------------------
---------------------------------------------------------------------------------
Finished Handling Custom Attributes : Time (s): cpu = 00:00:13 ; elapsed = 00:00:14 . Memory (MB): peak = 2895.758 ; gain = 814.852
---------------------------------------------------------------------------------
---------------------------------------------------------------------------------
Finished RTL Optimization Phase 1 : Time (s): cpu = 00:00:13 ; elapsed = 00:00:14 . Memory (MB): peak = 2895.758 ; gain = 814.852
---------------------------------------------------------------------------------
Netlist sorting complete. Time (s): cpu = 00:00:02 ; elapsed = 00:00:02 . Memory (MB): peak = 2976.781 ; gain = 0.000
INFO: [Netlist 29-17] Analyzing 39 Unisim elements for replacement
INFO: [Netlist 29-28] Unisim Transformation completed in 0 CPU seconds
INFO: [Project 1-570] Preparing netlist for logic optimization

Processing XDC Constraints
Initializing timing engine
Parsing XDC File [d:/MPSOC_YOLO/06_vivado/proj/yolo_zcu104.gen/sources_1/bd/system/ip/system_zynq_ps_0/system_zynq_ps_0.xdc] for cell 'system_i/zynq_ps/inst'
Finished Parsing XDC File [d:/MPSOC_YOLO/06_vivado/proj/yolo_zcu104.gen/sources_1/bd/system/ip/system_zynq_ps_0/system_zynq_ps_0.xdc] for cell 'system_i/zynq_ps/inst'
Parsing XDC File [d:/MPSOC_YOLO/06_vivado/proj/yolo_zcu104.gen/sources_1/bd/system/ip/system_rst_pl0_0/system_rst_pl0_0_board.xdc] for cell 'system_i/rst_pl0/U0'
Finished Parsing XDC File [d:/MPSOC_YOLO/06_vivado/proj/yolo_zcu104.gen/sources_1/bd/system/ip/system_rst_pl0_0/system_rst_pl0_0_board.xdc] for cell 'system_i/rst_pl0/U0'
Parsing XDC File [d:/MPSOC_YOLO/06_vivado/proj/yolo_zcu104.gen/sources_1/bd/system/ip/system_rst_pl0_0/system_rst_pl0_0.xdc] for cell 'system_i/rst_pl0/U0'
Finished Parsing XDC File [d:/MPSOC_YOLO/06_vivado/proj/yolo_zcu104.gen/sources_1/bd/system/ip/system_rst_pl0_0/system_rst_pl0_0.xdc] for cell 'system_i/rst_pl0/U0'
INFO: [Project 1-236] Implementation specific constraints were found while reading constraint file [d:/MPSOC_YOLO/06_vivado/proj/yolo_zcu104.gen/sources_1/bd/system/ip/system_rst_pl0_0/system_rst_pl0_0.xdc]. These constraints will be ignored for synthesis but will be used in implementation. Impacted constraints are listed in the file [.Xil/system_wrapper_propImpl.xdc].
Resolution: To avoid this warning, move constraints listed in [.Xil/system_wrapper_propImpl.xdc] to another XDC file and exclude this new file from synthesis with the used_in_synthesis property (File Properties dialog in GUI) and re-run elaboration/synthesis.
Parsing XDC File [d:/MPSOC_YOLO/06_vivado/proj/yolo_zcu104.gen/sources_1/bd/system/ip/system_sc_ctrl_0/bd_0/ip/ip_1/bd_73a6_psr_aclk_0_board.xdc] for cell 'system_i/sc_ctrl/inst/clk_map/psr_aclk/U0'
Finished Parsing XDC File [d:/MPSOC_YOLO/06_vivado/proj/yolo_zcu104.gen/sources_1/bd/system/ip/system_sc_ctrl_0/bd_0/ip/ip_1/bd_73a6_psr_aclk_0_board.xdc] for cell 'system_i/sc_ctrl/inst/clk_map/psr_aclk/U0'
Parsing XDC File [d:/MPSOC_YOLO/06_vivado/proj/yolo_zcu104.gen/sources_1/bd/system/ip/system_sc_ctrl_0/bd_0/ip/ip_1/bd_73a6_psr_aclk_0.xdc] for cell 'system_i/sc_ctrl/inst/clk_map/psr_aclk/U0'
Finished Parsing XDC File [d:/MPSOC_YOLO/06_vivado/proj/yolo_zcu104.gen/sources_1/bd/system/ip/system_sc_ctrl_0/bd_0/ip/ip_1/bd_73a6_psr_aclk_0.xdc] for cell 'system_i/sc_ctrl/inst/clk_map/psr_aclk/U0'
INFO: [Project 1-236] Implementation specific constraints were found while reading constraint file [d:/MPSOC_YOLO/06_vivado/proj/yolo_zcu104.gen/sources_1/bd/system/ip/system_sc_ctrl_0/bd_0/ip/ip_1/bd_73a6_psr_aclk_0.xdc]. These constraints will be ignored for synthesis but will be used in implementation. Impacted constraints are listed in the file [.Xil/system_wrapper_propImpl.xdc].
Resolution: To avoid this warning, move constraints listed in [.Xil/system_wrapper_propImpl.xdc] to another XDC file and exclude this new file from synthesis with the used_in_synthesis property (File Properties dialog in GUI) and re-run elaboration/synthesis.
Parsing XDC File [d:/MPSOC_YOLO/06_vivado/proj/yolo_zcu104.gen/sources_1/bd/system/ip/system_sc_ctrl_0/bd_0/ip/ip_6/bd_73a6_sarn_0_clocks.xdc] for cell 'system_i/sc_ctrl/inst/s00_nodes/s00_ar_node/inst'
Finished Parsing XDC File [d:/MPSOC_YOLO/06_vivado/proj/yolo_zcu104.gen/sources_1/bd/system/ip/system_sc_ctrl_0/bd_0/ip/ip_6/bd_73a6_sarn_0_clocks.xdc] for cell 'system_i/sc_ctrl/inst/s00_nodes/s00_ar_node/inst'
INFO: [Project 1-236] Implementation specific constraints were found while reading constraint file [d:/MPSOC_YOLO/06_vivado/proj/yolo_zcu104.gen/sources_1/bd/system/ip/system_sc_ctrl_0/bd_0/ip/ip_6/bd_73a6_sarn_0_clocks.xdc]. These constraints will be ignored for synthesis but will be used in implementation. Impacted constraints are listed in the file [.Xil/system_wrapper_propImpl.xdc].
Resolution: To avoid this warning, move constraints listed in [.Xil/system_wrapper_propImpl.xdc] to another XDC file and exclude this new file from synthesis with the used_in_synthesis property (File Properties dialog in GUI) and re-run elaboration/synthesis.
Parsing XDC File [d:/MPSOC_YOLO/06_vivado/proj/yolo_zcu104.gen/sources_1/bd/system/ip/system_sc_ctrl_0/bd_0/ip/ip_7/bd_73a6_srn_0_clocks.xdc] for cell 'system_i/sc_ctrl/inst/s00_nodes/s00_r_node/inst'
Finished Parsing XDC File [d:/MPSOC_YOLO/06_vivado/proj/yolo_zcu104.gen/sources_1/bd/system/ip/system_sc_ctrl_0/bd_0/ip/ip_7/bd_73a6_srn_0_clocks.xdc] for cell 'system_i/sc_ctrl/inst/s00_nodes/s00_r_node/inst'
INFO: [Project 1-236] Implementation specific constraints were found while reading constraint file [d:/MPSOC_YOLO/06_vivado/proj/yolo_zcu104.gen/sources_1/bd/system/ip/system_sc_ctrl_0/bd_0/ip/ip_7/bd_73a6_srn_0_clocks.xdc]. These constraints will be ignored for synthesis but will be used in implementation. Impacted constraints are listed in the file [.Xil/system_wrapper_propImpl.xdc].
Resolution: To avoid this warning, move constraints listed in [.Xil/system_wrapper_propImpl.xdc] to another XDC file and exclude this new file from synthesis with the used_in_synthesis property (File Properties dialog in GUI) and re-run elaboration/synthesis.
Parsing XDC File [d:/MPSOC_YOLO/06_vivado/proj/yolo_zcu104.gen/sources_1/bd/system/ip/system_sc_ctrl_0/bd_0/ip/ip_8/bd_73a6_sawn_0_clocks.xdc] for cell 'system_i/sc_ctrl/inst/s00_nodes/s00_aw_node/inst'
Finished Parsing XDC File [d:/MPSOC_YOLO/06_vivado/proj/yolo_zcu104.gen/sources_1/bd/system/ip/system_sc_ctrl_0/bd_0/ip/ip_8/bd_73a6_sawn_0_clocks.xdc] for cell 'system_i/sc_ctrl/inst/s00_nodes/s00_aw_node/inst'
INFO: [Project 1-236] Implementation specific constraints were found while reading constraint file [d:/MPSOC_YOLO/06_vivado/proj/yolo_zcu104.gen/sources_1/bd/system/ip/system_sc_ctrl_0/bd_0/ip/ip_8/bd_73a6_sawn_0_clocks.xdc]. These constraints will be ignored for synthesis but will be used in implementation. Impacted constraints are listed in the file [.Xil/system_wrapper_propImpl.xdc].
Resolution: To avoid this warning, move constraints listed in [.Xil/system_wrapper_propImpl.xdc] to another XDC file and exclude this new file from synthesis with the used_in_synthesis property (File Properties dialog in GUI) and re-run elaboration/synthesis.
Parsing XDC File [d:/MPSOC_YOLO/06_vivado/proj/yolo_zcu104.gen/sources_1/bd/system/ip/system_sc_ctrl_0/bd_0/ip/ip_9/bd_73a6_swn_0_clocks.xdc] for cell 'system_i/sc_ctrl/inst/s00_nodes/s00_w_node/inst'
Finished Parsing XDC File [d:/MPSOC_YOLO/06_vivado/proj/yolo_zcu104.gen/sources_1/bd/system/ip/system_sc_ctrl_0/bd_0/ip/ip_9/bd_73a6_swn_0_clocks.xdc] for cell 'system_i/sc_ctrl/inst/s00_nodes/s00_w_node/inst'
INFO: [Project 1-236] Implementation specific constraints were found while reading constraint file [d:/MPSOC_YOLO/06_vivado/proj/yolo_zcu104.gen/sources_1/bd/system/ip/system_sc_ctrl_0/bd_0/ip/ip_9/bd_73a6_swn_0_clocks.xdc]. These constraints will be ignored for synthesis but will be used in implementation. Impacted constraints are listed in the file [.Xil/system_wrapper_propImpl.xdc].
Resolution: To avoid this warning, move constraints listed in [.Xil/system_wrapper_propImpl.xdc] to another XDC file and exclude this new file from synthesis with the used_in_synthesis property (File Properties dialog in GUI) and re-run elaboration/synthesis.
Parsing XDC File [d:/MPSOC_YOLO/06_vivado/proj/yolo_zcu104.gen/sources_1/bd/system/ip/system_sc_ctrl_0/bd_0/ip/ip_10/bd_73a6_sbn_0_clocks.xdc] for cell 'system_i/sc_ctrl/inst/s00_nodes/s00_b_node/inst'
Finished Parsing XDC File [d:/MPSOC_YOLO/06_vivado/proj/yolo_zcu104.gen/sources_1/bd/system/ip/system_sc_ctrl_0/bd_0/ip/ip_10/bd_73a6_sbn_0_clocks.xdc] for cell 'system_i/sc_ctrl/inst/s00_nodes/s00_b_node/inst'
INFO: [Project 1-236] Implementation specific constraints were found while reading constraint file [d:/MPSOC_YOLO/06_vivado/proj/yolo_zcu104.gen/sources_1/bd/system/ip/system_sc_ctrl_0/bd_0/ip/ip_10/bd_73a6_sbn_0_clocks.xdc]. These constraints will be ignored for synthesis but will be used in implementation. Impacted constraints are listed in the file [.Xil/system_wrapper_propImpl.xdc].
Resolution: To avoid this warning, move constraints listed in [.Xil/system_wrapper_propImpl.xdc] to another XDC file and exclude this new file from synthesis with the used_in_synthesis property (File Properties dialog in GUI) and re-run elaboration/synthesis.
Parsing XDC File [d:/MPSOC_YOLO/06_vivado/proj/yolo_zcu104.gen/sources_1/bd/system/ip/system_sc_ctrl_0/smartconnect.xdc] for cell 'system_i/sc_ctrl/inst'
Finished Parsing XDC File [d:/MPSOC_YOLO/06_vivado/proj/yolo_zcu104.gen/sources_1/bd/system/ip/system_sc_ctrl_0/smartconnect.xdc] for cell 'system_i/sc_ctrl/inst'
INFO: [Project 1-236] Implementation specific constraints were found while reading constraint file [d:/MPSOC_YOLO/06_vivado/proj/yolo_zcu104.gen/sources_1/bd/system/ip/system_sc_ctrl_0/smartconnect.xdc]. These constraints will be ignored for synthesis but will be used in implementation. Impacted constraints are listed in the file [.Xil/system_wrapper_propImpl.xdc].
Resolution: To avoid this warning, move constraints listed in [.Xil/system_wrapper_propImpl.xdc] to another XDC file and exclude this new file from synthesis with the used_in_synthesis property (File Properties dialog in GUI) and re-run elaboration/synthesis.
Parsing XDC File [d:/MPSOC_YOLO/06_vivado/proj/yolo_zcu104.gen/sources_1/bd/system/ip/system_sc_mem_0/bd_0/ip/ip_1/bd_0182_psr_aclk_0_board.xdc] for cell 'system_i/sc_mem/inst/clk_map/psr_aclk/U0'
Finished Parsing XDC File [d:/MPSOC_YOLO/06_vivado/proj/yolo_zcu104.gen/sources_1/bd/system/ip/system_sc_mem_0/bd_0/ip/ip_1/bd_0182_psr_aclk_0_board.xdc] for cell 'system_i/sc_mem/inst/clk_map/psr_aclk/U0'
Parsing XDC File [d:/MPSOC_YOLO/06_vivado/proj/yolo_zcu104.gen/sources_1/bd/system/ip/system_sc_mem_0/bd_0/ip/ip_1/bd_0182_psr_aclk_0.xdc] for cell 'system_i/sc_mem/inst/clk_map/psr_aclk/U0'
Finished Parsing XDC File [d:/MPSOC_YOLO/06_vivado/proj/yolo_zcu104.gen/sources_1/bd/system/ip/system_sc_mem_0/bd_0/ip/ip_1/bd_0182_psr_aclk_0.xdc] for cell 'system_i/sc_mem/inst/clk_map/psr_aclk/U0'
INFO: [Project 1-236] Implementation specific constraints were found while reading constraint file [d:/MPSOC_YOLO/06_vivado/proj/yolo_zcu104.gen/sources_1/bd/system/ip/system_sc_mem_0/bd_0/ip/ip_1/bd_0182_psr_aclk_0.xdc]. These constraints will be ignored for synthesis but will be used in implementation. Impacted constraints are listed in the file [.Xil/system_wrapper_propImpl.xdc].
Resolution: To avoid this warning, move constraints listed in [.Xil/system_wrapper_propImpl.xdc] to another XDC file and exclude this new file from synthesis with the used_in_synthesis property (File Properties dialog in GUI) and re-run elaboration/synthesis.
Parsing XDC File [d:/MPSOC_YOLO/06_vivado/proj/yolo_zcu104.gen/sources_1/bd/system/ip/system_sc_mem_0/bd_0/ip/ip_6/bd_0182_sarn_0_clocks.xdc] for cell 'system_i/sc_mem/inst/s00_nodes/s00_ar_node/inst'
Finished Parsing XDC File [d:/MPSOC_YOLO/06_vivado/proj/yolo_zcu104.gen/sources_1/bd/system/ip/system_sc_mem_0/bd_0/ip/ip_6/bd_0182_sarn_0_clocks.xdc] for cell 'system_i/sc_mem/inst/s00_nodes/s00_ar_node/inst'
INFO: [Project 1-236] Implementation specific constraints were found while reading constraint file [d:/MPSOC_YOLO/06_vivado/proj/yolo_zcu104.gen/sources_1/bd/system/ip/system_sc_mem_0/bd_0/ip/ip_6/bd_0182_sarn_0_clocks.xdc]. These constraints will be ignored for synthesis but will be used in implementation. Impacted constraints are listed in the file [.Xil/system_wrapper_propImpl.xdc].
Resolution: To avoid this warning, move constraints listed in [.Xil/system_wrapper_propImpl.xdc] to another XDC file and exclude this new file from synthesis with the used_in_synthesis property (File Properties dialog in GUI) and re-run elaboration/synthesis.
Parsing XDC File [d:/MPSOC_YOLO/06_vivado/proj/yolo_zcu104.gen/sources_1/bd/system/ip/system_sc_mem_0/bd_0/ip/ip_7/bd_0182_srn_0_clocks.xdc] for cell 'system_i/sc_mem/inst/s00_nodes/s00_r_node/inst'
Finished Parsing XDC File [d:/MPSOC_YOLO/06_vivado/proj/yolo_zcu104.gen/sources_1/bd/system/ip/system_sc_mem_0/bd_0/ip/ip_7/bd_0182_srn_0_clocks.xdc] for cell 'system_i/sc_mem/inst/s00_nodes/s00_r_node/inst'
INFO: [Project 1-236] Implementation specific constraints were found while reading constraint file [d:/MPSOC_YOLO/06_vivado/proj/yolo_zcu104.gen/sources_1/bd/system/ip/system_sc_mem_0/bd_0/ip/ip_7/bd_0182_srn_0_clocks.xdc]. These constraints will be ignored for synthesis but will be used in implementation. Impacted constraints are listed in the file [.Xil/system_wrapper_propImpl.xdc].
Resolution: To avoid this warning, move constraints listed in [.Xil/system_wrapper_propImpl.xdc] to another XDC file and exclude this new file from synthesis with the used_in_synthesis property (File Properties dialog in GUI) and re-run elaboration/synthesis.
Parsing XDC File [d:/MPSOC_YOLO/06_vivado/proj/yolo_zcu104.gen/sources_1/bd/system/ip/system_sc_mem_0/bd_0/ip/ip_8/bd_0182_sawn_0_clocks.xdc] for cell 'system_i/sc_mem/inst/s00_nodes/s00_aw_node/inst'
Finished Parsing XDC File [d:/MPSOC_YOLO/06_vivado/proj/yolo_zcu104.gen/sources_1/bd/system/ip/system_sc_mem_0/bd_0/ip/ip_8/bd_0182_sawn_0_clocks.xdc] for cell 'system_i/sc_mem/inst/s00_nodes/s00_aw_node/inst'
INFO: [Project 1-236] Implementation specific constraints were found while reading constraint file [d:/MPSOC_YOLO/06_vivado/proj/yolo_zcu104.gen/sources_1/bd/system/ip/system_sc_mem_0/bd_0/ip/ip_8/bd_0182_sawn_0_clocks.xdc]. These constraints will be ignored for synthesis but will be used in implementation. Impacted constraints are listed in the file [.Xil/system_wrapper_propImpl.xdc].
Resolution: To avoid this warning, move constraints listed in [.Xil/system_wrapper_propImpl.xdc] to another XDC file and exclude this new file from synthesis with the used_in_synthesis property (File Properties dialog in GUI) and re-run elaboration/synthesis.
Parsing XDC File [d:/MPSOC_YOLO/06_vivado/proj/yolo_zcu104.gen/sources_1/bd/system/ip/system_sc_mem_0/bd_0/ip/ip_9/bd_0182_swn_0_clocks.xdc] for cell 'system_i/sc_mem/inst/s00_nodes/s00_w_node/inst'
Finished Parsing XDC File [d:/MPSOC_YOLO/06_vivado/proj/yolo_zcu104.gen/sources_1/bd/system/ip/system_sc_mem_0/bd_0/ip/ip_9/bd_0182_swn_0_clocks.xdc] for cell 'system_i/sc_mem/inst/s00_nodes/s00_w_node/inst'
INFO: [Project 1-236] Implementation specific constraints were found while reading constraint file [d:/MPSOC_YOLO/06_vivado/proj/yolo_zcu104.gen/sources_1/bd/system/ip/system_sc_mem_0/bd_0/ip/ip_9/bd_0182_swn_0_clocks.xdc]. These constraints will be ignored for synthesis but will be used in implementation. Impacted constraints are listed in the file [.Xil/system_wrapper_propImpl.xdc].
Resolution: To avoid this warning, move constraints listed in [.Xil/system_wrapper_propImpl.xdc] to another XDC file and exclude this new file from synthesis with the used_in_synthesis property (File Properties dialog in GUI) and re-run elaboration/synthesis.
Parsing XDC File [d:/MPSOC_YOLO/06_vivado/proj/yolo_zcu104.gen/sources_1/bd/system/ip/system_sc_mem_0/bd_0/ip/ip_10/bd_0182_sbn_0_clocks.xdc] for cell 'system_i/sc_mem/inst/s00_nodes/s00_b_node/inst'
Finished Parsing XDC File [d:/MPSOC_YOLO/06_vivado/proj/yolo_zcu104.gen/sources_1/bd/system/ip/system_sc_mem_0/bd_0/ip/ip_10/bd_0182_sbn_0_clocks.xdc] for cell 'system_i/sc_mem/inst/s00_nodes/s00_b_node/inst'
INFO: [Project 1-236] Implementation specific constraints were found while reading constraint file [d:/MPSOC_YOLO/06_vivado/proj/yolo_zcu104.gen/sources_1/bd/system/ip/system_sc_mem_0/bd_0/ip/ip_10/bd_0182_sbn_0_clocks.xdc]. These constraints will be ignored for synthesis but will be used in implementation. Impacted constraints are listed in the file [.Xil/system_wrapper_propImpl.xdc].
Resolution: To avoid this warning, move constraints listed in [.Xil/system_wrapper_propImpl.xdc] to another XDC file and exclude this new file from synthesis with the used_in_synthesis property (File Properties dialog in GUI) and re-run elaboration/synthesis.
Parsing XDC File [d:/MPSOC_YOLO/06_vivado/proj/yolo_zcu104.gen/sources_1/bd/system/ip/system_sc_mem_0/smartconnect.xdc] for cell 'system_i/sc_mem/inst'
Finished Parsing XDC File [d:/MPSOC_YOLO/06_vivado/proj/yolo_zcu104.gen/sources_1/bd/system/ip/system_sc_mem_0/smartconnect.xdc] for cell 'system_i/sc_mem/inst'
INFO: [Project 1-236] Implementation specific constraints were found while reading constraint file [d:/MPSOC_YOLO/06_vivado/proj/yolo_zcu104.gen/sources_1/bd/system/ip/system_sc_mem_0/smartconnect.xdc]. These constraints will be ignored for synthesis but will be used in implementation. Impacted constraints are listed in the file [.Xil/system_wrapper_propImpl.xdc].
Resolution: To avoid this warning, move constraints listed in [.Xil/system_wrapper_propImpl.xdc] to another XDC file and exclude this new file from synthesis with the used_in_synthesis property (File Properties dialog in GUI) and re-run elaboration/synthesis.
Parsing XDC File [D:/MPSOC_YOLO/06_vivado/proj/yolo_zcu104.runs/synth_1/dont_touch.xdc]
Finished Parsing XDC File [D:/MPSOC_YOLO/06_vivado/proj/yolo_zcu104.runs/synth_1/dont_touch.xdc]
INFO: [Project 1-236] Implementation specific constraints were found while reading constraint file [D:/MPSOC_YOLO/06_vivado/proj/yolo_zcu104.runs/synth_1/dont_touch.xdc]. These constraints will be ignored for synthesis but will be used in implementation. Impacted constraints are listed in the file [.Xil/system_wrapper_propImpl.xdc].
Resolution: To avoid this warning, move constraints listed in [.Xil/system_wrapper_propImpl.xdc] to another XDC file and exclude this new file from synthesis with the used_in_synthesis property (File Properties dialog in GUI) and re-run elaboration/synthesis.
INFO: [Project 1-236] Implementation specific constraints were found while reading constraint file [C:/Xilinx/Vivado/2024.1/data/ip/xpm/xpm_memory/tcl/xpm_memory_xdc.tcl]. These constraints will be ignored for synthesis but will be used in implementation. Impacted constraints are listed in the file [.Xil/system_wrapper_propImpl.xdc].
Resolution: To avoid this warning, move constraints listed in [.Xil/system_wrapper_propImpl.xdc] to another XDC file and exclude this new file from synthesis with the used_in_synthesis property (File Properties dialog in GUI) and re-run elaboration/synthesis.
INFO: [Project 1-1714] 33 XPM XDC files have been applied to the design.
Completed Processing XDC Constraints

Netlist sorting complete. Time (s): cpu = 00:00:00 ; elapsed = 00:00:00.015 . Memory (MB): peak = 3502.449 ; gain = 0.000
INFO: [Project 1-111] Unisim Transformation Summary:
  A total of 39 instances were transformed.
  FDR => FDRE: 36 instances
  SRL16 => SRL16E: 3 instances

Constraint Validation Runtime : Time (s): cpu = 00:00:00 ; elapsed = 00:00:00.265 . Memory (MB): peak = 3502.449 ; gain = 0.000
---------------------------------------------------------------------------------
Finished Constraint Validation : Time (s): cpu = 00:00:40 ; elapsed = 00:00:42 . Memory (MB): peak = 3502.449 ; gain = 1421.543
---------------------------------------------------------------------------------
---------------------------------------------------------------------------------
Start Loading Part and Timing Information
---------------------------------------------------------------------------------
Loading part: xczu7ev-ffvc1156-2-e
INFO: [Synth 8-6742] Reading net delay rules and data
---------------------------------------------------------------------------------
Finished Loading Part and Timing Information : Time (s): cpu = 00:00:40 ; elapsed = 00:00:42 . Memory (MB): peak = 3502.449 ; gain = 1421.543
---------------------------------------------------------------------------------
---------------------------------------------------------------------------------
Start Applying 'set_property' XDC Constraints
---------------------------------------------------------------------------------
Applied set_property DONT_TOUCH = true for system_i/zynq_ps/inst/PS8_i. (constraint file  d:/MPSOC_YOLO/06_vivado/proj/yolo_zcu104.gen/sources_1/bd/system/ip/system_zynq_ps_0/system_zynq_ps_0.xdc, line 25).
Applied set_property KEEP_HIERARCHY = SOFT for system_i/zynq_ps/inst. (constraint file  D:/MPSOC_YOLO/06_vivado/proj/yolo_zcu104.runs/synth_1/dont_touch.xdc, line 109).
Applied set_property KEEP_HIERARCHY = SOFT for system_i/rst_pl0/U0. (constraint file  D:/MPSOC_YOLO/06_vivado/proj/yolo_zcu104.runs/synth_1/dont_touch.xdc, line 112).
Applied set_property KEEP_HIERARCHY = SOFT for system_i/sc_ctrl/inst. (constraint file  D:/MPSOC_YOLO/06_vivado/proj/yolo_zcu104.runs/synth_1/dont_touch.xdc, line 155).
Applied set_property KEEP_HIERARCHY = SOFT for system_i/sc_mem/inst. (constraint file  D:/MPSOC_YOLO/06_vivado/proj/yolo_zcu104.runs/synth_1/dont_touch.xdc, line 195).
Applied set_property KEEP_HIERARCHY = SOFT for system_i. (constraint file  auto generated constraint).
Applied set_property KEEP_HIERARCHY = SOFT for system_i/zynq_ps. (constraint file  auto generated constraint).
Applied set_property KEEP_HIERARCHY = SOFT for system_i/yolo_accel. (constraint file  auto generated constraint).
Applied set_property KEEP_HIERARCHY = SOFT for system_i/rst_pl0. (constraint file  auto generated constraint).
Applied set_property KEEP_HIERARCHY = SOFT for system_i/sc_ctrl. (constraint file  auto generated constraint).
Applied set_property KEEP_HIERARCHY = SOFT for system_i/sc_mem. (constraint file  auto generated constraint).
Applied set_property KEEP_HIERARCHY = SOFT for system_i/sc_ctrl/inst/s00_nodes/s00_ar_node/inst/m_sc_xpm_cdc_async_rst_inst. (constraint file  auto generated constraint).
Applied set_property KEEP_HIERARCHY = SOFT for system_i/sc_ctrl/inst/s00_nodes/s00_aw_node/inst/m_sc_xpm_cdc_async_rst_inst. (constraint file  auto generated constraint).
Applied set_property KEEP_HIERARCHY = SOFT for system_i/sc_ctrl/inst/s00_nodes/s00_b_node/inst/m_sc_xpm_cdc_async_rst_inst. (constraint file  auto generated constraint).
Applied set_property KEEP_HIERARCHY = SOFT for system_i/sc_ctrl/inst/s00_nodes/s00_r_node/inst/m_sc_xpm_cdc_async_rst_inst. (constraint file  auto generated constraint).
Applied set_property KEEP_HIERARCHY = SOFT for system_i/sc_ctrl/inst/s00_nodes/s00_w_node/inst/m_sc_xpm_cdc_async_rst_inst. (constraint file  auto generated constraint).
Applied set_property KEEP_HIERARCHY = SOFT for system_i/sc_mem/inst/s00_nodes/s00_ar_node/inst/m_sc_xpm_cdc_async_rst_inst. (constraint file  auto generated constraint).
Applied set_property KEEP_HIERARCHY = SOFT for system_i/sc_mem/inst/s00_nodes/s00_aw_node/inst/m_sc_xpm_cdc_async_rst_inst. (constraint file  auto generated constraint).
Applied set_property KEEP_HIERARCHY = SOFT for system_i/sc_mem/inst/s00_nodes/s00_b_node/inst/m_sc_xpm_cdc_async_rst_inst. (constraint file  auto generated constraint).
Applied set_property KEEP_HIERARCHY = SOFT for system_i/sc_mem/inst/s00_nodes/s00_r_node/inst/m_sc_xpm_cdc_async_rst_inst. (constraint file  auto generated constraint).
Applied set_property KEEP_HIERARCHY = SOFT for system_i/sc_mem/inst/s00_nodes/s00_w_node/inst/m_sc_xpm_cdc_async_rst_inst. (constraint file  auto generated constraint).
Applied set_property KEEP_HIERARCHY = SOFT for system_i/sc_ctrl/inst/s00_nodes/s00_ar_node/inst/s_sc_xpm_cdc_async_rst_inst. (constraint file  auto generated constraint).
Applied set_property KEEP_HIERARCHY = SOFT for system_i/sc_ctrl/inst/s00_nodes/s00_aw_node/inst/s_sc_xpm_cdc_async_rst_inst. (constraint file  auto generated constraint).
Applied set_property KEEP_HIERARCHY = SOFT for system_i/sc_ctrl/inst/s00_nodes/s00_b_node/inst/s_sc_xpm_cdc_async_rst_inst. (constraint file  auto generated constraint).
Applied set_property KEEP_HIERARCHY = SOFT for system_i/sc_ctrl/inst/s00_nodes/s00_r_node/inst/s_sc_xpm_cdc_async_rst_inst. (constraint file  auto generated constraint).
Applied set_property KEEP_HIERARCHY = SOFT for system_i/sc_ctrl/inst/s00_nodes/s00_w_node/inst/s_sc_xpm_cdc_async_rst_inst. (constraint file  auto generated constraint).
Applied set_property KEEP_HIERARCHY = SOFT for system_i/sc_mem/inst/s00_nodes/s00_ar_node/inst/s_sc_xpm_cdc_async_rst_inst. (constraint file  auto generated constraint).
Applied set_property KEEP_HIERARCHY = SOFT for system_i/sc_mem/inst/s00_nodes/s00_aw_node/inst/s_sc_xpm_cdc_async_rst_inst. (constraint file  auto generated constraint).
Applied set_property KEEP_HIERARCHY = SOFT for system_i/sc_mem/inst/s00_nodes/s00_b_node/inst/s_sc_xpm_cdc_async_rst_inst. (constraint file  auto generated constraint).
Applied set_property KEEP_HIERARCHY = SOFT for system_i/sc_mem/inst/s00_nodes/s00_r_node/inst/s_sc_xpm_cdc_async_rst_inst. (constraint file  auto generated constraint).
Applied set_property KEEP_HIERARCHY = SOFT for system_i/sc_mem/inst/s00_nodes/s00_w_node/inst/s_sc_xpm_cdc_async_rst_inst. (constraint file  auto generated constraint).
Applied set_property KEEP_HIERARCHY = SOFT for system_i/sc_ctrl/inst/m00_exit_pipeline/m00_exit/inst/xpm_cdc_async_rst_inst. (constraint file  auto generated constraint).
Applied set_property KEEP_HIERARCHY = SOFT for system_i/sc_ctrl/inst/s00_entry_pipeline/s00_mmu/inst/xpm_cdc_async_rst_inst. (constraint file  auto generated constraint).
Applied set_property KEEP_HIERARCHY = SOFT for system_i/sc_ctrl/inst/s00_entry_pipeline/s00_si_converter/inst/xpm_cdc_async_rst_inst. (constraint file  auto generated constraint).
Applied set_property KEEP_HIERARCHY = SOFT for system_i/sc_ctrl/inst/s00_entry_pipeline/s00_transaction_regulator/inst/xpm_cdc_async_rst_inst. (constraint file  auto generated constraint).
Applied set_property KEEP_HIERARCHY = SOFT for system_i/sc_mem/inst/m00_exit_pipeline/m00_exit/inst/xpm_cdc_async_rst_inst. (constraint file  auto generated constraint).
Applied set_property KEEP_HIERARCHY = SOFT for system_i/sc_mem/inst/s00_entry_pipeline/s00_mmu/inst/xpm_cdc_async_rst_inst. (constraint file  auto generated constraint).
Applied set_property KEEP_HIERARCHY = SOFT for system_i/sc_mem/inst/s00_entry_pipeline/s00_si_converter/inst/xpm_cdc_async_rst_inst. (constraint file  auto generated constraint).
Applied set_property KEEP_HIERARCHY = SOFT for system_i/sc_mem/inst/s00_entry_pipeline/s00_transaction_regulator/inst/xpm_cdc_async_rst_inst. (constraint file  auto generated constraint).
Applied set_property KEEP_HIERARCHY = SOFT for system_i/sc_mem/inst/s00_nodes/s00_ar_node/inst/inst_mi_handler/\gen_normal_area.inst_fifo_node_payld /\gen_xpm_memory_fifo.inst_fifo /\gen_mem_rep[0].inst_xpm_memory . (constraint file  auto generated constraint).
Applied set_property KEEP_HIERARCHY = SOFT for system_i/sc_mem/inst/s00_nodes/s00_aw_node/inst/inst_mi_handler/\gen_normal_area.inst_fifo_node_payld /\gen_xpm_memory_fifo.inst_fifo /\gen_mem_rep[0].inst_xpm_memory . (constraint file  auto generated constraint).
Applied set_property KEEP_HIERARCHY = SOFT for system_i/sc_mem/inst/s00_nodes/s00_b_node/inst/inst_mi_handler/\gen_normal_area.inst_fifo_node_payld /\gen_xpm_memory_fifo.inst_fifo /\gen_mem_rep[0].inst_xpm_memory . (constraint file  auto generated constraint).
Applied set_property KEEP_HIERARCHY = SOFT for system_i/sc_mem/inst/s00_nodes/s00_r_node/inst/inst_mi_handler/\gen_normal_area.inst_fifo_node_payld /\gen_xpm_memory_fifo.inst_fifo /\gen_mem_rep[0].inst_xpm_memory . (constraint file  auto generated constraint).
Applied set_property KEEP_HIERARCHY = SOFT for system_i/sc_mem/inst/s00_nodes/s00_w_node/inst/inst_mi_handler/\gen_normal_area.inst_fifo_node_payld /\gen_xpm_memory_fifo.inst_fifo /\gen_mem_rep[0].inst_xpm_memory . (constraint file  auto generated constraint).
---------------------------------------------------------------------------------
Finished applying 'set_property' XDC Constraints : Time (s): cpu = 00:00:40 ; elapsed = 00:00:42 . Memory (MB): peak = 3502.449 ; gain = 1421.543
---------------------------------------------------------------------------------
INFO: [Synth 8-802] inferred FSM for state register 'gen_axi.gen_write.write_cs_reg' in module 'sc_mmu_v1_0_13_decerr_slave'
INFO: [Synth 8-802] inferred FSM for state register 'w_state_reg' in module 'sc_si_converter_v1_0_13_axilite_conv'
INFO: [Synth 8-802] inferred FSM for state register 'r_state_reg' in module 'sc_si_converter_v1_0_13_axilite_conv'
INFO: [Synth 8-4490] FSM extraction disabled for register 'gen_pipelined.state_reg' through user attribute
INFO: [Synth 8-4490] FSM extraction disabled for register 'gen_pipelined.state_reg' through user attribute
INFO: [Synth 8-802] inferred FSM for state register 'gen_axi.gen_write.write_cs_reg' in module 'sc_mmu_v1_0_13_decerr_slave__parameterized0'
INFO: [Synth 8-4490] FSM extraction disabled for register 'gen_pipelined.state_reg' through user attribute
INFO: [Synth 8-4490] FSM extraction disabled for register 'gen_pipelined.state_reg' through user attribute
INFO: [Synth 8-4490] FSM extraction disabled for register 'gen_pipelined.state_reg' through user attribute
INFO: [Synth 8-4490] FSM extraction disabled for register 'gen_pipelined.state_reg' through user attribute
INFO: [Synth 8-4490] FSM extraction disabled for register 'gen_pipelined.state_reg' through user attribute
---------------------------------------------------------------------------------------------------
                   State |                     New Encoding |                Previous Encoding 
---------------------------------------------------------------------------------------------------
            P_WRITE_IDLE |                              001 |                               00
            P_WRITE_DATA |                              010 |                               01
            P_WRITE_RESP |                              100 |                               10
---------------------------------------------------------------------------------------------------
INFO: [Synth 8-3354] encoded FSM with state register 'gen_axi.gen_write.write_cs_reg' using encoding 'one-hot' in module 'sc_mmu_v1_0_13_decerr_slave'
---------------------------------------------------------------------------------------------------
                   State |                     New Encoding |                Previous Encoding 
---------------------------------------------------------------------------------------------------
                  W_IDLE |                              000 | 00000000000000000000000000000000
                    W_RX |                              001 | 00000000000000000000000000000001
                    W_TX |                              010 | 00000000000000000000000000000010
              W_COMPLETE |                              011 | 00000000000000000000000000000100
               W_RECOVER |                              100 | 00000000000000000000000000000011
---------------------------------------------------------------------------------------------------
INFO: [Synth 8-3354] encoded FSM with state register 'w_state_reg' using encoding 'sequential' in module 'sc_si_converter_v1_0_13_axilite_conv'
---------------------------------------------------------------------------------------------------
                   State |                     New Encoding |                Previous Encoding 
---------------------------------------------------------------------------------------------------
                  R_IDLE |                               00 | 00000000000000000000000000000000
               R_PENDING |                               01 | 00000000000000000000000000000001
                    R_RX |                               10 | 00000000000000000000000000000010
                    R_TX |                               11 | 00000000000000000000000000000011
---------------------------------------------------------------------------------------------------
INFO: [Synth 8-3354] encoded FSM with state register 'r_state_reg' using encoding 'sequential' in module 'sc_si_converter_v1_0_13_axilite_conv'
---------------------------------------------------------------------------------------------------
                   State |                     New Encoding |                Previous Encoding 
---------------------------------------------------------------------------------------------------
            P_WRITE_IDLE |                              001 |                               00
            P_WRITE_DATA |                              010 |                               01
            P_WRITE_RESP |                              100 |                               10
---------------------------------------------------------------------------------------------------
INFO: [Synth 8-3354] encoded FSM with state register 'gen_axi.gen_write.write_cs_reg' using encoding 'one-hot' in module 'sc_mmu_v1_0_13_decerr_slave__parameterized0'
INFO: [Synth 8-6904] The RAM "line_loader:/hreg_reg" of size (depth=32 x width=128) is automatically implemented using LUTRAM. BRAM implementation would be inefficient 
---------------------------------------------------------------------------------
Finished RTL Optimization Phase 2 : Time (s): cpu = 00:00:50 ; elapsed = 00:00:53 . Memory (MB): peak = 3502.449 ; gain = 1421.543
---------------------------------------------------------------------------------
---------------------------------------------------------------------------------
Start RTL Component Statistics 
---------------------------------------------------------------------------------
Detailed RTL Component Info : 
+---Adders : 
	   2 Input   34 Bit       Adders := 32    
	   2 Input   32 Bit       Adders := 16    
	   3 Input   32 Bit       Adders := 1     
	   3 Input   24 Bit       Adders := 2     
	   2 Input   22 Bit       Adders := 1     
	   4 Input   20 Bit       Adders := 32    
	   2 Input   18 Bit       Adders := 6     
	   2 Input   16 Bit       Adders := 18    
	   4 Input   16 Bit       Adders := 1     
	   2 Input   12 Bit       Adders := 2     
	   2 Input   10 Bit       Adders := 2     
	   2 Input    9 Bit       Adders := 5     
	   2 Input    8 Bit       Adders := 19    
	   2 Input    7 Bit       Adders := 6     
	   2 Input    6 Bit       Adders := 66    
	   3 Input    6 Bit       Adders := 2     
	   2 Input    5 Bit       Adders := 5     
	   3 Input    5 Bit       Adders := 2     
	   4 Input    5 Bit       Adders := 4     
	   2 Input    4 Bit       Adders := 30    
	   3 Input    4 Bit       Adders := 2     
	   2 Input    3 Bit       Adders := 2     
	   2 Input    2 Bit       Adders := 2     
	   2 Input    1 Bit       Adders := 5     
	   3 Input    1 Bit       Adders := 4     
+---XORs : 
	   2 Input      1 Bit         XORs := 77    
+---Registers : 
	             2178 Bit    Registers := 12    
	              512 Bit    Registers := 2     
	              256 Bit    Registers := 1     
	              224 Bit    Registers := 1     
	              181 Bit    Registers := 2     
	              178 Bit    Registers := 1     
	              166 Bit    Registers := 1     
	              158 Bit    Registers := 2     
	              148 Bit    Registers := 2     
	              128 Bit    Registers := 105   
	               70 Bit    Registers := 2     
	               64 Bit    Registers := 5     
	               47 Bit    Registers := 2     
	               46 Bit    Registers := 32    
	               40 Bit    Registers := 1     
	               33 Bit    Registers := 2     
	               32 Bit    Registers := 59    
	               27 Bit    Registers := 32    
	               24 Bit    Registers := 4     
	               23 Bit    Registers := 1     
	               20 Bit    Registers := 33    
	               18 Bit    Registers := 168   
	               16 Bit    Registers := 31    
	               14 Bit    Registers := 1     
	               13 Bit    Registers := 3     
	               12 Bit    Registers := 3     
	               10 Bit    Registers := 1     
	                9 Bit    Registers := 7     
	                8 Bit    Registers := 50    
	                7 Bit    Registers := 3     
	                6 Bit    Registers := 115   
	                5 Bit    Registers := 16    
	                4 Bit    Registers := 33    
	                3 Bit    Registers := 54    
	                2 Bit    Registers := 21    
	                1 Bit    Registers := 358   
+---RAMs : 
	            1024K Bit	(8192 X 128 bit)          RAMs := 1     
	             128K Bit	(1024 X 128 bit)          RAMs := 1     
	              64K Bit	(512 X 128 bit)          RAMs := 32    
	               4K Bit	(32 X 128 bit)          RAMs := 1     
+---Muxes : 
	   2 Input 2178 Bit        Muxes := 6     
	  11 Input  512 Bit        Muxes := 1     
	   2 Input  512 Bit        Muxes := 1     
	   2 Input  148 Bit        Muxes := 1     
	   2 Input  128 Bit        Muxes := 14    
	   2 Input   47 Bit        Muxes := 1     
	   4 Input   40 Bit        Muxes := 1     
	   2 Input   40 Bit        Muxes := 1     
	   2 Input   33 Bit        Muxes := 1     
	   4 Input   32 Bit        Muxes := 1     
	   2 Input   32 Bit        Muxes := 24    
	   3 Input   32 Bit        Muxes := 1     
	  11 Input   32 Bit        Muxes := 5     
	   2 Input   24 Bit        Muxes := 1     
	   2 Input   23 Bit        Muxes := 1     
	   2 Input   20 Bit        Muxes := 1     
	   2 Input   18 Bit        Muxes := 39    
	   2 Input   17 Bit        Muxes := 1     
	   2 Input   16 Bit        Muxes := 15    
	   4 Input   16 Bit        Muxes := 1     
	   3 Input   16 Bit        Muxes := 1     
	  11 Input   16 Bit        Muxes := 1     
	   2 Input   14 Bit        Muxes := 1     
	   2 Input   12 Bit        Muxes := 7     
	   5 Input   12 Bit        Muxes := 1     
	   5 Input    9 Bit        Muxes := 1     
	   2 Input    9 Bit        Muxes := 7     
	   2 Input    8 Bit        Muxes := 115   
	   4 Input    8 Bit        Muxes := 3     
	  11 Input    8 Bit        Muxes := 1     
	   4 Input    7 Bit        Muxes := 9     
	   2 Input    7 Bit        Muxes := 19    
	   2 Input    6 Bit        Muxes := 8     
	   2 Input    5 Bit        Muxes := 6     
	   2 Input    4 Bit        Muxes := 22    
	   5 Input    4 Bit        Muxes := 1     
	   4 Input    4 Bit        Muxes := 2     
	   2 Input    3 Bit        Muxes := 14    
	   4 Input    3 Bit        Muxes := 13    
	   5 Input    3 Bit        Muxes := 1     
	   2 Input    2 Bit        Muxes := 47    
	   5 Input    2 Bit        Muxes := 1     
	   4 Input    2 Bit        Muxes := 5     
	   3 Input    2 Bit        Muxes := 1     
	  11 Input    2 Bit        Muxes := 2     
	   6 Input    1 Bit        Muxes := 69    
	   4 Input    1 Bit        Muxes := 45    
	   7 Input    1 Bit        Muxes := 12    
	   3 Input    1 Bit        Muxes := 22    
	   2 Input    1 Bit        Muxes := 367   
	   5 Input    1 Bit        Muxes := 16    
	  12 Input    1 Bit        Muxes := 10    
	  11 Input    1 Bit        Muxes := 15    
---------------------------------------------------------------------------------
Finished RTL Component Statistics 
---------------------------------------------------------------------------------
---------------------------------------------------------------------------------
Start Part Resource Summary
---------------------------------------------------------------------------------
Part Resources:
DSPs: 1728 (col length:144)
BRAMs: 624 (col length: RAMB18 144 RAMB36 72)
---------------------------------------------------------------------------------
Finished Part Resource Summary
---------------------------------------------------------------------------------
---------------------------------------------------------------------------------
Start Cross Boundary and Area Optimization
---------------------------------------------------------------------------------
DSP Report: Generating DSP g_lane[4].r3_reg, operation Mode is: (C+(A*B2)')'.
DSP Report: register g_lane[4].r3_reg is absorbed into DSP g_lane[4].r3_reg.
DSP Report: register g_lane[4].r3_reg is absorbed into DSP g_lane[4].r3_reg.
DSP Report: register g_lane[4].p2_reg is absorbed into DSP g_lane[4].r3_reg.
DSP Report: operator g_lane[4].r30 is absorbed into DSP g_lane[4].r3_reg.
DSP Report: operator g_lane[4].p20 is absorbed into DSP g_lane[4].r3_reg.
DSP Report: Generating DSP g_lane[14].r3_reg, operation Mode is: (C+(A*B2)')'.
DSP Report: register g_lane[14].r3_reg is absorbed into DSP g_lane[14].r3_reg.
DSP Report: register g_lane[14].r3_reg is absorbed into DSP g_lane[14].r3_reg.
DSP Report: register g_lane[14].p2_reg is absorbed into DSP g_lane[14].r3_reg.
DSP Report: operator g_lane[14].r30 is absorbed into DSP g_lane[14].r3_reg.
DSP Report: operator g_lane[14].p20 is absorbed into DSP g_lane[14].r3_reg.
DSP Report: Generating DSP g_lane[15].r3_reg, operation Mode is: (C+(A*B2)')'.
DSP Report: register g_lane[15].r3_reg is absorbed into DSP g_lane[15].r3_reg.
DSP Report: register g_lane[15].r3_reg is absorbed into DSP g_lane[15].r3_reg.
DSP Report: register g_lane[15].p2_reg is absorbed into DSP g_lane[15].r3_reg.
DSP Report: operator g_lane[15].r30 is absorbed into DSP g_lane[15].r3_reg.
DSP Report: operator g_lane[15].p20 is absorbed into DSP g_lane[15].r3_reg.
DSP Report: Generating DSP g_lane[16].r3_reg, operation Mode is: (C+(A*B2)')'.
DSP Report: register g_lane[16].r3_reg is absorbed into DSP g_lane[16].r3_reg.
DSP Report: register g_lane[16].r3_reg is absorbed into DSP g_lane[16].r3_reg.
DSP Report: register g_lane[16].p2_reg is absorbed into DSP g_lane[16].r3_reg.
DSP Report: operator g_lane[16].r30 is absorbed into DSP g_lane[16].r3_reg.
DSP Report: operator g_lane[16].p20 is absorbed into DSP g_lane[16].r3_reg.
DSP Report: Generating DSP g_lane[17].r3_reg, operation Mode is: (C+(A*B2)')'.
DSP Report: register g_lane[17].r3_reg is absorbed into DSP g_lane[17].r3_reg.
DSP Report: register g_lane[17].r3_reg is absorbed into DSP g_lane[17].r3_reg.
DSP Report: register g_lane[17].p2_reg is absorbed into DSP g_lane[17].r3_reg.
DSP Report: operator g_lane[17].r30 is absorbed into DSP g_lane[17].r3_reg.
DSP Report: operator g_lane[17].p20 is absorbed into DSP g_lane[17].r3_reg.
WARNING: [Synth 8-3332] Sequential element (EXT_LPF/ACTIVE_LOW_EXT.ACT_LO_EXT/GENERATE_LEVEL_P_S_CDC.SINGLE_BIT.CROSS_PLEVEL_IN2SCNDRY_s_level_out_d5) is unused and will be removed from module proc_sys_reset.
WARNING: [Synth 8-3332] Sequential element (EXT_LPF/ACTIVE_LOW_EXT.ACT_LO_EXT/GENERATE_LEVEL_P_S_CDC.SINGLE_BIT.CROSS_PLEVEL_IN2SCNDRY_s_level_out_d6) is unused and will be removed from module proc_sys_reset.
WARNING: [Synth 8-3332] Sequential element (EXT_LPF/ACTIVE_LOW_AUX.ACT_LO_AUX/GENERATE_LEVEL_P_S_CDC.SINGLE_BIT.CROSS_PLEVEL_IN2SCNDRY_IN_cdc_to) is unused and will be removed from module proc_sys_reset.
WARNING: [Synth 8-3332] Sequential element (EXT_LPF/ACTIVE_LOW_AUX.ACT_LO_AUX/GENERATE_LEVEL_P_S_CDC.SINGLE_BIT.CROSS_PLEVEL_IN2SCNDRY_s_level_out_d2) is unused and will be removed from module proc_sys_reset.
WARNING: [Synth 8-3332] Sequential element (EXT_LPF/ACTIVE_LOW_AUX.ACT_LO_AUX/GENERATE_LEVEL_P_S_CDC.SINGLE_BIT.CROSS_PLEVEL_IN2SCNDRY_s_level_out_d3) is unused and will be removed from module proc_sys_reset.
WARNING: [Synth 8-3332] Sequential element (EXT_LPF/ACTIVE_LOW_AUX.ACT_LO_AUX/GENERATE_LEVEL_P_S_CDC.SINGLE_BIT.CROSS_PLEVEL_IN2SCNDRY_s_level_out_d4) is unused and will be removed from module proc_sys_reset.
WARNING: [Synth 8-3332] Sequential element (EXT_LPF/ACTIVE_LOW_AUX.ACT_LO_AUX/GENERATE_LEVEL_P_S_CDC.SINGLE_BIT.CROSS_PLEVEL_IN2SCNDRY_s_level_out_d5) is unused and will be removed from module proc_sys_reset.
WARNING: [Synth 8-3332] Sequential element (EXT_LPF/ACTIVE_LOW_AUX.ACT_LO_AUX/GENERATE_LEVEL_P_S_CDC.SINGLE_BIT.CROSS_PLEVEL_IN2SCNDRY_s_level_out_d6) is unused and will be removed from module proc_sys_reset.
WARNING: [Synth 8-3332] Sequential element (FDRE_inst) is unused and will be removed from module proc_sys_reset.
WARNING: [Synth 8-3332] Sequential element (BSR_OUT_DFF[0].FDRE_BSR) is unused and will be removed from module proc_sys_reset.
WARNING: [Synth 8-3332] Sequential element (PR_OUT_DFF[0].FDRE_PER) is unused and will be removed from module proc_sys_reset.
