36
49
61
64
71
74
77
86
94
109
110
113
127
136
142
149
151
164
165
192
201
241
247
257
260
283
294
307
308
315
322
326
328
332
338
357
359
360
368
370
382
384
387
389
395
397
415
419
428
431
436
443
446
450
459
471
474
486
488
510
520
529
531
532
536
540
542
544
562
564
569
572
589
605
623
625
634
641
643
650
656
659
673
675
684
690
692
693
711
714
715
716
722
723
730
731
735
754
761
762
764
775
781
790
795
810
821
828
831
836
839
882
897
901
909
913
923
925
927
934
939
941
943
960
962
965
969
974
984
985
987
999
1006
1011
1014
1053
1089
1098
1102
1107
1108
1138
1144
1145
1146
1149
1153
1155
1164
1171
1176
1180
1183
1200
1204
1216
1232
1237
1244
1264
1270
1271
1290
1292
1295
1298
1306
1307
1308
1311
1315
1319
1330
1332
1342
1347
1350
1355
1359
1360
1366
1369
1374
1375
1381
1386
1390
1397
1398
1401
1403
1404
1407
1408
1424
1431
1436
1451
1453
1455
1464
1488
1507
1518
1522
1523
1526
1527
1536
1548
1554
1558
1563
1569
1573
1577
1579
1580
1586
1591
1592
1596
1599
1625
1626
1637
1639
1655
1667
1668
1670
1688
1697
1700
1706
1709
1720
1722
1732
1756
1757
1762
1764
1771
1774
1785
1790
1799
1804
1810
1811
1815
1822
1837
1841
1856
1864
1875
1888
1895
1900
1906
1911
1915
1924
1926
1941
1942
1943
1947
1948
1955
1958
1960
1966
1987
1994
2001
2007
2014
2055
2056
2072
2083
2089
2106
2114
2124
2135
2139
2142
2154
2171
2179
2184
2191
2209
2211
2217
2225
2229
2235
2239
2244
2258
2270
2278
2281
2283
2284
2296
2302
2309
2337
2347
2349
2369
2372
2377
2389
2400
2402
2415
2429
2434
2444
2445
2446
2448
2459
2466
2470
2471
2477
2498
2525
2529
2536
2543
2555
2559
2560
2562
2563
2567
2570
2575
2583
2585
2602
2608
2613
2614
2639
2640
2644
2658
2664
2672
2686
2687
2691
2693
2697
2703
2732
2742
2752
2754
2755
2758
2764
2774
2776
2782
2822
2823
2833
2839
2842
2843
2860
2867
2881
2886
2890
2892
2896
2907
2951
2963
2964
2983
2985
2988
2989
2992
2998
3000
3001
3008
3035
3048
3076
3077
3091
3103
3109
3118
3124
3125
3134
3145
3148
3157
3160
3192
3197
3209
3219
3220
3225
3236
3242
3244
3259
3272
3276
3286
3293
3310
3320
3325
3326
3337
3348
3353
3361
3365
3366
3375
3378
3382
3412
3425
3432
3442
3457
3461
3464
3466
3478
3483
3488
3493
3514
3521
3528
3532
3535
3538
3579
3580
3590
3595
3602
3628
3637
3668
3671
3685
3693
3694
3703
3711
3713
3716
3735
3751
3761
3770
3779
3786
3789
3793
3804
3817
3823
3827
3830
3837
3849
3860
3862
3865
3866
3870
3877
3897
3899
3911
3915
3917
3920
3935
3938
3939
3964
3967
3983
3988
3995
4011
4020
4021
4042
4051
4057
4065
4066
4068
4069
4080
4092
4108
4125
4129
4130
4131
4138
4139
4140
4157
4159
4172
4173
4175
4180
4187
4201
4211
4212
4219
4227
4239
4243
4244
4246
4256
4259
4265
4266
4275
4282
4286
4289
4296
4309
4312
4331
4355
4359
4360
4375
4376
4377
4385
4386
4404
4410
4421
4424
4426
4428
4438
4441
4442
4444
4462
4463
4471
4478
4488
4489
4490
4498
4502
4508
4509
4527
4535
4549
4551
4554
4555
4567
4574
4575
4576
4578
4587
4592
4595
4608
4616
4620
4622
4642
4662
4665
4673
4678
4684
4688
4694
4700
4702
4704
4711
4714
4716
4719
4731
4736
4739
4741
4742
4761
4762
4764
4772
4796
4823
4830
4834
4840
4843
4844
4859
4876
4891
4893
4903
4904
4916
4947
4968
4970
4972
4975
4979
4980
4981
4984
4988
4993
5016
5018
5021
5028
5032
5033
5038
5064
5073
5083
5085
5086
5094
5105
5107
5111
5113
5115
5123
5124
5131
5139
5140
5142
5152
5156
5165
5169
5172
5178
5198
5205
5210
5215
5219
5225
5237
5245
5247
5256
5260
5277
5278
5282
5288
5294
5303
5312
5313
5324
5325
5335
5336
5339
5345
5352
5355
5356
5359
5360
5368
5373
5376
5377
5383
5385
5388
5394
5424
5425
5430
5443
5459
5471
5472
5476
5482
5483
5486
5502
5505
5508
5513
5522
5535
5559
5569
5587
5589
5599
5601
5608
5614
5617
5619
5620
5632
5638
5641
5643
5644
5649
5652
5670
5673
5683
5684
5688
5689
5699
5701
5703
5713
5715
5728
5736
5740
5755
5756
5769
5802
5804
5811
5816
5823
5828
5830
5832
5860
5862
5879
5882
5883
5906
5907
5915
5916
5917
5933
5946
5961
5962
5965
5967
6004
6005
6010
6019
6026
6028
6031
6033
6041
6042
6051
6053
6057
6074
6075
6101
6107
6140
6148
6151
6155
6180
6189
6190
6200
6216
6220
6225
6233
6247
6253
6262
6268
6270
6287
6293
6295
6318
6327
6332
6334
6338
6339
6355
6357
6358
6364
6379
6380
6393
6397
6406
6407
6409
6414
6417
6421
6424
6432
6447
6465
6484
6489
6491
6517
6520
6522
6531
6539
6541
6562
6572
6578
6579
6580
6590
6593
6595
6602
6603
6608
6627
6632
6640
6658
6662
6664
6672
6675
6692
6701
6709
6710
6712
6715
6719
6720
6725
6744
6747
6748
6749
6760
6764
6777
6780
6783
6789
6790
6810
6811
6824
6842
6846
6847
6860
6862
6864
6870
6873
6896
6901
6906
6920
6921
6935
6936
6941
6943
6945
6957
6964
6973
6981
6996
6998
7023
7035
7049
7050
7069
7072
7090
7096
7103
7104
7115
7116
7123
7124
7125
7129
7145
7149
7150
7155
7159
7167
7178
7179
7201
7207
7214
7220
7221
7228
7232
7241
7253
7256
7260
7274
7275
7276
7277
7297
7298
7304
7307
7318
7319
7320
7325
7333
7355
7357
7394
7414
7420
7424
7444
7452
7476
7500
7503
7517
7519
7524
7535
7539
7556
7559
7570
7583
7584
7593
7594
7596
7603
7615
7616
7621
7623
7627
7629
7642
7643
7650
7653
7673
7682
7685
7689
7690
7710
7713
7726
7727
7733
7735
7740
7746
7757
7758
7762
7781
7782
7787
7789
7794
7809
7819
7830
7838
7839
7853
7873
7890
7894
7899
7913
7921
7932
7938
7944
7946
7952
7953
7961
7988
7989
7996
8005
8010
8014
8019
8024
8025
8042
8043
8045
8053
8055
8058
8063
8064
8065
8066
8074
8080
8086
8095
8106
8114
8119
8170
8176
8179
8181
8186
8187
8188
8190
8191
8204
8223
8238
8284
8285
8292
8294
8297
8305
8309
8314
8321
8329
8333
8339
8341
8356
8369
8373
8383
8396
8414
8422
8429
8431
8432
8436
8443
8445
8458
8468
8483
8493
8494
8495
8498
8504
8519
8520
8536
8553
8559
8562
8564
8571
8581
8583
8587
8589
8592
8593
8594
8599
8630
8639
8644
8646
8647
8649
8653
8657
8659
8665
8676
8677
8708
8711
8718
8721
8725
8746
8747
8749
8771
8772
8775
8781
8785
8786
8787
8794
8803
8807
8809
8813
8816
8821
8829
8832
8834
8836
8841
8846
8848
8853
8856
8872
8876
8896
8909
8922
8923
8933
8934
8944
8965
8968
8979
8981
8991
8999
9002
9003
9007
9012
9016
9018
9024
9025
9029
9045
9057
9069
9095
9105
9112
9113
9119
9133
9138
9148
9156
9171
9172
9174
9175
9190
9202
9203
9218
9226
9236
9253
9262
9270
9274
9275
9286
9296
9317
9322
9353
9372
9379
9395
9408
9409
9420
9429
9446
9450
9451
9460
9462
9465
9469
9479
9488
9511
9514
9517
9527
9539
9542
9556
9557
9572
9599
9608
9615
9620
9628
9647
9648
9651
9656
9658
9669
9679
9696
9698
9707
9708
9712
9727
9729
9738
9744
9745
9760
9767
9771
9774
9789
9797
9800
9801
9807
9813
9820
9830
9833
9836
9843
9845
9846
9859
9872
9878
9885
9895
9904
9910
9919
9927
9929
9935
9941
9946
9951
9960
9968
9983
9987
9990
9993
9999
10005
10012
10014
10015
10023
10024
10040
10041
10046
10056
10069
10082
10094
10097
10104
10114
10123
10130
10138
10142
10145
10149
10161
10175
10176
10179
10192
10205
10216
10229
10230
10232
10239
10243
10244
10245
10249
10265
10275
10281
10290
10309
10313
10318
10319
10321
10324
10337
10342
10358
10386
10388
10393
10403
10428
10434
10442
10445
10463
10472
10484
10496
10498
10526
10534
10540
10545
10560
10579
10581
10591
10600
10613
10614
10615
10621
10624
10639
10643
10644
10646
10655
10678
10683
10684
10689
10693
10698
10701
10705
10710
10711
10714
10716
10719
10727
10728
10732
10743
10759
10766
10779
10784
10785
10787
10793
10799
10800
10817
10818
10825
10831
10837
10844
10851
10870
10871
10877
10881
10890
10903
10907
10909
10920
10925
10929
10936
10948
10966
10969
10986
10991
11004
11015
11025
11029
11034
11041
11065
11075
11077
11091
11099
11100
11107
11115
11129
11138
11146
11156
11158
11159
11168
11172
11181
11182
11195
11198
11209
11222
11223
11227
11229
11231
11233
11238
11241
11244
11256
11258
11262
11264
11265
11271
11272
11276
11282
11288
11291
11292
11294
11300
11304
11305
11313
11316
11320
11326
11328
11332
11340
11349
11358
11398
11401
11402
11403
11411
11420
11426
11449
11461
11485
11487
11494
11497
11504
11505
11538
11544
11567
11569
11570
11576
11579
11591
11613
11619
11624
11625
11630
11631
11638
11655
11658
11661
11673
11677
11680
11690
11694
11696
11697
11701
11702
11703
11713
11720
11737
11742
11754
11774
11775
11788
11791
11794
11796
11801
11802
11805
11826
11831
11838
11842
11849
11856
11877
11887
11931
11953
11968
11987
11990
11996
12014
12020
12034
12044
12047
12069
12079
12081
12085
12093
12096
12103
12107
12108
12109
12115
12131
12145
12146
12147
12153
12155
12156
12158
12169
12182
12192
12209
12224
12228
12230
12233
12236
12238
12240
12251
12268
12269
12283
12284
12302
12313
12333
12343
12345
12349
12370
12372
12379
12398
12408
12413
12418
12422
12424
12428
12429
12434
12440
12443
12448
12455
12459
12460
12471
12472
12490
12497
12501
12509
12522
12524
12529
12543
12544
12547
12552
12556
12567
12570
12574
12612
12614
12650
12661
12664
12666
12669
12678
12681
12698
12700
12701
12704
12706
12711
12726
12731
12733
12735
12741
12744
12754
12757
12766
12784
12790
12795
12797
12803
12805
12809
12810
12817
12818
12822
12825
12827
12833
12838
12839
12861
12864
12873
12876
12881
12884
12887
12891
12892
12896
12897
12916
12927
12930
12933
12938
12943
12946
12947
12979
12991
12993
13000
13020
13031
13045
13081
13082
13092
13106
13124
13127
13129
13132
13140
13143
13144
13148
13160
13168
13169
13172
13175
13176
13182
13195
13198
13202
13215
13220
13230
13232
13249
13252
13258
13267
13273
13274
13278
13279
13283
13285
13290
13292
13296
13302
13318
13325
13332
13355
13357
13362
13364
13372
13379
13383
13397
13414
13415
13417
13420
13455
13465
13473
13489
13506
13525
13528
13540
13550
13565
13576
13595
13603
13605
13637
13639
13662
13670
13675
13678
13715
13717
13719
13720
13721
13728
13763
13783
13797
13800
13802
13815
13844
13856
13867
13868
13874
13879
13892
13904
13908
13909
13912
13916
13920
13921
13922
13943
13944
13949
13959
13965
13967
13969
13979
13983
13985
13992
13995
14004
14027
14029
14034
14036
14041
14044
14049
14056
14070
14083
14088
14089
14090
14103
14108
14113
14125
14128
14135
14138
14151
14152
14159
14160
14167
14175
14180
14203
14209
14219
14230
14238
14244
14248
14252
14253
14257
14261
14265
14269
14278
14281
14283
14285
14290
14297
14306
14307
14312
14320
14321
14335
14337
14352
14353
14357
14359
14367
14375
14385
14388
14392
14402
14428
14432
14450
14453
14458
14468
14470
14472
14477
14484
14487
14488
14493
14494
14502
14533
14536
14537
14543
14546
14547
14549
14562
14575
14591
14592
14600
14611
14628
14629
14630
14635
14644
14653
14662
14676
14677
14683
14691
14698
14709
14713
14723
14726
14730
14733
14736
14740
14748
14750
14756
14757
14764
14768
14769
14773
14791
14795
14798
14801
14804
14807
14812
14818
14821
14824
14835
14844
14849
14857
14864
14870
14873
14874
14876
14883
14886
14892
14925
14928
14938
14941
14954
14960
14961
14966
14969
14970
14975
14985
14986
14990
15002
15011
15017
15029
15032
15050
15055
15062
15067
15069
15071
15074
15089
15097
15107
15109
15110
15117
15122
15140
15148
15151
15153
15156
15157
15165
15175
15180
15183
15190
15193
15195
15197
15198
15219
15220
15239
15257
15262
15266
15268
15269
15273
15276
15286
15289
15297
15302
15303
15307
15345
15346
15354
15355
15356
15366
15374
15379
15382
15391
15392
15394
15399
15409
15427
15451
15469
15472
15485
15486
15496
15524
15544
15546
15552
15554
15559
15564
15567
15576
15581
15582
15586
15588
15596
15600
15610
15617
15619
15621
15644
15645
15652
15653
15658
15663
15667
15678
15684
15687
15725
15726
15733
15735
15738
15744
15757
15764
15778
15792
15794
15797
15810
15816
15818
15826
15827
15839
15843
15846
15851
15859
15881
15883
15885
15897
15902
15906
15908
15915
15918
15919
15944
15947
15952
15954
15957
15968
15976
15986
15994
16005
16015
16027
16030
16032
16037
16038
16039
16056
16060
16063
16064
16069
16071
16072
16076
16080
16084
16089
16098
16099
16101
16109
16112
16113
16114
16123
16125
16142
16166
16169
16173
16180
16188
16195
16210
16216
16237
16238
16240
16243
16246
16251
16253
16254
16255
16257
16273
16283
16285
16290
16297
16308
16314
16317
16318
16322
16327
16344
16346
16355
16356
16359
16360
16364
16382
16383
16403
16412
16418
16424
16448
16458
16465
16468
16470
16483
16486
16491
16496
16497
16509
16513
16521
16523
16525
16526
16531
16546
16547
16556
16567
16574
16578
16590
16593
16599
16605
16616
16629
16631
16659
16660
16665
16669
16670
16672
16693
16706
16715
16725
16732
16733
16737
16744
16757
16758
16773
16775
16784
16796
16805
16814
16817
16823
16827
16831
16837
16838
16875
16879
16896
16897
16902
16905
16931
16935
16957
16959
16961
16963
16964
16977
16980
17003
17018
17047
17057
17068
17073
17095
17096
17106
17108
17137
17153
17167
17170
17174
17181
17183
17192
17205
17206
17210
17236
17244
17267
17272
17273
17282
17301
17305
17308
17311
17312
17313
17325
17350
17355
17356
17364
17365
17376
17392
17399
17401
17409
17413
17420
17425
17432
17449
17450
17451
17460
17468
17472
17474
17476
17481
17482
17484
17487
17489
17520
17526
17534
17553
17559
17566
17570
17573
17578
17580
17582
17583
17585
17586
17587
17590
17591
17644
17655
17667
17675
17683
17696
17697
17703
17707
17708
17712
17717
17741
17751
17755
17766
17776
17791
17799
17817
17839
17858
17859
17866
17867
17869
17877
17882
17883
17909
17914
17923
17927
17935
17938
17944
17945
17953
17954
17962
17967
17972
17975
17985
18000
18006
18020
18029
18041
18048
18058
18059
18073
18075
18090
18093
18099
18111
18127
18136
18149
18157
18158
18171
18179
18194
18201
18214
18217
18224
18233
18241
18244
18250
18252
18256
18265
18270
18290
18299
18309
18316
18317
18327
18333
18336
18358
18359
18366
18367
18370
18373
18375
18377
18389
18396
18401
18402
18412
18418
18424
18426
18432
18442
18444
18450
18457
18460
18461
18462
18464
18466
18473
18475
18480
18482
18501
18505
18507
18513
18523
18525
18529
18530
18535
18542
18554
18555
18557
18559
18563
18564
18571
18584
18605
18614
18627
18641
18654
18656
18658
18661
18666
18683
18687
18688
18691
18699
18704
18728
18743
18766
18775
18780
18783
18794
18801
18802
18809
18811
18816
18819
18824
18839
18841
18866
18882
18885
18896
18903
18908
18916
18928
18930
18934
18935
18938
18942
18956
18957
18973
18975
18982
18994
19002
19013
19022
19023
19025
19032
19036
19047
19074
19079
19090
19093
19096
19123
19129
19131
19132
19134
19142
19146
19157
19176
19182
19185
19193
19194
19198
19202
19236
19240
19247
19250
19251
19275
19292
19304
19313
19318
19320
19322
19324
19329
19358
19374
19375
19380
19385
19387
19391
19394
19397
19399
19413
19428
19431
19441
19444
19446
19448
19450
19451
19456
19463
19471
19472
19484
19487
19489
19491
19496
19499
19501
19523
19528
19532
19534
19542
19544
19546
19552
19559
19579
19589
19592
19594
19608
19609
19622
19624
19631
19635
19637
19642
19663
19667
19671
19681
19694
19695
19698
19707
19712
19714
19716
19723
19725
19737
19754
19756
19759
19763
19766
19767
19769
19781
19783
19789
19793
19794
19797
19818
19828
19838
19845
19871
19874
19881
19888
19904
19905
19906
19916
19918
19923
19926
19932
19938
19949
19955
19957
19962
19964
19967
19980
19994
20001
20004
20012
20030
20038
20039
20044
20046
20063
20069
20070
20087
20090
20106
20111
20119
20136
20146
20156
20157
20161
20168
20172
20175
20177
20178
20179
20182
20184
20188
20202
20245
20251
20253
20254
20255
20268
20273
20276
20279
20289
20291
20305
20307
20308
20311
20315
20334
20342
20355
20367
20376
20381
20389
20391
20398
20410
20414
20417
20421
20434
20444
20450
20456
20459
20460
20464
20481
20487
20489
20491
20509
20515
20517
20524
20528
20540
20542
20549
20556
20561
20570
20575
20576
20579
20583
20588
20598
20599
20601
20611
20613
20619
20629
20632
20640
20641
20644
20646
20651
20671
20698
20702
20707
20711
20720
20727
20742
20748
20760
20768
20769
20770
20774
20777
20779
20781
20784
20788
20794
20809
20818
20839
20849
20853
20888
20903
20904
20908
20917
20925
20929
20935
20962
20965
20966
20971
20979
20983
20987
21001
21003
21020
21029
21036
21049
21051
21060
21070
21075
21079
21083
21126
21143
21147
21151
21152
21164
21169
21175
21181
21183
21190
21194
21197
21198
21202
21204
21212
21213
21215
21217
21222
21223
21232
21235
21240
21248
21253
21269
21276
21280
21281
21284
21285
21286
21292
21310
21320
21327
21329
21330
21343
21345
21361
21364
21365
21378
21383
21394
21396
21400
21404
21417
21419
21423
21435
21447
21451
21452
21459
21462
21469
21470
21498
21500
21504
21528
21531
21534
21544
21551
21553
21563
21564
21571
21587
21592
21595
21613
21622
21632
21639
21641
21645
21647
21650
21662
21674
21676
21685
21686
21698
21711
21717
21740
21746
21747
21750
21751
21764
21776
21779
21780
21782
21786
21796
21811
21826
21830
21846
21868
21872
21883
21889
21895
21900
21905
21919
21924
21926
21942
21963
21968
21971
21979
21983
21989
21991
21993
22004
22008
22012
22014
22026
22032
22041
22044
22048
22051
22056
22059
22071
22072
22080
22085
22086
22102
22103
22104
22116
22118
22123
22129
22135
22145
22149
22150
22154
22167
22176
22180
22193
22194
22195
22198
22199
22208
22213
22215
22222
22226
22228
22229
22236
22240
22256
22265
22271
22275
22281
22291
22298
22304
22341
22355
22360
22367
22374
22403
22411
22415
22423
22427
22429
22440
22446
22447
22451
22462
22474
22482
22484
22487
22492
22498
22500
22501
22526
22529
22530
22536
22545
22575
22593
22612
22621
22624
22626
22628
22636
22646
22650
22651
22652
22656
22658
22671
22675
22680
22683
22689
22690
22691
22696
22708
22719
22726
22740
22741
22757
22777
22793
22796
22799
22801
22802
22806
22811
22816
22819
22837
22850
22854
22857
22863
22870
22871
22882
22890
22924
22929
22940
22949
22951
22953
22954
22962
22964
22974
22979
22987
23000
23004
23015
23019
23024
23025
23047
23050
23051
23054
23066
23072
23084
23089
23094
23096
23098
23100
23102
23108
23117
23121
23127
23134
23137
23140
23141
23158
23163
23176
23200
23201
23203
23218
23219
23245
23247
23250
23253
23255
23258
23270
23274
23275
23280
23287
23294
23298
23311
23315
23355
23357
23361
23387
23392
23395
23405
23406
23413
23415
23420
23424
23429
23446
23447
23448
23450
23451
23479
23480
23487
23489
23511
23538
23539
23546
23548
23551
23569
23570
23579
23584
23585
23587
23591
23594
23603
23631
23639
23656
23660
23671
23673
23676
23687
23695
23702
23703
23709
23718
23723
23731
23735
23737
23741
23743
23746
23754
23760
23779
23786
23793
23802
23807
23811
23812
23821
23874
23875
23879
23893
23895
23906
23914
23917
23919
23927
23935
23949
23951
23957
23967
23982
23984
23986
23988
23991
23996
23998
24002
24023
24026
24030
24032
24038
24040
24042
24061
24072
24073
24076
24081
24086
24091
24097
24100
24103
24104
24105
24106
24107
24112
24125
24132
24133
24149
24150
24154
24157
24159
24169
24175
24195
24197
24204
24215
24223
24234
24239
24242
24247
24253
24257
24259
24260
24285
24289
24296
24299
24305
24307
24310
24343
24352
24368
24371
24372
24375
24380
24385
24386
24391
24396
24401
24402
24403
24411
24414
24428
24436
24446
24454
24457
24489
24498
24507
24515
24516
24518
24520
24522
24536
24551
24553
24554
24563
24571
24585
24591
24600
24601
24608
24609
24621
24625
24629
24636
24657
24664
24672
24674
24689
24693
24706
24712
24714
24716
24721
24723
24725
24728
24730
24734
24737
24755
24763
24769
24776
24778
24779
24782
24788
24792
24794
24808
24813
24815
24823
24828
24842
24849
24859
24861
24869
24880
24882
24912
24915
24923
24931
24932
24935
24939
24958
24971
24972
24980
24991
25003
25005
25009
25024
25034
25041
25058
25069
25100
25102
25103
25105
25110
25115
25134
25138
25142
25143
25144
25147
25148
25158
25162
25165
25167
25174
25192
25193
25232
25234
25237
25244
25245
25273
25274
25282
25283
25290
25293
25322
25325
25343
25352
25353
25358
25374
25376
25385
25412
25423
25425
25433
25452
25453
25455
25461
25467
25481
25506
25508
25515
25517
25521
25525
25528
25529
25533
25539
25548
25549
25550
25551
25552
25566
25576
25595
25609
25621
25628
25643
25644
25654
25665
25668
25673
25675
25685
25697
25710
25717
25722
25729
25746
25755
25758
25759
25765
25777
25784
25797
25799
25801
25803
25804
25807
25812
25833
25846
25847
25853
25855
25860
25864
25870
25872
25896
25902
25903
25907
25917
25972
25984
25987
25990
25994
25996
25997
25998
26017
26024
26025
26026
26027
26028
26029
26031
26041
26049
26051
26052
26053
26068
26072
26078
26097
26105
26108
26118
26131
26132
26133
26147
26152
26164
26166
26176
26185
26190
26201
26208
26209
26221
26226
26233
26241
26260
26263
26274
26286
26292
26294
26297
26302
26304
26310
26319
26320
26321
26348
26356
26359
26362
26363
26367
26371
26374
26375
26378
26383
26388
26393
26398
26405
26409
26413
26424
26425
26427
26430
26432
26436
26438
26443
26445
26448
26454
26466
26468
26483
26484
26488
26498
26504
26506
26507
26512
26518
26529
26534
26536
26537
26552
26560
26570
26573
26576
26577
26583
26584
26602
26609
26611
26617
26624
26625
26635
26640
26643
26645
26647
26654
26655
26662
26668
26670
26676
26686
26697
26699
26713
26720
26730
26733
26734
26746
26747
26748
26768
26775
26780
26782
26783
26784
26801
26802
26809
26817
26818
26828
26829
26833
26879
26884
26893
26895
26900
26905
26907
26913
26924
26928
26932
26938
26939
26942
26943
26953
26967
26982
26985
26987
26988
26992
26995
27005
27006
27008
27012
27015
27037
27041
27050
27070
27074
27075
27104
27109
27135
27136
27142
27146
27149
27151
27157
27158
27163
27175
27190
27191
27207
27208
27221
27224
27226
27227
27237
27241
27246
27252
27267
27282
27285
27298
27299
27302
27307
27319
27330
27334
27345
27348
27364
27365
27371
27374
27389
27394
27395
27412
27417
27424
27428
27441
27451
27471
27476
27478
27482
27484
27486
27490
27493
27495
27510
27511
27513
27516
27517
27519
27522
27528
27530
27539
27540
27544
27556
27562
27564
27565
27569
27570
27578
27593
27599
27610
27611
27616
27622
27627
27642
27656
27660
27662
27665
27667
27674
27704
27706
27711
27717
27718
27723
27727
27731
27742
27750
27755
27756
27763
27764
27769
27776
27777
27778
27787
27789
27792
27796
27798
27805
27810
27826
27842
27859
27862
27871
27888
27890
27897
27901
27902
27907
27917
27919
27920
27921
27937
27942
27946
27950
27969
27974
27975
27980
27987
27988
27989
27995
28002
28010
28011
28012
28022
28037
28038
28044
28058
28071
28072
28097
28099
28103
28109
28114
28115
28116
28127
28131
28134
28154
28157
28174
28184
28192
28194
28209
28214
28230
28231
28239
28246
28251
28253
28257
28261
28276
28281
28287
28288
28290
28304
28307
28314
28317
28318
28320
28327
28335
28336
28343
28349
28356
28377
28389
28392
28402
28415
28417
28456
28462
28463
28480
28503
28506
28517
28518
28523
28525
28532
28535
28540
28547
28555
28560
28575
28588
28589
28595
28626
28642
28646
28650
28654
28655
28658
28671
28674
28675
28676
28682
28688
28692
28702
28713
28714
28719
28759
28764
28782
28797
28802
28820
28823
28824
28832
28835
28842
28853
28854
28855
28858
28864
28868
28872
28874
28875
28878
28881
28885
28887
28889
28917
28924
28952
28953
28955
28961
28994
28998
29014
29020
29030
29041
29045
29059
29074
29075
29080
29096
29104
29114
29116
29128
29136
29138
29140
29145
29146
29151
29153
29154
29155
29161
29176
29189
29191
29241
29252
29253
29254
29274
29275
29286
29299
29304
29308
29312
29320
29322
29324
29328
29358
29377
29391
29402
29405
29431
29432
29437
29444
29449
29456
29457
29466
29472
29482
29501
29506
29509
29519
29521
29523
29524
29525
29538
29541
29558
29559
29563
29573
29575
29579
29582
29587
29592
29593
29601
29602
29607
29622
29626
29639
29642
29647
29656
29687
29706
29709
29711
29715
29719
29724
29727
29730
29752
29761
29776
29793
29799
29801
29802
29813
29817
29821
29833
29838
29839
29879
29886
29891
29892
29894
29895
29909
29913
29915
29931
29934
29936
29937
29942
29943
29962
29964
30000
30034
30038
30044
30049
30055
30062
30066
30067
30068
30073
30094
30100
30106
30109
30120
30133
30139
30143
30149
30163
30188
30193
30195
30198
30203
30205
30231
30235
30238
30239
30247
30255
30261
30270
30273
30274
30276
30288
30289
30290
30299
30303
30328
30332
30334
30340
30345
30347
30349
30353
30355
30357
30361
30371
30383
30387
30389
30391
30395
30403
30408
30409
30413
30429
30431
30434
30437
30438
30443
30448
30449
30457
30462
30465
30471
30478
30488
30492
30508
30526
30534
30548
30549
30565
30566
30569
30583
30589
30608
30611
30619
30630
30643
30665
30667
30668
30677
30681
30685
30699
30706
30707
30711
30712
30719
30731
30752
30775
30779
30787
30796
30805
30815
30820
30822
30836
30838
30851
30852
30855
30856
30871
30879
30880
30888
30939
30942
30947
30958
30960
30962
30973
30983
30992
30995
31016
31017
31019
31041
31043
31053
31057
31061
31073
31078
31080
31081
31082
31084
31090
31092
31106
31112
31113
31121
31135
31142
31151
31157
31161
31164
31187
31188
31202
31230
31235
31240
31247
31250
31258
31273
31281
31282
31286
31324
31329
31332
31333
31335
31339
31358
31368
31373
31374
31382
31390
31391
31392
31393
31434
31442
31443
31451
31454
31462
31465
31471
31482
31504
31514
31519
31521
31532
31536
31537
31542
31561
31562
31567
31582
31587
31588
31590
31596
31601
31604
31612
31616
31621
31634
31641
31642
31650
31653
31666
31667
31673
31699
31711
31717
31729
31733
31734
31738
31745
31748
31752
31765
31773
31777
31788
31794
31796
31798
31812
31813
31822
31825
31829
31851
31867
31882
31888
31902
31904
31913
31915
31919
31922
31923
31938
31941
31943
31948
31965
31979
31980
31981
31983
31984
31994
32001
32044
32054
32056
32060
32061
32067
32068
32071
32074
32095
32116
32124
32126
32129
32134
32147
32149
32151
32183
32190
32203
32206
32220
32231
32236
32242
32248
32258
32270
32284
32295
32300
32301
32329
32331
32339
32356
32362
32364
32368
32386
32391
32400
32413
32442
32451
32455
32456
32458
32464
32471
32474
32491
32510
32513
32522
32524
32533
32538
32544
32549
32562
32574
32575
32577
32578
32579
32586
32598
32606
32607
32609
32611
32625
32626
32627
32629
32644
32645
32646
32648
32656
32664
32668
32673
32674
32675
32678
32679
32689
32699
32700
32707
32708
32711
32712
32715
32720
32722
32738
32739
32757
32760
32767
32773
32777
32778
32801
32804
32809
32812
32818
32819
32829
32843
32845
32850
32868
32872
32877
32888
32893
32903
32906
32907
32918
32932
32937
32944
32947
32949
32954
32957
32960
32965
32967
32984
32985
32997
33006
33009
33017
33042
33044
33047
33052
33055
33057
33061
33066
33068
33073
33077
33091
33093
33094
33105
33111
33116
33126
33127
33130
33156
33158
33167
33172
33175
33186
33204
33208
33213
33215
33216
33240
33251
33262
33270
33272
33295
33297
33300
33303
33305
33315
33325
33329
33341
33345
33352
33358
33377
33405
33408
33416
33429
33431
33435
33441
33444
33445
33471
33476
33481
33488
33494
33500
33505
33529
33536
33555
33571
33572
33576
33581
33593
33596
33601
33612
33625
33626
33631
33633
33634
33642
33643
33645
33647
33650
33667
33669
33672
33683
33687
33695
33698
33702
33717
33718
33721
33731
33732
33733
33742
33743
33749
33751
33752
33756
33761
33764
33773
33786
33793
33798
33802
33808
33815
33820
33828
33830
33835
33838
33840
33841
33842
33845
33861
33866
33869
33871
33874
33882
33883
33888
33896
33897
33900
33901
33904
33924
33930
33943
33958
33974
33979
33990
33991
34015
34019
34020
34038
34039
34056
34061
34074
34097
34100
34104
34113
34114
34115
34120
34128
34137
34138
34151
34167
34180
34207
34212
34214
34221
34222
34223
34234
34235
34246
34267
34277
34279
34283
34285
34299
34304
34333
34340
34354
34356
34372
34377
34378
34381
34397
34404
34409
34412
34415
34423
34428
34430
34431
34437
34438
34439
34445
34454
34464
34469
34471
34474
34475
34478
34480
34482
34487
34489
34491
34500
34508
34522
34535
34539
34551
34557
34570
34574
34580
34597
34611
34616
34617
34624
34632
34645
34657
34674
34680
34682
34691
34702
34708
34752
34754
34757
34773
34779
34785
34786
34795
34798
34800
34808
34810
34811
34815
34816
34818
34820
34824
34825
34827
34828
34831
34835
34837
34842
34855
34861
34865
34866
34874
34877
34880
34882
34884
34900
34915
34922
34930
34950
34971
34993
35002
35004
35008
35030
35031
35037
35045
35049
35052
35069
35076
35093
35094
35102
35105
35110
35126
35127
35128
35132
35145
35148
35150
35160
35176
35206
35211
35216
35222
35228
35230
35240
35241
35245
35246
35248
35256
35265
35269
35272
35282
35313
35316
35322
35328
35343
35351
35352
35358
35361
35367
35368
35374
35382
35395
35397
35401
35407
35411
35423
35424
35429
35434
35435
35436
35446
35456
35473
35482
35497
35504
35525
35532
35535
35547
35552
35558
35567
35580
35589
35599
35628
35642
35643
35663
35664
35670
35671
35672
35696
35705
35707
35711
35715
35725
35738
35741
35768
35769
35771
35795
35807
35814
35817
35818
35820
35825
35826
35827
35843
35844
35864
35880
35884
35891
35897
35935
35945
35948
35964
35966
35971
35972
35974
35975
35979
35985
35995
36006
36017
36022
36023
36028
36029
36032
36034
36041
36046
36048
36049
36051
36053
36057
36077
36082
36086
36091
36098
36101
36113
36123
36149
36151
36157
36196
36197
36204
36218
36221
36222
36226
36228
36230
36237
36252
36262
36267
36273
36278
36281
36282
36289
36303
36311
36318
36322
36326
36333
36341
36349
36351
36361
36373
36388
36413
36417
36420
36421
36433
36439
36447
36448
36450
36451
36459
36460
36469
36473
36482
36487
36488
36492
36498
36500
36503
36522
36523
36528
36542
36544
36547
36548
36557
36561
36563
36567
36569
36574
36589
36598
36606
36607
36614
36618
36622
36639
36652
36653
36658
36663
36725
36728
36729
36732
36736
36741
36748
36750
36758
36761
36765
36768
36773
36783
36797
36805
36810
36811
36816
36827
36828
36841
36850
36854
36880
36881
36903
36904
36907
36908
36911
36915
36919
36939
36942
36948
36950
36951
36953
36957
36961
36962
36966
36968
36981
36990
37001
37003
37009
37012
37015
37017
37024
37030
37032
37035
37038
37039
37041
37044
37059
37062
37063
37074
37076
37089
37102
37113
37124
37126
37140
37149
37158
37160
37165
37169
37174
37175
37177
37181
37183
37186
37193
37198
37205
37209
37222
37244
37246
37282
37286
37291
37322
37323
37325
37326
37327
37343
37354
37367
37394
37396
37401
37403
37413
37429
37433
37456
37468
37477
37478
37479
37492
37502
37513
37514
37519
37527
37539
37552
37563
37579
37595
37615
37616
37624
37646
37655
37660
37666
37671
37675
37677
37678
37682
37688
37695
37697
37698
37702
37707
37708
37709
37719
37727
37728
37729
37734
37757
37771
37779
37782
37783
37789
37800
37826
37830
37843
37846
37847
37852
37857
37862
37863
37864
37865
37875
37882
37905
37913
37925
37931
37932
37944
37945
37953
37954
37955
37956
37968
37973
37979
37986
38017
38022
38027
38029
38031
38034
38041
38049
38073
38097
38116
38117
38122
38123
38155
38178
38179
38180
38186
38226
38232
38241
38252
38259
38266
38274
38276
38277
38286
38296
38301
38305
38317
38323
38326
38336
38350
38353
38357
38370
38372
38375
38380
38402
38411
38417
38426
38431
38432
38439
38447
38449
38465
38474
38477
38490
38513
38525
38531
38532
38539
38540
38543
38548
38558
38572
38574
38582
38584
38586
38589
38601
38606
38616
38622
38645
38663
38666
38670
38681
38682
38686
38693
38701
38709
38710
38714
38718
38721
38722
38726
38730
38733
38745
38747
38748
38751
38752
38753
38756
38769
38786
38798
38808
38817
38828
38838
38840
38845
38850
38858
38862
38865
38886
38888
38892
38895
38899
38904
38905
38910
38919
38922
38923
38933
38934
38955
38963
38965
38986
38999
39004
39009
39010
39014
39016
39022
39040
39053
39064
39065
39072
39078
39080
39081
39082
39083
39089
39098
39099
39100
39106
39113
39115
39120
39125
39131
39137
39138
39141
39152
39155
39159
39185
39191
39195
39201
39202
39203
39211
39225
39236
39258
39261
39267
39270
39301
39309
39317
39321
39322
39335
39357
39359
39360
39368
39386
39398
39434
39438
39446
39447
39455
39456
39460
39464
39467
39470
39495
39497
39502
39504
39509
39512
39513
39514
39527
39528
39535
39538
39542
39548
39555
39556
39570
39580
39588
39592
39598
39606
39617
39619
39629
39630
39632
39643
39654
39656
39659
39663
39664
39669
39671
39680
39682
39686
39698
39705
39708
39718
39726
39731
39733
39743
39747
39754
39760
39764
39768
39777
39778
39779
39791
39802
39811
39812
39828
39844
39846
39852
39858
39860
39865
39866
39888
39900
39905
39911
39928
39948
39958
39961
39976
39978
39988
40006
40011
40016
40018
40037
40055
40056
40065
40072
40075
40091
40100
40103
40108
40109
40111
40114
40129
40138
40144
40158
40165
40187
40205
40211
40219
40228
40244
40246
40248
40251
40259
40275
40283
40286
40298
40304
40305
40317
40325
40334
40338
40341
40342
40346
40351
40359
40361
40398
40399
40404
40407
40414
40419
40423
40426
40428
40446
40449
40458
40466
40468
40470
40497
40498
40515
40517
40534
40535
40557
40593
40602
40603
40606
40620
40625
40635
40643
40658
40675
40681
40689
40705
40708
40711
40716
40720
40723
40729
40732
40737
40768
40771
40779
40783
40795
40813
40821
40830
40838
40839
40842
40844
40846
40855
40874
40886
40891
40894
40901
40905
40906
40910
40911
40912
40923
40924
40930
40931
40937
40938
40940
40948
40954
40957
40961
40986
40987
40988
40989
40995
40998
41005
41008
41011
41014
41018
41020
41022
41027
41054
41056
41077
41079
41085
41087
41094
41097
41103
41105
41110
41116
41123
41128
41135
41138
41152
41155
41174
41180
41186
41199
41212
41225
41231
41233
41247
41252
41259
41272
41279
41305
41311
41319
41331
41340
41342
41343
41345
41351
41356
41357
41369
41377
41389
41392
41397
41398
41404
41413
41434
41437
41442
41449
41453
41456
41458
41459
41461
41475
41478
41482
41505
41507
41516
41528
41549
41550
41552
41568
41570
41572
41574
41575
41577
41597
41603
41606
41616
41638
41645
41649
41658
41666
41669
41671
41673
41678
41687
41700
41708
41710
41711
41728
41729
41730
41737
41739
41740
41742
41745
41753
41754
41756
41763
41770
41771
41772
41776
41796
41818
41826
41831
41838
41840
41842
41854
41859
41875
41887
41890
41895
41899
41918
41920
41923
41924
41940
41950
41952
41959
41962
41997
41998
42003
42007
42008
42024
42042
42044
42050
42055
42057
42069
42079
42081
42089
42091
42103
42109
42122
42137
42156
42165
42166
42169
42173
42190
42201
42204
42209
42215
42225
42245
42254
42260
42277
42278
42288
42293
42297
42308
42312
42320
42336
42339
42342
42347
42349
42355
42371
42375
42385
42399
42404
42406
42407
42408
42413
42415
42416
42418
42421
42427
42429
42433
42441
42458
42463
42472
42479
42481
42482
42492
42493
42501
42507
42513
42516
42526
42529
42540
42541
42553
42568
42570
42584
42585
42591
42619
42620
42622
42634
42644
42659
42661
42667
42671
42680
42682
42683
42685
42690
42694
42697
42698
42704
42705
42707
42711
42725
42731
42735
42737
42741
42743
42750
42752
42756
42757
42760
42763
42779
42785
42790
42793
42799
42804
42805
42808
42810
42818
42819
42820
42834
42837
42849
42855
42858
42860
42861
42862
42867
42870
42919
42921
42944
42947
42953
42960
42967
42970
42972
42977
42979
43001
43024
43029
43033
43071
43073
43077
43092
43098
43110
43133
43150
43161
43163
43170
43171
43190
43191
43193
43202
43206
43226
43232
43243
43248
43251
43256
43261
43264
43269
43270
43279
43286
43289
43290
43305
43306
43324
43331
43344
43345
43350
43369
43404
43407
43411
43417
43431
43444
43451
43455
43477
43479
43486
43500
43510
43513
43522
43535
43543
43546
43555
43560
43561
43605
43611
43613
43625
43629
43635
43645
43655
43657
43670
43673
43692
43693
43697
43704
43712
43719
43720
43724
43739
43742
43750
43753
43773
43778
43780
43782
43795
43806
43809
43813
43829
43850
43851
43854
43856
43872
43882
43883
43893
43894
43895
43912
43922
43931
43936
43939
43944
43957
43960
43961
43966
43968
43971
43998
44017
44029
44040
44045
44047
44054
44057
44060
44065
44080
44081
44093
44112
44117
44127
44129
44132
44135
44136
44138
44140
44147
44151
44165
44167
44170
44171
44178
44215
44220
44228
44232
44244
44261
44263
44266
44267
44269
44286
44298
44312
44327
44328
44337
44341
44347
44353
44358
44360
44372
44385
44388
44404
44414
44421
44425
44437
44454
44463
44464
44471
44474
44476
44483
44488
44494
44500
44504
44508
44536
44559
44569
44575
44579
44580
44594
44600
44611
44612
44613
44616
44621
44625
44627
44637
44644
44670
44671
44672
44675
44677
44679
44682
44687
44700
44702
44704
44718
44719
44724
44729
44739
44743
44751
44774
44781
44782
44788
44795
44800
44801
44802
44813
44815
44816
44818
44820
44823
44825
44827
44830
44831
44839
44840
44856
44858
44878
44901
44911
44913
44922
44934
44946
44950
44952
44954
44958
44959
44960
44977
44995
44998
45004
45007
45016
45026
45031
45049
45053
45058
45059
45063
45084
45086
45089
45094
45097
45099
45105
45110
45124
45128
45131
45136
45138
45146
45148
45165
45175
45183
45188
45193
45195
45197
45204
45215
45222
45226
45230
45237
45248
45259
45270
45276
45281
45283
45284
45292
45299
45306
45337
45339
45343
45351
45359
45361
45367
45374
45388
45392
45396
45425
45433
45434
45435
45437
45446
45455
45463
45464
45475
45479
45481
45487
45491
45492
45494
45516
45524
45526
45536
45537
45552
45554
45573
45586
45587
45593
45594
45600
45621
45622
45624
45626
45627
45644
45648
45655
45659
45672
45678
45680
45685
45687
45729
45741
45746
45750
45770
45771
45775
45785
45792
45809
45829
45835
45840
45842
45844
45854
45859
45864
45885
45920
45922
45923
45926
45942
45946
45949
45954
45959
45976
45989
45994
45999
46002
46003
46013
46023
46024
46029
46038
46042
46056
46059
46068
46071
46073
46077
46078
46090
46099
46101
46106
46114
46118
46146
46149
46155
46168
46169
46170
46173
46189
46195
46207
46211
46223
46251
46258
46260
46263
46265
46269
46303
46306
46310
46315
46320
46322
46329
46331
46339
46371
46372
46385
46408
46419
46429
46433
46438
46440
46441
46447
46454
46460
46473
46492
46503
46508
46512
46519
46524
46526
46537
46543
46544
46551
46563
46564
46580
46592
46608
46616
46630
46660
46674
46676
46725
46728
46729
46736
46737
46743
46754
46764
46805
46809
46812
46813
46816
46818
46847
46848
46852
46859
46869
46870
46882
46885
46889
46891
46893
46905
46919
46924
46927
46936
46940
46941
46942
46950
46975
46978
46981
46990
47001
47004
47008
47016
47020
47022
47054
47055
47073
47074
47084
47093
47101
47125
47131
47137
47164
47173
47177
47181
47189
47191
47192
47194
47202
47203
47204
47213
47221
47225
47226
47230
47234
47235
47242
47249
47256
47260
47263
47267
47281
47285
47288
47290
47293
47294
47295
47315
47333
47346
47347
47361
47372
47386
47387
47391
47394
47405
47407
47418
47419
47425
47435
47451
47458
47471
47475
47481
47487
47489
47498
47502
47507
47509
47511
47516
47519
47524
47526
47548
47550
47552
47554
47559
47563
47566
47570
47596
47603
47611
47614
47619
47621
47624
47627
47629
47631
47639
47640
47643
47651
47652
47654
47658
47659
47667
47680
47684
47686
47687
47713
47720
47724
47725
47729
47732
47734
47735
47739
47742
47746
47752
47757
47767
47774
47775
47778
47792
47804
47805
47813
47832
47837
47848
47867
47873
47882
47886
47893
47904
47909
47916
47928
47935
47940
47942
47948
47949
47953
47954
47972
47973
47974
47981
47984
47992
48001
48014
48017
48032
48034
48035
48037
48044
48047
48066
48067
48101
48103
48104
48118
48126
48129
48130
48133
48141
48145
48150
48160
48163
48169
48189
48194
48199
48204
48209
48220
48223
48226
48229
48257
48261
48267
48270
48281
48282
48284
48287
48289
48299
48304
48319
48320
48332
48334
48339
48340
48354
48365
48381
48384
48388
48394
48398
48408
48417
48419
48432
48442
48451
48475
48478
48489
48493
48531
48548
48554
48558
48571
48575
48595
48604
48609
48616
48617
48632
48636
48653
48656
48658
48661
48668
48670
48674
48679
48680
48682
48684
48685
48707
48708
48710
48711
48728
48733
48737
48739
48742
48743
48747
48749
48753
48756
48759
48772
48786
48789
48791
48794
48797
48821
48824
48844
48850
48863
48870
48882
48893
48895
48900
48908
48910
48917
48929
48931
48934
48937
48939
48943
48944
48947
48971
48972
48974
49005
49006
49014
49022
49048
49053
49058
49062
49065
49068
49069
49079
49080
49092
49095
49096
49097
49119
49120
49123
49128
49135
49143
49151
49165
49175
49191
49194
49199
49217
49234
49236
49240
49254
49257
49258
49268
49275
49283
49286
49301
49309
49312
49321
49327
49338
49346
49348
49357
49363
49371
49378
49382
49384
49402
49408
49424
49428
49429
49434
49444
49450
49458
49460
49470
49478
49495
49502
49508
49522
49550
49551
49553
49554
49559
49573
49581
49592
49602
49603
49625
49640
49643
49648
49660
49662
49673
49676
49682
49683
49688
49716
49718
49719
49720
49731
49740
49746
49763
49770
49777
49782
49790
49796
49801
49814
49819
49858
49860
49862
49866
49881
49884
49885
49886
49891
49893
49901
49902
49904
49913
49933
49942
49952
49974
49977
49979
49984
49985
49988
50003
50013
50025
50028
50034
50040
50046
50054
50056
50058
50061
50096
50098
50099
50100
50106
50124
50125
50134
50148
50158
50159
50161
50168
50177
50178
50179
50183
50193
50201
50204
50222
50238
50244
50245
50246
50256
50263
50274
50276
50290
50305
50306
50309
50323
50324
50340
50354
50355
50358
50366
50372
50379
50385
50389
50403
50405
50407
50409
50410
50411
50412
50414
50422
50429
50431
50434
50462
50463
50464
50470
50480
50481
50485
50493
50507
50511
50514
50518
50521
50535
50536
50553
50556
50562
50563
50568
50576
50583
50586
50591
50597
50602
50618
50620
50627
50636
50648
50662
50667
50672
50686
50691
50695
50706
50713
50735
50740
50746
50752
50756
50757
50760
50767
50771
50772
50778
50782
50786
50790
50791
50806
50817
50820
50829
50837
50849
50863
50868
50878
50882
50883
50885
50913
50926
50927
50939
50942
50945
50952
50956
50960
50962
50975
50980
50981
50988
50992
50995
51012
51021
51025
51028
51040
51045
51046
51047
51052
51054
51067
51070
51079
51083
51089
51100
51110
51119
51143
51149
51152
51156
51157
51167
51168
51175
51181
51197
51199
51203
51210
51222
51223
51249
51258
51260
51268
51270
51285
51289
51291
51302
51310
51322
51324
51328
51334
51335
51342
51355
51359
51372
51376
51390
51396
51403
51437
51443
51461
51465
51470
51471
51473
51474
51478
51484
51487
51493
51500
51501
51504
51512
51522
51530
51533
51549
51555
51563
51571
51574
51594
51605
51606
51618
51620
51628
51630
51631
51642
51643
51644
51663
51674
51680
51702
51704
51706
51717
51720
51735
51737
51750
51763
51771
51773
51777
51791
51793
51799
51800
51801
51808
51819
51829
51835
51851
51862
51866
51880
51887
51894
51899
51908
51920
51928
51941
51943
51946
51963
51965
51977
51982
51985
51989
51990
52003
52010
52011
52012
52016
52020
52030
52036
52037
52038
52066
52069
52073
52086
52087
52090
52094
52096
52107
52109
52112
52123
52128
52131
52132
52151
52153
52161
52166
52179
52183
52192
52193
52208
52209
52219
52222
52232
52233
52238
52248
52250
52257
52267
52270
52281
52282
52284
52288
52290
52295
52299
52305
52308
52312
52314
52320
52324
52340
52341
52348
52365
52376
52382
52383
52388
52394
52418
52425
52426
52433
52435
52440
52442
52461
52470
52472
52497
52516
52518
52543
52546
52562
52582
52596
52603
52606
52609
52611
52614
52619
52624
52626
52627
52628
52629
52631
52634
52638
52644
52650
52661
52686
52689
52691
52693
52700
52703
52729
52747
52751
52756
52759
52784
52790
52803
52813
52819
52826
52843
52844
52847
52849
52851
52853
52870
52871
52873
52897
52901
52902
52928
52929
52936
52943
52952
52956
52957
52966
52979
52982
52983
52986
52992
53004
53015
53037
53047
53058
53081
53082
53084
53088
53091
53095
53101
53108
53120
53121
53123
53131
53145
53147
53150
53157
53169
53170
53176
53177
53183
53184
53196
53223
53232
53236
53263
53267
53275
53294
53301
53304
53315
53328
53330
53335
53339
53344
53347
53351
53359
53360
53361
53364
53370
53374
53388
53404
53405
53406
53410
53420
53425
53431
53448
53450
53455
53464
53465
53474
53479
53484
53490
53491
53496
53514
53518
53531
53532
53539
53542
53546
53550
53580
53587
53589
53591
53595
53601
53604
53608
53615
53629
53632
53635
53641
53642
53643
53644
53660
53665
53668
53670
53672
53677
53695
53697
53702
53712
53716
53719
53720
53722
53725
53729
53731
53740
53748
53752
53754
53756
53774
53788
53793
53800
53802
53803
53806
53823
53825
53864
53870
53875
53897
53900
53911
53913
53928
53929
53939
53949
53952
53957
53958
53975
53977
53989
53990
54001
54003
54007
54010
54012
54013
54020
54025
54037
54039
54065
54083
54086
54088
54091
54111
54118
54121
54124
54130
54133
54141
54149
54160
54162
54163
54171
54173
54178
54194
54204
54205
54214
54218
54225
54228
54244
54245
54252
54254
54260
54264
54273
54277
54282
54286
54294
54295
54301
54304
54305
54314
54318
54324
54327
54329
54334
54335
54337
54344
54345
54348
54351
54354
54355
54358
54363
54374
54375
54385
54386
54398
54401
54402
54406
54411
54421
54425
54427
54442
54448
54452
54464
54479
54485
54492
54510
54515
54516
54517
54521
54527
54532
54533
54540
54541
54555
54560
54563
54586
54589
54598
54614
54642
54664
54671
54678
54679
54683
54692
54696
54706
54712
54723
54733
54736
54738
54743
54747
54749
54750
54759
54761
54763
54764
54766
54796
54803
54804
54805
54806
54849
54850
54868
54869
54899
54903
54905
54909
54912
54918
54928
54938
54943
54949
54953
54955
54957
54974
54976
54989
54995
55013
55017
55039
55050
55053
55059
55074
55090
55107
55109
55118
55119
55126
55130
55135
55139
55155
55158
55184
55199
55201
55202
55206
55221
55223
55226
55232
55237
55244
55269
55276
55285
55288
55294
55295
55298
55301
55303
55315
55317
55318
55323
55331
55344
55363
55373
55375
55385
55388
55389
55395
55398
55410
55412
55413
55417
55419
55425
55434
55445
55447
55466
55467
55468
55478
55484
55512
55514
55516
55517
55527
55536
55539
55544
55545
55569
55575
55578
55585
55594
55608
55618
55627
55629
55637
55641
55651
55665
55668
55681
55682
55683
55689
55690
55695
55712
55723
55727
55728
55731
55733
55737
55744
55747
55764
55767
55768
55772
55780
55805
55808
55809
55810
55818
55823
55840
55849
55857
55859
55868
55872
55874
55879
55882
55886
55891
55897
55902
55903
55912
55915
55922
55937
55942
55947
55951
55973
55981
55984
56002
56005
56006
56007
56013
56023
56028
56032
56040
56048
56065
56068
56070
56075
56091
56104
56108
56109
56116
56118
56119
56126
56132
56137
56145
56181
56187
56205
56206
56226
56233
56248
56250
56261
56262
56266
56267
56283
56287
56292
56293
56302
56306
56313
56323
56326
56332
56341
56359
56392
56396
56398
56400
56405
56413
56416
56432
56433
56435
56437
56452
56455
56456
56473
56480
56499
56504
56506
56508
56509
56510
56519
56521
56541
56549
56550
56567
56580
56585
56592
56594
56599
56604
56608
56615
56616
56632
56633
56634
56636
56638
56641
56644
56647
56650
56651
56656
56664
56668
56669
56676
56677
56679
56699
56701
56705
56715
56716
56718
56724
56729
56733
56738
56739
56752
56753
56786
56800
56821
56828
56837
56845
56848
56849
56859
56865
56868
56872
56874
56875
56877
56892
56922
56928
56932
56938
56972
56983
56988
57006
57018
57023
57062
57068
57071
57086
57088
57095
57100
57115
57157
57166
57169
57172
57178
57185
57194
57198
57199
57213
57217
57224
57249
57256
57264
57265
57274
57283
57284
57286
57306
57308
57313
57323
57353
57359
57361
57362
57363
57375
57376
57377
57381
57387
57403
57424
57427
57429
57433
57445
57460
57461
57466
57480
57481
57487
57491
57495
57498
57500
57508
57515
57523
57526
57535
57542
57545
57550
57560
57570
57579
57591
57593
57595
57614
57617
57631
57639
57641
57645
57646
57647
57663
57671
57673
57676
57684
57697
57702
57703
57708
57719
57744
57745
57750
57753
57767
57770
57772
57782
57794
57796
57801
57810
57812
57820
57827
57828
57842
57849
57864
57868
57870
57871
57878
57879
57883
57885
57895
57901
57926
57936
57940
57978
57995
58006
58021
58035
58043
58057
58070
58079
58089
58099
58101
58102
58103
58105
58107
58123
58134
58137
58141
58143
58149
58153
58157
58171
58174
58179
58184
58223
58225
58232
58239
58242
58254
58257
58267
58268
58270
58281
58283
58296
58304
58306
58307
58316
58325
58335
58343
58344
58351
58355
58364
58403
58406
58407
58425
58435
58443
58448
58462
58464
58465
58481
58482
58497
58511
58517
58520
58524
58531
58541
58547
58569
58572
58577
58580
58595
58597
58601
58609
58614
58619
58624
58627
58630
58633
58647
58651
58654
58658
58666
58677
58681
58684
58690
58694
58701
58708
58714
58731
58735
58738
58741
58753
58754
58758
58765
58766
58772
58778
58796
58800
58801
58815
58822
58831
58834
58836
58851
58857
58864
58867
58868
58869
58873
58886
58911
58926
58928
58929
58930
58937
58949
58951
58965
58973
58987
58997
59000
59005
59009
59012
59015
59022
59024
59034
59036
59041
59046
59075
59080
59082
59084
59093
59106
59114
59123
59138
59141
59142
59146
59157
59165
59167
59169
59170
59171
59194
59201
59202
59207
59220
59225
59229
59230
59231
59236
59237
59244
59252
59262
59267
59278
59281
59282
59293
59313
59319
59325
59327
59328
59351
59352
59358
59367
59382
59383
59384
59388
59394
59403
59442
59455
59463
59471
59475
59479
59489
59494
59497
59501
59526
59527
59540
59542
59547
59552
59556
59567
59571
59581
59582
59593
59596
59610
59611
59618
59622
59623
59641
59648
59654
59660
59666
59679
59685
59691
59692
59710
59718
59732
59736
59740
59741
59743
59744
59752
59774
59776
59798
59815
59817
59843
59874
59892
59906
59910
59912
59918
59921
59933
59934
59947
59952
59960
59961
59971
59972
59973
59979
59985
59993
59995
60010
60018
60034
60035
60040
60041
60043
60046
60049
60055
60056
60069
60077
60080
60081
60088
60093
60125
60128
60132
60136
60140
60145
60155
60158
60171
60172
60177
60179
60182
60190
60196
60203
60240
60245
60246
60274
60278
60285
60289
60305
60320
60324
60325
60327
60328
60332
60350
60360
60362
60370
60378
60387
60394
60402
60403
60415
60419
60425
60431
60433
60437
60448
60450
60456
60457
60458
60467
60472
60483
60496
60515
60519
60529
60532
60539
60547
60548
60567
60568
60569
60572
60576
60593
60596
60599
60602
60604
60610
60622
60623
60624
60641
60647
60671
60677
60678
60685
60690
60699
60700
60704
60706
60720
60737
60769
60771
60774
60775
60778
60780
60810
60812
60814
60828
60858
60873
60874
60881
60890
60903
60904
60911
60915
60945
60951
60952
60979
60980
60982
60988
60989
60992
61007
61034
61044
61046
61049
61053
61054
61072
61084
61101
61106
61125
61133
61139
61150
61159
61175
61181
61182
61184
61196
61202
61206
61217
61219
61225
61231
61233
61260
61266
61288
61293
61308
61314
61315
61316
61328
61338
61354
61358
61372
61375
61389
61400
61409
61410
61414
61439
61452
61459
61460
61463
61478
61488
61494
61498
61503
61507
61524
61531
61532
61535
61560
61561
61566
61585
61587
61598
61599
61602
61603
61605
61606
61621
61624
61635
61642
61648
61654
61660
61672
61674
61684
61693
61697
61698
61717
61722
61729
61730
61732
61734
61735
61755
61758
61760
61769
61773
61779
61780
61803
61805
61809
61814
61819
61822
61826
61831
61832
61834
61838
61842
61843
61844
61852
61854
61862
61865
61877
61881
61882
61892
61895
61897
61899
61904
61911
61918
61925
61938
61943
61945
61949
61951
61953
61959
61966
61967
61982
61983
61992
61997
62023
62029
62030
62031
62038
62046
62048
62053
62057
62060
62067
62068
62075
62089
62109
62127
62128
62129
62131
62132
62167
62173
62175
62195
62198
62200
62203
62204
62210
62226
62230
62233
62237
62244
62245
62246
62251
62261
62272
62276
62292
62293
62295
62297
62307
62313
62324
62329
62336
62337
62344
62347
62348
62350
62363
62376
62387
62390
62392
62395
62397
62399
62412
62420
62423
62426
62440
62442
62446
62455
62459
62464
62472
62477
62478
62480
62483
62491
62510
62518
62531
62541
62543
62547
62549
62552
62557
62558
62566
62574
62589
62608
62613
62617
62622
62623
62648
62652
62657
62661
62685
62687
62689
62690
62691
62703
62706
62707
62726
62740
62743
62756
62759
62761
62763
62766
62770
62772
62778
62790
62814
62815
62817
62819
62821
62833
62839
62844
62850
62852
62858
62872
62877
62878
62880
62893
62896
62923
62929
62937
62942
62958
62964
62969
62985
62995
63014
63017
63022
63035
63036
63040
63043
63049
63050
63075
63077
63079
63081
63084
63104
63109
63114
63119
63121
63123
63140
63143
63144
63163
63166
63185
63209
63217
63230
63231
63235
63240
63247
63248
63263
63266
63270
63275
63299
63306
63307
63321
63325
63328
63330
63334
63337
63345
63347
63353
63365
63394
63397
63414
63418
63421
63426
63434
63446
63473
63478
63480
63482
63488
63503
63521
63525
63549
63556
63558
63563
63565
63566
63571
63572
63588
63595
63617
63619
63626
63636
63644
63647
63648
63650
63662
63676
63677
63681
63683
63689
63691
63698
63703
63721
63726
63745
63754
63782
63791
63795
63796
63797
63804
63812
63818
63835
63848
63856
63860
63865
63866
63867
63874
63875
63879
63881
63890
63893
63894
63900
63906
63912
63918
63922
63934
63938
63939
63943
63949
63953
63959
63974
64005
64008
64010
64015
64016
64028
64032
64036
64048
64054
64059
64071
64079
64086
64088
64089
64092
64093
64098
64105
64111
64116
64121
64146
64148
64149
64152
64155
64170
64183
64186
64189
64190
64196
64202
64233
64236
64239
64240
64241
64244
64249
64251
64263
64264
64267
64270
64307
64308
64310
64314
64332
64334
64335
64339
64341
64342
64350
64357
64379
64389
64390
64392
64399
64417
64431
64439
64440
64446
64460
64470
64472
64474
64481
64492
64501
64507
64510
64531
64534
64537
64551
64562
64578
64593
64599
64602
64605
64610
64611
64612
64619
64621
64627
64635
64659
64681
64684
64693
64694
64703
64704
64705
64710
64722
64723
64730
64731
64733
64736
64738
64744
64749
64750
64751
64760
64772
64795
64799
64800
64809
64816
64823
64824
64827
64828
64834
64836
64842
64870
64884
64889
64893
64897
64902
64908
64909
64933
64941
64948
64953
64961
64974
65001
65008
65011
65012
65028
65029
65030
65043
65051
65057
65063
65087
65098
65136
65139
65144
65161
65162
65163
65166
65170
65177
65179
65182
65183
65189
65191
65195
65197
65201
65206
65207
65208
65209
65220
65227
65238
65244
65245
65258
65261
65262
65267
65271
65280
65292
65301
65306
65307
65329
65333
65334
65336
65343
65358
65360
65371
65375
65383
65394
65399
65400
65404
65407
65415
65420
65425
65427
65433
65440
65447
65448
65456
65457
65488
65500
65509
65515
65518
65530
65533
65554
65557
65562
65567
65584
65587
65588
65594
65601
65604
65616
65630
65632
65643
65655
65661
65668
65685
65705
65712
65716
65732
65753
65755
65769
65773
65776
65781
65806
65831
65835
65836
65837
65841
65855
65859
65860
65869
65880
65883
65884
65891
65894
65896
65898
65899
65900
65901
65924
65938
65943
65948
65953
65955
65957
65962
65965
65968
65969
65971
65979
65982
65984
65986
66001
66003
66005
66008
66014
66028
66034
66041
66054
66064
66067
66072
66082
66085
66088
66096
66124
66129
66144
66156
66157
66166
66171
66172
66190
66191
66192
66217
66230
66236
66238
66239
66241
66243
66246
66266
66273
66292
66297
66301
66309
66319
66320
66327
66328
66336
66337
66345
66347
66351
66360
66366
66369
66373
66376
66381
66385
66388
66389
66397
66398
66406
66412
66420
66423
66443
66444
66459
66460
66466
66468
66485
66487
66502
66507
66514
66516
66520
66524
66537
66539
66556
66574
66586
66593
66637
66650
66662
66667
66669
66675
66676
66685
66691
66695
66707
66717
66746
66754
66755
66769
66785
66789
66808
66816
66821
66822
66825
66827
66828
66831
66839
66853
66859
66862
66877
66883
66909
66944
66959
66995
67002
67004
67015
67018
67023
67042
67046
67052
67057
67077
67078
67080
67084
67085
67090
67099
67116
67117
67122
67125
67126
67127
67131
67155
67156
67164
67178
67186
67199
67200
67207
67208
67218
67220
67222
67236
67241
67248
67252
67255
67256
67259
67269
67271
67297
67320
67344
67347
67355
67373
67379
67407
67412
67414
67415
67422
67427
67428
67438
67439
67440
67446
67455
67456
67462
67463
67470
67482
67490
67502
67515
67531
67532
67537
67548
67551
67560
67565
67566
67568
67571
67590
67598
67615
67623
67631
67647
67655
67656
67657
67660
67663
67715
67716
67727
67729
67748
67749
67752
67757
67761
67765
67768
67771
67785
67788
67792
67798
67802
67807
67823
67833
67835
67838
67847
67849
67854
67871
67881
67886
67936
67937
67953
67956
67966
67969
67974
67975
67982
67985
67988
67994
68003
68021
68025
68032
68041
68047
68048
68053
68069
68080
68082
68084
68085
68094
68114
68120
68121
68125
68128
68130
68136
68139
68147
68149
68152
68153
68155
68159
68162
68163
68166
68176
68179
68183
68194
68198
68204
68205
68206
68211
68217
68219
68223
68235
68237
68252
68254
68257
68260
68261
68277
68283
68287
68290
68291
68305
68331
68335
68340
68344
68352
68356
68367
68381
68385
68397
68403
68408
68414
68422
68430
68435
68439
68442
68444
68459
68525
68532
68546
68565
68572
68576
68581
68586
68594
68609
68617
68633
68636
68637
68646
68648
68650
68654
68656
68657
68662
68663
68668
68674
68688
68689
68700
68701
68743
68745
68749
68751
68752
68763
68764
68771
68777
68778
68786
68788
68789
68797
68801
68805
68812
68814
68826
68852
68860
68864
68874
68878
68895
68898
68912
68914
68947
68950
68953
68958
68973
68974
68987
69000
69003
69008
69009
69015
69018
69029
69048
69049
69052
69077
69081
69117
69121
69136
69140
69145
69148
69167
69169
69182
69188
69189
69194
69196
69197
69200
69214
69220
69223
69226
69252
69256
69257
69266
69270
69284
69286
69290
69293
69308
69311
69312
69314
69320
69321
69328
69339
69340
69342
69344
69355
69364
69365
69366
69383
69391
69392
69393
69410
69411
69428
69432
69440
69458
69468
69480
69486
69488
69498
69500
69501
69510
69523
69532
69544
69553
69559
69568
69577
69578
69583
69587
69599
69605
69614
69616
69625
69646
69654
69661
69668
69670
69675
69700
69729
69745
69750
69757
69768
69770
69783
69798
69805
69809
69826
69827
69837
69839
69856
69866
69878
69884
69887
69914
69923
69926
69929
69934
69944
69946
69952
69965
69969
69971
69977
69978
69979
69983
70000
70011
70014
70020
70059
70087
70092
70094
70104
70133
70134
70156
70159
70161
70190
70192
70197
70201
70230
70236
70239
70240
70251
70255
70256
70257
70258
70265
70269
70288
70295
70296
70297
70298
70307
70309
70321
70332
70333
70336
70339
70344
70346
70347
70363
70365
70370
70380
70402
70403
70408
70415
70421
70426
70434
70441
70444
70459
70470
70471
70474
70478
70479
70480
70485
70487
70490
70508
70527
70528
70541
70566
70600
70629
70642
70652
70659
70660
70675
70687
70702
70710
70718
70724
70727
70733
70740
70744
70749
70755
70761
70769
70787
70788
70791
70800
70804
70809
70812
70813
70815
70827
70829
70854
70861
70863
70865
70868
70870
70896
70904
70910
70913
70921
70927
70931
70932
70935
70943
70945
70952
70975
70985
70987
71004
71005
71006
71011
71015
71021
71023
71024
71027
71038
71043
71072
71092
71095
71109
71122
71124
71126
71136
71138
71155
71157
71159
71171
71182
71209
71215
71218
71222
71223
71224
71229
71232
71236
71244
71256
71264
71265
71271
71280
71283
71284
71295
71301
71302
71306
71307
71310
71313
71322
71328
71339
71344
71345
71346
71347
71360
71361
71364
71371
71376
71384
71385
71396
71407
71411
71427
71434
71441
71466
71485
71495
71499
71503
71507
71521
71528
71550
71552
71563
71573
71582
71596
71597
71599
71601
71602
71603
71608
71631
71651
71657
71667
71675
71677
71682
71691
71699
71713
71714
71716
71719
71720
71724
71726
71727
71735
71737
71738
71749
71752
71754
71759
71811
71815
71826
71838
71845
71855
71870
71881
71883
71908
71918
71920
71927
71936
71964
71970
71984
71986
71988
71989
71992
72000
72002
72007
72011
72016
72018
72020
72023
72024
72030
72052
72075
72095
72096
72098
72101
72105
72110
72118
72119
72120
72124
72133
72155
72156
72165
72177
72189
72203
72207
72210
72222
72229
72235
72238
72249
72255
72256
72258
72263
72266
72284
72312
72315
72338
72354
72368
72370
72373
72376
72396
72397
72421
72424
72429
72430
72435
72437
72442
72453
72454
72463
72466
72495
72505
72507
72509
72514
72519
72525
72531
72535
72536
72538
72549
72550
72551
72564
72565
72567
72573
72575
72580
72582
72592
72595
72601
72605
72606
72612
72615
72626
72646
72650
72656
72657
72681
72690
72701
72702
72708
72717
72728
72731
72737
72740
72746
72752
72764
72769
72770
72776
72788
72790
72792
72793
72794
72797
72809
72810
72811
72817
72821
72829
72833
72839
72845
72850
72859
72860
72861
72866
72872
72883
72888
72889
72895
72901
72902
72906
72909
72910
72923
72927
72944
72947
72955
72961
72969
72975
72984
72986
72987
72988
72993
72998
73009
73016
73020
73022
73035
73039
73040
73066
73075
73093
73094
73096
73109
73119
73120
73141
73159
73162
73163
73172
73174
73180
73182
73187
73189
73190
73192
73197
73199
73201
73206
73209
73212
73215
73226
73234
73235
73239
73244
73256
73262
73264
73278
73280
73293
73302
73310
73327
73333
73339
73348
73353
73361
73367
73374
73413
73418
73420
73427
73429
73434
73436
73437
73442
73445
73446
73450
73453
73460
73467
73470
73491
73494
73496
73503
73508
73510
73513
73521
73527
73536
73537
73549
73554
73560
73568
73583
73584
73588
73610
73620
73622
73626
73639
73647
73648
73660
73661
73665
73668
73671
73686
73690
73694
73707
73720
73721
73724
73730
73731
73738
73749
73753
73773
73783
73786
73801
73808
73814
73824
73826
73832
73837
73843
73855
73857
73860
73861
73864
73885
73889
73892
73897
73898
73903
73904
73925
73927
73929
73936
73941
73951
73966
73973
73974
73976
73996
73997
73999
74001
74007
74017
74030
74037
74041
74051
74055
74065
74067
74078
74080
74081
74082
74088
74090
74099
74100
74101
74103
74110
74114
74120
74124
74127
74135
74137
74150
74156
74159
74166
74176
74177
74179
74181
74183
74206
74211
74215
74217
74223
74232
74241
74273
74280
74299
74302
74309
74316
74325
74332
74335
74340
74345
74349
74354
74356
74357
74364
74365
74369
74386
74398
74407
74409
74411
74412
74415
74421
74428
74429
74430
74431
74446
74456
74458
74461
74462
74465
74466
74478
74492
74515
74517
74523
74538
74549
74570
74572
74574
74576
74577
74583
74590
74599
74603
74617
74624
74629
74630
74638
74650
74651
74656
74686
74704
74714
74722
74739
74759
74788
74789
74820
74825
74832
74835
74838
74840
74842
74846
74853
74861
74863
74875
74885
74894
74900
74902
74913
74917
74920
74923
74924
74925
74927
74942
74945
74951
74959
74964
74967
74975
74984
74990
74993
74996
74997
75001
75002
75006
75023
75027
75032
75033
75052
75055
75080
75095
75114
75118
75120
75122
75133
75144
75146
75170
75174
75179
75183
75187
75199
75213
75230
75234
75243
75258
75266
75270
75283
75285
75296
75299
75305
75308
75311
75322
75327
75331
75339
75341
75344
75352
75359
75362
75372
75373
75375
75402
75412
75423
75427
75434
75450
75458
75474
75477
75487
75494
75496
75509
75516
75521
75527
75535
75546
75552
75560
75581
75585
75587
75590
75595
75600
75603
75605
75607
75608
75620
75621
75624
75628
75630
75636
75637
75643
75646
75647
75655
75663
75668
75673
75682
75696
75697
75708
75713
75719
75726
75727
75740
75742
75747
75753
75754
75768
75775
75783
75800
75806
75810
75818
75829
75841
75842
75846
75852
75863
75866
75871
75882
75884
75901
75905
75906
75910
75923
75924
75925
75927
75932
75965
75968
75971
75973
75976
75982
75990
75999
76004
76005
76009
76014
76028
76029
76034
76049
76079
76081
76082
76101
76111
76117
76122
76130
76146
76161
76170
76176
76178
76179
76245
76250
76257
76268
76292
76293
76295
76308
76313
76334
76349
76364
76372
76384
76401
76405
76406
76414
76430
76431
76462
76476
76487
76518
76521
76525
76529
76541
76571
76572
76578
76583
76584
76588
76589
76590
76593
76595
76607
76608
76615
76619
76632
76636
76648
76657
76676
76680
76681
76709
76721
76738
76740
76742
76746
76753
76762
76765
76768
76776
76784
76802
76822
76844
76846
76847
76872
76873
76882
76885
76893
76896
76901
76934
76937
76942
76956
76970
76973
76978
76992
76994
77001
77003
77005
77012
77018
77027
77039
77050
77055
77061
77063
77067
77072
77074
77092
77095
77099
77100
77102
77121
77136
77137
77154
77155
77159
77160
77174
77181
77184
77185
77195
77222
77236
77260
77270
77296
77297
77298
77308
77310
77332
77345
77346
77351
77355
77376
77377
77383
77394
77399
77400
77402
77405
77415
77426
77432
77473
77481
77486
77504
77517
77533
77542
77544
77553
77556
77577
77591
77596
77601
77602
77615
77624
77628
77639
77643
77648
77649
77650
77660
77662
77663
77681
77686
77689
77693
77697
77699
77707
77709
77721
77745
77750
77752
77754
77783
77784
77785
77792
77805
77806
77811
77814
77821
77834
77837
77841
77851
77864
77870
77873
77889
77891
77899
77902
77903
77912
77924
77928
77931
77936
77953
77954
77963
77973
77980
77981
77990
77997
78016
78023
78026
78030
78042
78053
78054
78056
78058
78059
78060
78061
78062
78065
78068
78075
78079
78085
78093
78113
78130
78169
78176
78188
78194
78196
78200
78213
78225
78253
78260
78263
78286
78288
78290
78307
78312
78313
78314
78320
78322
78336
78339
78355
78358
78359
78361
78364
78380
78381
78394
78400
78412
78413
78416
78425
78429
78436
78447
78451
78462
78465
78466
78469
78478
78482
78488
78490
78495
78509
78511
78517
78536
78537
78546
78550
78553
78555
78575
78578
78583
78604
78609
78610
78614
78627
78633
78638
78642
78650
78652
78671
78681
78683
78684
78689
78696
78701
78703
78707
78737
78738
78741
78750
78762
78771
78781
78803
78813
78825
78836
78838
78858
78859
78861
78864
78868
78871
78880
78892
78896
78909
78920
78925
78929
78963
78977
78982
78985
78986
79058
79069
79070
79076
79077
79083
79084
79090
79106
79113
79121
79139
79151
79152
79156
79170
79189
79191
79212
79213
79217
79230
79236
79242
79244
79258
79260
79261
79262
79268
79269
79277
79286
79303
79305
79313
79323
79333
79338
79345
79354
79356
79357
79367
79380
79392
79396
79397
79407
79413
79441
79445
79446
79456
79459
79465
79471
79472
79481
79486
79495
79498
79503
79506
79512
79513
79517
79544
79552
79554
79563
79567
79578
79591
79602
79603
79606
79616
79619
79628
79632
79634
79641
79645
79654
79660
79680
79684
79686
79689
79701
79720
79721
79733
79754
79783
79798
79806
79822
79841
79852
79853
79860
79869
79873
79883
79893
79906
79912
79920
79927
79930
79955
79957
79966
79968
79975
80000
80010
80011
80013
80016
80040
80041
80043
80044
80053
80065
80066
80073
80077
80078
80082
80084
80085
80090
80091
80094
80104
80117
80130
80131
80134
80140
80145
80159
80163
80165
80168
80172
80180
80185
80187
80200
80215
80219
80231
80246
80260
80271
80279
80281
80293
80295
80304
80305
80306
80311
80316
80319
80332
80336
80337
80341
80360
80369
80385
80386
80389
80391
80394
80395
80397
80404
80422
80426
80428
80429
80430
80431
80433
80434
80441
80448
80470
80471
80472
80475
80480
80481
80517
80521
80522
80526
80541
80543
80553
80554
80564
80585
80590
80599
80609
80613
80614
80619
80624
80651
80652
80654
80686
80691
80698
80708
80713
80714
80720
80725
80733
80742
80747
80756
80771
80780
80789
80792
80801
80808
80821
80826
80834
80853
80864
80865
80883
80892
80895
80906
80911
80916
80927
80928
80931
80937
80941
80948
80950
80952
80953
80969
80980
81000
81003
81004
81009
81012
81017
81020
81031
81035
81042
81054
81056
81057
81064
81065
81070
81074
81079
81084
81099
81100
81102
81103
81127
81128
81135
81143
81166
81177
81188
81199
81200
81201
81206
81210
81222
81224
81228
81239
81248
81259
81274
81283
81284
81287
81294
81296
81303
81308
81311
81315
81317
81322
81323
81336
81357
81361
81374
81379
81387
81398
81401
81416
81434
81443
81447
81461
81463
81481
81485
81504
81555
81567
81571
81576
81585
81589
81593
81602
81605
81616
81620
81622
81654
81660
81661
81675
81676
81680
81691
81701
81704
81707
81714
81715
81721
81743
81749
81761
81768
81779
81782
81784
81798
81799
81809
81810
81811
81812
81819
81826
81827
81838
81841
81842
81845
81853
81860
81871
81885
81886
81894
81903
81906
81922
81930
81944
81961
81966
81967
81971
81994
81995
82003
82005
82031
82039
82048
82052
82053
82061
82084
82106
82118
82121
82122
82135
82142
82143
82147
82150
82157
82174
82191
82212
82216
82220
82225
82228
82242
82246
82255
82259
82263
82273
82275
82287
82300
82301
82304
82312
82313
82338
82359
82372
82381
82396
82411
82414
82418
82431
82438
82456
82462
82468
82475
82486
82494
82495
82508
82513
82518
82523
82542
82548
82551
82554
82565
82576
82585
82604
82622
82631
82662
82666
82668
82673
82676
82680
82683
82697
82704
82705
82709
82716
82718
82729
82731
82737
82738
82740
82744
82745
82759
82766
82770
82775
82787
82790
82794
82796
82805
82815
82822
82826
82833
82834
82835
82847
82858
82873
82874
82879
82881
82889
82894
82896
82901
82909
82920
82936
82940
82945
82947
82957
82969
82980
82981
82984
82990
82994
82998
83000
83005
83013
83023
83029
83033
83034
83036
83045
83049
83058
83059
83065
83067
83079
83085
83093
83102
83110
83117
83125
83134
83136
83149
83153
83155
83167
83174
83176
83178
83190
83202
83204
83214
83219
83235
83254
83257
83260
83268
83269
83275
83277
83283
83323
83332
83348
83353
83364
83368
83369
83382
83386
83393
83407
83408
83427
83430
83441
83456
83462
83464
83466
83468
83471
83481
83482
83487
83508
83510
83516
83519
83527
83546
83573
83580
83586
83593
83600
83601
83602
83605
83613
83624
83625
83627
83635
83639
83641
83642
83651
83654
83663
83669
83670
83672
83682
83690
83736
83738
83739
83741
83755
83761
83766
83768
83770
83778
83783
83787
83801
83804
83808
83809
83818
83836
83844
83850
83858
83862
83866
83869
83872
83873
83875
83878
83879
83906
83914
83925
83931
83935
83958
83964
83968
83972
83973
83990
83996
84000
84002
84004
84005
84013
84015
84046
84049
84060
84061
84084
84089
84096
84097
84108
84113
84114
84123
84128
84129
84130
84147
84155
84157
84162
84163
84167
84171
84174
84183
84187
84193
84202
84211
84218
84221
84222
84230
84238
84253
84258
84259
84268
84273
84276
84277
84278
84284
84295
84313
84341
84352
84363
84383
84386
84391
84396
84397
84403
84410
84415
84422
84427
84447
84448
84449
84454
84460
84463
84469
84489
84498
84499
84512
84521
84529
84530
84533
84540
84546
84550
84551
84558
84561
84585
84592
84594
84609
84610
84615
84625
84648
84649
84653
84667
84670
84677
84680
84694
84706
84712
84724
84730
84731
84735
84740
84757
84758
84762
84767
84784
84786
84800
84801
84803
84815
84821
84825
84829
84840
84843
84845
84851
84852
84866
84867
84884
84889
84896
84902
84936
84938
84959
84964
84968
84980
84981
84984
84996
85004
85007
85018
85019
85028
85029
85030
85031
85035
85045
85046
85048
85053
85081
85085
85092
85097
85101
85110
85114
85143
85144
85151
85154
85155
85160
85171
85179
85183
85187
85192
85211
85213
85215
85225
85235
85247
85252
85254
85268
85272
85284
85291
85294
85298
85316
85320
85322
85326
85328
85340
85349
85353
85372
85381
85383
85390
85397
85398
85400
85404
85407
85413
85423
85434
85455
85459
85475
85482
85488
85491
85501
85515
85527
85531
85549
85556
85564
85579
85581
85584
85589
85601
85604
85623
85624
85625
85626
85629
85632
85647
85657
85659
85666
85674
85688
85700
85706
85747
85752
85759
85764
85774
85787
85790
85795
85798
85802
85803
85813
85814
85826
85827
85836
85846
85847
85852
85855
85865
85872
85876
85881
85886
85893
85902
85904
85905
85913
85921
85941
85944
85948
85956
85974
85981
86001
86011
86015
86017
86020
86032
86036
86064
86065
86072
86075
86086
86107
86117
86119
86125
86135
86140
86147
86169
86183
86189
86192
86202
86208
86210
86213
86216
86221
86234
86239
86243
86248
86249
86250
86282
86285
86292
86317
86329
86334
86344
86358
86372
86378
86381
86393
86407
86409
86412
86426
86429
86432
86435
86439
86448
86452
86468
86471
86472
86476
86512
86514
86516
86524
86526
86530
86549
86552
86555
86556
86559
86560
86564
86569
86573
86581
86588
86591
86596
86611
86620
86625
86646
86650
86652
86654
86655
86668
86676
86678
86679
86686
86708
86715
86728
86738
86745
86750
86754
86763
86777
86790
86797
86800
86803
86820
86823
86825
86839
86843
86848
86852
86861
86869
86878
86884
86901
86907
86912
86913
86922
86927
86932
86934
86946
86981
86987
86988
86989
86993
87017
87027
87029
87040
87052
87056
87058
87070
87090
87091
87096
87100
87101
87105
87113
87115
87125
87126
87135
87141
87151
87199
87205
87207
87208
87210
87213
87214
87216
87219
87225
87248
87249
87263
87266
87272
87282
87308
87320
87327
87328
87334
87356
87363
87364
87378
87382
87387
87393
87399
87409
87419
87429
87435
87443
87450
87465
87479
87489
87493
87501
87507
87509
87513
87518
87522
87525
87553
87554
87567
87569
87574
87588
87595
87598
87602
87604
87607
87610
87612
87616
87617
87618
87629
87642
87647
87649
87652
87655
87662
87671
87672
87680
87681
87705
87718
87738
87739
87740
87743
87756
87762
87811
87813
87850
87851
87862
87864
87871
87880
87885
87889
87890
87891
87912
87920
87928
87933
87956
87980
87986
87987
87998
88021
88023
88034
88045
88047
88068
88072
88082
88084
88087
88092
88094
88110
88120
88123
88136
88140
88155
88162
88165
88168
88183
88185
88192
88200
88208
88210
88214
88225
88229
88244
88252
88267
88270
88274
88282
88286
88287
88315
88324
88325
88330
88332
88335
88339
88344
88360
88388
88401
88412
88419
88425
88433
88436
88445
88449
88455
88458
88477
88487
88499
88507
88513
88514
88527
88538
88540
88552
88556
88560
88562
88567
88572
88576
88582
88592
88603
88605
88608
88609
88635
88640
88647
88653
88663
88671
88682
88695
88697
88719
88720
88723
88730
88741
88754
88759
88770
88780
88802
88803
88815
88817
88825
88835
88845
88854
88859
88860
88866
88895
88897
88899
88913
88920
88925
88928
88929
88931
88950
88956
88983
88988
88999
89012
89027
89032
89033
89047
89051
89052
89062
89071
89092
89093
89095
89099
89103
89109
89112
89115
89119
89124
89128
89132
89141
89147
89150
89154
89155
89158
89166
89174
89181
89187
89188
89202
89203
89207
89208
89210
89212
89225
89227
89228
89230
89236
89238
89248
89253
89254
89266
89268
89273
89281
89285
89288
89293
89298
89329
89340
89350
89355
89362
89367
89369
89378
89390
89391
89397
89407
89411
89425
89430
89432
89445
89446
89462
89468
89487
89515
89518
89519
89520
89549
89557
89558
89571
89579
89580
89589
89598
89602
89616
89618
89629
89643
89651
89652
89654
89696
89703
89707
89741
89743
89753
89754
89765
89770
89773
89787
89788
89790
89792
89813
89814
89835
89838
89839
89848
89859
89877
89881
89882
89884
89898
89902
89905
89906
89908
89914
89915
89921
89922
89930
89931
89939
89943
89947
89991
89992
89999
90011
90020
90024
90040
90052
90061
90067
90084
90103
90122
90125
90138
90139
90145
90146
90148
90149
90154
90169
90173
90196
90201
90216
90218
90232
90237
90238
90239
90251
90255
90258
90277
90278
90287
90293
90306
90307
90311
90319
90322
90324
90328
90331
90341
90343
90344
90346
90351
90358
90359
90373
90374
90393
90428
90429
90432
90442
90444
90464
90476
90488
90490
90498
90509
90516
90519
90523
90560
90566
90569
90570
90572
90573
90582
90592
90594
90615
90616
90628
90640
90645
90646
90659
90675
90678
90679
90707
90708
90712
90732
90739
90744
90751
90754
90778
90782
90787
90793
90801
90802
90804
90814
90830
90836
90839
90843
90862
90864
90869
90882
90884
90914
90925
90959
90961
90962
90964
90983
90989
90991
91009
91023
91025
91041
91045
91052
91055
91056
91057
91079
91105
91110
91120
91123
91137
91149
91154
91155
91159
91171
91172
91177
91188
91234
91257
91263
91267
91276
91279
91283
91285
91288
91289
91301
91307
91310
91318
91326
91336
91337
91348
91349
91353
91359
91360
91366
91373
91374
91378
91379
91387
91394
91402
91408
91411
91416
91436
91440
91442
91451
91465
91469
91482
91520
91523
91527
91530
91541
91544
91545
91547
91558
91581
91595
91604
91612
91617
91636
91637
91638
91639
91642
91643
91656
91666
91667
91670
91675
91681
91696
91697
91707
91708
91712
91715
91721
91725
91743
91751
91756
91759
91780
91795
91796
91804
91808
91821
91833
91839
91841
91842
91849
91852
91867
91868
91883
91886
91891
91902
91909
91911
91912
91917
91926
91928
91935
91948
91949
91960
91969
91989
91994
91996
91998
92001
92006
92016
92020
92028
92041
92054
92060
92066
92067
92081
92088
92089
92093
92096
92098
92115
92122
92131
92134
92136
92153
92165
92170
92173
92188
92190
92197
92198
92205
92206
92207
92212
92216
92217
92218
92219
92221
92230
92247
92257
92269
92274
92288
92301
92319
92323
92331
92332
92335
92336
92338
92339
92340
92342
92344
92346
92353
92363
92366
92380
92402
92411
92415
92420
92428
92462
92464
92478
92480
92519
92543
92553
92557
92559
92575
92601
92602
92627
92634
92639
92644
92646
92648
92649
92656
92658
92661
92675
92678
92683
92684
92685
92686
92691
92694
92696
92700
92702
92710
92721
92729
92731
92738
92746
92747
92752
92753
92760
92761
92765
92768
92776
92781
92799
92804
92813
92815
92818
92835
92840
92847
92861
92869
92879
92881
92894
92904
92909
92910
92914
92916
92928
92935
92951
92953
92957
92974
92975
92985
92988
92990
92998
93000
93015
93018
93025
93030
93034
93068
93070
93075
93078
93083
93089
93090
93106
93116
93120
93127
93133
93139
93140
93141
93156
93175
93176
93183
93191
93230
93232
93243
93246
93247
93258
93262
93267
93269
93274
93276
93279
93280
93287
93298
93314
93329
93332
93333
93356
93357
93363
93378
93382
93384
93400
93402
93403
93411
93417
93424
93430
93434
93435
93441
93451
93465
93469
93472
93476
93483
93493
93511
93519
93534
93535
93553
93554
93576
93579
93580
93586
93587
93597
93599
93600
93607
93611
93612
93620
93621
93641
93644
93649
93655
93657
93670
93673
93675
93677
93685
93686
93712
93713
93724
93725
93730
93732
93735
93736
93740
93746
93748
93756
93763
93765
93766
93771
93773
93789
93791
93793
93803
93806
93809
93826
93838
93842
93851
93852
93853
93860
93875
93883
93885
93894
93916
93923
93946
93953
93959
93964
93971
93985
93992
94000
94002
94004
94010
94012
94015
94026
94031
94033
94046
94049
94052
94055
94061
94079
94087
94092
94097
94120
94127
94132
94140
94150
94155
94156
94163
94174
94179
94194
94199
94201
94202
94210
94223
94245
94248
94260
94268
94271
94299
94317
94318
94319
94323
94334
94340
94350
94360
94379
94382
94388
94390
94392
94405
94409
94412
94419
94420
94422
94427
94439
94453
94459
94487
94501
94513
94526
94527
94531
94536
94544
94548
94549
94558
94566
94569
94570
94577
94589
94593
94599
94607
94610
94618
94619
94625
94631
94651
94660
94664
94666
94674
94678
94681
94687
94700
94701
94702
94714
94718
94723
94745
94746
94760
94766
94769
94770
94774
94793
94795
94807
94817
94823
94837
94841
94846
94859
94863
94865
94877
94893
94920
94922
94925
94926
94936
94940
94949
94951
94952
94971
94975
94984
94996
95003
95018
95019
95020
95025
95027
95029
95034
95039
95051
95061
95062
95063
95079
95081
95096
95099
95100
95105
95106
95111
95113
95117
95123
95124
95159
95161
95171
95176
95178
95185
95201
95202
95203
95210
95211
95213
95224
95227
95241
95243
95249
95251
95257
95258
95266
95267
95273
95278
95283
95295
95297
95308
95319
95321
95336
95337
95341
95358
95371
95380
95383
95409
95417
95418
95422
95430
95455
95474
95476
95483
95486
95493
95501
95506
95509
95517
95518
95520
95526
95533
95535
95559
95562
95569
95583
95592
95595
95611
95612
95622
95633
95659
95667
95670
95676
95677
95692
95702
95711
95726
95744
95749
95752
95753
95757
95770
95774
95789
95793
95808
95809
95812
95828
95832
95841
95850
95854
95864
95866
95867
95872
95873
95875
95879
95880
95902
95903
95908
95916
95924
95929
95944
95948
95950
95951
95959
95989
95990
95999
96006
96008
96027
96030
96043
96046
96048
96054
96056
96067
96073
96082
96084
96097
96101
96105
96107
96110
96130
96132
96177
96183
96189
96193
96207
96208
96215
96222
96223
96226
96241
96250
96254
96288
96294
96298
96303
96304
96306
96307
96311
96315
96338
96339
96351
96368
96378
96402
96414
96420
96421
96436
96450
96457
96463
96475
96488
96490
96496
96497
96500
96512
96526
96530
96538
96539
96557
96564
96566
96568
96573
96582
96589
96596
96615
96622
96625
96628
96633
96638
96640
96653
96660
96664
96670
96684
96689
96690
96693
96702
96705
96711
96712
96723
96728
96732
96737
96745
96746
96748
96754
96755
96757
96762
96765
96769
96785
96790
96793
96800
96804
96820
96826
96828
96832
96854
96859
96877
96881
96884
96894
96897
96925
96931
96946
96969
96973
96984
96986
96998
97006
97010
97021
97023
97032
97036
97040
97048
97049
97053
97056
97057
97065
97078
97080
97092
97094
97095
97097
97104
97130
97131
97146
97170
97173
97191
97194
97209
97211
97213
97218
97219
97229
97240
97248
97249
97264
97270
97272
97283
97296
97314
97315
97321
97330
97362
97363
97365
97367
97369
97371
97372
97376
97379
97391
97396
97406
97411
97423
97427
97428
97431
97434
97450
97458
97465
97479
97483
97492
97502
97503
97504
97507
97514
97519
97526
97529
97530
97534
97539
97540
97561
97563
97568
97577
97579
97580
97591
97592
97595
97596
97598
97613
97614
97626
97632
97633
97646
97656
97660
97661
97662
97667
97672
97682
97683
97685
97693
97696
97712
97722
97724
97729
97733
97743
97748
97759
97782
97795
97800
97801
97808
97809
97818
97822
97825
97844
97849
97857
97858
97861
97864
97865
97868
97871
97878
97882
97892
97895
97899
97902
97913
97914
97916
97922
97936
97939
97946
97951
97958
97964
97967
97976
97989
97998
97999
98002
98013
98029
98031
98034
98038
98043
98046
98047
98048
98054
98064
98095
98098
98123
98127
98137
98141
98159
98162
98179
98182
98187
98190
98193
98194
98205
98210
98213
98232
98233
98242
98260
98276
98278
98279
98280
98283
98284
98290
98298
98304
98318
98322
98345
98350
98355
98361
98385
98390
98405
98408
98413
98425
98431
98434
98447
98471
98476
98479
98480
98493
98494
98502
98503
98510
98514
98523
98550
98554
98560
98564
98590
98592
98596
98599
98601
98616
98619
98629
98636
98641
98642
98656
98658
98672
98683
98689
98694
98717
98721
98732
98746
98748
98752
98760
98785
98801
98820
98830
98832
98836
98841
98859
98864
98867
98872
98878
98881
98882
98892
98895
98903
98904
98915
98922
98924
98925
98927
98937
98939
98940
98943
98944
98950
98956
98965
98973
98983
98989
99004
99008
99025
99026
99030
99041
99046
99062
99063
99064
99065
99067
99070
99073
99081
99099
99104
99108
99112
99115
99119
99129
99135
99139
99159
99162
99170
99177
99179
99180
99184
99186
99192
99211
99218
99219
99222
99229
99230
99238
99245
99252
99260
99265
99293
99303
99308
99313
99336
99341
99348
99349
99354
99363
99372
99392
99398
99402
99410
99415
99416
99417
99422
99424
99425
99451
99453
99466
99476
99477
99481
99511
99515
99518
99519
99522
99536
99539
99548
99567
99568
99580
99581
99583
99584
99592
99598
99599
99604
99607
99615
99619
99620
99623
99626
99629
99632
99645
99657
99658
99676
99681
99701
99707
99718
99724
99727
99728
99734
99736
99745
99753
99755
99785
99788
99790
99794
99798
99803
99807
99808
99817
99840
99844
99847
99851
99856
99874
99875
99888
99893
99900
99902
99908
99910
99933
99937
99938
99941
99942
99952
99956
99964
99965
99966
99968
99981
99988
99990
99995
99997
100001
100010
100012
100020
100021
100034
100050
100078
100081
100083
100090
100095
100098
100111
100124
100142
100157
100159
100166
100169
100177
100187
100203
100207
100209
100215
100222
100223
100226
100231
100234
100245
100253
100271
100273
100277
100282
100300
100306
100311
100312
100316
100319
100331
100344
100345
100354
100378
100386
100396
100409
100430
100434
100438
100439
100448
100454
100482
100485
100499
100503
100516
100519
100535
100539
100542
100543
100553
100558
100560
100563
100564
100579
100581
100586
100588
100594
100599
100603
100604
100611
100638
100642
100647
100652
100665
100667
100668
100669
100678
100686
100687
100711
100717
100726
100753
100777
100798
100801
100811
100812
100817
100821
100827
100848
100850
100855
100859
100865
100895
100896
100901
100902
100909
100910
100912
100918
100930
100958
100959
100964
100973
100975
100977
100978
100985
100990
101013
101014
101017
101031
101033
101038
101053
101059
101065
101069
101070
101079
101084
101088
101090
101094
101100
101110
101115
101140
101157
101172
101180
101183
101189
101194
101195
101211
101215
101218
101234
101239
101241
101243
101246
101248
101249
101252
101310
101312
101319
101328
101348
101354
101355
101369
101390
101401
101411
101414
101435
101450
101456
101467
101468
101476
101479
101485
101491
101503
101510
101515
101530
101531
101548
101552
101559
101560
101564
101569
101572
101573
101575
101586
101594
101597
101602
101620
101622
101626
101630
101632
101636
101646
101656
101687
101697
101703
101715
101719
101736
101738
101749
101750
101752
101753
101766
101781
101794
101806
101814
101816
101820
101822
101826
101828
101832
101839
101842
101860
101863
101873
101874
101877
101882
101891
101892
101894
101904
101906
101913
101919
101931
101933
101936
101948
101952
101960
101966
101969
101978
101979
101985
101989
102004
102024
102029
102030
102037
102056
102059
102071
102076
102090
102096
102111
102116
102118
102133
102137
102143
102159
102163
102166
102171
102175
102184
102190
102191
102202
102205
102208
102210
102220
102225
102235
102240
102256
102278
102281
102288
102290
102300
102306
102307
102315
102319
102329
102330
102349
102353
102355
102357
102370
102377
102387
102400
102405
102420
102432
102437
102439
102446
102451
102460
102461
102466
102471
102473
102478
102488
102497
102503
102506
102517
102529
102532
102540
102546
102550
102555
102568
102576
102577
102588
102599
102607
102609
102625
102630
102632
102655
102667
102668
102669
102672
102684
102704
102706
102718
102734
102735
102739
102741
102746
102754
102757
102763
102765
102766
102771
102778
102787
102822
102834
102835
102837
102843
102848
102851
102858
102862
102863
102872
102885
102903
102904
102906
102908
102910
102923
102928
102930
102935
102942
102947
102974
102976
102978
102987
102989
103018
103030
103033
103035
103059
103083
103086
103089
103095
103098
103108
103114
103119
103122
103125
103127
103128
103134
103137
103161
103163
103166
103223
103227
103230
103231
103250
103251
103252
103260
103261
103267
103287
103297
103315
103318
103320
103332
103335
103338
103348
103356
103361
103366
103380
103383
103393
103401
103404
103413
103414
103419
103427
103431
103435
103437
103455
103460
103462
103485
103486
103488
103490
103491
103496
103498
103499
103502
103504
103509
103512
103516
103522
103536
103538
103539
103547
103549
103556
103558
103566
103571
103575
103578
103579
103581
103589
103603
103612
103613
103628
103631
103642
103667
103676
103678
103687
103692
103697
103699
103705
103710
103711
103720
103722
103726
103730
103737
103747
103758
103759
103773
103775
103778
103791
103797
103815
103817
103818
103821
103822
103837
103839
103851
103855
103863
103870
103873
103877
103881
103890
103902
103904
103927
103929
103931
103932
103935
103936
103940
103954
103966
103969
103970
103973
103978
104006
104020
104021
104023
104025
104026
104044
104046
104052
104053
104067
104075
104079
104091
104097
104099
104112
104124
104126
104127
104137
104146
104150
104166
104174
104176
104177
104185
104188
104211
104221
104234
104248
104249
104255
104265
104273
104277
104282
104299
104304
104309
104325
104326
104327
104328
104337
104340
104343
104344
104349
104365
104368
104381
104384
104389
104392
104393
104395
104400
104403
104406
104417
104422
104425
104432
104443
104444
104452
104453
104466
104470
104485
104486
104487
104493
104494
104495
104504
104505
104510
104537
104541
104542
104543
104550
104556
104559
104563
104585
104588
104591
104592
104596
104602
104607
104621
104624
104625
104626
104629
104631
104638
104647
104661
104683
104685
104689
104691
104696
104711
104715
104724
104734
104739
104747
104751
104752
104768
104788
104792
104796
104800
104801
104809
104811
104817
104821
104841
104842
104844
104846
104879
104884
104885
104888
104891
104893
104919
104931
104935
104943
104953
104956
104965
104973
104974
104977
104980
104982
104994
104999
105011
105015
105021
105026
105027
105030
105035
105040
105047
105052
105053
105055
105058
105063
105066
105075
105079
105108
105110
105114
105115
105119
105139
105156
105168
105177
105179
105184
105192
105195
105200
105219
105220
105222
105228
105234
105237
105252
105282
105291
105293
105303
105310
105332
105339
105349
105358
105364
105374
105386
105388
105389
105399
105401
105402
105418
105426
105444
105448
105452
105465
105470
105472
105473
105478
105480
105482
105504
105511
105515
105516
105518
105520
105529
105531
105532
105538
105545
105546
105547
105561
105564
105576
105582
105589
105590
105594
105600
105603
105605
105622
105623
105633
105640
105643
105647
105658
105666
105668
105685
105688
105689
105708
105711
105714
105718
105728
105732
105733
105751
105756
105757
105767
105768
105781
105782
105783
105786
105800
105804
105812
105817
105825
105830
105844
105853
105863
105865
105867
105872
105877
105879
105884
105885
105888
105899
105901
105903
105904
105921
105933
105936
105945
105951
105952
105960
105961
105973
105974
105976
105987
105994
105996
105998
106001
106003
106010
106025
106029
106033
106046
106047
106051
106067
106072
106073
106096
106100
106107
106113
106119
106120
106123
106143
106144
106148
106150
106151
106166
106168
106172
106180
106191
106199
106202
106206
106210
106216
106222
106228
106244
106269
106272
106275
106287
106290
106314
106315
106329
106331
106335
106338
106339
106344
106346
106351
106352
106363
106364
106371
106375
106382
106392
106397
106411
106419
106430
106438
106453
106459
106463
106470
106471
106484
106487
106497
106499
106504
106508
106513
106517
106521
106525
106537
106545
106557
106562
106567
106575
106596
106614
106615
106617
106624
106635
106637
106638
106641
106646
106652
106657
106660
106661
106664
106666
106677
106704
106714
106722
106739
106748
106755
106756
106772
106774
106786
106788
106792
106793
106794
106799
106804
106810
106813
106817
106820
106830
106832
106834
106835
106836
106843
106849
106851
106865
106874
106900
106909
106920
106941
106963
106964
106978
106981
106993
106994
107001
107004
107009
107011
107019
107020
107035
107051
107052
107054
107068
107072
107073
107084
107097
107105
107119
107123
107135
107138
107140
107147
107148
107150
107156
107157
107169
107175
107176
107183
107191
107204
107205
107212
107225
107227
107233
107234
107239
107244
107247
107257
107277
107304
107305
107313
107340
107346
107353
107357
107360
107362
107367
107375
107376
107384
107386
107389
107394
107421
107424
107425
107428
107430
107438
107495
107501
107516
107518
107527
107535
107541
107558
107564
107565
107571
107578
107584
107586
107593
107596
107609
107617
107619
107625
107628
107638
107641
107650
107656
107658
107661
107664
107670
107672
107678
107683
107686
107691
107701
107705
107729
107735
107741
107745
107753
107766
107767
107770
107781
107782
107787
107797
107800
107838
107839
107840
107843
107846
107853
107858
107862
107881
107884
107900
107903
107922
107935
107939
107959
107960
107963
107964
107969
107970
107974
107975
107990
108019
108034
108042
108049
108051
108056
108075
108091
108094
108100
108101
108111
108123
108130
108140
108144
108152
108154
108155
108156
108164
108170
108187
108189
108193
108201
108208
108212
108217
108221
108224
108228
108238
108240
108254
108266
108272
108274
108282
108293
108301
108303
108313
108321
108327
108355
108360
108375
108384
108407
108425
108429
108431
108439
108446
108451
108463
108470
108472
108484
108492
108499
108500
108501
108505
108514
108528
108531
108540
108541
108557
108566
108572
108575
108582
108589
108598
108599
108606
108620
108642
108645
108651
108668
108670
108679
108681
108688
108701
108708
108722
108725
108739
108748
108751
108758
108762
108769
108803
108810
108819
108826
108835
108838
108841
108850
108859
108865
108876
108879
108892
108896
108897
108898
108904
108944
108953
108965
108987
108991
109008
109010
109012
109041
109042
109046
109050
109060
109061
109076
109077
109078
109084
109088
109092
109095
109097
109102
109117
109119
109125
109136
109139
109141
109145
109146
109151
109164
109174
109182
109190
109199
109203
109208
109213
109218
109219
109224
109229
109231
109232
109277
109278
109281
109290
109296
109308
109314
109316
109323
109324
109338
109340
109351
109357
109359
109361
109370
109386
109390
109399
109403
109412
109414
109417
109423
109425
109444
109450
109454
109477
109482
109483
109486
109487
109488
109502
109503
109506
109509
109513
109515
109521
109522
109524
109532
109537
109539
109560
109561
109580
109588
109591
109599
109600
109602
109608
109612
109622
109629
109640
109666
109673
109679
109699
109700
109738
109746
109761
109766
109774
109776
109778
109791
109816
109819
109823
109836
109838
109848
109851
109858
109862
109863
109869
109872
109889
109894
109895
109896
109908
109924
109937
109939
109950
109971
109973
109986
110000
110006
110013
110019
110026
110027
110030
110034
110046
110048
110052
110060
110081
110087
110089
110090
110092
110094
110105
110108
110123
110136
110138
110142
110156
110157
110170
110187
110204
110209
110231
110233
110240
110251
110252
110265
110269
110287
110313
110327
110330
110353
110357
110371
110381
110392
110393
110404
110415
110417
110423
110431
110434
110435
110437
110439
110442
110459
110460
110473
110480
110482
110484
110488
110490
110500
110501
110509
110514
110530
110536
110544
110547
110551
110560
110562
110573
110574
110587
110593
110596
110597
110604
110616
110617
110618
110634
110658
110665
110672
110693
110697
110704
110710
110718
110723
110724
110735
110748
110758
110761
110765
110769
110777
110779
110780
110790
110792
110794
110797
110798
110809
110811
110819
110821
110829
110841
110857
110877
110881
110894
110901
110906
110934
110944
110962
110982
110984
111000
111010
111017
111022
111024
111030
111031
111032
111043
111045
111048
111054
111062
111067
111076
111099
111104
111109
111118
111121
111124
111129
111140
111142
111148
111157
111188
111189
111194
111195
111211
111224
111235
111241
111244
111259
111262
111266
111277
111281
111289
111311
111322
111325
111330
111338
111341
111347
111352
111369
111371
111385
111388
111406
111409
111416
111417
111422
111425
111432
111434
111436
111447
111448
111455
111489
111490
111525
111526
111535
111536
111543
111546
111547
111549
111568
111573
111574
111583
111593
111598
111604
111612
111624
111629
111635
111644
111646
111648
111649
111661
111673
111680
111683
111694
111705
111714
111716
111737
111749
111750
111754
111756
111759
111768
111777
111788
111789
111799
111806
111807
111811
111812
111819
111820
111823
111825
111831
111840
111842
111845
111864
111873
111874
111888
111889
111907
111909
111910
111911
111922
111930
111933
111936
111940
111943
111944
111955
111967
111968
111969
111970
111972
111998
112011
112022
112029
112031
112059
112065
112066
112069
112078
112085
112093
112096
112114
112122
112124
112126
112137
112160
112166
112182
112201
112207
112208
112212
112226
112235
112250
112253
112269
112272
112286
112289
112337
112349
112358
112362
112363
112372
112377
112385
112394
112409
112410
112437
112443
112453
112459
112478
112480
112486
112493
112497
112536
112553
112562
112568
112572
112574
112581
112582
112584
112586
112591
112604
112608
112614
112619
112639
112656
112661
112664
112673
112677
112688
112692
112698
112703
112706
112707
112708
112720
112726
112732
112737
112739
112751
112757
112769
112783
112785
112793
112801
112807
112811
112816
112830
112832
112836
112841
112849
112860
112865
112882
112896
112899
112904
112905
112915
112922
112938
112941
112949
112950
112959
112978
112980
112992
112995
113001
113019
113021
113023
113026
113032
113037
113040
113041
113049
113052
113058
113082
113095
113112
113123
113132
113139
113140
113142
113144
113147
113152
113159
113166
113173
113192
113199
113205
113211
113212
113223
113233
113244
113246
113248
113251
113252
113259
113261
113276
113282
113293
113294
113309
113310
113315
113317
113326
113328
113333
113334
113369
113370
113385
113391
113393
113397
113402
113408
113412
113436
113440
113449
113455
113473
113488
113493
113501
113504
113512
113521
113525
113533
113537
113559
113561
113571
113588
113590
113594
113598
113606
113617
113619
113660
113668
113672
113676
113678
113698
113700
113701
113707
113721
113722
113724
113725
113736
113745
113756
113757
113772
113801
113828
113846
113851
113857
113860
113879
113880
113890
113893
113898
113905
113914
113929
113935
113951
113952
113962
113970
113975
113977
113979
113982
113985
113989
113991
113998
114024
114025
114027
114028
114033
114034
114035
114045
114052
114055
114060
114061
114068
114079
114083
114087
114108
114132
114139
114140
114141
114142
114144
114147
114152
114158
114162
114169
114172
114174
114175
114177
114183
114185
114187
114194
114204
114222
114225
114226
114229
114235
114239
114240
114249
114256
114258
114269
114282
114286
114288
114291
114303
114310
114313
114316
114317
114326
114338
114340
114341
114348
114352
114353
114375
114389
114392
114399
114401
114403
114404
114408
114414
114421
114424
114453
114458
114459
114468
114473
114474
114481
114500
114503
114510
114515
114519
114535
114540
114541
114559
114561
114579
114586
114598
114617
114629
114630
114634
114648
114652
114653
114657
114661
114668
114673
114674
114684
114686
114692
114697
114701
114703
114705
114710
114717
114718
114729
114732
114744
114745
114759
114776
114786
114788
114790
114801
114815
114820
114822
114828
114830
114843
114844
114846
114854
114855
114861
114868
114870
114879
114880
114886
114917
114920
114925
114937
114940
114943
114945
114946
114947
114954
114968
114972
114978
114979
115003
115005
115006
115014
115018
115028
115042
115043
115055
115056
115060
115075
115086
115089
115102
115108
115113
115117
115126
115128
115146
115151
115156
115158
115162
115169
115218
115222
115226
115229
115237
115243
115251
115260
115270
115275
115282
115296
115305
115314
115316
115319
115342
115345
115355
115356
115359
115363
115365
115370
115374
115392
115400
115404
115419
115421
115422
115442
115455
115459
115465
115485
115502
115505
115515
115518
115519
115521
115524
115544
115569
115571
115579
115584
115590
115604
115616
115618
115619
115626
115633
115635
115636
115638
115639
115645
115652
115667
115676
115700
115707
115718
115719
115721
115741
115743
115752
115765
115772
115776
115791
115793
115796
115804
115823
115829
115830
115845
115846
115854
115862
115864
115866
115875
115893
115902
115911
115912
115917
115924
115927
115930
115939
115942
115950
115954
115959
115967
115970
115992
116003
116004
116006
116010
116017
116023
116026
116032
116037
116043
116046
116048
116049
116061
116064
116067
116074
116083
116088
116096
116100
116126
116131
116132
116133
116147
116149
116155
116166
116173
116181
116185
116196
116202
116210
116220
116223
116224
116229
116261
116268
116270
116272
116286
116316
116326
116334
116336
116339
116341
116353
116354
116356
116358
116361
116377
116389
116397
116398
116402
116405
116431
116434
116455
116462
116466
116480
116497
116502
116503
116512
116517
116556
116557
116562
116570
116574
116577
116582
116588
116592
116601
116618
116625
116633
116650
116656
116663
116667
116675
116677
116678
116694
116696
116708
116712
116723
116725
116732
116735
116740
116755
116771
116783
116794
116803
116804
116827
116831
116832
116834
116851
116854
116861
116872
116881
116882
116887
116900
116911
116927
116936
116944
116951
116956
116957
116963
116968
116982
116988
117014
117016
117028
117031
117034
117037
117040
117049
117059
117060
117061
117071
117089
117093
117094
117095
117098
117112
117114
117116
117119
117121
117125
117127
117137
117156
117178
117182
117184
117192
117201
117205
117218
117222
117223
117229
117230
117250
117283
117286
117300
117302
117304
117310
117317
117319
117321
117325
117327
117349
117352
117366
117371
117377
117380
117389
117400
117403
117404
117413
117417
117424
117428
117432
117445
117447
117458
117466
117471
117494
117496
117497
117507
117508
117514
117515
117527
117528
117530
117532
117535
117542
117555
117563
117584
117585
117601
117608
117636
117637
117639
117644
117667
117674
117676
117677
117679
117683
117690
117691
117701
117704
117721
117736
117759
117764
117770
117772
117774
117781
117784
117786
117788
117796
117821
117836
117838
117839
117849
117857
117867
117871
117884
117891
117899
117916
117922
117935
117937
117939
117941
117946
117961
117973
117979
117987
117988
117991
117993
117998
118019
118027
118034
118051
118061
118069
118076
118081
118086
118097
118104
118106
118108
118109
118110
118113
118124
118140
118150
118154
118162
118167
118169
118171
118181
118186
118191
118199
118207
118219
118234
118237
118239
118246
118249
118256
118260
118272
118278
118296
118302
118312
118330
118343
118344
118347
118356
118363
118366
118369
118378
118404
118406
118407
118412
118431
118432
118436
118447
118450
118457
118459
118465
118471
118480
118514
118534
118535
118542
118544
118550
118563
118564
118581
118590
118605
118606
118612
118614
118627
118638
118642
118674
118679
118680
118682
118690
118694
118697
118703
118726
118730
118736
118740
118741
118743
118745
118769
118771
118778
118785
118787
118788
118794
118802
118811
118827
118837
118839
118840
118846
118848
118866
118867
118870
118895
118906
118911
118916
118920
118925
118929
118934
118936
118960
118964
118965
118966
118968
118970
118974
118989
118994
119002
119016
119021
119023
119026
119027
119034
119036
119047
119053
119057
119061
119065
119075
119081
119087
119093
119101
119113
119115
119118
119120
119129
119134
119139
119141
119146
119157
119166
119169
119192
119195
119207
119214
119225
119226
119244
119247
119248
119263
119276
119294
119297
119299
119304
119308
119337
119357
119360
119361
119370
119373
119379
119384
119402
119404
119423
119441
119443
119449
119458
119469
119476
119488
119492
119494
119502
119505
119513
119521
119523
119534
119535
119540
119547
119551
119555
119560
119561
119563
119571
119581
119600
119604
119617
119618
119621
119636
119640
119647
119666
119678
119686
119693
119709
119710
119714
119729
119730
119743
119748
119752
119755
119760
119761
119765
119766
119773
119785
119787
119798
119799
119802
119805
119808
119815
119822
119834
119837
119845
119849
119854
119860
119868
119870
119876
119882
119884
119904
119909
119916
119923
119939
119953
119964
119966
119974
119979
119982
119993
119994
120006
120007
120018
120021
120032
120037
120038
120044
120052
120059
120061
120070
120099
120118
120120
120125
120145
120147
120155
120159
120162
120178
120179
120185
120188
120207
120224
120230
120234
120241
120246
120247
120248
120254
120259
120274
120285
120320
120329
120333
120335
120340
120347
120356
120357
120360
120370
120375
120376
120380
120398
120399
120400
120407
120411
120412
120414
120416
120428
120431
120441
120472
120475
120490
120491
120509
120511
120524
120527
120529
120535
120537
120541
120544
120566
120592
120595
120613
120632
120642
120643
120644
120655
120674
120676
120682
120697
120703
120706
120718
120737
120743
120745
120747
120767
120771
120776
120778
120782
120783
120785
120792
120811
120818
120826
120872
120887
120907
120926
120939
120952
120961
120964
120966
120969
120971
120994
121000
121001
121006
121014
121018
121040
121046
121047
121052
121056
121068
121083
121087
121106
121110
121123
121142
121143
121152
121154
121162
121167
121168
121172
121174
121181
121193
121196
121210
121211
121219
121222
121226
121229
121232
121235
121237
121255
121263
121316
121318
121322
121344
121349
121350
121351
121358
121361
121363
121365
121366
121372
121381
121393
121420
121430
121441
121442
121445
121446
121448
121452
121453
121454
121457
121472
121503
121519
121521
121526
121530
121534
121535
121555
121556
121557
121560
121562
121565
121570
121572
121582
121589
121598
121599
121602
121611
121612
121613
121615
121618
121619
121632
121633
121644
121649
121651
121661
121663
121666
121677
121682
121683
121693
121706
121709
121716
121718
121720
121731
121748
121749
121754
121769
121778
121779
121782
121785
121788
121792
121795
121812
121817
121824
121826
121827
121839
121841
121849
121857
121867
121869
121873
121875
121879
121891
121897
121901
121903
121904
121929
121938
121943
121949
121951
121952
121954
121959
121961
121989
121997
122001
122020
122029
122040
122047
122051
122064
122073
122093
122097
122105
122109
122118
122120
122123
122135
122142
122147
122157
122161
122163
122164
122182
122188
122189
122199
122208
122213
122216
122229
122231
122232
122235
122239
122250
122251
122252
122259
122263
122264
122266
122267
122274
122277
122281
122300
122302
122314
122317
122335
122350
122354
122355
122356
122357
122360
122362
122382
122388
122394
122405
122413
122418
122419
122436
122438
122440
122453
122457
122460
122467
122469
122476
122498
122511
122527
122537
122542
122549
122551
122582
122583
122586
122602
122605
122631
122639
122667
122678
122682
122688
122694
122709
122731
122747
122750
122752
122763
122766
122777
122780
122782
122786
122796
122798
122802
122818
122834
122839
122851
122854
122857
122861
122863
122867
122869
122871
122896
122899
122902
122916
122918
122934
122937
122939
122945
122948
122953
122954
122955
122973
122981
122982
122983
122997
122998
123008
123013
123017
123023
123028
123038
123041
123067
123071
123074
123083
123117
123119
123125
123127
123136
123137
123142
123147
123155
123166
123172
123176
123177
123184
123190
123201
123208
123214
123244
123247
123260
123262
123269
123282
123286
123289
123298
123306
123310
123312
123333
123336
123359
123360
123366
123371
123378
123382
123389
123411
123412
123413
123444
123445
123453
123456
123457
123462
123469
123473
123512
123514
123532
123535
123539
123544
123545
123552
123555
123558
123568
123570
123579
123582
123612
123614
123622
123627
123639
123642
123647
123674
123677
123692
123699
123704
123711
123719
123721
123731
123749
123753
123757
123762
123766
123770
123776
123777
123791
123797
123799
123800
123810
123824
123835
123842
123843
123848
123849
123851
123855
123862
123867
123878
123892
123907
123909
123914
123920
123921
123923
123935
123939
123944
123949
123964
123968
123974
123975
123980
123995
124002
124004
124013
124028
124030
124052
124055
124069
124101
124102
124106
124117
124122
124124
124128
124135
124152
124167
124169
124174
124178
124182
124188
124197
124202
124210
124224
124243
124262
124279
124280
124291
124297
124306
124311
124325
124327
124347
124349
124360
124364
124365
124367
124387
124397
124408
124416
124419
124429
124452
124456
124462
124466
124473
124477
124486
124501
124525
124532
124562
124567
124569
124571
124578
124580
124591
124593
124599
124601
124607
124609
124614
124615
124617
124620
124622
124627
124629
124643
124647
124652
124654
124663
124684
124694
124703
124707
124711
124712
124715
124723
124728
124736
124737
124739
124751
124760
124764
124765
124766
124786
124796
124800
124803
124804
124805
124811
124824
124827
124829
124832
124834
124835
124840
124841
124850
124859
124861
124873
124876
124893
124903
124907
124911
124924
124927
124930
124931
124934
124935
124949
124952
124979
124985
124991
124994
124995
125015
125017
125036
125051
125059
125071
125077
125085
125091
125098
125107
125115
125116
125117
125118
125120
125125
125128
125135
125160
125168
125180
125188
125193
125208
125213
125218
125228
125230
125234
125244
125247
125259
125266
125270
125275
125286
125311
125314
125316
125317
125321
125322
125341
125350
125351
125352
125353
125365
125374
125375
125380
125390
125404
125407
125429
125452
125464
125468
125485
125494
125512
125513
125524
125527
125539
125541
125547
125548
125550
125552
125555
125556
125575
125590
125597
125603
125626
125632
125633
125651
125652
125655
125656
125661
125662
125667
125672
125673
125684
125686
125687
125689
125690
125693
125694
125698
125700
125703
125707
125718
125720
125724
125725
125727
125729
125735
125746
125769
125773
125774
125785
125814
125815
125817
125821
125822
125829
125840
125845
125848
125860
125870
125873
125882
125908
125909
125910
125919
125920
125955
125958
125971
125978
125983
125995
125998
126001
126020
126024
126027
126028
126044
126045
126047
126054
126064
126067
126070
126073
126075
126096
126097
126098
126104
126123
126126
126135
126144
126163
126180
126182
126192
126198
126200
126203
126204
126229
126230
126235
126238
126239
126246
126253
126255
126257
126260
126263
126264
126265
126281
126282
126288
126299
126301
126305
126317
126319
126340
126347
126352
126355
126356
126371
126375
126388
126389
126408
126409
126429
126433
126434
126437
126447
126470
126483
126489
126497
126512
126521
126524
126531
126538
126552
126564
126583
126590
126606
126608
126610
126612
126613
126625
126628
126631
126634
126647
126651
126657
126659
126678
126681
126686
126687
126688
126696
126699
126707
126709
126714
126719
126727
126728
126732
126733
126734
126737
126743
126744
126748
126755
126757
126766
126770
126798
126803
126808
126809
126814
126815
126816
126822
126826
126832
126833
126856
126870
126895
126906
126907
126910
126915
126925
126931
126936
126947
126950
126959
126967
126974
126978
126992
126995
127007
127035
127037
127042
127044
127050
127055
127067
127068
127073
127074
127076
127084
127096
127098
127100
127103
127115
127120
127122
127129
127134
127136
127153
127170
127189
127196
127202
127235
127240
127259
127267
127268
127278
127279
127284
127286
127296
127298
127301
127306
127313
127324
127330
127339
127342
127360
127381
127388
127393
127400
127405
127407
127418
127441
127450
127451
127454
127474
127499
127510
127514
127515
127516
127520
127522
127531
127535
127550
127553
127555
127556
127558
127560
127575
127576
127581
127585
127586
127588
127596
127603
127612
127615
127619
127620
127622
127629
127632
127657
127659
127669
127671
127681
127699
127702
127704
127712
127718
127721
127729
127743
127750
127751
127775
127786
127788
127799
127801
127807
127809
127810
127823
127830
127832
127834
127841
127842
127843
127856
127863
127865
127869
127871
127873
127880
127882
127892
127905
127910
127911
127912
127921
127926
127932
127945
127965
127967
127971
127984
127986
127990
127994
127997
128002
128008
128012
128013
128014
128020
128022
128034
128058
128059
128072
128076
128093
128106
128110
128113
128116
128117
128119
128127
128135
128137
128140
128142
128154
128168
128172
128180
128181
128201
128211
128215
128222
128224
128245
128248
128254
128258
128264
128275
128277
128278
128281
128282
128286
128290
128297
128299
128312
128320
128327
128334
128351
128377
128385
128392
128395
128398
128402
128429
128431
128434
128441
128450
128460
128462
128463
128468
128480
128482
128500
128503
128512
128514
128515
128516
128518
128539
128553
128557
128560
128561
128567
128570
128581
128586
128599
128602
128607
128608
128615
128621
128632
128647
128649
128665
128682
128691
128704
128706
128709
128715
128729
128732
128736
128750
128756
128770
128826
128829
128830
128833
128837
128838
128848
128849
128850
128858
128885
128905
128912
128920
128921
128922
128929
128939
128942
128955
128957
128963
128969
128972
128974
128977
128978
128987
128998
129001
129004
129007
129030
129031
129032
129037
129041
129056
129060
129064
129065
129067
129068
129071
129072
129097
129100
129108
129117
129129
129133
129139
129141
129142
129143
129159
129166
129175
129187
129192
129201
129205
129216
129223
129246
129247
129254
129257
129262
129272
129278
129285
129314
129327
129331
129334
129339
129347
129359
129361
129370
129371
129379
129397
129407
129415
129420
129433
129436
129437
129438
129439
129440
129462
129490
129502
129509
129510
129511
129512
129520
129544
129547
129548
129551
129557
129563
129565
129566
129568
129571
129576
129586
129595
129599
129604
129610
129613
129628
129631
129645
129648
129659
129663
129672
129690
129700
129706
129707
129712
129722
129725
129726
129735
129738
129753
129758
129765
129766
129771
129781
129784
129786
129800
129801
129803
129813
129820
129821
129852
129855
129860
129862
129864
129871
129886
129888
129897
129912
129914
129918
129925
129926
129951
129956
129957
129971
129977
129980
129982
130000
130007
130011
130017
130024
130030
130043
130047
130053
130062
130069
130076
130081
130088
130093
130096
130099
130100
130111
130116
130118
130120
130122
130132
130142
130164
130175
130180
130183
130184
130215
130225
130228
130239
130240
130245
130262
130271
130275
130280
130286
130287
130291
130295
130313
130314
130318
130320
130328
130337
130339
130352
130357
130361
130362
130366
130394
130399
130401
130402
130406
130411
130413
130419
130432
130437
130440
130456
130458
130473
130485
130492
130501
130506
130512
130513
130516
130517
130518
130522
130524
130528
130534
130538
130540
130553
130563
130564
130581
130592
130598
130607
130610
130619
130624
130645
130663
130666
130677
130685
130718
130732
130733
130735
130740
130741
130749
130757
130768
130773
130786
130791
130807
130812
130816
130834
130838
130839
130849
130851
130856
130865
130869
130872
130875
130885
130886
130888
130892
130897
130908
130909
130914
130921
130949
130955
130967
130971
130972
130984
130992
130993
130997
131007
131011
131018
131030
131031
131044
131058
131063
131075
131084
131089
131101
131108
131113
131115
131127
131152
131160
131162
131172
131174
131197
131203
131208
131211
131215
131225
131245
131276
131277
131279
131280
131282
131299
131315
131335
131339
131342
131343
131352
131361
131364
131366
131373
131374
131376
131416
131418
131419
131427
131434
131450
131465
131467
131470
131485
131486
131487
131493
131494
131498
131509
131511
131522
131534
131539
131547
131572
131579
131580
131581
131589
131593
131595
131597
131611
131612
131617
131621
131661
131665
131674
131678
131697
131703
131721
131735
131742
131743
131763
131764
131780
131800
131804
131812
131815
131816
131825
131833
131840
131847
131856
131865
131869
131879
131902
131909
131911
131913
131915
131918
131919
131920
131927
131937
131942
131961
131967
131969
131976
131978
131979
131980
132000
132019
132024
132038
132042
132057
132059
132067
132077
132099
132102
132104
132114
132120
132121
132132
132136
132137
132141
132143
132147
132170
132182
132189
132196
132210
132212
132217
132219
132223
132258
132265
132272
132288
132294
132298
132299
132307
132310
132316
132317
132328
132336
132362
132385
132386
132393
132394
132395
132406
132412
132422
132430
132476
132493
132494
132495
132500
132503
132509
132510
132515
132516
132520
132521
132527
132529
132533
132540
132548
132552
132554
132564
132565
132568
132571
132573
132574
132576
132591
132607
132615
132617
132621
132626
132638
132644
132646
132652
132668
132669
132670
132683
132698
132710
132719
132724
132733
132746
132750
132760
132768
132773
132776
132778
132789
132791
132793
132816
132826
132836
132838
132841
132860
132874
132883
132888
132889
132901
132908
132913
132944
132953
132954
132959
132973
132982
132984
132987
132991
132997
133002
133004
133011
133013
133025
133042
133050
133060
133063
133071
133078
133090
133104
133110
133113
133114
133119
133142
133145
133146
133166
133167
133175
133183
133194
133208
133210
133229
133257
133275
133279
133281
133284
133291
133294
133298
133308
133315
133327
133329
133331
133369
133384
133386
133403
133410
133436
133449
133464
133467
133470
133476
133482
133486
133490
133492
133503
133505
133508
133510
133527
133532
133537
133540
133543
133549
133556
133559
133576
133580
133594
133596
133608
133609
133611
133615
133619
133620
133627
133629
133634
133641
133648
133650
133654
133660
133667
133679
133680
133688
133690
133697
133722
133727
133730
133739
133766
133812
133827
133831
133835
133836
133839
133845
133850
133867
133869
133876
133905
133908
133912
133923
133927
133928
133933
133937
133939
133940
133963
133964
133981
133990
133994
133999
134001
134007
134010
134032
134033
134037
134039
134053
134068
134071
134075
134077
134078
134079
134098
134100
134103
134113
134128
134133
134144
134165
134169
134176
134177
134178
134185
134193
134198
134206
134211
134227
134240
134255
134262
134265
134271
134278
134285
134286
134290
134297
134302
134309
134325
134339
134344
134351
134362
134366
134378
134383
134386
134396
134447
134454
134459
134460
134479
134486
134490
134494
134496
134503
134506
134510
134518
134520
134537
134543
134551
134552
134555
134558
134564
134574
134575
134586
134589
134596
134599
134606
134618
134620
134622
134624
134639
134643
134644
134648
134657
134688
134691
134697
134703
134705
134712
134715
134721
134738
134747
134754
134760
134769
134770
134772
134779
134782
134799
134807
134815
134818
134819
134825
134829
134832
134835
134837
134841
134849
134857
134858
134870
134888
134893
134907
134914
134918
134924
134926
134937
134940
134948
134958
134981
134986
135015
135023
135029
135038
135045
135057
135065
135071
135082
135086
135094
135113
135116
135117
135122
135125
135135
135139
135149
135155
135163
135171
135210
135229
135237
135242
135244
135250
135258
135263
135266
135270
135275
135281
135287
135288
135292
135326
135327
135332
135336
135338
135344
135345
135348
135356
135361
135369
135392
135397
135399
135412
135424
135436
135438
135442
135453
135460
135463
135467
135472
135478
135480
135482
135483
135486
135497
135499
135508
135513
135524
135538
135539
135566
135576
135577
135578
135579
135585
135589
135592
135607
135608
135613
135620
135626
135627
135628
135638
135664
135666
135671
135676
135683
135685
135690
135708
135714
135733
135735
135744
135748
135749
135754
135756
135759
135763
135772
135785
135794
135796
135797
135815
135820
135822
135836
135846
135900
135907
135920
135937
135938
135955
135959
135965
135966
135975
135976
135984
135989
135996
136008
136014
136015
136026
136032
136042
136043
136064
136070
136088
136092
136093
136123
136129
136131
136140
136142
136143
136145
136184
136185
136200
136202
136212
136227
136229
136230
136240
136241
136245
136250
136260
136267
136270
136285
136289
136300
136302
136310
136312
136316
136328
136331
136343
136346
136350
136360
136365
136369
136384
136394
136396
136415
136433
136440
136445
136458
136461
136468
136493
136501
136503
136512
136539
136541
136555
136563
136565
136570
136575
136595
136596
136624
136641
136642
136644
136651
136652
136653
136661
136663
136664
136670
136672
136673
136680
136683
136687
136699
136700
136701
136718
136720
136721
136732
136734
136736
136757
136764
136768
136770
136780
136785
136790
136811
136819
136820
136832
136833
136836
136841
136846
136849
136860
136870
136886
136896
136900
136903
136905
136908
136911
136922
136928
136932
136938
136943
136949
136953
136963
136970
136971
136979
136988
136992
137003
137028
137029
137042
137052
137056
137072
137075
137085
137090
137100
137105
137108
137115
137118
137120
137127
137130
137134
137140
137150
137156
137173
137178
137181
137202
137203
137220
137221
137227
137228
137230
137238
137241
137250
137256
137260
137271
137274
137281
137288
137297
137300
137301
137304
137315
137330
137332
137339
137341
137362
137365
137366
137370
137371
137377
137378
137382
137387
137395
137396
137402
137406
137407
137408
137412
137442
137451
137475
137479
137490
137491
137496
137501
137516
137552
137560
137564
137571
137573
137577
137579
137586
137609
137612
137617
137622
137654
137658
137666
137674
137681
137682
137690
137694
137699
137701
137703
137711
137715
137724
137745
137748
137767
137778
137787
137788
137798
137803
137808
137809
137810
137822
137824
137826
137829
137830
137832
137838
137844
137849
137859
137861
137877
137884
137886
137888
137892
137911
137918
137926
137931
137938
137953
137954
137961
137963
137967
137992
137993
138008
138022
138025
138036
138040
138054
138064
138070
138073
138075
138078
138086
138092
138095
138096
138100
138103
138114
138116
138117
138119
138127
138131
138134
138151
138175
138179
138180
138185
138186
138189
138195
138200
138201
138204
138207
138217
138220
138248
138258
138265
138271
138276
138284
138288
138290
138299
138315
138347
138351
138367
138368
138370
138385
138387
138401
138405
138434
138435
138436
138453
138461
138473
138477
138482
138488
138496
138501
138503
138514
138517
138518
138521
138529
138536
138547
138549
138553
138562
138567
138569
138571
138573
138579
138582
138585
138589
138591
138595
138601
138618
138621
138629
138641
138644
138656
138659
138670
138675
138684
138704
138713
138728
138730
138741
138742
138747
138749
138760
138768
138772
138780
138785
138789
138805
138807
138814
138821
138830
138834
138838
138846
138851
138861
138871
138878
138890
138891
138905
138910
138915
138921
138922
138935
138937
138948
138956
138961
138963
138970
138975
138977
138995
139000
139004
139009
139011
139012
139039
139040
139042
139065
139068
139072
139083
139095
139109
139111
139113
139120
139124
139127
139139
139140
139141
139147
139150
139151
139152
139157
139163
139165
139166
139169
139173
139183
139198
139211
139214
139215
139216
139230
139237
139240
139248
139249
139258
139261
139263
139270
139272
139275
139276
139285
139291
139294
139296
139309
139324
139327
139336
139339
139344
139345
139353
139359
139380
139389
139390
139397
139409
139428
139429
139440
139457
139468
139469
139472
139475
139494
139496
139500
139503
139507
139512
139518
139523
139526
139530
139538
139539
139549
139551
139555
139571
139586
139590
139595
139598
139604
139612
139614
139617
139618
139623
139637
139639
139645
139658
139665
139679
139686
139696
139711
139712
139728
139729
139739
139740
139748
139749
139758
139763
139775
139780
139781
139782
139789
139811
139815
139817
139831
139836
139856
139865
139878
139887
139897
139904
139907
139915
139917
139921
139930
139932
139944
139945
139948
139952
139953
139956
139969
139970
139973
139982
139983
139984
139987
139992
139994
140006
140007
140008
140020
140028
140029
140042
140043
140048
140065
140068
140073
140074
140080
140087
140088
140092
140100
140108
140115
140122
140151
140152
140155
140174
140179
140180
140188
140197
140204
140209
140231
140236
140243
140247
140263
140278
140284
140291
140294
140304
140307
140308
140312
140322
140328
140332
140333
140340
140346
140347
140349
140351
140365
140373
140387
140388
140416
140432
140438
140445
140450
140454
140465
140473
140481
140487
140488
140490
140493
140501
140507
140529
140542
140545
140563
140575
140581
140585
140617
140623
140627
140630
140633
140634
140642
140648
140651
140661
140666
140667
140671
140690
140693
140696
140700
140708
140717
140724
140738
140743
140762
140768
140776
140783
140785
140787
140801
140816
140821
140826
140831
140843
140860
140865
140867
140883
140898
140908
140909
140919
140935
140936
140940
140943
140954
140963
140983
140984
140988
140990
140992
140999
141002
141003
141005
141013
141015
141017
141040
141056
141065
141101
141102
141108
141114
141121
141135
141143
141146
141153
141158
141160
141163
141180
141181
141197
141200
141204
141205
141207
141224
141228
141236
141247
141251
141256
141263
141271
141278
141283
141302
141304
141330
141334
141336
141342
141346
141348
141382
141386
141387
141400
141413
141414
141416
141426
141429
141447
141453
141482
141492
141496
141501
141509
141510
141519
141520
141532
141543
141554
141557
141566
141574
141576
141581
141586
141603
141608
141616
141634
141651
141652
141654
141668
141673
141678
141682
141692
141702
141710
141711
141712
141723
141759
141760
141766
141779
141785
141800
141809
141825
141828
141842
141850
141851
141855
141857
141860
141862
141874
141879
141882
141887
141889
141893
141920
141922
141923
141927
141941
141946
141947
141952
141962
141965
141988
141996
142000
142002
142014
142016
142034
142051
142053
142056
142080
142098
142100
142108
142123
142129
142153
142168
142187
142191
142208
142225
142229
142240
142246
142248
142249
142257
142259
142261
142262
142263
142269
142276
142291
142299
142321
142337
142342
142346
142349
142350
142352
142357
142360
142364
142380
142386
142390
142393
142402
142413
142418
142420
142426
142428
142431
142439
142440
142454
142466
142481
142484
142500
142510
142532
142537
142545
142547
142552
142557
142561
142562
142563
142564
142565
142570
142574
142587
142599
142629
142637
142646
142665
142666
142667
142674
142680
142687
142689
142697
142698
142711
142718
142726
142735
142742
142746
142749
142761
142767
142771
142774
142779
142793
142794
142803
142804
142815
142822
142824
142825
142826
142847
142859
142866
142879
142891
142896
142924
142934
142940
142941
142942
142949
142953
142958
142969
142970
142977
142981
142985
143003
143006
143009
143017
143024
143030
143040
143064
143067
143089
143098
143101
143103
143107
143119
143120
143123
143125
143129
143132
143140
143143
143151
143154
143158
143164
143168
143170
143171
143182
143186
143192
143198
143215
143217
143221
143224
143231
143234
143247
143252
143258
143263
143269
143275
143277
143286
143305
143306
143320
143331
143333
143334
143342
143346
143348
143358
143359
143367
143370
143379
143382
143383
143386
143387
143392
143401
143436
143439
143440
143445
143453
143457
143458
143470
143478
143479
143482
143483
143490
143499
143503
143510
143516
143521
143526
143528
143530
143532
143538
143540
143541
143553
143554
143559
143560
143563
143569
143576
143578
143582
143607
143623
143629
143630
143636
143637
143653
143655
143664
143665
143666
143696
143699
143711
143713
143717
143733
143737
143749
143756
143764
143767
143777
143781
143783
143789
143797
143800
143811
143841
143845
143870
143874
143876
143900
143901
143904
143908
143921
143926
143927
143936
143941
143944
143948
143952
143958
143959
143965
143974
143975
143989
143992
144000
144007
144018
144022
144025
144033
144036
144049
144056
144065
144079
144088
144091
144093
144130
144139
144162
144178
144179
144180
144193
144202
144203
144227
144228
144230
144242
144243
144246
144251
144252
144258
144269
144272
144273
144289
144298
144305
144322
144330
144337
144345
144353
144358
144365
144371
144372
144373
144379
144383
144388
144391
144394
144419
144430
144431
144436
144438
144444
144449
144453
144467
144468
144470
144481
144486
144488
144497
144502
144503
144522
144530
144534
144538
144539
144552
144560
144562
144574
144580
144582
144586
144590
144597
144599
144608
144610
144618
144620
144641
144646
144660
144666
144694
144703
144705
144715
144717
144723
144727
144734
144746
144772
144795
144804
144814
144817
144831
144832
144836
144851
144862
144863
144870
144874
144878
144881
144896
144904
144906
144907
144929
144935
144937
144938
144944
144951
144961
144965
144971
144983
144992
144994
145015
145019
145025
145039
145047
145061
145101
145113
145127
145128
145129
145139
145140
145149
145153
145161
145163
145178
145179
145180
145186
145188
145189
145191
145199
145208
145209
145211
145212
145214
145215
145217
145227
145231
145238
145260
145262
145264
145288
145292
145295
145311
145318
145325
145335
145337
145348
145351
145360
145361
145375
145378
145383
145385
145405
145408
145409
145411
145422
145436
145444
145447
145448
145452
145460
145462
145497
145499
145502
145503
145518
145520
145523
145526
145528
145538
145542
145551
145562
145570
145593
145604
145606
145610
145621
145628
145629
145631
145637
145638
145642
145645
145668
145679
145684
145685
145690
145693
145718
145722
145727
145728
145734
145736
145738
145741
145746
145747
145748
145750
145751
145757
145761
145792
145793
145794
145809
145820
145823
145824
145831
145834
145841
145843
145845
145849
145862
145898
145903
145911
145915
145921
145926
145935
145945
145978
145989
145994
146004
146015
146042
146049
146053
146076
146078
146084
146091
146096
146103
146112
146120
146123
146126
146150
146151
146162
146163
146171
146186
146188
146190
146193
146208
146215
146219
146224
146226
146235
146236
146240
146253
146254
146256
146272
146274
146276
146294
146313
146315
146317
146324
146348
146389
146397
146398
146401
146420
146436
146440
146448
146449
146454
146467
146469
146481
146487
146492
146501
146504
146510
146513
146533
146560
146561
146568
146584
146589
146599
146602
146611
146614
146620
146623
146626
146627
146638
146640
146645
146646
146649
146654
146656
146675
146676
146701
146705
146710
146723
146738
146742
146751
146757
146760
146773
146785
146786
146801
146805
146819
146830
146837
146849
146850
146855
146857
146861
146865
146871
146881
146885
146907
146910
146926
146936
146954
146961
146963
146965
146972
146973
146979
146988
147000
147012
147025
147042
147049
147051
147052
147054
147058
147060
147068
147073
147076
147082
147088
147091
147094
147101
147103
147105
147115
147122
147128
147132
147134
147140
147148
147154
147165
147172
147173
147174
147179
147187
147192
147195
147204
147211
147226
147228
147250
147259
147270
147277
147278
147283
147289
147294
147300
147303
147309
147314
147319
147331
147337
147346
147347
147366
147371
147375
147386
147392
147393
147404
147409
147422
147429
147442
147443
147444
147448
147459
147466
147471
147482
147488
147492
147505
147506
147520
147526
147538
147543
147545
147551
147556
147568
147569
147574
147576
147577
147586
147590
147593
147595
147597
147600
147623
147624
147635
147646
147653
147659
147667
147674
147681
147685
147694
147701
147710
147718
147721
147735
147743
147746
147753
147760
147769
147772
147775
147778
147780
147782
147787
147788
147793
147798
147806
147823
147829
147830
147835
147839
147846
147865
147872
147896
147897
147904
147913
147919
147921
147930
147931
147934
147941
147958
147960
147961
147963
147970
147971
147972
147973
147979
147980
147983
148024
148032
148034
148042
148047
148055
148067
148077
148085
148099
148101
148122
148128
148129
148144
148146
148165
148168
148170
148176
148188
148193
148205
148206
148208
148217
148229
148230
148239
148240
148243
148267
148276
148280
148282
148295
148297
148318
148329
148343
148344
148353
148361
148366
148373
148375
148385
148392
148395
148398
148409
148415
148422
148427
148437
148444
148452
148474
148480
148502
148506
148517
148525
148526
148531
148540
148541
148542
148549
148551
148554
148568
148570
148583
148584
148587
148591
148602
148634
148635
148639
148642
148646
148655
148668
148676
148677
148727
148737
148747
148773
148780
148781
148785
148792
148807
148809
148810
148811
148824
148827
148841
148843
148852
148855
148860
148871
148879
148898
148901
148911
148924
148931
148937
148938
148955
148956
148963
148965
148969
148977
148983
148994
149014
149017
149030
149036
149060
149079
149085
149086
149091
149095
149115
149123
149127
149150
149155
149157
149165
149184
149185
149192
149197
149204
149221
149223
149228
149230
149233
149237
149250
149263
149268
149272
149280
149298
149305
149306
149314
149320
149327
149331
149343
149356
149357
149358
149364
149366
149371
149388
149394
149410
149414
149424
149434
149442
149446
149449
149458
149464
149467
149470
149498
149500
149539
149550
149551
149554
149555
149566
149571
149572
149588
149592
149604
149610
149615
149616
149623
149641
149643
149645
149646
149669
149676
149679
149682
149686
149726
149737
149738
149739
149755
149763
149774
149780
149783
149791
149810
149812
149817
149833
149834
149842
149849
149863
149871
149874
149878
149881
149884
149892
149896
149903
149912
149916
149918
149921
149938
149961
149962
149973
149974
149993
149996
150017
150026
150032
150037
150044
150049
150053
150074
150080
150082
150088
150091
150100
150117
150126
150127
150137
150144
150148
150151
150158
150161
150164
150184
150185
150192
150196
150197
150198
150208
150235
150258
150267
150276
150284
150286
150292
150300
150314
150317
150331
150342
150354
150358
150361
150367
150372
150385
150410
150421
150427
150435
150455
150462
150477
150480
150500
150508
150512
150533
150537
150538
150541
150546
150552
150558
150559
150599
150614
150623
150636
150639
150640
150646
150650
150652
150671
150675
150677
150686
150703
150746
150754
150763
150769
150772
150773
150797
150799
150821
150834
150838
150843
150858
150867
150872
150874
150877
150888
150908
150911
150931
150939
150942
150943
150955
150958
150969
150981
150986
150989
150999
151016
151050
151074
151075
151081
151084
151095
151101
151112
151124
151125
151130
151138
151141
151159
151163
151172
151192
151196
151200
151211
151214
151227
151229
151231
151236
151237
151250
151254
151259
151267
151273
151277
151287
151289
151291
151299
151300
151318
151322
151324
151327
151328
151330
151334
151338
151339
151351
151352
151353
151364
151371
151382
151394
151396
151403
151406
151408
151441
151466
151483
151486
151492
151493
151497
151499
151521
151523
151524
151528
151546
151563
151564
151566
151567
151570
151575
151576
151577
151581
151583
151585
151587
151589
151594
151599
151611
151619
151637
151646
151655
151658
151664
151669
151670
151671
151678
151699
151702
151704
151709
151729
151732
151733
151739
151742
151756
151757
151758
151764
151777
151778
151781
151783
151787
151790
151801
151807
151822
151826
151830
151831
151833
151840
151844
151848
151854
151859
151862
151864
151869
151877
151885
151892
151893
151896
151911
151927
151934
151945
151954
151956
151959
151965
151970
151978
151979
151988
152000
152004
152012
152019
152036
152038
152041
152056
152060
152079
152084
152096
152099
152111
152146
152158
152162
152176
152202
152211
152237
152245
152252
152258
152261
152269
152273
152281
152286
152293
152294
152298
152299
152309
152320
152326
152327
152328
152333
152336
152340
152354
152360
152385
152389
152397
152398
152403
152405
152406
152425
152429
152431
152434
152436
152459
152479
152482
152492
152499
152501
152502
152505
152525
152529
152530
152531
152543
152556
152557
152564
152566
152573
152578
152582
152588
152598
152600
152609
152614
152621
152623
152626
152628
152632
152633
152648
152650
152657
152659
152664
152668
152689
152693
152701
152702
152711
152722
152725
152729
152733
152746
152751
152764
152769
152781
152808
152812
152815
152819
152844
152871
152886
152914
152915
152922
152933
152942
152946
152954
152958
152962
152963
152965
152974
152976
152992
152994
153008
153013
153019
153031
153036
153038
153039
153041
153042
153052
153061
153064
153067
153072
153074
153080
153083
153104
153123
153130
153134
153140
153159
153186
153190
153194
153202
153204
153205
153207
153219
153224
153231
153249
153262
153267
153270
153279
153300
153321
153332
153344
153368
153380
153394
153397
153426
153445
153455
153460
153462
153466
153475
153476
153486
153495
153506
153520
153542
153543
153559
153563
153570
153572
153573
153574
153577
153578
153591
153601
153604
153609
153616
153620
153624
153631
153634
153638
153639
153652
153655
153656
153666
153671
153674
153677
153685
153692
153709
153710
153716
153717
153730
153733
153734
153736
153749
153754
153764
153776
153790
153803
153811
153814
153817
153822
153824
153827
153829
153847
153856
153864
153865
153871
153880
153882
153888
153892
153896
153909
153920
153921
153923
153931
153938
153965
153971
153976
153985
153994
154002
154007
154008
154013
154020
154037
154053
154057
154062
154068
154071
154073
154083
154090
154095
154096
154123
154124
154139
154145
154148
154154
154168
154171
154189
154193
154202
154204
154210
154220
154222
154230
154244
154245
154254
154257
154263
154274
154289
154305
154324
154329
154337
154342
154343
154345
154346
154351
154352
154354
154362
154369
154373
154377
154379
154399
154424
154451
154452
154462
154478
154496
154497
154502
154503
154518
154520
154547
154564
154567
154576
154584
154587
154589
154590
154597
154600
154616
154621
154625
154652
154667
154677
154680
154685
154689
154693
154701
154704
154708
154710
154717
154721
154739
154752
154754
154755
154772
154783
154785
154794
154798
154816
154830
154835
154846
154847
154854
154861
154868
154869
154877
154879
154880
154884
154888
154892
154898
154907
154911
154916
154927
154928
154931
154955
154965
154971
154987
154994
155007
155012
155029
155047
155049
155058
155061
155076
155090
155097
155105
155106
155107
155117
155125
155131
155138
155160
155165
155170
155177
155189
155191
155192
155194
155198
155216
155219
155221
155231
155244
155245
155253
155262
155268
155270
155285
155292
155299
155302
155306
155312
155317
155319
155323
155340
155344
155356
155364
155373
155379
155386
155401
155417
155448
155449
155450
155461
155465
155466
155470
155478
155488
155496
155498
155505
155509
155519
155543
155546
155549
155588
155591
155624
155644
155645
155652
155666
155671
155687
155696
155705
155719
155735
155739
155754
155763
155774
155775
155776
155777
155794
155795
155806
155811
155823
155861
155862
155864
155873
155883
155885
155892
155894
155897
155908
155912
155914
155930
155936
155937
155939
155941
155942
155954
155981
155993
155995
155997
155998
156002
156026
156029
156035
156043
156045
156060
156066
156069
156073
156084
156090
156098
156100
156102
156104
156125
156126
156135
156152
156156
156170
156171
156175
156180
156184
156192
156197
156202
156204
156213
156221
156232
156236
156242
156246
156259
156260
156282
156296
156301
156302
156312
156320
156323
156324
156328
156341
156349
156367
156370
156375
156391
156404
156406
156416
156425
156471
156480
156487
156497
156500
156503
156504
156510
156511
156512
156527
156534
156543
156572
156593
156594
156604
156608
156609
156620
156624
156628
156630
156636
156637
156651
156652
156682
156685
156687
156695
156696
156700
156701
156704
156716
156727
156747
156756
156757
156759
156763
156776
156802
156812
156824
156833
156834
156835
156836
156846
156849
156852
156869
156885
156889
156891
156895
156904
156910
156914
156935
156939
156955
156958
156963
156969
156985
156986
157001
157006
157016
157017
157019
157020
157026
157029
157037
157049
157052
157053
157063
157085
157093
157102
157105
157108
157109
157112
157125
157133
157153
157155
157158
157160
157172
157184
157186
157190
157192
157194
157199
157202
157214
157215
157219
157220
157230
157231
157237
157239
157260
157266
157269
157271
157278
157283
157288
157314
157321
157344
157350
157352
157356
157358
157368
157370
157371
157377
157380
157393
157397
157405
157416
157417
157424
157426
157450
157462
157469
157476
157486
157491
157503
157516
157519
157526
157539
157554
157581
157586
157588
157592
157593
157594
157603
157617
157618
157621
157635
157636
157639
157642
157645
157651
157653
157656
157657
157675
157693
157696
157700
157704
157707
157708
157714
157726
157771
157778
157783
157793
157801
157804
157806
157811
157862
157866
157872
157875
157876
157883
157918
157920
157923
157926
157933
157938
157940
157942
157944
157948
157955
157958
157960
157961
157986
157989
157991
158000
158005
158015
158017
158020
158031
158035
158036
158038
158043
158044
158051
158055
158058
158077
158084
158087
158099
158105
158107
158118
158127
158130
158133
158137
158143
158167
158169
158182
158183
158186
158195
158196
158198
158201
158207
158212
158222
158223
158225
158272
158276
158279
158286
158288
158292
158293
158299
158302
158307
158322
158326
158333
158334
158335
158342
158344
158353
158359
158362
158378
158384
158391
158412
158414
158420
158421
158428
158440
158443
158445
158451
158466
158485
158497
158498
158501
158507
158515
158540
158563
158567
158582
158583
158588
158601
158602
158607
158625
158628
158641
158647
158676
158680
158684
158694
158700
158701
158708
158713
158717
158718
158722
158726
158729
158737
158747
158757
158759
158760
158786
158787
158794
158795
158801
158806
158810
158818
158821
158823
158841
158846
158849
158853
158861
158869
158873
158876
158882
158887
158897
158908
158913
158914
158915
158922
158924
158933
158947
158950
158957
158964
158965
158977
158982
158989
158994
158996
159013
159026
159030
159038
159044
159061
159069
159070
159072
159075
159081
159100
159105
159109
159128
159135
159151
159152
159175
159176
159198
159199
159203
159213
159215
159223
159225
159231
159233
159240
159250
159260
159269
159280
159285
159296
159320
159324
159331
159340
159346
159357
159370
159372
159374
159375
159376
159377
159398
159400
159402
159409
159418
159421
159436
159440
159453
159463
159465
159472
159475
159482
159495
159504
159507
159521
159530
159551
159554
159558
159562
159567
159577
159582
159592
159601
159606
159608
159609
159627
159634
159640
159649
159662
159667
159683
159704
159714
159715
159723
159729
159731
159736
159738
159740
159763
159768
159774
159790
159808
159820
159823
159828
159832
159842
159850
159854
159856
159889
159898
159900
159923
159926
159929
159948
159952
159953
159954
159957
159963
159965
159969
159970
159971
159972
159974
159979
159981
159987
159993
160001
160004
160009
160013
160014
160016
160028
160031
160037
160057
160064
160085
160089
160101
160102
160104
160106
160126
160142
160152
160159
160166
160171
160181
160183
160185
160186
160188
160190
160195
160201
160211
160214
160226
160229
160232
160233
160238
160239
160254
160255
160259
160264
160267
160273
160276
160278
160290
160291
160294
160302
160307
160313
160325
160330
160337
160341
160345
160351
160380
160402
160403
160407
160414
160420
160421
160423
160428
160433
160443
160456
160459
160463
160471
160480
160482
160483
160490
160496
160498
160501
160503
160509
160516
160524
160531
160535
160542
160549
160559
160573
160580
160585
160586
160596
160597
160602
160607
160610
160614
160624
160628
160629
160647
160652
160653
160658
160660
160669
160670
160679
160688
160691
160694
160703
160708
160712
160726
160735
160740
160741
160743
160761
160773
160810
160811
160815
160818
160823
160824
160828
160836
160837
160840
160844
160848
160855
160858
160860
160866
160872
160875
160890
160893
160899
160900
160910
160913
160926
160931
160932
160933
160938
160940
160944
160952
160963
160967
160968
160970
160974
160994
160996
161006
161010
161011
161015
161027
161028
161033
161047
161051
161054
161056
161060
161071
161079
161084
161093
161101
161112
161121
161124
161141
161144
161157
161187
161190
161193
161218
161222
161227
161228
161229
161231
161234
161242
161244
161246
161251
161262
161280
161287
161289
161304
161328
161333
161337
161349
161352
161367
161370
161381
161383
161384
161386
161414
161434
161438
161447
161451
161465
161505
161510
161515
161517
161546
161567
161578
161586
161595
161597
161599
161602
161603
161605
161610
161611
161622
161634
161635
161648
161664
161673
161686
161697
161719
161720
161725
161738
161743
161745
161749
161760
161777
161793
161796
161807
161809
161810
161812
161814
161818
161823
161840
161843
161856
161865
161871
161873
161877
161897
161917
161919
161927
161929
161930
161940
161941
161958
161962
161963
161970
161974
161983
161996
162007
162021
162023
162032
162033
162041
162046
162055
162067
162077
162083
162087
162088
162089
162102
162104
162109
162113
162144
162156
162161
162163
162177
162189
162193
162199
162204
162206
162215
162226
162227
162237
162249
162252
162256
162282
162283
162285
162309
162319
162322
162332
162343
162346
162355
162358
162362
162363
162375
162386
162390
162393
162396
162398
162411
162414
162419
162427
162429
162435
162445
162452
162454
162459
162475
162488
162520
162523
162524
162530
162547
162557
162558
162559
162561
162573
162578
162579
162580
162584
162592
162627
162641
162645
162654
162685
162692
162700
162703
162712
162717
162728
162735
162741
162747
162752
162753
162757
162760
162763
162769
162770
162774
162775
162780
162792
162799
162813
162818
162828
162829
162848
162855
162861
162867
162880
162882
162887
162902
162908
162930
162939
162952
162963
162965
162977
162989
162996
162998
163009
163010
163025
163033
163047
163065
163068
163076
163081
163084
163085
163089
163091
163095
163101
163103
163105
163112
163114
163125
163127
163128
163136
163138
163139
163167
163171
163175
163176
163180
163185
163186
163197
163220
163225
163229
163230
163234
163239
163242
163253
163255
163260
163263
163266
163273
163280
163281
163283
163289
163292
163297
163316
163319
163326
163331
163333
163348
163350
163358
163385
163387
163412
163435
163436
163442
163451
163457
163473
163474
163478
163479
163483
163485
163498
163506
163518
163525
163540
163543
163553
163559
163560
163565
163571
163575
163579
163591
163598
163599
163600
163615
163617
163683
163692
163707
163710
163713
163717
163723
163727
163728
163755
163764
163775
163777
163782
163812
163814
163818
163823
163828
163829
163840
163852
163866
163897
163903
163917
163921
163927
163929
163939
163962
163965
163970
163985
163991
163992
163999
164001
164005
164006
164013
164036
164040
164042
164043
164044
164076
164081
164093
164100
164102
164103
164105
164116
164128
164135
164142
164170
164183
164186
164200
164205
164208
164224
164234
164242
164249
164250
164262
164290
164292
164305
164310
164325
164327
164330
164339
164346
164348
164357
164360
164366
164381
164389
164391
164423
164435
164439
164440
164453
164462
164464
164469
164475
164485
164491
164493
164496
164499
164512
164521
164522
164534
164543
164548
164552
164553
164555
164564
164568
164572
164587
164594
164598
164600
164603
164617
164634
164635
164642
164655
164657
164659
164663
164672
164676
164680
164683
164687
164691
164694
164696
164698
164725
164727
164749
164751
164759
164772
164779
164780
164783
164786
164793
164810
164835
164842
164848
164856
164864
164871
164891
164893
164899
164901
164908
164910
164920
164924
164941
164951
164955
164972
164983
165009
165012
165014
165018
165029
165035
165036
165040
165046
165050
165055
165056
165057
165061
165063
165064
165071
165077
165086
165094
165100
165133
165147
165157
165160
165161
165162
165163
165164
165169
165172
165174
165199
165200
165203
165211
165225
165247
165248
165253
165265
165267
165291
165298
165319
165334
165341
165347
165350
165353
165359
165376
165384
165387
165388
165395
165401
165404
165410
165412
165419
165426
165436
165438
165455
165463
165464
165476
165488
165513
165522
165527
165531
165542
165546
165547
165550
165552
165559
165562
165571
165572
165589
165606
165607
165609
165610
165611
165638
165639
165643
165654
165658
165671
165674
165680
165684
165686
165688
165707
165727
165741
165742
165750
165753
165757
165760
165773
165792
165803
165820
165833
165835
165847
165852
165859
165862
165868
165883
165893
165945
165953
165955
165956
165960
165977
165986
165990
165999
166001
166003
166009
166018
166036
166043
166047
166056
166060
166067
166069
166073
166076
166082
166093
166120
166122
166126
166137
166141
166142
166163
166173
166179
166190
166200
166201
166205
166207
166225
166229
166230
166233
166236
166244
166254
166255
166261
166275
166291
166297
166303
166310
166328
166340
166344
166349
166354
166358
166375
166376
166386
166392
166395
166401
166408
166414
166420
166424
166430
166464
166465
166467
166474
166477
166481
166482
166489
166499
166503
166504
166506
166525
166529
166533
166536
166549
166551
166556
166560
166565
166586
166589
166592
166594
166598
166599
166621
166624
166630
166631
166637
166645
166650
166653
166657
166674
166678
166692
166693
166696
166699
166704
166713
166716
166731
166750
166751
166764
166776
166813
166828
166840
166848
166849
166853
166865
166868
166871
166874
166881
166889
166896
166913
166920
166926
166940
166948
166959
166975
166979
166985
166995
166997
166998
167002
167003
167006
167017
167021
167027
167028
167033
167057
167062
167074
167075
167082
167083
167110
167115
167123
167126
167169
167171
167178
167180
167184
167189
167220
167229
167235
167243
167245
167248
167264
167267
167270
167271
167273
167295
167300
167317
167337
167346
167347
167348
167352
167354
167355
167356
167369
167375
167383
167390
167393
167397
167408
167411
167426
167443
167450
167452
167456
167477
167480
167482
167489
167490
167494
167505
167506
167520
167525
167529
167533
167551
167553
167559
167564
167574
167583
167588
167593
167598
167603
167610
167621
167623
167634
167636
167640
167642
167644
167645
167649
167656
167668
167671
167675
167680
167683
167692
167695
167696
167724
167725
167728
167734
167743
167755
167765
167781
167783
167792
167795
167813
167818
167827
167843
167848
167851
167853
167854
167855
167862
167870
167892
167903
167908
167910
167913
167920
167927
167952
167962
167963
167968
167973
167989
167992
167994
167995
167996
168016
168020
168022
168031
168060
168061
168067
168083
168090
168093
168096
168097
168106
168108
168111
168121
168122
168127
168134
168141
168145
168147
168151
168161
168162
168173
168175
168187
168207
168215
168218
168231
168234
168239
168243
168248
168250
168259
168274
168282
168287
168291
168294
168296
168316
168317
168332
168334
168335
168340
168349
168353
168355
168356
168361
168367
168368
168371
168377
168387
168409
168413
168417
168422
168434
168451
168453
168472
168475
168480
168488
168491
168500
168505
168506
168508
168512
168521
168522
168527
168544
168546
168557
168563
168569
168571
168573
168580
168583
168584
168587
168607
168617
168622
168624
168627
168643
168650
168657
168661
168662
168683
168690
168692
168703
168713
168714
168716
168717
168730
168738
168739
168741
168746
168748
168758
168763
168774
168775
168779
168781
168797
168801
168804
168805
168806
168811
168812
168817
168822
168828
168832
168833
168837
168843
168845
168847
168854
168858
168865
168869
168873
168874
168890
168900
168903
168909
168926
168927
168932
168943
168953
168955
168963
168978
168991
168992
168993
168998
169003
169023
169026
169028
169032
169040
169047
169048
169054
169066
169086
169089
169094
169095
169100
169111
169116
169134
169143
169152
169155
169159
169165
169166
169171
169172
169179
169192
169197
169198
169200
169204
169226
169228
169233
169243
169245
169250
169262
169270
169287
169299
169318
169322
169330
169331
169334
169340
169351
169352
169353
169360
169382
169395
169436
169438
169448
169480
169486
169494
169495
169499
169500
169505
169510
169514
169527
169539
169547
169562
169573
169575
169576
169579
169584
169589
169599
169600
169602
169607
169612
169633
169634
169638
169640
169646
169648
169653
169656
169679
169682
169686
169690
169725
169732
169757
169763
169774
169779
169794
169800
169802
169803
169810
169826
169854
169858
169863
169865
169872
169878
169883
169885
169902
169907
169937
169945
169962
169972
169975
169984
169986
169991
169995
170000
170007
170008
170015
170035
170040
170045
170048
170053
170069
170072
170077
170080
170101
170106
170107
170108
170118
170119
170122
170125
170127
170130
170139
170147
170162
170172
170173
170178
170180
170181
170190
170193
170208
170211
170221
170227
170232
170235
170267
170273
170291
170292
170293
170308
170311
170312
170323
170325
170336
170340
170352
170366
170371
170388
170389
170390
170393
170394
170398
170401
170406
170411
170425
170432
170436
170439
170442
170464
170476
170483
170485
170506
170513
170516
170517
170525
170529
170540
170558
170562
170601
170602
170616
170623
170629
170630
170636
170640
170658
170666
170683
170687
170689
170695
170700
170706
170712
170716
170729
170751
170754
170766
170779
170784
170785
170786
170809
170813
170834
170846
170849
170852
170857
170865
170874
170877
170882
170885
170888
170902
170914
170917
170925
170929
170937
170950
170952
170953
170962
170974
170975
170982
170992
171011
171012
171016
171017
171026
171038
171045
171053
171063
171064
171075
171081
171103
171105
171107
171109
171126
171139
171155
171158
171179
171180
171181
171192
171194
171199
171201
171210
171239
171241
171255
171262
171269
171270
171272
171281
171284
171287
171289
171297
171310
171321
171335
171339
171351
171353
171360
171363
171371
171374
171378
171380
171384
171413
171422
171435
171443
171449
171461
171464
171472
171479
171483
171524
171536
171539
171546
171548
171566
171581
171584
171585
171590
171595
171601
171603
171607
171622
171647
171648
171649
171656
171665
171678
171685
171695
171717
171729
171735
171737
171753
171758
171762
171766
171785
171805
171806
171808
171809
171819
171837
171841
171845
171848
171850
171875
171880
171885
171915
171932
171936
171940
171942
171943
171950
171959
171962
171966
171967
171970
171997
172000
172004
172010
172012
172020
172021
172040
172056
172057
172059
172062
172079
172087
172088
172091
172092
172094
172105
172121
172135
172137
172151
172156
172160
172171
172176
172187
172196
172197
172201
172218
172232
172233
172246
172255
172264
172265
172271
172279
172297
172310
172315
172316
172324
172327
172328
172340
172342
172351
172361
172366
172369
172370
172371
172377
172387
172392
172406
172408
172422
172425
172434
172439
172467
172475
172478
172490
172498
172501
172506
172507
172509
172513
172543
172545
172553
172556
172568
172574
172582
172597
172599
172616
172637
172665
172673
172680
172681
172686
172690
172710
172716
172718
172733
172743
172751
172776
172778
172805
172806
172813
172827
172850
172852
172874
172900
172901
172913
172922
172924
172925
172930
172937
172940
172947
172952
172957
172964
172974
172979
172987
172989
172995
173001
173019
173032
173053
173062
173069
173070
173080
173083
173089
173096
173109
173117
173121
173124
173130
173132
173138
173146
173149
173153
173155
173157
173161
173163
173166
173184
173185
173196
173198
173204
173216
173228
173229
173231
173239
173245
173251
173252
173258
173274
173282
173284
173288
173289
173300
173316
173324
173334
173340
173367
173373
173375
173391
173392
173400
173422
173425
173430
173434
173447
173448
173464
173469
173471
173475
173482
173491
173500
173504
173506
173514
173515
173519
173520
173530
173545
173546
173550
173553
173568
173570
173579
173595
173596
173598
173611
173629
173631
173632
173634
173640
173652
173682
173684
173693
173704
173716
173722
173745
173749
173754
173759
173768
173772
173776
173791
173797
173798
173801
173812
173814
173819
173821
173826
173843
173870
173876
173887
173893
173908
173909
173925
173932
173948
173959
173966
173978
173991
173994
173997
173998
174009
174012
174019
174026
174028
174030
174042
174043
174048
174059
174062
174071
174072
174090
174097
174098
174129
174135
174145
174157
174176
174185
174188
174206
174211
174213
174217
174228
174229
174243
174247
174263
174274
174282
174303
174304
174305
174312
174313
174332
174336
174345
174354
174356
174357
174358
174375
174386
174389
174390
174391
174399
174402
174410
174420
174421
174425
174440
174462
174470
174496
174503
174504
174521
174522
174526
174544
174554
174567
174573
174574
174594
174595
174601
174603
174605
174615
174627
174632
174633
174657
174669
174671
174677
174679
174680
174690
174698
174700
174701
174705
174711
174718
174721
174723
174735
174738
174740
174745
174747
174749
174751
174758
174766
174771
174773
174794
174814
174831
174838
174842
174861
174871
174876
174887
174888
174889
174893
174896
174901
174909
174911
174930
174934
174952
174967
174989
175011
175012
175013
175015
175020
175024
175038
175047
175052
175053
175072
175082
175088
175096
175101
175102
175111
175112
175118
175126
175142
175151
175154
175180
175185
175188
175189
175190
175195
175198
175217
175227
175237
175238
175244
175252
175263
175273
175277
175281
175284
175310
175318
175334
175336
175353
175356
175359
175368
175370
175382
175391
175410
175417
175421
175427
175430
175437
175439
175440
175451
175459
175461
175462
175470
175476
175477
175479
175480
175484
175491
175500
175506
175513
175520
175523
175530
175536
175539
175540
175541
175546
175552
175558
175565
175570
175583
175593
175597
175600
175604
175606
175611
175615
175619
175633
175635
175642
175651
175653
175664
175669
175671
175672
175693
175703
175718
175734
175737
175743
175745
175751
175757
175781
175785
175798
175801
175804
175820
175825
175830
175831
175847
175855
175863
175864
175867
175870
175878
175881
175883
175908
175912
175925
175933
175942
175946
175951
175952
175954
175978
175998
176000
176008
176009
176017
176029
176031
176032
176038
176040
176084
176087
176091
176106
176113
176120
176136
176138
176148
176155
176157
176174
176176
176179
176180
176192
176194
176195
176210
176229
176257
176265
176275
176278
176279
176280
176282
176285
176288
176295
176300
176312
176318
176321
176324
176328
176330
176335
176342
176359
176362
176372
176374
176381
176384
176385
176386
176392
176397
176403
176432
176440
176461
176463
176466
176477
176478
176481
176483
176495
176505
176509
176519
176523
176536
176542
176563
176568
176571
176580
176587
176588
176593
176595
176596
176617
176621
176624
176671
176696
176702
176720
176726
176729
176730
176732
176736
176744
176746
176757
176759
176765
176769
176785
176790
176791
176793
176794
176810
176826
176833
176841
176852
176873
176891
176906
176910
176918
176925
176938
176945
176947
176955
176978
176985
176993
176996
177011
177019
177022
177023
177036
177050
177060
177064
177069
177085
177088
177090
177093
177107
177115
177125
177143
177149
177150
177160
177163
177173
177182
177193
177194
177207
177238
177245
177246
177253
177254
177258
177262
177277
177280
177289
177319
177325
177338
177349
177353
177356
177366
177367
177375
177381
177394
177404
177406
177407
177418
177440
177467
177468
177470
177472
177476
177496
177505
177529
177538
177567
177571
177572
177604
177625
177636
177658
177666
177680
177705
177721
177726
177748
177755
177758
177775
177802
177807
177809
177811
177818
177821
177824
177829
177832
177838
177840
177842
177845
177856
177858
177860
177863
177879
177889
177896
177899
177915
177919
177922
177924
177925
177938
177941
177947
177948
177950
177952
177953
177954
177957
177958
177974
177976
177978
177990
177994
177998
178000
178006
178016
178018
178020
178025
178030
178031
178034
178040
178048
178052
178053
178072
178078
178081
178084
178112
178116
178121
178144
178152
178156
178166
178168
178171
178175
178177
178178
178181
178184
178192
178198
178207
178208
178218
178221
178222
178236
178242
178254
178258
178268
178275
178279
178283
178285
178299
178317
178319
178321
178331
178337
178370
178376
178379
178382
178388
178389
178403
178407
178410
178411
178413
178415
178418
178421
178426
178429
178430
178431
178436
178438
178443
178446
178460
178476
178484
178485
178494
178504
178505
178516
178526
178533
178535
178538
178543
178550
178557
178566
178567
178572
178577
178578
178587
178598
178606
178620
178625
178635
178645
178647
178651
178658
178666
178671
178678
178682
178683
178690
178691
178715
178742
178746
178749
178751
178753
178754
178771
178785
178789
178791
178793
178795
178798
178801
178807
178811
178821
178835
178838
178839
178840
178847
178849
178865
178871
178872
178874
178876
178890
178895
178901
178924
178928
178933
178939
178941
178948
178951
178966
178971
178978
178980
178984
178996
178998
179017
179024
179025
179031
179034
179037
179039
179045
179060
179069
179070
179085
179094
179095
179114
179122
179134
179151
179153
179154
179155
179164
179170
179186
179187
179188
179199
179201
179203
179218
179229
179238
179240
179242
179245
179251
179278
179302
179319
179322
179326
179327
179331
179346
179374
179388
179405
179408
179415
179418
179421
179441
179460
179470
179476
179479
179480
179500
179504
179505
179511
179520
179522
179526
179532
179545
179551
179563
179570
179571
179576
179578
179584
179586
179599
179615
179618
179633
179650
179672
179681
179687
179693
179699
179711
179720
179724
179727
179753
179758
179770
179781
179793
179805
179808
179812
179814
179823
179839
179850
179860
179874
179875
179886
179904
179906
179914
179926
179930
179932
179940
179950
179954
179960
179961
179964
179965
179968
179969
179990
179997
180002
180013
180014
180020
180037
180042
180045
180047
180048
180055
180067
180071
180083
180085
180086
180087
180099
180130
180131
180139
180141
180154
180169
180197
180205
180208
180239
180261
180267
180273
180274
180283
180285
180287
180289
180307
180315
180327
180329
180335
180336
180341
180350
180351
180354
180357
180362
180366
180386
180389
180410
180436
180460
180462
180463
180466
180470
180480
180483
180488
180494
180504
180505
180510
180521
180524
180539
180540
180541
180543
180555
180559
180563
180569
180578
180584
180587
180593
180606
180609
180613
180628
180639
180641
180650
180653
180662
180667
180670
180682
180696
180718
180720
180729
180739
180764
180765
180768
180771
180778
180779
180787
180794
180799
180817
180818
180821
180824
180827
180851
180853
180869
180888
180923
180935
180941
180964
180966
180967
180968
180970
180978
180983
180984
180987
180997
181009
181013
181014
181017
181021
181022
181026
181027
181030
181038
181043
181047
181053
181054
181061
181064
181084
181098
181118
181122
181125
181133
181136
181139
181149
181155
181156
181168
181169
181173
181176
181179
181208
181216
181217
181223
181249
181256
181260
181265
181267
181278
181296
181305
181316
181322
181330
181343
181348
181356
181359
181367
181371
181383
181403
181409
181413
181422
181436
181438
181443
181446
181453
181466
181468
181474
181475
181481
181485
181489
181493
181503
181509
181511
181518
181524
181534
181551
181554
181562
181564
181574
181576
181584
181591
181595
181612
181619
181623
181625
181627
181628
181631
181655
181658
181661
181677
181682
181711
181714
181719
181734
181739
181745
181747
181757
181766
181769
181771
181776
181782
181786
181805
181828
181829
181836
181837
181841
181849
181850
181851
181852
181860
181861
181867
181870
181873
181885
181886
181888
181896
181906
181909
181922
181929
181941
181947
181948
181949
181953
181962
181963
181966
181980
181992
181996
182005
182019
182020
182025
182027
182028
182032
182048
182050
182054
182055
182064
182078
182082
182096
182104
182118
182121
182125
182126
182147
182164
182167
182170
182176
182181
182189
182201
182213
182217
182227
182233
182236
182242
182245
182257
182258
182275
182279
182295
182314
182317
182334
182335
182339
182347
182353
182362
182366
182367
182373
182379
182384
182385
182399
182402
182406
182411
182416
182423
182424
182444
182454
182455
182468
182497
182500
182502
182505
182507
182516
182523
182527
182541
182551
182556
182571
182593
182620
182624
182625
182634
182637
182639
182642
182645
182647
182659
182673
182681
182696
182706
182710
182715
182723
182728
182734
182736
182746
182755
182756
182758
182759
182765
182784
182785
182793
182799
182801
182812
182820
182821
182828
182834
182837
182840
182852
182860
182861
182863
182867
182874
182893
182895
182897
182902
182904
182905
182906
182933
182937
182947
182956
182957
182960
182967
182969
182972
182976
182984
182995
182997
183007
183014
183015
183020
183029
183040
183044
183048
183051
183068
183112
183113
183137
183144
183155
183163
183166
183171
183176
183181
183197
183204
183205
183212
183214
183218
183219
183233
183236
183237
183240
183244
183247
183256
183260
183280
183287
183293
183302
183319
183321
183327
183329
183330
183332
183338
183342
183364
183372
183374
183379
183386
183387
183392
183393
183394
183395
183398
183401
183407
183412
183413
183414
183427
183435
183445
183448
183456
183481
183495
183502
183517
183519
183537
183538
183539
183554
183562
183571
183585
183588
183594
183597
183602
183614
183620
183626
183642
183650
183653
183672
183676
183677
183690
183692
183704
183715
183734
183735
183740
183756
183762
183785
183790
183803
183805
183807
183809
183827
183829
183833
183836
183843
183847
183848
183872
183882
183888
183889
183890
183895
183905
183910
183913
183914
183921
183923
183939
183940
183953
183957
183964
183967
183970
183971
183972
183973
183982
183988
183991
184003
184020
184030
184052
184065
184099
184106
184109
184121
184123
184135
184138
184139
184143
184157
184172
184176
184181
184184
184201
184205
184207
184209
184211
184215
184218
184224
184227
184230
184241
184246
184263
184266
184275
184276
184282
184295
184313
184315
184319
184320
184351
184358
184359
184369
184371
184377
184388
184389
184397
184405
184416
184425
184431
184463
184477
184485
184490
184493
184499
184513
184520
184523
184531
184532
184536
184543
184547
184550
184555
184556
184585
184589
184610
184613
184614
184621
184626
184659
184667
184669
184672
184673
184684
184697
184703
184705
184707
184709
184720
184745
184746
184751
184763
184794
184800
184805
184806
184810
184813
184820
184822
184827
184828
184830
184834
184835
184858
184866
184868
184877
184879
184884
184889
184892
184902
184903
184905
184914
184916
184919
184924
184929
184930
184937
184942
184945
184954
184972
184974
184980
184994
184999
185002
185004
185006
185015
185025
185036
185041
185046
185051
185064
185080
185087
185089
185095
185097
185108
185116
185125
185127
185141
185153
185156
185158
185168
185177
185186
185193
185197
185201
185209
185210
185221
185229
185233
185234
185236
185240
185243
185247
185258
185262
185265
185281
185287
185290
185291
185293
185296
185302
185305
185313
185314
185326
185327
185328
185334
185335
185351
185358
185360
185368
185371
185373
185393
185394
185397
185444
185447
185452
185464
185467
185474
185475
185476
185479
185486
185487
185502
185514
185519
185520
185545
185546
185547
185555
185558
185559
185571
185577
185587
185591
185598
185614
185621
185623
185633
185634
185639
185646
185652
185656
185663
185666
185681
185686
185687
185697
185698
185700
185719
185721
185730
185759
185760
185768
185777
185781
185789
185792
185807
185818
185826
185830
185832
185834
185838
185844
185849
185850
185862
185865
185881
185884
185902
185903
185904
185906
185916
185922
185925
185935
185936
185941
185943
185945
185956
185961
185963
185965
185983
185986
185988
185989
185991
186000
186013
186018
186026
186035
186036
186038
186056
186060
186074
186075
186083
186095
186099
186103
186108
186109
186113
186125
186130
186131
186145
186148
186155
186157
186165
186175
186181
186196
186198
186205
186218
186226
186227
186240
186246
186254
186266
186275
186276
186280
186298
186308
186315
186317
186338
186342
186344
186361
186368
186405
186412
186427
186438
186443
186451
186461
186476
186484
186493
186497
186500
186525
186526
186537
186544
186547
186550
186558
186562
186563
186578
186585
186599
186605
186606
186608
186611
186614
186615
186620
186635
186646
186684
186685
186697
186703
186705
186709
186711
186717
186720
186721
186730
186734
186738
186740
186753
186777
186784
186788
186791
186794
186797
186799
186816
186821
186822
186833
186844
186856
186888
186892
186899
186906
186923
186927
186933
186941
186952
186962
186977
186997
187001
187007
187012
187015
187036
187042
187045
187047
187054
187064
187071
187072
187079
187090
187095
187098
187103
187108
187111
187119
187131
187132
187134
187153
187156
187162
187168
187169
187177
187178
187181
187187
187194
187196
187199
187230
187240
187241
187244
187253
187277
187278
187280
187282
187285
187286
187287
187302
187324
187336
187348
187349
187352
187354
187371
187379
187396
187400
187420
187424
187427
187435
187442
187443
187447
187450
187451
187454
187462
187464
187465
187469
187473
187474
187475
187488
187495
187496
187502
187509
187514
187518
187519
187525
187533
187541
187543
187569
187573
187574
187576
187577
187582
187592
187609
187611
187616
187624
187642
187644
187647
187650
187658
187659
187675
187695
187709
187714
187720
187722
187724
187729
187735
187738
187743
187752
187765
187776
187784
187785
187791
187792
187795
187797
187803
187810
187821
187822
187823
187829
187833
187852
187855
187857
187866
187869
187878
187886
187897
187902
187914
187933
187939
187949
187952
187976
187978
187986
188001
188002
188009
188017
188028
188029
188040
188044
188053
188058
188067
188084
188085
188109
188113
188120
188130
188137
188139
188140
188143
188146
188148
188151
188154
188163
188165
188173
188183
188189
188207
188218
188225
188229
188239
188287
188308
188310
188311
188318
188345
188346
188352
188372
188375
188380
188386
188388
188390
188405
188411
188414
188417
188421
188426
188440
188443
188445
188460
188478
188482
188498
188505
188510
188511
188518
188528
188529
188532
188537
188545
188546
188552
188556
188562
188575
188579
188585
188587
188589
188599
188606
188613
188623
188624
188630
188631
188648
188651
188657
188688
188693
188702
188723
188735
188747
188752
188757
188762
188766
188768
188787
188804
188805
188815
188817
188818
188826
188845
188847
188852
188854
188858
188862
188865
188866
188873
188875
188889
188911
188920
188927
188929
188935
188941
188945
188946
188948
188949
188955
188956
188958
188965
188972
188987
188991
188992
189005
189017
189020
189026
189027
189033
189038
189052
189063
189067
189071
189094
189101
189103
189127
189129
189136
189148
189152
189153
189156
189163
189168
189182
189183
189187
189193
189209
189212
189224
189229
189239
189241
189244
189248
189257
189260
189267
189274
189278
189280
189296
189301
189304
189305
189307
189318
189323
189345
189353
189356
189361
189365
189368
189371
189376
189378
189388
189390
189402
189452
189461
189472
189491
189493
189509
189550
189561
189566
189588
189598
189600
189614
189617
189631
189645
189666
189675
189684
189694
189701
189706
189714
189735
189741
189744
189750
189765
189766
189767
189770
189772
189773
189774
189778
189780
189794
189798
189810
189811
189813
189814
189831
189839
189842
189845
189847
189850
189855
189880
189882
189884
189893
189903
189912
189915
189919
189922
189924
189936
189943
189949
189951
189955
189957
189982
189996
189997
189998
190000
190002
190013
190014
190016
190018
190026
190041
190052
190056
190064
190075
190081
190084
190087
190095
190097
190115
190125
190136
190141
190150
190156
190167
190172
190187
190204
190218
190229
190232
190255
190277
190291
190292
190293
190297
190313
190326
190330
190338
190360
190362
190363
190372
190378
190382
190387
190393
190406
190413
190415
190423
190447
190455
190463
190469
190486
190487
190494
190495
190499
190509
190515
190521
190530
190547
190550
190554
190556
190566
190573
190581
190585
190595
190603
190612
190645
190646
190659
190664
190670
190680
190684
190689
190705
190718
190722
190732
190734
190738
190754
190760
190764
190788
190792
190794
190796
190805
190826
190828
190829
190831
190845
190859
190863
190881
190882
190885
190886
190900
190905
190906
190907
190914
190920
190921
190938
190939
190942
190950
190951
190991
190992
190994
190995
190998
191000
191016
191017
191031
191042
191047
191053
191054
191061
191068
191069
191072
191073
191078
191093
191095
191096
191098
191101
191102
191112
191122
191136
191153
191156
191158
191159
191169
191175
191177
191188
191190
191191
191197
191203
191205
191218
191225
191226
191230
191261
191265
191270
191277
191280
191293
191297
191300
191301
191304
191310
191314
191321
191325
191327
191334
191338
191340
191342
191350
191359
191360
191363
191376
191382
191400
191408
191417
191439
191456
191457
191468
191473
191474
191477
191505
191511
191515
191525
191546
191551
191561
191577
191585
191592
191609
191613
191616
191625
191632
191639
191641
191643
191648
191651
191667
191669
191685
191687
191690
191691
191693
191706
191717
191721
191724
191729
191734
191744
191758
191770
191772
191785
191805
191828
191842
191846
191847
191850
191856
191858
191869
191873
191874
191879
191881
191900
191912
191913
191918
191925
191945
191949
191957
191961
191978
191981
191984
191990
191994
191995
191997
192007
192023
192039
192043
192077
192079
192090
192091
192095
192098
192104
192114
192120
192128
192154
192167
192168
192181
192183
192192
192196
192200
192212
192216
192221
192233
192234
192236
192256
192273
192277
192290
192291
192296
192298
192306
192307
192319
192320
192322
192332
192335
192345
192348
192362
192369
192394
192395
192400
192403
192406
192407
192410
192437
192440
192454
192458
192464
192476
192497
192501
192502
192513
192516
192520
192524
192529
192531
192535
192539
192554
192564
192566
192579
192581
192585
192594
192616
192627
192651
192652
192655
192656
192660
192671
192676
192701
192702
192707
192710
192714
192720
192722
192723
192745
192747
192759
192774
192782
192787
192795
192796
192798
192806
192808
192809
192810
192812
192824
192825
192834
192835
192838
192852
192858
192866
192867
192878
192886
192903
192920
192927
192928
192929
192932
192944
192953
192954
192955
192958
192970
192982
192992
192998
193001
193006
193021
193023
193025
193031
193034
193047
193051
193062
193069
193090
193095
193108
193110
193112
193122
193166
193171
193193
193194
193213
193222
193243
193246
193254
193255
193261
193271
193287
193293
193299
193318
193327
193328
193332
193333
193340
193342
193347
193349
193359
193373
193380
193383
193384
193385
193388
193389
193398
193401
193405
193407
193424
193442
193444
193456
193465
193471
193474
193476
193479
193480
193488
193504
193506
193529
193540
193547
193557
193565
193578
193579
193594
193605
193617
193621
193622
193623
193634
193640
193647
193649
193654
193659
193661
193663
193669
193673
193677
193680
193682
193690
193692
193709
193710
193714
193760
193808
193824
193853
193855
193863
193867
193875
193878
193879
193880
193881
193901
193902
193925
193931
193936
193943
193946
193947
193953
193968
193977
193986
194000
194012
194013
194022
194027
194034
194043
194045
194050
194056
194063
194067
194097
194105
194108
194138
194153
194154
194158
194159
194161
194184
194188
194200
194203
194208
194210
194231
194235
194247
194273
194276
194277
194289
194294
194299
194306
194310
194312
194313
194331
194336
194346
194347
194357
194365
194372
194398
194413
194414
194421
194434
194437
194438
194440
194448
194450
194455
194456
194461
194470
194499
194510
194518
194525
194527
194528
194530
194531
194532
194536
194540
194545
194550
194553
194564
194581
194595
194598
194600
194605
194616
194620
194621
194638
194643
194653
194663
194664
194669
194677
194685
194694
194698
194700
194704
194725
194727
194729
194738
194744
194748
194752
194754
194755
194756
194758
194774
194777
194786
194790
194800
194806
194820
194842
194845
194850
194851
194871
194876
194879
194903
194907
194909
194911
194941
194943
194968
194969
194974
194975
195002
195023
195027
195042
195062
195064
195079
195086
195098
195124
195132
195149
195151
195155
195163
195179
195180
195195
195211
195213
195233
195265
195267
195269
195271
195275
195281
195288
195294
195296
195303
195316
195317
195351
195352
195353
195355
195386
195391
195394
195408
195411
195418
195420
195425
195437
195444
195449
195463
195472
195484
195506
195507
195509
195510
195525
195529
195538
195542
195556
195561
195567
195568
195578
195594
195598
195599
195606
195639
195645
195673
195677
195682
195685
195696
195697
195701
195716
195724
195725
195731
195748
195750
195755
195768
195791
195797
195798
195800
195809
195815
195816
195817
195826
195829
195837
195848
195850
195851
195852
195857
195861
195862
195863
195870
195877
195880
195894
195896
195903
195911
195914
195917
195927
195949
195951
195952
195955
195968
195969
195974
195975
195978
195982
195992
195998
196002
196007
196016
196035
196046
196049
196053
196061
196063
196074
196075
196082
196085
196090
196096
196098
196099
196104
196108
196116
196119
196120
196131
196134
196138
196170
196178
196192
196197
196205
196212
196226
196280
196283
196286
196290
196294
196299
196307
196311
196312
196313
196321
196332
196336
196341
196345
196346
196351
196355
196365
196371
196377
196378
196379
196406
196413
196415
196418
196421
196430
196453
196458
196462
196480
196483
196490
196491
196503
196506
196510
196516
196525
196529
196545
196565
196566
196571
196574
196608
196610
196611
196619
196623
196639
196653
196660
196665
196672
196675
196676
196686
196688
196691
196706
196711
196715
196721
196723
196742
196747
196748
196758
196766
196773
196775
196776
196777
196785
196789
196797
196798
196811
196815
196836
196841
196842
196851
196853
196885
196888
196899
196900
196912
196917
196919
196924
196928
196931
196944
196971
196981
196989
196998
197001
197005
197036
197053
197057
197063
197069
197071
197097
197120
197121
197125
197130
197155
197167
197169
197193
197195
197201
197212
197213
197218
197219
197221
197237
197243
197246
197251
197254
197263
197264
197265
197266
197270
197273
197279
197280
197305
197307
197322
197323
197324
197350
197351
197352
197368
197369
197383
197398
197406
197407
197424
197427
197458
197462
197482
197492
197503
197525
197540
197551
197561
197568
197570
197573
197577
197583
197584
197585
197591
197593
197605
197609
197613
197616
197628
197629
197632
197635
197636
197638
197651
197662
197663
197666
197681
197683
197685
197686
197690
197697
197705
197713
197716
197718
197739
197756
197762
197775
197780
197785
197805
197806
197807
197809
197812
197827
197840
197847
197851
197854
197862
197863
197877
197880
197886
197888
197897
197915
197917
197918
197934
197950
197951
197959
197997
198001
198004
198017
198027
198030
198042
198054
198057
198068
198072
198075
198079
198084
198105
198108
198119
198120
198121
198137
198139
198154
198162
198163
198164
198169
198176
198195
198196
198198
198202
198209
198214
198223
198234
198240
198247
198249
198251
198263
198269
198277
198289
198308
198312
198319
198323
198327
198352
198363
198375
198383
198397
198404
198405
198414
198415
198416
198421
198422
198423
198424
198426
198434
198436
198437
198441
198447
198448
198451
198463
198464
198476
198477
198486
198492
198493
198495
198506
198530
198532
198537
198557
198558
198561
198565
198596
198600
198604
198607
198610
198611
198612
198620
198621
198622
198625
198635
198645
198651
198653
198654
198658
198671
198704
198705
198717
198721
198733
198735
198751
198752
198759
198761
198762
198768
198775
198782
198785
198788
198793
198796
198799
198826
198856
198880
198923
198929
198930
198935
198936
198947
198959
198972
198975
198978
198981
198993
199017
199021
199028
199029
199039
199050
199072
199093
199112
199117
199119
199122
199125
199126
199127
199133
199134
199136
199142
199149
199151
199152
199158
199165
199166
199177
199215
199225
199234
199252
199256
199268
199326
199331
199339
199346
199354
199358
199381
199387
199389
199403
199404
199408
199413
199422
199432
199437
199438
199449
199458
199460
199469
199481
199485
199487
199492
199502
199510
199516
199522
199527
199534
199539
199540
199553
199555
199570
199572
199575
199577
199578
199594
199602
199609
199610
199618
199626
199632
199634
199639
199640
199671
199683
199688
199695
199698
199715
199720
199721
199732
199739
199743
199764
199794
199819
199827
199829
199835
199836
199841
199842
199865
199876
199881
199883
199888
199899
199908
199913
199919
199923
199927
199930
199940
199946
199951
199956
199958
199959
199960
199962
199963
199969
199989
199990
199992
199995
200001
200003
200010
200018
200023
200024
200033
200047
200056
200058
200060
200064
200080
200103
200109
200116
200132
200138
200146
200149
200168
200181
200200
200201
200205
200213
200221
200231
200234
200247
200250
200267
200274
200284
200287
200288
200289
200296
200302
200305
200312
200315
200320
200335
200348
200365
200370
200376
200381
200386
200401
200404
200416
200423
200439
200442
200446
200447
200451
200457
200464
200471
200476
200483
200492
200494
200500
200503
200541
200550
200563
200567
200572
200583
200597
200605
200611
200613
200619
200625
200627
200638
200643
200653
200663
200668
200671
200678
200680
200681
200710
200717
200728
200735
200739
200745
200759
200764
200770
200775
200777
200778
200782
200788
200796
200801
200807
200812
200814
200830
200837
200838
200843
200867
200879
200896
200910
200922
200939
200946
200950
200952
200959
200971
200984
200988
201000
201003
201018
201019
201030
201032
201035
201039
201042
201043
201045
201059
201062
201069
201076
201078
201111
201114
201116
201123
201141
201145
201151
201163
201173
201184
201186
201190
201192
201207
201209
201213
201220
201236
201249
201252
201260
201261
201273
201284
201301
201305
201322
201324
201326
201342
201348
201352
201372
201375
201389
201402
201406
201409
201417
201425
201431
201436
201452
201463
201476
201488
201490
201492
201496
201498
201501
201508
201517
201519
201526
201550
201554
201555
201561
201564
201573
201599
201601
201607
201622
201628
201630
201634
201637
201640
201644
201655
201659
201662
201664
201670
201675
201685
201702
201706
201724
201726
201727
201728
201732
201736
201738
201768
201835
201839
201859
201862
201873
201886
201887
201891
201893
201897
201899
201903
201919
201928
201929
201939
201940
201969
201970
201972
201989
202004
202008
202037
202041
202066
202067
202070
202076
202080
202086
202093
202099
202102
202112
202115
202118
202128
202137
202143
202146
202154
202158
202168
202171
202194
202201
202209
202225
202231
202260
202270
202273
202275
202279
202307
202321
202328
202343
202364
202372
202388
202389
202400
202402
202413
202423
202431
202444
202447
202448
202470
202476
202489
202490
202499
202511
202523
202527
202532
202554
202567
202571
202582
202601
202605
202609
202617
202624
202645
202653
202657
202658
202667
202681
202723
202738
202739
202740
202742
202747
202762
202767
202772
202774
202782
202797
202799
202800
202805
202806
202807
202810
202818
202825
202835
202843
202853
202855
202860
202861
202865
202888
202891
202906
202912
202914
202918
202923
202963
202981
202990
202991
202998
203003
203006
203021
203024
203034
203036
203040
203054
203062
203085
203086
203096
203102
203108
203110
203112
203119
203124
203131
203138
203142
203151
203160
203163
203171
203177
203179
203201
203206
203208
203210
203214
203216
203229
203235
203236
203239
203248
203249
203251
203252
203257
203269
203273
203275
203302
203304
203306
203336
203344
203345
203350
203370
203372
203380
203400
203416
203429
203433
203437
203438
203450
203454
203455
203458
203462
203466
203478
203479
203492
203495
203497
203506
203509
203511
203517
203538
203539
203559
203564
203577
203599
203601
203611
203612
203616
203621
203631
203636
203641
203655
203661
203669
203671
203673
203680
203690
203691
203697
203702
203705
203710
203711
203730
203734
203747
203754
203756
203765
203767
203768
203778
203781
203794
203798
203809
203818
203836
203843
203845
203847
203849
203859
203865
203867
203870
203876
203878
203882
203891
203905
203912
203926
203928
203937
203940
203948
203965
203975
203976
203982
203986
203989
203994
204004
204014
204020
204021
204024
204036
204044
204049
204051
204052
204053
204059
204060
204067
204074
204075
204091
204100
204103
204137
204138
204147
204162
204170
204174
204181
204188
204203
204206
204217
204219
204225
204232
204238
204272
204273
204275
204279
204294
204311
204324
204333
204337
204339
204345
204351
204360
204378
204379
204380
204382
204384
204386
204417
204420
204422
204423
204431
204432
204448
204467
204471
204481
204489
204491
204502
204505
204507
204509
204519
204525
204526
204529
204537
204549
204556
204589
204606
204609
204611
204626
204643
204650
204657
204661
204664
204671
204682
204683
204700
204705
204726
204728
204732
204735
204746
204749
204757
204759
204767
204775
204777
204779
204785
204787
204792
204802
204804
204805
204825
204832
204833
204837
204853
204863
204867
204887
204888
204889
204891
204897
204899
204906
204919
204935
204940
204943
204962
204978
204979
204981
204987
204994
204999
205000
205002
205007
205010
205011
205023
205025
205035
205040
205047
205055
205059
205069
205075
205078
205086
205089
205093
205101
205102
205108
205114
205116
205125
205131
205134
205150
205157
205159
205181
205202
205217
205221
205223
205230
205232
205238
205243
205247
205250
205251
205253
205258
205274
205283
205297
205299
205300
205308
205309
205313
205317
205323
205332
205334
205338
205344
205352
205354
205355
205362
205367
205370
205374
205378
205384
205391
205392
205409
205432
205439
205440
205443
205451
205460
205473
205477
205486
205498
205504
205512
205523
205525
205533
205547
205556
205559
205560
205564
205570
205572
205573
205577
205585
205594
205601
205604
205605
205613
205614
205620
205631
205634
205636
205648
205650
205656
205668
205670
205671
205672
205676
205679
205681
205689
205700
205707
205720
205724
205729
205744
205756
205757
205762
205769
205782
205785
205790
205794
205808
205811
205845
205847
205848
205850
205851
205858
205866
205883
205902
205904
205911
205915
205916
205917
205931
205940
205945
205947
205949
205955
205960
205963
205964
205967
205981
206013
206017
206036
206039
206044
206049
206058
206062
206066
206082
206083
206102
206107
206118
206121
206137
206147
206155
206166
206198
206202
206203
206211
206221
206235
206255
206257
206260
206268
206278
206279
206280
206304
206309
206349
206356
206369
206381
206384
206394
206400
206405
206413
206415
206417
206420
206427
206430
206431
206433
206435
206451
206454
206463
206465
206467
206469
206486
206489
206492
206496
206501
206512
206539
206560
206583
206584
206591
206596
206602
206606
206613
206620
206622
206627
206628
206636
206653
206662
206680
206684
206685
206697
206700
206704
206705
206717
206735
206741
206747
206749
206751
206754
206757
206770
206784
206787
206793
206800
206801
206806
206817
206833
206837
206844
206851
206857
206858
206859
206861
206871
206876
206890
206893
206903
206907
206912
206913
206922
206926
206932
206933
206937
206956
206968
207003
207010
207013
207019
207026
207033
207041
207043
207046
207048
207051
207058
207059
207072
207074
207077
207083
207090
207094
207108
207110
207151
207152
207171
207172
207177
207178
207180
207196
207205
207215
207219
207223
207225
207231
207236
207239
207275
207276
207292
207317
207330
207331
207339
207349
207354
207360
207363
207366
207378
207385
207391
207431
207437
207443
207447
207454
207455
207458
207463
207467
207471
207475
207479
207481
207486
207489
207491
207496
207500
207503
207513
207521
207543
207545
207548
207556
207557
207561
207573
207584
207595
207611
207620
207634
207635
207640
207647
207652
207668
207670
207671
207676
207691
207698
207703
207717
207734
207739
207749
207761
207763
207764
207774
207775
207782
207785
207798
207805
207815
207826
207828
207832
207833
207853
207857
207860
207862
207875
207886
207889
207898
207925
207926
207935
207937
207941
207943
207959
207967
207969
207976
207978
207992
207995
207998
208000
208003
208006
208008
208011
208012
208022
208024
208028
208031
208044
208050
208053
208055
208057
208067
208075
208079
208082
208086
208088
208095
208107
208121
208122
208124
208132
208135
208137
208140
208145
208146
208151
208163
208165
208169
208172
208174
208189
208196
208206
208215
208220
208240
208243
208250
208252
208256
208261
208263
208274
208283
208288
208295
208304
208311
208316
208333
208340
208342
208347
208348
208350
208357
208365
208372
208376
208377
208379
208381
208386
208396
208406
208408
208413
208450
208476
208479
208494
208506
208511
208516
208517
208524
208543
208549
208557
208560
208566
208585
208586
208594
208597
208612
208618
208621
208623
208629
208646
208649
208657
208688
208698
208712
208714
208723
208728
208731
208740
208748
208752
208754
208761
208773
208778
208779
208782
208786
208793
208806
208808
208817
208820
208821
208824
208829
208833
208834
208838
208845
208849
208857
208867
208868
208871
208880
208907
208927
208931
208945
208955
208956
208957
208963
208967
208971
208976
208978
208991
208994
208995
209007
209012
209018
209027
209028
209035
209036
209040
209041
209044
209046
209048
209056
209068
209071
209073
209084
209089
209097
209106
209113
209125
209126
209128
209130
209132
209145
209147
209162
209166
209176
209178
209180
209185
209188
209191
209195
209200
209203
209229
209232
209246
209253
209263
209266
209274
209279
209287
209288
209289
209290
209292
209299
209304
209322
209345
209346
209347
209353
209357
209380
209383
209386
209387
209388
209394
209405
209409
209418
209419
209428
209433
209467
209468
209474
209478
209480
209491
209493
209494
209503
209513
209527
209531
209533
209534
209537
209542
209544
209548
209555
209558
209563
209574
209591
209602
209603
209610
209638
209639
209643
209654
209655
209662
209664
209667
209718
209720
209722
209731
209733
209745
209752
209755
209763
209768
209772
209773
209778
209782
209785
209787
209788
209791
209794
209809
209822
209835
209842
209844
209856
209864
209868
209875
209890
209893
209898
209904
209906
209915
209917
209919
209920
209921
209922
209925
209930
209931
209935
209957
209971
209989
209995
210000
210002
210010
210012
210015
210031
210050
210052
210057
210060
210063
210065
210071
210077
210079
210080
210081
210082
210090
210103
210104
210108
210124
210134
210139
210149
210175
210187
210189
210190
210195
210201
210204
210205
210214
210239
210241
210249
210252
210258
210266
210271
210275
210276
210286
210296
210322
210342
210344
210363
210368
210372
210374
210378
210389
210395
210404
210408
210416
210424
210426
210431
210437
210439
210450
210451
210457
210471
210472
210501
210522
210528
210537
210542
210549
210564
210568
210570
210580
210584
210597
210604
210607
210642
210643
210658
210683
210684
210688
210702
210703
210710
210728
210729
210731
210736
210744
210749
210751
210761
210769
210773
210777
210782
210791
210794
210795
210804
210810
210812
210813
210816
210832
210839
210844
210845
210846
210847
210848
210849
210856
210857
210861
210867
210883
210884
210890
210907
210909
210920
210932
210956
210957
210973
210980
210981
210982
210983
210989
210990
210991
210999
211002
211029
211033
211034
211041
211047
211048
211051
211071
211079
211080
211097
211098
211107
211108
211112
211119
211138
211141
211158
211160
211161
211163
211172
211173
211177
211178
211185
211186
211189
211190
211192
211198
211201
211203
211205
211206
211208
211215
211216
211217
211221
211234
211243
211246
211260
211272
211281
211283
211299
211302
211312
211325
211326
211327
211336
211347
211351
211370
211388
211389
211402
211406
211420
211425
211433
211444
211458
211478
211486
211491
211508
211520
211521
211527
211540
211546
211557
211570
211593
211600
211604
211609
211622
211631
211644
211675
211676
211677
211678
211683
211684
211686
211690
211703
211707
211713
211716
211722
211725
211735
211737
211743
211760
211771
211775
211788
211806
211807
211811
211819
211830
211843
211844
211850
211860
211863
211867
211868
211874
211877
211882
211889
211891
211892
211913
211918
211919
211927
211935
211945
211948
211955
211963
211968
211978
211985
211989
212011
212019
212025
212027
212028
212047
212053
212054
212058
212070
212074
212077
212080
212082
212083
212091
212095
212112
212116
212122
212187
212197
212198
212199
212227
212229
212241
212248
212261
212271
212285
212288
212292
212303
212309
212311
212321
212326
212330
212346
212354
212363
212380
212381
212403
212420
212421
212427
212429
212438
212445
212450
212451
212470
212479
212483
212508
212523
212525
212530
212532
212545
212551
212553
212558
212574
212575
212584
212591
212605
212610
212627
212628
212633
212635
212636
212641
212647
212648
212649
212663
212672
212679
212682
212685
212695
212698
212704
212715
212733
212739
212741
212756
212757
212759
212761
212766
212780
212781
212782
212787
212817
212824
212838
212840
212843
212853
212856
212859
212863
212864
212866
212877
212887
212893
212903
212914
212920
212927
212934
212939
212941
212945
212963
212967
212969
212970
212998
213003
213008
213009
213020
213032
213034
213036
213039
213048
213054
213070
213077
213090
213091
213095
213103
213107
213117
213124
213125
213132
213135
213137
213146
213148
213152
213162
213172
213181
213203
213204
213207
213214
213215
213220
213247
213260
213274
213276
213280
213282
213288
213305
213312
213314
213342
213344
213355
213357
213359
213381
213382
213389
213393
213403
213405
213408
213419
213421
213426
213429
213433
213434
213436
213448
213453
213455
213457
213465
213475
213477
213506
213525
213527
213529
213530
213532
213537
213538
213552
213555
213557
213559
213570
213577
213578
213579
213586
213591
213592
213599
213602
213621
213642
213649
213669
213674
213677
213687
213693
213695
213725
213728
213731
213742
213753
213754
213765
213773
213780
213781
213785
213790
213799
213809
213826
213827
213829
213838
213843
213854
213863
213902
213904
213905
213922
213933
213936
213963
213970
213978
213988
213997
214001
214007
214018
214024
214046
214055
214059
214087
214106
214121
214123
214124
214127
214174
214191
214193
214197
214199
214204
214213
214216
214232
214244
214247
214250
214252
214254
214255
214256
214257
214265
214266
214273
214274
214290
214293
214295
214305
214306
214309
214319
214326
214349
214363
214369
214371
214373
214379
214385
214386
214388
214391
214395
214413
214419
214421
214445
214447
214450
214453
214454
214460
214463
214464
214468
214475
214478
214481
214491
214492
214494
214503
214520
214524
214526
214527
214528
214563
214571
214577
214589
214604
214605
214618
214621
214623
214641
214646
214648
214658
214664
214692
214698
214699
214704
214705
214724
214725
214727
214729
214732
214737
214742
214759
214777
214782
214800
214811
214821
214834
214848
214852
214853
214870
214871
214873
214876
214888
214892
214899
214904
214908
214924
214932
214937
214946
214955
214958
214961
214966
214972
214984
214985
214995
214997
214998
215002
215003
215012
215023
215024
215033
215062
215070
215077
215081
215107
215124
215132
215134
215149
215151
215176
215191
215201
215207
215213
215221
215222
215223
215224
215227
215244
215254
215255
215273
215278
215280
215287
215288
215291
215298
215303
215304
215330
215334
215341
215346
215353
215356
215357
215374
215376
215380
215391
215396
215407
215410
215428
215436
215439
215443
215456
215457
215460
215462
215469
215474
215480
215481
215482
215493
215511
215522
215523
215524
215546
215549
215553
215555
215558
215561
215563
215564
215569
215577
215579
215581
215582
215584
215586
215600
215608
215612
215616
215618
215622
215625
215626
215627
215631
215633
215650
215652
215655
215657
215664
215677
215691
215706
215708
215719
215732
215738
215746
215755
215763
215776
215782
215787
215805
215815
215819
215840
215844
215845
215858
215863
215866
215867
215872
215878
215879
215881
215884
215889
215896
215897
215906
215907
215914
215949
215972
215982
215984
215987
215994
215998
216003
216006
216015
216021
216026
216029
216038
216044
216050
216051
216059
216075
216091
216096
216103
216110
216114
216119
216150
216158
216160
216161
216191
216194
216198
216221
216223
216226
216228
216237
216243
216244
216250
216265
216278
216279
216303
216304
216314
216319
216320
216324
216325
216326
216327
216332
216333
216351
216357
216363
216364
216386
216387
216391
216393
216398
216401
216406
216417
216432
216437
216449
216454
216462
216468
216469
216480
216502
216510
216524
216528
216531
216556
216571
216576
216581
216601
216618
216628
216637
216649
216663
216665
216674
216676
216677
216681
216685
216686
216694
216711
216715
216716
216726
216733
216740
216742
216757
216761
216763
216766
216771
216772
216778
216789
216790
216802
216805
216810
216822
216825
216827
216837
216840
216851
216852
216856
216861
216863
216894
216899
216910
216921
216925
216930
216932
216944
216952
216954
216962
216972
216980
216985
216987
217007
217009
217016
217040
217054
217071
217078
217080
217082
217091
217094
217108
217113
217119
217131
217133
217135
217136
217137
217141
217143
217151
217153
217154
217156
217165
217181
217186
217188
217191
217201
217205
217216
217221
217223
217224
217238
217241
217252
217268
217271
217272
217276
217289
217290
217293
217297
217302
217303
217304
217312
217322
217323
217327
217329
217339
217341
217376
217379
217393
217395
217397
217429
217433
217440
217449
217454
217460
217461
217463
217465
217468
217471
217486
217487
217495
217509
217517
217522
217531
217546
217554
217561
217562
217574
217583
217591
217593
217594
217622
217623
217636
217653
217654
217661
217676
217700
217707
217710
217720
217725
217756
217783
217793
217822
217825
217827
217846
217855
217856
217859
217874
217886
217893
217895
217899
217925
217929
217936
217938
217951
217959
217974
217989
217991
217997
218012
218017
218026
218033
218035
218037
218041
218055
218057
218060
218093
218096
218099
218106
218114
218116
218119
218121
218134
218142
218145
218155
218158
218173
218179
218183
218189
218196
218201
218204
218205
218208
218223
218234
218237
218242
218253
218268
218282
218284
218290
218294
218305
218319
218343
218350
218368
218379
218388
218389
218397
218399
218404
218430
218454
218455
218459
218467
218470
218476
218482
218492
218494
218528
218539
218546
218547
218556
218558
218569
218574
218578
218579
218580
218589
218595
218599
218603
218635
218644
218647
218648
218652
218668
218674
218678
218701
218703
218704
218711
218715
218717
218721
218734
218736
218749
218751
218759
218760
218765
218766
218772
218774
218775
218776
218784
218788
218802
218807
218809
218830
218832
218836
218840
218842
218850
218853
218855
218862
218868
218870
218874
218889
218891
218931
218939
218941
218947
218956
218964
218980
218985
218990
218996
219013
219025
219037
219041
219075
219117
219121
219135
219141
219144
219164
219169
219170
219192
219194
219200
219201
219216
219225
219248
219250
219254
219260
219261
219268
219269
219274
219291
219294
219300
219312
219315
219322
219327
219335
219348
219349
219355
219357
219379
219385
219393
219399
219407
219409
219410
219411
219413
219423
219426
219434
219437
219445
219454
219457
219458
219462
219465
219472
219474
219484
219486
219487
219488
219489
219492
219502
219525
219535
219546
219558
219565
219580
219589
219591
219606
219622
219624
219629
219647
219654
219663
219674
219687
219688
219690
219735
219737
219739
219750
219752
219754
219756
219760
219762
219763
219771
219784
219796
219802
219810
219817
219820
219841
219848
219855
219859
219861
219869
219873
219880
219894
219905
219909
219910
219921
219926
219928
219935
219946
219958
219964
219966
219968
219978
219984
219987
220006
220031
220033
220037
220042
220045
220046
220050
220054
220072
220076
220077
220096
220097
220101
220106
220109
220111
220113
220115
220135
220148
220152
220156
220176
220187
220189
220190
220214
220215
220216
220221
220226
220232
220234
220239
220241
220250
220277
220284
220289
220307
220316
220317
220347
220348
220355
220364
220366
220367
220372
220377
220382
220390
220402
220417
220419
220449
220457
220463
220464
220471
220472
220483
220485
220486
220487
220502
220504
220505
220511
220529
220531
220568
220571
220601
220605
220607
220615
220638
220655
220665
220666
220673
220686
220688
220690
220722
220736
220741
220743
220763
220770
220772
220786
220790
220793
220795
220799
220808
220835
220842
220843
220850
220860
220871
220872
220894
220897
220898
220903
220915
220917
220922
220942
220951
220972
220988
220989
220991
220992
221000
221004
221012
221015
221036
221038
221044
221053
221057
221060
221067
221094
221095
221105
221111
221116
221119
221120
221132
221156
221169
221172
221187
221189
221199
221200
221202
221212
221216
221223
221232
221241
221243
221246
221247
221252
221257
221272
221282
221289
221293
221303
221311
221317
221322
221328
221335
221343
221346
221350
221378
221379
221390
221394
221416
221420
221422
221425
221427
221430
221433
221438
221441
221448
221470
221487
221494
221505
221513
221515
221521
221523
221524
221532
221540
221543
221547
221554
221555
221560
221562
221565
221592
221593
221605
221609
221614
221615
221616
221620
221625
221633
221654
221659
221661
221663
221665
221669
221681
221684
221691
221696
221701
221713
221717
221730
221739
221743
221746
221748
221753
221755
221770
221771
221776
221785
221787
221794
221803
221814
221829
221833
221840
221842
221846
221856
221864
221865
221880
221881
221882
221888
221891
221893
221903
221909
221911
221932
221937
221973
222006
222016
222024
222026
222027
222036
222043
222047
222054
222074
222075
222078
222080
222086
222097
222101
222127
222137
222140
222145
222146
222180
222206
222227
222228
222240
222244
222245
222251
222259
222260
222262
222264
222283
222305
222309
222313
222322
222324
222332
222340
222343
222345
222346
222351
222358
222361
222367
222369
222370
222371
222376
222394
222395
222397
222408
222411
222426
222430
222439
222440
222441
222442
222444
222453
222463
222467
222468
222470
222472
222475
222489
222500
222506
222510
222512
222525
222527
222548
222555
222564
222572
222587
222588
222608
222625
222628
222629
222635
222639
222640
222648
222662
222664
222674
222676
222681
222694
222702
222703
222711
222724
222751
222755
222758
222771
222781
222782
222783
222788
222828
222833
222842
222844
222903
222908
222917
222926
222929
222961
222964
222970
222977
222984
222990
223006
223007
223014
223019
223020
223023
223030
223035
223068
223072
223078
223082
223084
223086
223091
223094
223095
223114
223119
223127
223129
223139
223146
223154
223157
223165
223183
223192
223194
223198
223203
223214
223216
223241
223242
223243
223256
223270
223276
223283
223288
223295
223299
223300
223315
223326
223327
223335
223339
223348
223353
223357
223362
223366
223369
223373
223401
223413
223414
223415
223420
223426
223434
223442
223444
223447
223451
223454
223461
223462
223474
223476
223481
223496
223497
223499
223500
223526
223534
223540
223550
223569
223571
223574
223580
223595
223603
223605
223612
223616
223636
223640
223643
223648
223660
223670
223671
223682
223699
223701
223714
223718
223719
223726
223739
223740
223741
223746
223751
223754
223755
223761
223764
223790
223804
223827
223830
223831
223832
223836
223838
223857
223870
223871
223874
223875
223888
223892
223905
223914
223928
223930
223932
223984
223992
224000
224005
224017
224020
224029
224034
224037
224045
224047
224049
224052
224053
224055
224056
224060
224079
224080
224104
224111
224112
224114
224118
224125
224126
224128
224134
224140
224149
224155
224164
224166
224168
224190
224197
224199
224217
224220
224230
224238
224241
224242
224243
224244
224257
224263
224272
224285
224292
224303
224304
224306
224309
224322
224329
224336
224342
224349
224358
224366
224368
224371
224375
224377
224379
224383
224388
224390
224395
224396
224407
224414
224419
224420
224426
224445
224462
224470
224471
224476
224477
224483
224499
224503
224505
224508
224522
224523
224524
224530
224531
224537
224541
224542
224548
224554
224557
224567
224592
224596
224601
224629
224632
224647
224662
224667
224670
224677
224692
224693
224695
224699
224702
224711
224727
224734
224740
224753
224757
224772
224776
224778
224781
224790
224805
224811
224821
224825
224830
224838
224850
224869
224894
224926
224928
224938
224949
224958
224959
224961
224974
224975
224989
224991
225014
225036
225041
225044
225053
225054
225055
225060
225076
225087
225088
225100
225104
225108
225113
225124
225126
225127
225129
225130
225138
225153
225160
225164
225174
225175
225177
225183
225210
225225
225238
225241
225251
225268
225271
225274
225281
225282
225299
225306
225307
225313
225322
225329
225331
225337
225345
225352
225363
225369
225372
225378
225383
225387
225392
225399
225402
225403
225443
225455
225458
225477
225479
225490
225494
225495
225508
225511
225517
225518
225529
225530
225535
225537
225539
225554
225558
225562
225566
225567
225574
225579
225584
225591
225603
225607
225608
225609
225645
225654
225658
225669
225675
225682
225686
225693
225700
225703
225713
225717
225719
225721
225730
225731
225755
225769
225784
225786
225791
225792
225808
225828
225829
225835
225848
225850
225869
225870
225878
225891
225913
225916
225919
225923
225925
225945
225949
225959
225963
225987
225989
226008
226020
226039
226046
226048
226055
226065
226075
226080
226097
226102
226119
226125
226145
226148
226151
226161
226162
226170
226173
226176
226190
226197
226211
226220
226232
226243
226246
226249
226254
226262
226263
226268
226270
226278
226294
226298
226308
226324
226326
226329
226343
226346
226348
226350
226354
226357
226363
226368
226373
226374
226376
226377
226378
226380
226400
226404
226412
226424
226442
226446
226455
226460
226472
226486
226496
226498
226501
226502
226505
226517
226518
226524
226528
226536
226541
226542
226545
226555
226559
226562
226567
226571
226577
226579
226580
226587
226588
226594
226595
226597
226599
226611
226613
226617
226632
226634
226639
226654
226658
226660
226664
226695
226701
226702
226705
226713
226716
226734
226747
226748
226761
226762
226795
226801
226805
226811
226812
226817
226820
226821
226825
226848
226904
226917
226928
226936
226939
226959
226967
226983
226988
227000
227003
227010
227012
227019
227031
227032
227035
227040
227042
227048
227049
227059
227061
227066
227069
227073
227093
227109
227117
227127
227137
227178
227185
227186
227193
227202
227204
227205
227216
227220
227221
227222
227224
227226
227227
227230
227231
227242
227245
227248
227250
227265
227269
227293
227295
227307
227318
227325
227326
227329
227337
227359
227370
227382
227402
227418
227422
227433
227438
227439
227440
227441
227456
227460
227463
227474
227484
227485
227487
227495
227497
227498
227502
227508
227517
227520
227540
227549
227550
227552
227554
227558
227567
227577
227582
227587
227599
227607
227612
227617
227621
227635
227638
227652
227656
227657
227675
227683
227689
227706
227709
227713
227723
227733
227734
227736
227741
227742
227743
227769
227772
227781
227801
227806
227808
227813
227825
227826
227828
227830
227843
227851
227852
227855
227869
227878
227879
227882
227883
227884
227891
227893
227897
227901
227903
227909
227915
227918
227928
227935
227939
227940
227941
227946
227947
227948
227952
227957
227958
227959
227960
227969
227975
227978
227982
227986
228000
228011
228013
228018
228042
228045
228071
228085
228091
228098
228105
228119
228121
228122
228123
228135
228155
228160
228161
228166
228172
228175
228179
228181
228197
228206
228209
228211
228224
228234
228246
228256
228261
228274
228293
228297
228300
228306
228320
228326
228329
228330
228335
228340
228344
228350
228356
228380
228398
228409
228411
228413
228418
228434
228435
228442
228450
228456
228461
228463
228467
228472
228477
228478
228504
228505
228514
228519
228522
228530
228539
228551
228552
228558
228566
228580
228603
228604
228611
228618
228624
228635
228644
228647
228657
228659
228664
228669
228671
228676
228677
228681
228683
228708
228714
228722
228732
228744
228783
228784
228799
228832
228844
228854
228855
228857
228867
228876
228881
228910
228914
228915
228920
228943
228953
228956
228974
228989
228992
229000
229001
229002
229008
229020
229024
229033
229035
229058
229067
229075
229078
229084
229088
229105
229127
229131
229132
229133
229134
229139
229149
229150
229156
229158
229159
229171
229172
229180
229184
229188
229193
229207
229208
229233
229236
229241
229247
229250
229267
229270
229284
229286
229295
229301
229304
229312
229317
229318
229329
229342
229347
229350
229352
229356
229357
229362
229378
229381
229383
229388
229391
229396
229398
229401
229415
229422
229427
229449
229463
229468
229472
229474
229478
229481
229491
229494
229500
229507
229511
229522
229525
229529
229530
229531
229539
229544
229552
229559
229564
229574
229575
229583
229596
229598
229603
229615
229616
229618
229622
229630
229633
229643
229653
229660
229666
229678
229680
229688
229707
229713
229724
229733
229740
229754
229765
229774
229779
229787
229825
229827
229833
229837
229848
229852
229856
229867
229870
229874
229875
229889
229893
229896
229919
229935
229936
229940
229942
229947
229949
229960
229962
229968
229969
229984
229995
230004
230007
230015
230020
230031
230038
230039
230040
230044
230046
230061
230096
230109
230117
230127
230133
230135
230141
230160
230164
230169
230175
230177
230178
230179
230190
230209
230210
230212
230213
230214
230224
230236
230238
230240
230245
230246
230247
230263
230265
230268
230272
230273
230275
230289
230291
230315
230321
230334
230335
230340
230360
230367
230381
230393
230404
230417
230432
230433
230436
230449
230454
230468
230501
230503
230516
230522
230537
230554
230559
230561
230567
230570
230572
230578
230585
230593
230597
230598
230601
230610
230614
230615
230617
230627
230644
230646
230650
230655
230661
230663
230665
230670
230673
230679
230680
230700
230701
230707
230708
230712
230727
230735
230741
230752
230756
230769
230777
230780
230817
230843
230844
230851
230862
230863
230864
230867
230877
230879
230884
230889
230893
230898
230905
230915
230916
230931
230932
230934
230936
230945
230964
230971
230976
230982
230987
230991
230995
230996
231014
231017
231019
231028
231034
231035
231037
231047
231052
231056
231062
231078
231079
231080
231091
231099
231102
231103
231104
231109
231116
231131
231134
231140
231142
231148
231153
231162
231163
231164
231194
231206
231236
231240
231253
231259
231267
231281
231282
231295
231310
231315
231322
231325
231334
231337
231338
231343
231368
231373
231374
231378
231379
231387
231395
231401
231402
231414
231422
231448
231450
231460
231476
231500
231502
231521
231524
231534
231536
231538
231568
231572
231582
231589
231593
231605
231610
231614
231616
231628
231630
231631
231632
231637
231644
231645
231654
231655
231659
231667
231671
231675
231677
231679
231682
231691
231705
231712
231714
231719
231720
231732
231744
231748
231768
231778
231786
231795
231801
231806
231835
231838
231845
231846
231855
231857
231863
231868
231874
231878
231881
231889
231902
231905
231907
231918
231932
231941
231945
231954
231958
231963
231978
231987
231991
231997
232001
232011
232025
232031
232047
232049
232054
232073
232086
232093
232094
232115
232118
232121
232143
232148
232160
232161
232165
232167
232181
232182
232185
232187
232198
232218
232219
232227
232231
232241
232243
232245
232250
232254
232262
232263
232275
232279
232280
232292
232309
232311
232322
232329
232337
232338
232339
232344
232351
232357
232358
232363
232376
232379
232383
232387
232389
232394
232417
232420
232432
232433
232434
232451
232460
232463
232467
232483
232484
232488
232490
232500
232503
232511
232524
232544
232546
232550
232551
232592
232597
232598
232610
232612
232625
232648
232654
232658
232661
232663
232670
232675
232676
232679
232689
232691
232699
232716
232717
232720
232723
232724
232760
232762
232769
232770
232779
232801
232806
232807
232809
232819
232822
232840
232842
232845
232849
232862
232865
232875
232886
232887
232889
232894
232900
232906
232910
232919
232931
232936
232949
232950
232954
232957
232963
232972
232985
232993
233004
233005
233007
233017
233023
233030
233040
233042
233079
233080
233090
233093
233102
233110
233111
233112
233116
233119
233121
233124
233137
233141
233142
233143
233146
233153
233164
233187
233188
233193
233210
233218
233223
233224
233233
233242
233263
233266
233271
233272
233290
233292
233305
233315
233319
233341
233348
233351
233357
233365
233376
233379
233381
233384
233395
233399
233401
233402
233404
233405
233428
233430
233434
233435
233437
233453
233456
233471
233476
233477
233483
233485
233491
233497
233500
233517
233520
233521
233526
233527
233528
233543
233545
233556
233574
233575
233580
233587
233588
233609
233610
233613
233615
233617
233623
233625
233627
233630
233637
233638
233642
233644
233646
233647
233651
233660
233672
233688
233690
233697
233703
233706
233711
233726
233744
233748
233786
233790
233804
233815
233817
233830
233833
233841
233848
233862
233863
233865
233868
233869
233871
233872
233877
233878
233882
233888
233900
233901
233902
233904
233915
233916
233919
233925
233926
233938
233950
233954
233955
233961
233968
233970
233975
233991
234006
234016
234020
234022
234023
234028
234031
234032
234040
234046
234083
234088
234091
234100
234118
234124
234136
234153
234162
234164
234169
234175
234176
234182
234197
234203
234207
234210
234211
234230
234234
234236
234239
234244
234247
234251
234277
234285
234293
234297
234328
234347
234349
234350
234352
234387
234396
234416
234422
234433
234467
234468
234470
234475
234499
234500
234501
234515
234518
234527
234533
234536
234550
234554
234555
234569
234572
234577
234595
234599
234600
234612
234615
234616
234624
234633
234637
234642
234643
234655
234665
234666
234671
234673
234676
234679
234685
234700
234717
234720
234734
234743
234745
234748
234751
234755
234766
234768
234781
234811
234819
234839
234848
234889
234900
234902
234903
234910
234914
234916
234934
234941
234945
234948
234949
234953
234963
234965
234967
234978
234986
234994
235000
235012
235017
235029
235031
235061
235069
235073
235081
235082
235090
235091
235093
235098
235110
235124
235126
235130
235131
235147
235152
235156
235163
235176
235177
235187
235189
235192
235203
235233
235237
235242
235245
235268
235269
235276
235278
235281
235296
235299
235302
235314
235316
235319
235328
235340
235351
235352
235358
235380
235388
235390
235394
235409
235410
235429
235437
235443
235446
235464
235466
235468
235471
235479
235481
235486
235488
235489
235491
235499
235534
235536
235537
235541
235543
235545
235557
235564
235568
235575
235579
235581
235582
235591
235595
235597
235600
235602
235609
235621
235624
235644
235651
235670
235672
235683
235687
235699
235701
235721
235722
235734
235741
235743
235744
235747
235759
235760
235787
235788
235791
235795
235799
235808
235809
235812
235832
235839
235843
235844
235862
235864
235868
235871
235876
235893
235904
235905
235912
235919
235933
235949
235964
235967
235976
235984
235987
235991
235994
235996
236010
236015
236016
236023
236025
236036
236052
236057
236060
236068
236074
236075
236078
236080
236085
236087
236093
236102
236111
236117
236125
236126
236138
236141
236142
236148
236155
236161
236162
236174
236176
236177
236182
236184
236186
236189
236206
236211
236217
236222
236224
236228
236239
236243
236245
236246
236260
236267
236272
236282
236288
236290
236292
236295
236314
236318
236323
236332
236335
236336
236338
236340
236346
236350
236352
236354
236370
236375
236381
236385
236386
236388
236390
236397
236419
236424
236432
236438
236461
236475
236486
236505
236507
236509
236512
236515
236516
236519
236528
236530
236556
236567
236568
236571
236593
236604
236607
236611
236623
236626
236630
236650
236661
236671
236673
236674
236677
236712
236714
236718
236725
236744
236747
236759
236760
236762
236766
236769
236818
236822
236823
236824
236837
236840
236865
236866
236868
236874
236882
236884
236897
236909
236910
236919
236920
236925
236938
236951
236955
236961
236985
236990
236996
237002
237003
237017
237031
237034
237044
237054
237060
237064
237075
237077
237091
237110
237111
237129
237137
237143
237160
237162
237184
237186
237188
237192
237193
237201
237202
237203
237207
237210
237214
237222
237224
237230
237232
237233
237241
237245
237247
237254
237273
237277
237281
237282
237309
237315
237318
237324
237326
237327
237333
237337
237340
237344
237350
237355
237357
237363
237367
237372
237381
237383
237385
237390
237394
237399
237419
237420
237423
237428
237445
237453
237463
237464
237467
237474
237477
237487
237495
237496
237501
237502
237511
237513
237514
237515
237538
237550
237558
237560
237561
237568
237569
237600
237608
237611
237617
237618
237628
237632
237655
237658
237669
237677
237685
237689
237701
237745
237759
237764
237767
237772
237781
237783
237791
237798
237814
237818
237825
237831
237833
237834
237835
237841
237844
237848
237850
237853
237859
237861
237872
237881
237886
237894
237897
237903
237912
237919
237920
237922
237923
237941
237942
237944
237964
237968
237976
237990
237996
238001
238003
238004
238009
238018
238025
238045
238048
238049
238051
238065
238068
238074
238080
238086
238087
238095
238105
238124
238125
238140
238147
238171
238177
238178
238189
238197
238199
238200
238210
238212
238217
238223
238227
238228
238231
238232
238238
238245
238255
238256
238258
238260
238263
238286
238301
238304
238310
238316
238332
238345
238361
238385
238390
238392
238399
238402
238427
238428
238432
238448
238449
238459
238472
238488
238498
238500
238502
238517
238528
238535
238537
238557
238568
238584
238589
238591
238598
238603
238604
238607
238615
238623
238630
238641
238654
238667
238675
238687
238688
238691
238709
238712
238717
238724
238729
238735
238749
238757
238768
238772
238795
238799
238806
238808
238816
238827
238828
238831
238836
238857
238860
238881
238887
238890
238892
238902
238905
238911
238928
238948
238963
238968
238980
238982
239001
239010
239013
239016
239022
239029
239040
239047
239048
239052
239053
239064
239093
239101
239113
239119
239120
239130
239144
239157
239180
239196
239202
239204
239205
239208
239229
239235
239241
239243
239252
239260
239263
239307
239309
239315
239327
239331
239337
239339
239351
239355
239365
239376
239382
239387
239389
239396
239400
239417
239427
239436
239444
239445
239448
239456
239457
239461
239464
239466
239478
239483
239492
239499
239509
239515
239518
239528
239532
239536
239552
239558
239575
239580
239584
239586
239591
239593
239596
239611
239616
239625
239634
239644
239656
239670
239671
239676
239693
239697
239745
239754
239757
239769
239771
239772
239784
239785
239791
239792
239793
239803
239805
239811
239828
239837
239845
239849
239870
239873
239881
239894
239915
239917
239928
239930
239933
239936
239953
239975
239985
239988
239997
240009
240022
240028
240033
240043
240046
240057
240062
240093
240101
240102
240107
240111
240123
240128
240134
240137
240147
240155
240158
240163
240173
240175
240185
240195
240196
240199
240210
240213
240225
240234
240240
240243
240247
240252
240259
240263
240274
240275
240278
240285
240287
240289
240295
240298
240321
240331
240339
240340
240344
240358
240378
240379
240387
240399
240403
240418
240423
240433
240434
240439
240448
240449
240455
240457
240467
240481
240485
240490
240495
240500
240501
240521
240527
240537
240543
240545
240568
240586
240589
240594
240596
240608
240615
240618
240625
240632
240648
240655
240662
240681
240684
240685
240689
240691
240695
240706
240709
240727
240739
240741
240742
240755
240762
240764
240775
240784
240811
240813
240817
240820
240835
240841
240847
240862
240867
240887
240889
240902
240903
240904
240912
240915
240918
240944
240945
240950
240951
240952
240955
240961
240972
240976
240992
241001
241010
241025
241058
241073
241076
241082
241100
241102
241124
241126
241129
241141
241148
241149
241155
241161
241170
241174
241178
241187
241188
241196
241206
241208
241211
241214
241221
241236
241261
241265
241269
241271
241273
241279
241281
241283
241288
241291
241294
241301
241305
241317
241318
241324
241329
241340
241341
241342
241345
241350
241355
241369
241373
241388
241392
241396
241402
241407
241408
241421
241422
241440
241457
241458
241465
241466
241490
241491
241503
241517
241534
241539
241541
241551
241557
241559
241565
241611
241622
241638
241643
241645
241675
241691
241717
241720
241723
241728
241747
241761
241762
241764
241767
241797
241806
241820
241823
241832
241837
241838
241844
241851
241860
241867
241880
241882
241886
241888
241889
241897
241904
241905
241911
241918
241935
241945
241955
241959
241963
241975
242002
242007
242008
242034
242036
242039
242047
242051
242052
242061
242074
242076
242081
242090
242095
242116
242118
242133
242138
242139
242142
242145
242163
242167
242189
242193
242194
242202
242203
242208
242210
242213
242218
242222
242246
242248
242270
242276
242286
242291
242296
242297
242298
242301
242307
242350
242361
242365
242378
242399
242400
242422
242426
242427
242431
242432
242446
242452
242453
242457
242458
242467
242472
242484
242499
242501
242506
242510
242516
242526
242529
242532
242535
242537
242539
242543
242544
242547
242564
242566
242582
242583
242592
242605
242606
242607
242610
242611
242612
242618
242620
242625
242631
242642
242673
242677
242679
242712
242716
242721
242731
242734
242739
242744
242745
242755
242762
242771
242779
242789
242807
242821
242823
242827
242832
242847
242852
242854
242885
242900
242906
242911
242915
242926
242931
242945
242964
242968
242979
242981
242982
242984
242992
242998
243008
243016
243017
243019
243021
243029
243044
243045
243071
243072
243085
243090
243116
243134
243136
243153
243156
243158
243160
243171
243173
243176
243205
243207
243211
243212
243213
243219
243222
243234
243253
243260
243268
243280
243287
243288
243292
243296
243304
243307
243324
243327
243330
243333
243336
243341
243354
243361
243370
243373
243382
243384
243386
243416
243418
243421
243434
243442
243443
243456
243464
243472
243482
243491
243504
243509
243518
243526
243527
243557
243558
243564
243569
243580
243600
243610
243627
243629
243630
243637
243650
243657
243660
243694
243699
243724
243725
243728
243737
243750
243773
243777
243780
243782
243787
243792
243796
243810
243820
243824
243825
243829
243831
243839
243845
243847
243851
243852
243861
243873
243875
243882
243891
243896
243909
243910
243912
243914
243926
243927
243938
243946
243947
243950
243955
243957
243959
243962
243968
243970
243980
243986
244000
244011
244014
244022
244026
244032
244049
244050
244056
244060
244078
244082
244088
244095
244104
244122
244132
244135
244151
244157
244159
244164
244167
244171
244184
244197
244209
244213
244241
244246
244254
244267
244279
244282
244283
244284
244291
244293
244303
244317
244328
244334
244339
244353
244361
244365
244367
244383
244385
244387
244410
244416
244421
244423
244424
244425
244428
244429
244442
244451
244455
244462
244471
244476
244484
244504
244520
244528
244530
244539
244549
244550
244557
244571
244577
244578
244585
244586
244589
244596
244597
244614
244633
244635
244646
244659
244665
244675
244683
244692
244711
244712
244713
244715
244721
244748
244754
244762
244768
244782
244792
244795
244804
244812
244815
244822
244825
244834
244835
244844
244857
244862
244870
244875
244894
244925
244931
244933
244940
244951
244967
244975
244983
244986
244992
244994
244999
245002
245013
245051
245062
245067
245075
245089
245094
245096
245105
245116
245118
245132
245142
245160
245162
245174
245182
245204
245209
245221
245227
245230
245235
245265
245266
245271
245295
245298
245301
245313
245315
245317
245326
245336
245337
245351
245354
245356
245361
245367
245371
245377
245383
245384
245409
245411
245414
245415
245417
245425
245426
245430
245432
245440
245441
245447
245451
245453
245460
245462
245481
245483
245496
245497
245503
245523
245528
245530
245551
245562
245566
245577
245582
245590
245598
245609
245638
245642
245654
245660
245664
245667
245675
245676
245682
245683
245691
245697
245701
245716
245717
245729
245733
245746
245754
245757
245780
245793
245797
245802
245806
245817
245818
245820
245823
245835
245839
245842
245846
245853
245874
245895
245898
245920
245932
245935
245946
245971
245982
245983
245999
246001
246004
246005
246007
246009
246014
246016
246026
246029
246040
246044
246053
246056
246057
246061
246064
246066
246071
246074
246081
246084
246085
246087
246102
246105
246106
246119
246120
246124
246125
246137
246145
246156
246166
246183
246218
246231
246237
246246
246248
246252
246265
246270
246278
246280
246285
246298
246307
246311
246312
246318
246322
246323
246327
246336
246339
246342
246345
246356
246366
246375
246376
246384
246390
246396
246398
246409
246412
246417
246423
246434
246435
246442
246444
246446
246447
246453
246456
246467
246474
246491
246494
246503
246528
246532
246535
246539
246553
246562
246563
246573
246575
246576
246587
246589
246590
246597
246608
246609
246612
246613
246625
246626
246629
246636
246641
246649
246650
246656
246686
246701
246713
246717
246718
246719
246723
246725
246728
246729
246735
246736
246746
246750
246753
246755
246759
246777
246779
246782
246787
246796
246797
246809
246815
246831
246833
246839
246841
246843
246846
246848
246852
246855
246863
246869
246875
246876
246878
246879
246918
246924
246927
246928
246932
246940
246951
246959
246970
246971
246976
246980
246981
246982
246985
246990
246999
247006
247014
247034
247037
247049
247052
247057
247065
247068
247071
247072
247078
247082
247098
247106
247114
247121
247124
247126
247130
247131
247134
247136
247141
247146
247160
247166
247167
247179
247180
247181
247190
247206
247214
247216
247217
247224
247234
247247
247259
247263
247264
247269
247271
247285
247296
247301
247306
247317
247318
247319
247333
247338
247346
247351
247360
247366
247369
247378
247394
247397
247404
247407
247416
247421
247422
247438
247469
247473
247474
247475
247477
247484
247487
247493
247508
247515
247519
247521
247529
247545
247553
247555
247576
247587
247597
247604
247625
247639
247660
247680
247692
247700
247703
247706
247708
247712
247714
247718
247720
247726
247782
247786
247788
247790
247807
247808
247818
247826
247839
247840
247849
247858
247866
247873
247874
247884
247885
247893
247906
247909
247918
247919
247925
247945
247951
247976
247979
247982
247986
247999
248001
248002
248005
248007
248012
248014
248023
248024
248029
248031
248033
248034
248051
248052
248066
248069
248085
248089
248091
248104
248118
248129
248132
248141
248142
248150
248152
248163
248167
248169
248170
248194
248203
248206
248224
248229
248235
248242
248250
248251
248252
248255
248263
248270
248276
248280
248283
248300
248308
248315
248320
248333
248337
248353
248355
248360
248364
248382
248389
248391
248395
248403
248417
248419
248427
248441
248445
248446
248461
248467
248468
248469
248476
248478
248488
248518
248559
248564
248565
248579
248580
248582
248591
248603
248610
248622
248637
248643
248645
248651
248655
248674
248682
248694
248701
248702
248703
248709
248711
248733
248744
248745
248753
248761
248767
248771
248786
248789
248793
248797
248809
248815
248818
248823
248830
248831
248833
248834
248835
248839
248850
248854
248856
248876
248878
248879
248884
248910
248911
248919
248920
248924
248925
248928
248932
248935
248942
248952
248953
248956
248957
248965
248979
248995
249046
249076
249086
249111
249120
249125
249128
249130
249131
249132
249139
249145
249151
249156
249158
249166
249176
249184
249198
249226
249240
249246
249251
249275
249276
249277
249287
249288
249290
249291
249301
249309
249325
249336
249347
249348
249362
249363
249382
249384
249397
249400
249404
249418
249429
249430
249435
249445
249451
249453
249455
249470
249471
249489
249506
249508
249515
249519
249524
249529
249531
249532
249536
249537
249538
249543
249561
249599
249608
249616
249618
249619
249621
249658
249664
249666
249670
249672
249675
249682
249687
249688
249715
249720
249727
249730
249757
249764
249770
249785
249792
249804
249805
249807
249809
249810
249813
249815
249817
249822
249825
249835
249836
249838
249839
249869
249875
249882
249883
249891
249905
249906
249922
249936
249947
249953
249958
249968
249983
249988
249993
250001
250008
250026
250035
250043
250054
250067
250069
250076
250079
250083
250084
250103
250108
250113
250124
250129
250136
250155
250156
250162
250164
250165
250167
250192
250193
250194
250195
250196
250200
250210
250225
250227
250232
250239
250240
250243
250249
250250
250258
250268
250276
250278
250292
250293
250295
250301
250309
250311
250313
250335
250344
250345
250350
250357
250360
250364
250368
250380
250381
250383
250395
250400
250401
250417
250424
250427
250443
250451
250474
250506
250516
250518
250526
250533
250540
250543
250556
250565
250566
250569
250571
250574
250576
250579
250588
250592
250593
250594
250597
250599
250608
250614
250629
250630
250639
250645
250655
250677
250724
250730
250737
250744
250749
250768
250771
250777
250778
250790
250794
250800
250801
250804
250808
250809
250827
250834
250848
250870
250875
250877
250880
250881
250893
250903
250910
250912
250917
250920
250922
250929
250939
250941
250949
250952
250953
250954
250955
250978
250990
250991
250998
251008
251009
251016
251019
251026
251036
251042
251045
251049
251062
251064
251072
251079
251082
251084
251096
251098
251103
251111
251113
251114
251115
251121
251124
251125
251144
251165
251168
251181
251195
251206
251210
251211
251219
251230
251232
251234
251242
251246
251249
251250
251251
251252
251255
251256
251262
251277
251292
251293
251312
251314
251317
251318
251319
251335
251343
251365
251366
251367
251368
251370
251375
251395
251404
251405
251418
251425
251436
251439
251442
251448
251453
251454
251466
251474
251475
251487
251493
251496
251503
251508
251509
251511
251523
251531
251563
251564
251569
251576
251578
251580
251589
251590
251600
251608
251626
251639
251646
251655
251660
251663
251696
251697
251700
251701
251716
251723
251741
251750
251751
251752
251754
251758
251772
251777
251785
251787
251789
251794
251798
251801
251803
251804
251816
251818
251842
251849
251856
251857
251862
251868
251872
251874
251882
251892
251897
251901
251910
251920
251922
251932
251937
251938
251974
251985
252010
252018
252020
252025
252036
252038
252054
252069
252084
252086
252091
252092
252093
252105
252113
252121
252135
252136
252147
252162
252177
252179
252186
252193
252198
252201
252203
252212
252214
252215
252220
252244
252265
252277
252280
252283
252290
252292
252300
252311
252344
252354
252364
252373
252375
252383
252384
252388
252391
252393
252403
252407
252411
252439
252443
252444
252448
252451
252457
252468
252470
252495
252502
252504
252518
252525
252535
252544
252558
252567
252576
252596
252614
252625
252629
252639
252646
252659
252664
252679
252691
252693
252696
252702
252731
252736
252738
252744
252745
252751
252759
252768
252771
252775
252779
252783
252786
252799
252801
252807
252811
252813
252833
252839
252846
252850
252859
252868
252883
252894
252902
252905
252911
252925
252927
252929
252937
252940
252943
252952
252962
252968
252990
252994
252998
253004
253006
253031
253032
253036
253054
253064
253065
253072
253087
253094
253095
253096
253121
253122
253125
253141
253143
253148
253166
253170
253171
253183
253202
253212
253217
253221
253229
253238
253250
253251
253260
253262
253263
253264
253265
253266
253281
253282
253323
253332
253334
253335
253341
253362
253388
253389
253395
253408
253413
253416
253417
253429
253430
253438
253444
253447
253449
253455
253467
253470
253474
253477
253479
253480
253483
253485
253487
253489
253498
253513
253515
253518
253522
253528
253532
253537
253538
253550
253551
253576
253577
253579
253580
253584
253600
253624
253630
253656
253665
253674
253686
253691
253715
253725
253728
253729
253730
253746
253748
253757
253767
253770
253773
253777
253785
253805
253827
253834
253838
253843
253871
253873
253883
253887
253903
253906
253907
253915
253924
253930
253937
253944
253945
253955
253956
253958
253959
253960
253962
253964
253965
253967
253969
253970
253971
253975
253986
253992
254002
254004
254007
254008
254011
254025
254032
254042
254046
254050
254060
254063
254071
254078
254079
254081
254096
254127
254129
254131
254134
254136
254138
254150
254161
254164
254167
254169
254172
254176
254177
254179
254191
254194
254198
254199
254210
254212
254218
254237
254240
254241
254242
254244
254266
254277
254283
254291
254296
254301
254304
254325
254327
254332
254356
254357
254360
254376
254379
254387
254392
254396
254397
254410
254420
254449
254454
254460
254476
254481
254491
254493
254510
254512
254520
254535
254536
254540
254556
254562
254577
254585
254589
254599
254600
254604
254615
254625
254629
254632
254637
254638
254644
254653
254658
254660
254666
254670
254678
254682
254701
254703
254706
254711
254712
254714
254726
254743
254745
254753
254774
254775
254779
254787
254789
254795
254797
254800
254801
254806
254807
254816
254821
254822
254828
254838
254845
254850
254861
254864
254869
254879
254882
254884
254892
254902
254917
254919
254925
254926
254927
254929
254930
254948
254968
254983
254984
254986
254990
254994
255003
255004
255006
255010
255013
255016
255017
255026
255036
255044
255056
255069
255071
255088
255093
255096
255112
255115
255123
255124
255137
255139
255149
255158
255164
255179
255182
255186
255203
255209
255216
255226
255232
255239
255248
255258
255271
255274
255279
255295
255306
255315
255317
255322
255326
255329
255330
255337
255338
255339
255358
255362
255368
255374
255375
255392
255399
255402
255418
255419
255420
255422
255425
255443
255459
255471
255479
255486
255494
255495
255500
255519
255522
255529
255532
255546
255550
255554
255558
255568
255573
255576
255577
255592
255604
255610
255614
255623
255627
255630
255634
255641
255649
255660
255662
255665
255669
255674
255683
255691
255706
255708
255713
255714
255769
255770
255784
255786
255795
255797
255800
255804
255808
255849
255857
255863
255889
255898
255904
255910
255925
255934
255937
255941
255969
255971
255975
255978
255983
255988
255992
255999
256013
256031
256035
256040
256055
256057
256067
256075
256087
256094
256096
256098
256101
256105
256141
256145
256151
256155
256180
256184
256189
256190
256197
256199
256214
256215
256220
256221
256222
256223
256230
256236
256251
256260
256270
256276
256278
256284
256286
256290
256301
256308
256309
256311
256316
256322
256334
256337
256341
256343
256353
256359
256366
256380
256384
256385
256386
256403
256431
256447
256451
256465
256474
256475
256504
256505
256529
256533
256535
256539
256540
256547
256549
256550
256560
256564
256565
256566
256569
256576
256577
256589
256601
256603
256606
256607
256608
256611
256613
256617
256628
256630
256637
256643
256648
256651
256657
256659
256664
256672
256683
256702
256713
256720
256722
256731
256734
256741
256743
256748
256755
256766
256769
256771
256778
256785
256787
256799
256808
256814
256815
256819
256824
256833
256838
256851
256852
256855
256869
256875
256877
256879
256884
256896
256903
256906
256915
256936
256940
256950
256951
256965
256967
256968
256973
256980
256981
256983
257013
257021
257036
257044
257046
257058
257060
257065
257071
257073
257076
257090
257099
257102
257105
257109
257134
257136
257149
257162
257163
257164
257165
257178
257187
257190
257196
257198
257215
257219
257231
257232
257236
257270
257275
257297
257301
257302
257308
257311
257327
257328
257336
257339
257341
257345
257350
257351
257353
257387
257388
257392
257407
257421
257426
257434
257443
257448
257450
257461
257470
257471
257498
257528
257537
257575
257615
257620
257625
257628
257629
257632
257656
257657
257663
257669
257670
257674
257683
257712
257713
257723
257729
257751
257773
257774
257782
257783
257788
257804
257807
257815
257817
257821
257830
257835
257838
257853
257858
257860
257867
257870
257874
257875
257893
257897
257909
257920
257928
257940
257941
257943
257946
257951
257955
257959
257965
257971
257976
257992
257993
258006
258017
258019
258020
258021
258023
258035
258036
258043
258061
258071
258077
258078
258085
258088
258089
258093
258094
258095
258099
258101
258110
258112
258129
258132
258134
258141
258155
258158
258160
258165
258174
258182
258205
258209
258222
258237
258240
258243
258248
258249
258264
258265
258266
258270
258272
258283
258290
258291
258304
258311
258322
258327
258330
258336
258344
258346
258350
258352
258364
258381
258382
258391
258395
258397
258399
258400
258411
258414
258433
258439
258440
258442
258472
258476
258478
258488
258505
258516
258517
258520
258538
258544
258552
258559
258566
258571
258581
258588
258597
258611
258628
258635
258642
258644
258649
258671
258674
258676
258679
258680
258688
258690
258702
258705
258714
258725
258734
258735
258761
258762
258769
258772
258774
258792
258794
258815
258832
258837
258843
258850
258853
258854
258856
258859
258860
258865
258869
258878
258882
258893
258894
258915
258920
258925
258927
258931
258954
258956
258975
258996
259000
259005
259014
259022
259028
259037
259041
259044
259049
259056
259060
259067
259085
259087
259088
259093
259099
259103
259113
259115
259120
259137
259149
259153
259170
259186
259187
259188
259189
259192
259216
259217
259228
259240
259243
259249
259265
259277
259284
259309
259312
259335
259336
259338
259342
259345
259346
259348
259349
259359
259360
259366
259371
259375
259393
259408
259414
259417
259419
259420
259426
259434
259443
259452
259464
259465
259467
259491
259497
259498
259513
259514
259519
259535
259542
259543
259551
259553
259555
259556
259557
259565
259567
259576
259585
259591
259595
259610
259629
259638
259652
259655
259665
259676
259683
259687
259703
259715
259717
259719
259743
259745
259753
259755
259758
259761
259766
259776
259793
259800
259809
259811
259814
259817
259833
259853
259877
259884
259924
259951
259952
259960
259964
259983
259986
260006
260010
260024
260025
260029
260035
260036
260039
260040
260048
260050
260059
260088
260099
260101
260109
260110
260116
260117
260118
260123
260126
260129
260134
260135
260138
260139
260141
260145
260150
260166
260175
260181
260182
260190
260195
260199
260221
260223
260230
260238
260241
260247
260264
260275
260276
260292
260310
260317
260321
260345
260347
260354
260359
260360
260363
260370
260373
260381
260382
260395
260398
260407
260409
260415
260430
260433
260439
260440
260443
260447
260448
260456
260465
260478
260481
260482
260486
260491
260500
260512
260513
260516
260519
260525
260545
260547
260564
260595
260603
260604
260608
260627
260630
260634
260635
260637
260639
260651
260654
260655
260656
260664
260677
260679
260685
260686
260695
260696
260702
260713
260716
260729
260733
260738
260741
260748
260772
260791
260794
260800
260802
260818
260826
260827
260838
260852
260857
260871
260888
260901
260906
260917
260922
260927
260932
260951
260953
260955
260957
260962
260969
260970
260973
260974
260977
260982
260991
260994
261003
261022
261026
261050
261051
261060
261062
261068
261069
261073
261077
261096
261118
261129
261139
261151
261172
261175
261180
261182
261185
261189
261205
261207
261239
261240
261256
261271
261272
261280
261283
261292
261298
261305
261315
261316
261323
261326
261333
261342
261346
261349
261360
261363
261364
261381
261388
261414
261426
261431
261432
261448
261453
261458
261471
261477
261479
261485
261487
261511
261514
261521
261532
261541
261558
261560
261569
261576
261579
261585
261587
261597
261603
261630
261633
261637
261665
261669
261673
261688
261702
261705
261707
261710
261721
261729
261742
261744
261746
261750
261759
261765
261774
261777
261779
261780
261783
261785
261787
261788
261790
261793
261800
261805
261829
261843
261858
261863
261870
261871
261879
261885
261887
261893
261902
261931
261940
261942
261945
261956
261977
261984
261990
261999
262001
262003
262006
262012
262016
262041
262054
262059
262065
262086
262093
262095
262099
262101
262103
262116
262119
262124
262136
262145
262146
262148
262161
262162
262171
262172
262175
262191
262197
262200
262207
262221
262228
262229
262235
262238
262239
262242
262260
262273
262274
262275
262286
262299
262307
262334
262335
262336
262353
262359
262360
262389
262391
262394
262396
262399
262404
262407
262413
262414
262415
262418
262425
262442
262446
262450
262454
262463
262465
262476
262477
262495
262505
262508
262509
262514
262519
262521
262528
262529
262531
262538
262545
262550
262552
262561
262565
262576
262588
262594
262603
262605
262609
262617
262642
262658
262670
262672
262673
262686
262688
262692
262703
262705
262707
262710
262715
262718
262724
262736
262738
262746
262747
262770
262786
262810
262848
262851
262861
262862
262869
262873
262884
262893
262896
262909
262917
262925
262935
262940
262951
262952
262954
262956
262962
262967
262976
262980
262987
262991
262997
263002
263006
263008
263011
263028
263031
263041
263042
263043
263052
263073
263083
263084
263094
263098
263101
263104
263111
263136
263138
263146
263163
263176
263177
263189
263202
263208
263212
263223
263229
263251
263258
263261
263264
263265
263270
263271
263275
263278
263292
263323
263327
263328
263351
263355
263358
263359
263362
263377
263381
263383
263385
263388
263393
263405
263406
263412
263418
263428
263434
263440
263450
263453
263456
263458
263462
263479
263503
263504
263505
263512
263515
263516
263526
263576
263582
263586
263589
263603
263604
263609
263613
263620
263647
263651
263664
263668
263677
263685
263687
263696
263700
263703
263724
263734
263744
263759
263760
263762
263764
263769
263770
263810
263823
263826
263828
263834
263858
263873
263875
263876
263878
263883
263896
263924
263957
263961
263970
263973
263974
263989
263995
264005
264018
264032
264033
264043
264044
264058
264076
264091
264092
264110
264124
264128
264151
264155
264158
264165
264169
264170
264179
264197
264201
264214
264222
264233
264241
264244
264250
264255
264256
264268
264279
264282
264296
264304
264307
264309
264322
264324
264330
264336
264337
264338
264340
264347
264350
264353
264356
264358
264363
264365
264371
264375
264382
264385
264388
264392
264395
264396
264423
264424
264434
264454
264456
264473
264474
264495
264497
264499
264502
264504
264511
264514
264526
264532
264537
264551
264567
264568
264572
264581
264589
264591
264594
264598
264599
264605
264608
264618
264619
264620
264625
264628
264636
264642
264645
264647
264659
264660
264676
264683
264686
264699
264708
264709
264712
264718
264723
264733
264734
264737
264741
264752
264758
264769
264771
264781
264791
264804
264805
264806
264819
264821
264828
264830
264843
264846
264853
264855
264884
264919
264923
264926
264930
264948
264957
264959
264961
264969
264976
264987
265010
265020
265023
265036
265037
265050
265051
265052
265063
265066
265069
265070
265076
265080
265085
265100
265114
265115
265125
265128
265135
265139
265145
265151
265153
265158
265160
265167
265168
265173
265176
265179
265184
265186
265187
265196
265200
265208
265211
265225
265227
265233
265236
265237
265244
265253
265256
265267
265273
265274
265279
265280
265292
265303
265315
265316
265324
265327
265330
265351
265353
265355
265356
265364
265366
265374
265378
265382
265407
265412
265432
265447
265449
265451
265453
265454
265462
265464
265506
265513
265532
265536
265547
265550
265552
265553
265566
265586
265594
265596
265597
265622
265625
265628
265635
265646
265648
265677
265701
265708
265709
265719
265725
265744
265745
265771
265781
265789
265796
265799
265810
265814
265815
265818
265822
265831
265833
265851
265879
265889
265908
265916
265930
265933
265934
265938
265943
265950
265964
265967
265971
265980
265990
266001
266010
266021
266026
266032
266041
266071
266083
266107
266108
266114
266117
266120
266124
266131
266151
266153
266160
266200
266217
266240
266242
266244
266246
266250
266271
266273
266275
266278
266289
266298
266299
266311
266334
266350
266353
266363
266366
266369
266371
266376
266379
266383
266385
266418
266422
266434
266436
266437
266441
266443
266461
266469
266479
266486
266491
266496
266515
266517
266520
266533
266550
266556
266557
266563
266569
266571
266587
266600
266601
266618
266622
266646
266652
266655
266659
266676
266677
266680
266687
266697
266715
266727
266756
266769
266773
266777
266805
266809
266831
266847
266859
266866
266880
266885
266889
266908
266910
266914
266917
266922
266932
266939
266961
266963
266968
266976
266977
266990
267000
267008
267014
267015
267022
267028
267042
267048
267049
267059
267064
267067
267068
267076
267082
267095
267105
267111
267112
267116
267123
267127
267135
267152
267164
267175
267176
267192
267199
267200
267203
267205
267210
267216
267225
267251
267259
267260
267266
267274
267289
267290
267311
267314
267315
267321
267324
267329
267348
267363
267372
267402
267408
267411
267417
267422
267435
267443
267457
267463
267497
267499
267502
267504
267516
267521
267548
267555
267556
267594
267604
267611
267612
267625
267643
267649
267661
267664
267683
267684
267688
267690
267691
267694
267699
267700
267709
267725
267732
267734
267753
267774
267777
267779
267798
267802
267813
267815
267825
267830
267831
267834
267837
267848
267851
267861
267862
267863
267870
267871
267875
267885
267889
267907
267910
267925
267927
267932
267956
267957
267969
267972
267980
267985
268008
268014
268018
268023
268036
268042
268043
268044
268049
268051
268052
268058
268059
268065
268067
268068
268072
268084
268092
268094
268095
268100
268102
268105
268122
268123
268124
268129
268130
268133
268141
268147
268150
268151
268159
268161
268192
268197
268200
268209
268213
268224
268229
268239
268247
268251
268254
268260
268268
268274
268293
268306
268313
268316
268322
268333
268334
268341
268350
268363
268370
268385
268390
268394
268397
268400
268403
268406
268412
268413
268418
268428
268430
268435
268441
268454
268468
268469
268472
268478
268484
268510
268512
268516
268539
268541
268546
268548
268552
268556
268569
268570
268577
268579
268590
268592
268617
268620
268622
268640
268644
268646
268654
268656
268668
268670
268681
268682
268711
268715
268717
268718
268725
268734
268737
268739
268745
268774
268785
268798
268804
268835
268845
268854
268856
268876
268881
268882
268892
268897
268899
268900
268901
268909
268918
268927
268940
268941
268943
268948
268966
268982
268987
268988
268992
269004
269015
269017
269022
269033
269037
269038
269045
269054
269058
269063
269079
269089
269090
269091
269098
269099
269103
269109
269116
269142
269152
269160
269171
269172
269174
269183
269187
269213
269228
269229
269234
269249
269253
269254
269263
269273
269280
269282
269287
269303
269311
269325
269333
269338
269343
269346
269355
269358
269360
269364
269381
269386
269394
269422
269431
269434
269462
269483
269489
269490
269493
269502
269503
269532
269538
269541
269543
269551
269557
269561
269566
269577
269580
269588
269597
269605
269650
269664
269689
269693
269721
269723
269726
269736
269751
269784
269786
269788
269790
269807
269815
269827
269829
269831
269847
269848
269853
269858
269863
269871
269873
269879
269886
269888
269890
269903
269913
269915
269918
269920
269921
269927
269945
269949
269958
269964
269975
269983
269986
269997
270004
270024
270035
270045
270071
270074
270096
270097
270102
270109
270111
270112
270123
270135
270154
270160
270163
270172
270175
270179
270185
270186
270189
270198
270202
270211
270215
270222
270224
270229
270234
270243
270248
270250
270269
270270
270274
270275
270315
270316
270330
270333
270338
270369
270373
270376
270391
270406
270407
270420
270440
270443
270460
270475
270478
270505
270512
270515
270523
270524
270532
270534
270536
270544
270556
270570
270571
270574
270581
270583
270586
270596
270603
270604
270605
270609
270612
270625
270636
270650
270659
270661
270672
270683
270688
270696
270702
270703
270706
270708
270709
270715
270716
270723
270738
270740
270744
270749
270753
270759
270769
270784
270785
270789
270790
270799
270809
270810
270812
270815
270818
270836
270844
270852
270865
270871
270873
270912
270916
270918
270922
270925
270947
270956
270972
270984
271006
271011
271034
271038
271043
271058
271066
271068
271112
271113
271117
271118
271136
271143
271166
271167
271171
271177
271182
271183
271195
271206
271230
271235
271248
271250
271253
271254
271259
271280
271282
271298
271301
271338
271343
271344
271357
271359
271360
271363
271364
271373
271383
271385
271388
271394
271395
271396
271398
271411
271417
271422
271424
271429
271435
271441
271447
271464
271466
271469
271473
271476
271488
271490
271495
271500
271505
271542
271546
271548
271560
271563
271565
271574
271580
271586
271590
271592
271595
271604
271607
271620
271633
271638
271639
271641
271643
271655
271666
271681
271689
271696
271701
271714
271741
271747
271753
271759
271760
271771
271772
271780
271785
271795
271803
271806
271814
271820
271828
271829
271844
271852
271862
271870
271873
271881
271888
271892
271906
271917
271929
271930
271941
271949
271960
271972
271987
271992
271994
271996
272007
272015
272022
272026
272027
272033
272034
272036
272040
272048
272058
272059
272064
272072
272082
272095
272100
272101
272110
272117
272119
272129
272143
272153
272155
272157
272159
272160
272171
272176
272185
272194
272203
272217
272223
272228
272235
272242
272250
272253
272255
272262
272273
272297
272299
272309
272310
272311
272323
272341
272343
272351
272357
272365
272391
272396
272402
272405
272412
272420
272426
272430
272439
272440
272444
272459
272463
272479
272480
272481
272489
272510
272538
272544
272569
272578
272588
272599
272603
272613
272630
272632
272635
272647
272648
272651
272653
272658
272666
272670
272671
272678
272688
272694
272716
272718
272728
272729
272735
272738
272740
272741
272743
272745
272765
272785
272790
272797
272800
272807
272832
272838
272846
272859
272863
272870
272876
272877
272880
272882
272899
272901
272925
272949
272955
272957
272958
272961
272967
272968
272997
273001
273002
273029
273035
273049
273053
273059
273067
273069
273079
273081
273086
273088
273089
273094
273103
273119
273120
273142
273147
273155
273158
273159
273164
273174
273175
273184
273190
273196
273197
273200
273204
273207
273217
273230
273245
273246
273250
273268
273276
273279
273294
273314
273316
273317
273321
273323
273329
273362
273363
273371
273378
273379
273383
273403
273407
273416
273421
273425
273439
273442
273446
273450
273456
273466
273469
273470
273494
273503
273516
273537
273555
273556
273559
273561
273579
273582
273586
273591
273592
273600
273602
273606
273633
273637
273641
273645
273650
273653
273665
273677
273684
273698
273704
273708
273716
273728
273729
273732
273736
273782
273783
273784
273789
273791
273808
273814
273825
273841
273850
273855
273859
273863
273866
273878
273879
273885
273886
273887
273889
273893
273898
273909
273914
273917
273929
273951
273961
273967
273999
274010
274012
274014
274022
274034
274035
274039
274047
274054
274058
274079
274083
274084
274085
274089
274105
274108
274109
274116
274123
274126
274130
274134
274148
274160
274170
274195
274209
274213
274216
274232
274240
274250
274254
274262
274266
274267
274270
274271
274275
274277
274286
274291
274304
274314
274319
274323
274334
274337
274341
274352
274376
274386
274399
274402
274409
274413
274418
274424
274430
274437
274438
274446
274449
274451
274455
274466
274467
274470
274477
274490
274494
274496
274499
274509
274514
274516
274518
274526
274528
274529
274536
274537
274538
274541
274547
274549
274556
274559
274562
274571
274574
274585
274586
274593
274605
274612
274632
274633
274640
274642
274657
274665
274667
274671
274685
274688
274690
274715
274724
274734
274736
274745
274753
274758
274759
274760
274763
274768
274770
274773
274776
274779
274784
274786
274793
274801
274834
274835
274839
274852
274860
274864
274869
274870
274876
274881
274888
274894
274900
274907
274916
274917
274931
274934
274939
274947
274949
274970
274977
274978
274986
275008
275014
275015
275027
275028
275034
275036
275037
275038
275046
275057
275088
275111
275117
275120
275125
275130
275161
275168
275170
275180
275190
275197
275199
275202
275206
275211
275215
275219
275237
275268
275270
275271
275297
275304
275316
275325
275327
275332
275339
275348
275353
275374
275377
275380
275393
275398
275406
275409
275412
275413
275432
275441
275443
275448
275449
275450
275488
275492
275494
275496
275502
275511
275544
275556
275558
275565
275585
275604
275608
275612
275613
275625
275630
275631
275643
275644
275656
275657
275661
275668
275672
275685
275695
275707
275708
275709
275717
275718
275741
275754
275755
275758
275760
275761
275771
275775
275781
275793
275795
275811
275830
275832
275834
275835
275839
275843
275850
275855
275863
275869
275870
275893
275895
275898
275900
275917
275919
275922
275930
275933
275938
275954
275956
275961
275969
275976
275977
275979
275980
275982
276006
276009
276017
276037
276047
276057
276062
276063
276064
276076
276077
276089
276124
276125
276127
276128
276135
276146
276149
276151
276168
276169
276197
276200
276209
276215
276233
276239
276244
276247
276254
276260
276263
276265
276283
276295
276317
276336
276354
276365
276381
276386
276408
276417
276418
276420
276458
276459
276460
276476
276479
276488
276491
276506
276507
276514
276515
276527
276531
276539
276542
276545
276552
276559
276564
276565
276572
276580
276582
276584
276585
276590
276596
276597
276610
276616
276621
276626
276638
276639
276664
276666
276671
276673
276686
276693
276694
276696
276703
276711
276716
276719
276721
276735
276739
276749
276750
276753
276763
276766
276768
276789
276798
276801
276806
276811
276829
276835
276840
276841
276842
276845
276848
276849
276853
276854
276863
276870
276874
276886
276893
276894
276895
276931
276937
276949
276950
276951
276956
276961
276971
276972
276975
277003
277013
277015
277025
277026
277032
277038
277047
277048
277050
277061
277064
277069
277070
277073
277080
277085
277089
277094
277096
277122
277129
277141
277150
277156
277172
277174
277200
277202
277215
277218
277225
277227
277237
277239
277243
277263
277267
277284
277291
277292
277319
277321
277326
277334
277338
277341
277346
277352
277379
277383
277384
277386
277389
277390
277396
277401
277406
277418
277422
277426
277432
277436
277439
277440
277448
277449
277461
277470
277472
277479
277481
277491
277503
277507
277521
277529
277530
277533
277542
277544
277553
277562
277575
277576
277592
277594
277616
277625
277630
277632
277642
277653
277674
277688
277709
277710
277717
277718
277726
277729
277738
277746
277761
277764
277775
277776
277795
277797
277799
277812
277821
277827
277831
277848
277852
277857
277858
277865
277869
277912
277916
277932
277945
277950
277956
277961
277968
277971
277984
277990
277991
277998
278001
278028
278029
278055
278060
278066
278078
278095
278096
278097
278100
278101
278112
278115
278121
278134
278135
278168
278171
278172
278174
278203
278204
278211
278214
278219
278222
278224
278226
278230
278237
278238
278240
278243
278256
278258
278260
278265
278272
278290
278297
278301
278303
278313
278315
278323
278335
278338
278344
278347
278350
278352
278357
278359
278365
278371
278395
278398
278401
278411
278418
278425
278431
278435
278439
278449
278450
278461
278462
278467
278494
278506
278512
278525
278528
278535
278541
278548
278549
278550
278555
278569
278573
278576
278579
278582
278612
278627
278628
278636
278638
278646
278653
278656
278661
278662
278665
278673
278675
278692
278697
278710
278715
278731
278737
278742
278744
278747
278752
278753
278771
278796
278799
278801
278816
278822
278823
278829
278843
278853
278858
278867
278870
278890
278910
278913
278921
278931
278934
278936
278938
278963
278966
278967
278977
278988
278989
279012
279013
279022
279024
279030
279034
279047
279058
279065
279073
279076
279078
279083
279085
279093
279097
279108
279117
279119
279122
279129
279131
279136
279138
279140
279149
279169
279175
279176
279189
279195
279197
279199
279203
279209
279212
279221
279226
279241
279243
279256
279259
279265
279288
279291
279308
279322
279324
279331
279345
279373
279375
279377
279385
279386
279401
279407
279415
279418
279420
279421
279422
279438
279444
279450
279451
279454
279457
279476
279477
279479
279485
279490
279491
279499
279503
279521
279524
279530
279543
279549
279550
279558
279561
279563
279577
279580
279584
279588
279602
279603
279616
279632
279634
279646
279647
279648
279661
279674
279677
279689
279692
279693
279696
279697
279708
279710
279716
279723
279726
279749
279753
279762
279763
279764
279777
279803
279804
279806
279816
279818
279824
279831
279838
279844
279846
279848
279849
279850
279864
279871
279874
279879
279882
279883
279895
279899
279917
279929
279931
279934
279940
279941
279946
279947
279948
279957
279961
279974
279978
279984
279986
280008
280020
280022
280036
280051
280059
280062
280073
280079
280083
280084
280087
280107
280114
280119
280122
280132
280133
280156
280158
280176
280177
280184
280187
280191
280199
280206
280215
280220
280224
280228
280230
280238
280242
280254
280266
280267
280270
280291
280293
280297
280302
280307
280310
280331
280338
280339
280340
280354
280370
280377
280392
280396
280409
280420
280423
280437
280442
280450
280454
280464
280469
280484
280490
280498
280505
280508
280551
280554
280556
280560
280589
280596
280607
280612
280622
280623
280641
280642
280643
280666
280670
280674
280688
280702
280705
280709
280733
280734
280736
280758
280760
280761
280764
280765
280766
280767
280770
280778
280788
280805
280810
280814
280819
280823
280829
280833
280839
280840
280850
280857
280858
280866
280873
280876
280883
280888
280898
280908
280909
280913
280923
280926
280941
280942
280951
280955
280968
280971
280972
280976
280980
280988
280990
280995
280999
281005
281008
281012
281019
281027
281028
281029
281038
281040
281051
281054
281056
281060
281066
281072
281091
281101
281102
281105
281111
281112
281121
281122
281123
281125
281127
281133
281158
281160
281161
281163
281164
281168
281176
281177
281181
281194
281196
281207
281208
281213
281214
281215
281220
281224
281227
281230
281237
281246
281259
281262
281285
281293
281296
281301
281302
281315
281317
281327
281339
281351
281355
281376
281377
281382
281394
281397
281429
281431
281475
281488
281495
281496
281498
281500
281502
281503
281505
281512
281534
281541
281557
281563
281573
281575
281578
281583
281586
281595
281598
281601
281602
281609
281625
281628
281632
281646
281650
281652
281660
281663
281665
281676
281678
281679
281688
281696
281700
281701
281718
281721
281725
281733
281742
281743
281745
281756
281758
281764
281766
281772
281782
281790
281800
281809
281815
281818
281820
281829
281837
281840
281846
281850
281855
281868
281878
281882
281888
281906
281910
281917
281920
281922
281943
281952
281961
281970
281972
281976
281994
281996
281997
282006
282015
282027
282032
282042
282045
282048
282062
282066
282067
282069
282076
282098
282115
282129
282130
282131
282134
282137
282142
282143
282145
282147
282150
282158
282190
282198
282206
282208
282209
282220
282224
282225
282228
282231
282234
282239
282251
282252
282257
282264
282279
282283
282287
282293
282310
282329
282339
282343
282346
282349
282354
282357
282359
282366
282372
282380
282406
282415
282428
282431
282442
282444
282450
282456
282464
282466
282471
282473
282482
282485
282503
282514
282515
282552
282553
282557
282558
282564
282566
282567
282568
282574
282579
282590
282599
282603
282617
282618
282658
282659
282661
282667
282670
282671
282672
282679
282680
282691
282692
282694
282698
282703
282706
282707
282708
282711
282719
282720
282730
282733
282738
282766
282768
282771
282773
282776
282789
282803
282812
282828
282830
282835
282843
282847
282883
282889
282900
282901
282926
282928
282934
282942
282943
282946
282949
282952
282978
282980
282981
282982
282994
282998
283004
283005
283012
283018
283028
283045
283054
283055
283059
283060
283064
283093
283097
283101
283107
283111
283118
283120
283125
283129
283138
283139
283141
283162
283163
283170
283171
283180
283186
283187
283188
283203
283210
283213
283216
283217
283222
283240
283254
283257
283263
283264
283267
283269
283277
283278
283279
283286
283290
283294
283303
283312
283323
283329
283333
283350
283355
283377
283382
283388
283403
283405
283408
283431
283438
283441
283448
283451
283454
283456
283475
283479
283485
283498
283505
283524
283534
283548
283561
283573
283586
283600
283604
283615
283617
283618
283624
283642
283648
283650
283653
283659
283666
283673
283678
283679
283682
283697
283698
283704
283720
283728
283729
283730
283750
283753
283761
283766
283768
283772
283803
283816
283820
283825
283835
283840
283858
283859
283863
283868
283870
283874
283875
283888
283890
283891
283896
283912
283913
283928
283937
283942
283947
283955
283957
283960
283961
283977
283985
283999
284001
284002
284008
284012
284014
284015
284018
284021
284028
284064
284084
284088
284097
284098
284099
284118
284131
284143
284144
284150
284152
284155
284160
284192
284195
284218
284220
284233
284246
284252
284257
284286
284297
284307
284310
284336
284338
284340
284341
284342
284349
284350
284355
284362
284366
284375
284379
284386
284400
284406
284421
284448
284454
284461
284464
284465
284468
284472
284498
284507
284509
284510
284529
284540
284542
284543
284568
284582
284589
284648
284651
284652
284658
284664
284667
284670
284676
284680
284691
284701
284703
284715
284722
284732
284749
284756
284758
284759
284768
284770
284771
284783
284789
284817
284818
284824
284831
284835
284846
284851
284861
284863
284867
284873
284884
284886
284888
284893
284901
284902
284910
284911
284920
284930
284932
284934
284940
284950
284954
284955
284956
284964
284989
284994
285005
285007
285013
285019
285022
285024
285041
285045
285046
285059
285064
285091
285096
285099
285106
285114
285115
285120
285130
285131
285132
285138
285149
285160
285170
285180
285192
285194
285195
285212
285217
285220
285234
285236
285249
285250
285254
285257
285258
285260
285285
285291
285292
285293
285296
285302
285314
285332
285353
285357
285358
285360
285361
285395
285399
285405
285417
285437
285451
285457
285462
285470
285473
285478
285484
285486
285493
285497
285498
285505
285526
285534
285550
285558
285563
285568
285570
285571
285579
285583
285588
285597
285600
285603
285605
285628
285633
285634
285639
285645
285647
285649
285651
285660
285661
285679
285681
285699
285727
285729
285734
285742
285743
285751
285773
285784
285799
285800
285808
285810
285811
285821
285826
285832
285841
285844
285851
285864
285877
285882
285883
285890
285891
285893
285910
285911
285913
285927
285957
285958
285963
285967
285990
285998
286000
286001
286010
286013
286016
286018
286019
286033
286036
286042
286044
286051
286061
286064
286081
286083
286089
286092
286101
286106
286116
286119
286120
286124
286129
286132
286137
286138
286144
286149
286151
286157
286159
286166
286171
286174
286176
286181
286190
286227
286234
286247
286259
286279
286284
286292
286302
286303
286306
286313
286322
286327
286328
286336
286349
286353
286359
286362
286368
286382
286388
286406
286411
286425
286430
286460
286469
286471
286483
286484
286490
286492
286493
286499
286511
286519
286530
286544
286550
286556
286564
286569
286575
286576
286583
286606
286611
286613
286619
286632
286639
286645
286654
286656
286662
286671
286673
286678
286685
286688
286690
286696
286698
286700
286704
286711
286717
286719
286723
286742
286753
286760
286773
286774
286778
286785
286787
286792
286802
286813
286870
286876
286877
286888
286897
286899
286912
286914
286925
286930
286931
286936
286939
286953
286961
286972
286973
286981
286998
287003
287024
287029
287033
287035
287038
287041
287062
287084
287098
287117
287119
287136
287140
287151
287167
287171
287173
287186
287187
287188
287190
287197
287201
287210
287213
287216
287221
287223
287233
287234
287235
287236
287239
287245
287249
287265
287270
287289
287299
287303
287305
287308
287310
287312
287320
287322
287324
287330
287335
287337
287341
287361
287364
287366
287372
287374
287386
287387
287388
287396
287399
287402
287406
287415
287418
287422
287434
287436
287437
287443
287449
287466
287469
287474
287488
287494
287506
287507
287509
287512
287519
287528
287531
287535
287541
287550
287560
287567
287568
287570
287572
287575
287578
287586
287590
287601
287608
287636
287639
287656
287659
287663
287666
287682
287716
287718
287723
287735
287737
287741
287748
287760
287774
287781
287782
287792
287794
287804
287828
287831
287833
287839
287841
287849
287854
287870
287872
287877
287882
287884
287900
287903
287904
287914
287920
287922
287934
287953
287962
287967
287970
287988
287994
287998
288014
288015
288018
288021
288023
288025
288032
288039
288041
288052
288054
288061
288099
288114
288119
288123
288150
288156
288157
288161
288164
288170
288171
288174
288180
288187
288194
288201
288204
288215
288219
288223
288224
288234
288236
288246
288259
288262
288263
288270
288283
288290
288310
288313
288317
288336
288340
288344
288379
288383
288397
288403
288408
288411
288416
288421
288440
288442
288450
288451
288471
288472
288478
288481
288486
288491
288493
288504
288506
288507
288519
288528
288544
288547
288548
288553
288556
288559
288576
288578
288580
288599
288600
288603
288607
288609
288610
288627
288633
288639
288649
288650
288651
288654
288659
288662
288664
288673
288683
288694
288703
288712
288713
288733
288737
288739
288753
288761
288765
288769
288797
288805
288813
288824
288828
288841
288847
288848
288852
288853
288860
288872
288874
288880
288884
288889
288890
288905
288906
288921
288923
288933
288941
288943
288944
288948
288964
288982
288984
288986
289001
289005
289012
289019
289024
289033
289057
289058
289061
289073
289075
289076
289095
289097
289120
289128
289140
289147
289152
289154
289158
289169
289172
289173
289180
289192
289194
289199
289201
289212
289213
289223
289231
289236
289238
289245
289248
289255
289260
289263
289276
289312
289318
289323
289326
289329
289332
289338
289341
289342
289352
289357
289367
289381
289382
289388
289392
289400
289423
289425
289428
289444
289460
289469
289474
289482
289490
289492
289497
289510
289512
289514
289515
289532
289535
289561
289569
289572
289573
289591
289618
289620
289621
289633
289640
289658
289662
289663
289682
289684
289693
289696
289699
289703
289714
289738
289739
289740
289746
289752
289766
289767
289778
289790
289791
289795
289797
289805
289807
289813
289814
289816
289833
289842
289845
289846
289861
289866
289870
289871
289883
289894
289895
289899
289900
289901
289912
289915
289920
289941
289949
289962
289967
289971
289972
289995
290010
290026
290034
290047
290062
290070
290072
290076
290080
290093
290098
290110
290113
290114
290115
290122
290130
290136
290137
290147
290153
290168
290170
290174
290177
290185
290196
290201
290215
290221
290224
290231
290234
290246
290259
290260
290262
290276
290282
290289
290305
290320
290331
290332
290350
290354
290355
290370
290378
290379
290395
290398
290403
290412
290415
290416
290420
290422
290423
290428
290436
290449
290460
290482
290485
290489
290498
290515
290522
290524
290543
290549
290558
290560
290563
290584
290597
290600
290602
290618
290620
290623
290645
290652
290656
290658
290659
290668
290676
290684
290689
290690
290693
290698
290700
290705
290708
290718
290719
290720
290724
290734
290750
290754
290767
290774
290775
290798
290804
290812
290819
290827
290828
290839
290846
290849
290856
290864
290866
290868
290875
290881
290896
290898
290899
290911
290935
290941
290946
290948
290951
290959
290962
290965
290967
290969
290974
290979
290981
291009
291016
291018
291019
291028
291048
291059
291066
291072
291074
291091
291098
291107
291126
291140
291141
291144
291165
291179
291182
291189
291194
291201
291202
291207
291209
291251
291256
291257
291260
291262
291269
291286
291298
291305
291319
291320
291345
291346
291349
291355
291366
291370
291373
291380
291394
291404
291410
291412
291417
291438
291458
291460
291466
291475
291476
291477
291478
291484
291493
291497
291498
291499
291501
291503
291504
291506
291526
291527
291537
291540
291550
291557
291572
291574
291588
291589
291592
291596
291597
291606
291614
291625
291630
291658
291672
291675
291677
291680
291683
291686
291696
291717
291724
291725
291742
291752
291760
291764
291767
291780
291784
291797
291816
291825
291827
291830
291834
291839
291841
291845
291854
291855
291865
291866
291868
291873
291889
291898
291911
291915
291918
291921
291930
291936
291947
291962
291981
292009
292015
292032
292034
292042
292053
292055
292058
292087
292090
292101
292102
292103
292112
292116
292118
292120
292125
292127
292133
292135
292136
292145
292146
292156
292157
292158
292169
292170
292182
292183
292187
292188
292206
292211
292213
292226
292227
292238
292243
292249
292257
292258
292278
292283
292287
292294
292296
292301
292304
292312
292314
292315
292324
292338
292346
292349
292351
292358
292375
292386
292394
292428
292432
292440
292444
292451
292459
292463
292464
292478
292480
292482
292485
292493
292505
292510
292519
292522
292526
292529
292537
292538
292543
292549
292554
292579
292585
292590
292596
292597
292616
292618
292622
292645
292647
292648
292649
292661
292663
292668
292685
292687
292688
292689
292697
292719
292720
292722
292727
292730
292741
292751
292752
292763
292767
292769
292782
292792
292804
292805
292819
292822
292827
292829
292833
292844
292845
292864
292876
292887
292893
292898
292901
292905
292912
292920
292923
292926
292927
292928
292944
292945
292971
292977
292985
292986
292988
292990
292995
292999
293002
293014
293022
293026
293030
293034
293057
293070
293072
293074
293081
293090
293121
293124
293125
293133
293142
293148
293159
293165
293166
293169
293175
293207
293215
293221
293233
293240
293242
293246
293249
293254
293271
293272
293274
293275
293277
293280
293293
293304
293308
293311
293314
293315
293319
293339
293346
293353
293362
293368
293371
293372
293374
293382
293383
293385
293386
293393
293418
293425
293453
293466
293489
293492
293505
293510
293511
293524
293529
293537
293545
293548
293554
293564
293570
293573
293574
293576
293577
293586
293587
293589
293592
293598
293599
293605
293611
293647
293658
293668
293674
293679
293703
293713
293716
293733
293741
293749
293756
293757
293763
293768
293784
293785
293789
293792
293799
293800
293802
293805
293811
293819
293820
293822
293825
293833
293837
293841
293852
293853
293855
293860
293864
293888
293891
293895
293899
293906
293909
293912
293940
293944
293949
293964
293974
293975
293979
293986
294002
294011
294020
294029
294032
294034
294035
294049
294051
294053
294073
294074
294083
294084
294087
294090
294102
294107
294117
294124
294134
294176
294182
294186
294199
294209
294214
294223
294228
294229
294233
294238
294244
294258
294283
294284
294297
294302
294307
294309
294323
294325
294329
294330
294346
294348
294360
294371
294373
294379
294397
294403
294404
294409
294410
294416
294426
294430
294437
294459
294466
294475
294484
294491
294495
294498
294499
294509
294527
294528
294535
294537
294541
294549
294550
294564
294565
294574
294580
294585
294587
294595
294603
294620
294621
294634
294639
294652
294659
294663
294667
294679
294688
294689
294692
294698
294702
294712
294714
294716
294718
294730
294747
294749
294751
294758
294775
294776
294778
294787
294795
294811
294813
294823
294837
294838
294839
294847
294849
294850
294853
294863
294865
294866
294883
294892
294908
294909
294912
294914
294918
294920
294933
294942
294943
294954
294956
294957
294958
294962
294968
294970
294974
294977
294990
295006
295007
295015
295016
295020
295032
295053
295055
295057
295074
295082
295092
295097
295103
295105
295106
295114
295124
295134
295154
295162
295169
295185
295193
295194
295196
295236
295241
295245
295257
295263
295265
295280
295282
295286
295303
295308
295310
295317
295325
295328
295329
295340
295343
295358
295362
295376
295377
295379
295394
295399
295403
295409
295410
295412
295419
295423
295426
295428
295440
295441
295443
295448
295451
295460
295461
295472
295476
295480
295491
295499
295505
295524
295537
295540
295550
295556
295558
295560
295564
295565
295571
295574
295575
295576
295577
295578
295589
295593
295599
295613
295620
295626
295628
295630
295642
295646
295655
295656
295657
295659
295670
295675
295683
295686
295688
295693
295695
295716
295740
295745
295753
295759
295762
295766
295767
295768
295773
295778
295780
295782
295798
295804
295815
295828
295836
295837
295838
295840
295850
295853
295862
295864
295875
295884
295889
295893
295896
295916
295924
295931
295940
295945
295956
295957
295960
295961
295970
296002
296012
296014
296021
296030
296033
296038
296040
296056
296064
296065
296067
296072
296093
296099
296105
296106
296108
296112
296128
296135
296139
296152
296153
296159
296161
296170
296176
296182
296187
296188
296191
296201
296205
296208
296211
296233
296235
296236
296243
296244
296252
296255
296257
296289
296303
296344
296353
296360
296374
296377
296381
296384
296385
296393
296403
296410
296417
296419
296424
296426
296432
296439
296455
296459
296460
296471
296474
296477
296479
296489
296492
296523
296524
296540
296544
296560
296564
296567
296573
296581
296584
296613
296614
296617
296629
296631
296635
296648
296675
296676
296684
296690
296693
296696
296699
296700
296711
296731
296735
296745
296747
296754
296758
296759
296766
296767
296770
296775
296777
296782
296790
296797
296802
296816
296821
296825
296832
296843
296844
296847
296848
296859
296868
296871
296882
296883
296884
296886
296892
296894
296901
296906
296907
296913
296931
296933
296943
296945
296975
296978
296987
296988
296994
296995
297009
297011
297019
297037
297039
297043
297045
297046
297049
297069
297074
297078
297091
297092
297104
297108
297112
297116
297126
297131
297135
297141
297146
297152
297157
297171
297173
297180
297181
297182
297198
297200
297204
297210
297220
297227
297233
297236
297244
297249
297251
297258
297260
297266
297267
297269
297273
297279
297299
297308
297314
297323
297326
297349
297357
297359
297363
297370
297372
297374
297380
297387
297409
297414
297417
297419
297425
297441
297442
297444
297451
297462
297488
297495
297509
297512
297514
297517
297522
297527
297540
297544
297564
297570
297581
297585
297600
297604
297610
297615
297617
297620
297622
297631
297632
297637
297639
297645
297664
297669
297672
297676
297683
297684
297692
297695
297699
297704
297724
297730
297764
297765
297770
297779
297787
297789
297798
297802
297811
297812
297819
297828
297829
297844
297851
297866
297868
297870
297871
297876
297877
297880
297895
297898
297906
297910
297919
297921
297929
297933
297944
297954
297956
297964
297967
297969
297970
297972
297979
297980
297981
297989
297990
297995
298002
298008
298014
298017
298031
298034
298051
298065
298067
298071
298077
298110
298122
298135
298138
298139
298142
298146
298147
298152
298154
298160
298162
298164
298177
298182
298186
298195
298197
298199
298203
298219
298225
298242
298261
298262
298269
298276
298278
298287
298290
298297
298299
298300
298306
298310
298312
298315
298318
298322
298327
298331
298344
298347
298350
298360
298362
298380
298382
298403
298405
298418
298443
298458
298459
298464
298481
298483
298493
298512
298525
298526
298527
298535
298540
298545
298547
298558
298573
298578
298586
298591
298596
298614
298629
298633
298637
298641
298649
298657
298658
298689
298698
298711
298718
298721
298726
298732
298736
298759
298762
298773
298784
298799
298812
298827
298835
298848
298853
298868
298878
298906
298917
298924
298931
298933
298938
298949
298978
298981
298983
298987
299000
299001
299004
299008
299023
299026
299029
299039
299041
299044
299051
299067
299074
299083
299085
299100
299103
299105
299111
299116
299122
299123
299134
299148
299154
299190
299200
299207
299244
299254
299259
299261
299273
299288
299290
299295
299309
299319
299333
299343
299346
299349
299351
299394
299409
299411
299413
299426
299442
299443
299457
299466
299468
299474
299481
299488
299489
299493
299498
299544
299560
299563
299568
299585
299593
299594
299601
299618
299621
299623
299631
299641
299643
299647
299648
299649
299662
299665
299672
299675
299676
299679
299682
299688
299689
299714
299723
299734
299738
299757
299764
299765
299768
299769
299773
299779
299780
299781
299782
299786
299794
299802
299836
299838
299850
299859
299862
299869
299871
299920
299923
299924
299930
299931
299932
299946
299952
299959
299962
299970
299972
299974
299986
299987
300000
300001
300008
300011
300012
300021
300023
300024
300028
300052
300057
300066
300067
300070
300079
300082
300103
300111
300137
300142
300159
300169
300170
300177
300186
300197
300198
300200
300206
300209
300214
300232
300239
300246
300267
300270
300273
300279
300280
300284
300307
300321
300323
300324
300326
300330
300333
300353
300357
300368
300369
300374
300375
300380
300383
300396
300399
300403
300407
300408
300414
300415
300428
300437
300439
300441
300444
300454
300467
300470
300471
300472
300476
300488
300499
300509
300510
300514
300537
300538
300542
300568
300571
300577
300578
300598
300620
300622
300624
300629
300631
300636
300655
300663
300678
300684
300690
300701
300705
300712
300718
300721
300738
300745
300748
300753
300754
300758
300772
300773
300782
300784
300786
300791
300806
300811
300814
300848
300855
300863
300864
300865
300868
300876
300880
300881
300882
300887
300896
300903
300908
300918
300950
300955
300962
300965
300966
300972
300981
300987
300990
301011
301014
301018
301029
301042
301045
301046
301047
301082
301106
301109
301110
301114
301121
301128
301129
301134
301136
301147
301148
301155
301156
301158
301160
301169
301179
301187
301188
301194
301195
301200
301201
301207
301209
301218
301221
301225
301232
301247
301251
301256
301257
301261
301266
301273
301281
301282
301295
301296
301300
301305
301317
301362
301373
301381
301397
301402
301403
301405
301413
301415
301417
301427
301429
301431
301432
301438
301443
301449
301453
301457
301461
301484
301486
301491
301494
301514
301537
301541
301546
301554
301558
301574
301575
301581
301582
301591
301602
301603
301604
301605
301614
301615
301631
301634
301641
301643
301644
301648
301649
301651
301670
301671
301684
301691
301697
301708
301712
301724
301730
301735
301746
301747
301753
301755
301756
301764
301766
301769
301781
301783
301797
301817
301827
301855
301870
301874
301885
301890
301895
301910
301912
301916
301926
301928
301937
301938
301956
301963
301965
301971
301977
301985
301988
301991
301992
301993
301998
302000
302003
302019
302021
302026
302029
302038
302051
302052
302055
302065
302067
302076
302077
302078
302094
302102
302103
302108
302116
302117
302129
302137
302141
302147
302155
302159
302166
302168
302193
302199
302200
302206
302213
302217
302219
302222
302227
302230
302236
302240
302241
302249
302250
302252
302281
302289
302290
302292
302310
302312
302318
302319
302323
302332
302349
302353
302361
302364
302372
302375
302380
302383
302388
302396
302397
302399
302405
302415
302424
302428
302433
302443
302467
302470
302489
302497
302498
302511
302512
302514
302527
302538
302551
302552
302555
302568
302569
302576
302582
302588
302595
302599
302601
302606
302643
302657
302660
302662
302675
302678
302680
302685
302687
302703
302712
302713
302716
302740
302756
302758
302767
302787
302789
302806
302823
302838
302842
302845
302867
302893
302903
302908
302928
302940
302958
302960
302971
302989
303002
303006
303018
303022
303024
303026
303036
303041
303047
303069
303076
303089
303099
303101
303108
303111
303126
303137
303144
303204
303210
303213
303218
303219
303221
303227
303236
303241
303247
303258
303260
303264
303298
303311
303318
303320
303321
303330
303340
303342
303360
303370
303376
303387
303404
303407
303408
303413
303429
303430
303431
303436
303471
303484
303485
303495
303519
303520
303534
303537
303538
303540
303543
303548
303550
303556
303570
303578
303585
303590
303592
303593
303597
303599
303603
303607
303608
303610
303611
303617
303626
303627
303637
303650
303651
303652
303658
303666
303667
303670
303683
303685
303703
303708
303718
303723
303731
303735
303738
303743
303744
303763
303768
303778
303788
303797
303800
303804
303814
303815
303822
303847
303855
303870
303872
303873
303879
303891
303897
303923
303926
303935
303942
303946
303956
303964
303970
303971
303991
303992
304008
304011
304012
304015
304023
304027
304031
304044
304047
304052
304054
304060
304063
304067
304069
304076
304078
304079
304083
304088
304091
304093
304095
304099
304110
304115
304125
304126
304134
304143
304150
304158
304173
304186
304187
304217
304218
304221
304236
304238
304248
304252
304260
304292
304295
304300
304305
304314
304315
304330
304332
304336
304342
304360
304361
304379
304382
304385
304387
304389
304390
304391
304406
304408
304409
304434
304438
304440
304445
304456
304459
304466
304473
304483
304484
304493
304518
304519
304520
304523
304530
304548
304555
304557
304561
304570
304578
304584
304587
304590
304596
304601
304603
304614
304625
304627
304645
304657
304684
304689
304691
304693
304694
304696
304716
304725
304735
304744
304746
304748
304749
304757
304758
304759
304760
304765
304777
304789
304794
304832
304834
304841
304853
304854
304858
304866
304887
304889
304905
304909
304917
304919
304921
304924
304930
304939
304949
304950
304958
304963
304964
304997
304999
305000
305004
305014
305050
305055
305060
305085
305093
305101
305103
305104
305105
305106
305117
305135
305141
305142
305152
305156
305168
305170
305175
305191
305195
305206
305215
305219
305224
305227
305231
305235
305247
305254
305256
305259
305267
305268
305270
305278
305282
305283
305291
305319
305323
305327
305329
305348
305358
305363
305366
305371
305376
305380
305385
305390
305393
305404
305409
305423
305425
305437
305450
305451
305460
305462
305480
305485
305492
305501
305502
305527
305538
305540
305545
305546
305549
305550
305557
305564
305573
305576
305577
305580
305589
305600
305622
305624
305632
305635
305638
305639
305644
305647
305660
305667
305677
305685
305686
305687
305693
305702
305709
305710
305724
305732
305740
305746
305752
305760
305772
305778
305781
305788
305799
305800
305803
305813
305826
305853
305858
305873
305876
305879
305885
305895
305899
305901
305905
305916
305923
305954
305959
305962
305973
305975
305978
305980
305985
305991
305993
306009
306030
306031
306037
306044
306047
306049
306060
306061
306069
306073
306074
306080
306095
306099
306113
306127
306128
306135
306140
306152
306159
306160
306161
306178
306186
306207
306212
306219
306230
306240
306247
306249
306255
306258
306266
306267
306275
306299
306305
306313
306335
306339
306342
306343
306353
306354
306359
306361
306376
306384
306393
306394
306404
306412
306415
306420
306426
306431
306435
306439
306440
306447
306451
306453
306456
306466
306467
306475
306485
306495
306511
306516
306525
306531
306535
306536
306540
306544
306549
306553
306557
306561
306570
306581
306584
306585
306593
306603
306611
306619
306620
306627
306630
306632
306636
306640
306644
306661
306663
306667
306670
306672
306677
306678
306681
306688
306693
306703
306705
306710
306711
306716
306749
306755
306758
306771
306789
306791
306798
306800
306803
306811
306812
306820
306822
306824
306830
306833
306855
306866
306879
306889
306890
306905
306908
306913
306914
306925
306931
306936
306940
306947
306949
306967
306972
306974
306975
306988
306990
306992
306998
307001
307020
307025
307026
307032
307034
307039
307048
307050
307057
307061
307069
307073
307091
307092
307113
307114
307124
307125
307136
307137
307138
307148
307150
307153
307156
307158
307161
307166
307174
307182
307186
307190
307194
307196
307197
307234
307238
307240
307242
307243
307249
307259
307262
307263
307266
307270
307272
307280
307292
307299
307315
307316
307318
307322
307323
307332
307337
307341
307342
307364
307371
307386
307423
307426
307432
307435
307438
307442
307462
307474
307475
307497
307499
307502
307510
307511
307523
307531
307534
307538
307547
307552
307564
307567
307569
307573
307603
307611
307612
307618
307652
307656
307670
307671
307683
307686
307703
307708
307721
307729
307730
307731
307732
307751
307757
307758
307759
307764
307768
307773
307786
307794
307800
307803
307814
307817
307825
307835
307842
307847
307866
307869
307873
307881
307884
307892
307894
307897
307930
307940
307943
307954
307966
307967
307968
307970
307990
307993
307995
307999
308021
308025
308026
308027
308034
308040
308047
308053
308079
308083
308086
308095
308100
308101
308103
308107
308115
308117
308119
308121
308125
308128
308134
308139
308145
308156
308160
308172
308175
308180
308194
308195
308197
308208
308223
308251
308253
308257
308265
308274
308276
308277
308278
308295
308297
308299
308302
308310
308312
308316
308332
308338
308339
308349
308350
308353
308358
308362
308372
308388
308399
308420
308432
308433
308441
308459
308468
308470
308475
308486
308487
308488
308496
308506
308507
308509
308520
308522
308524
308541
308543
308548
308549
308568
308575
308576
308582
308589
308590
308592
308598
308600
308603
308606
308608
308612
308621
308630
308635
308645
308652
308659
308670
308672
308677
308678
308686
308687
308694
308701
308702
308722
308730
308735
308744
308752
308758
308759
308764
308766
308772
308774
308775
308777
308780
308783
308792
308796
308798
308803
308838
308847
308849
308856
308878
308883
308889
308892
308900
308905
308907
308911
308915
308936
308947
308963
308964
308967
308968
308979
308996
309000
309002
309003
309005
309022
309031
309034
309044
309060
309071
309081
309084
309086
309087
309093
309096
309104
309120
309137
309139
309144
309152
309153
309163
309168
309169
309192
309232
309260
309261
309267
309284
309285
309292
309294
309295
309302
309311
309314
309316
309317
309319
309322
309323
309364
309368
309369
309371
309386
309400
309405
309409
309412
309413
309418
309424
309454
309461
309492
309502
309510
309511
309514
309517
309519
309523
309526
309528
309531
309536
309539
309541
309551
309552
309553
309568
309573
309579
309598
309607
309610
309615
309618
309635
309638
309662
309692
309695
309696
309706
309714
309727
309728
309744
309771
309773
309775
309791
309795
309797
309817
309840
309852
309856
309859
309862
309870
309873
309875
309878
309889
309900
309915
309916
309925
309935
309937
309940
309946
309948
309953
309956
309979
309993
310008
310013
310015
310020
310021
310029
310035
310042
310053
310059
310070
310071
310079
310085
310104
310121
310128
310131
310134
310136
310150
310155
310156
310158
310163
310175
310177
310181
310185
310193
310196
310202
310203
310214
310216
310227
310258
310262
310277
310278
310289
310300
310302
310310
310317
310331
310338
310341
310348
310354
310360
310364
310369
310376
310390
310391
310407
310411
310442
310445
310457
310463
310473
310479
310493
310499
310501
310511
310518
310523
310524
310536
310538
310543
310545
310552
310553
310558
310561
310562
310564
310572
310573
310588
310597
310600
310606
310607
310617
310645
310649
310654
310660
310665
310669
310671
310672
310673
310674
310680
310695
310702
310705
310714
310725
310732
310735
310751
310753
310757
310759
310772
310783
310788
310796
310797
310807
310808
310843
310851
310853
310858
310865
310875
310878
310882
310889
310890
310903
310906
310912
310915
310926
310958
310968
310972
310981
310989
310998
311004
311007
311011
311015
311022
311031
311041
311042
311065
311066
311067
311076
311080
311083
311087
311088
311092
311109
311112
311116
311121
311128
311143
311149
311162
311173
311174
311179
311192
311195
311197
311205
311208
311229
311238
311240
311244
311251
311254
311271
311273
311284
311300
311301
311309
311310
311324
311327
311337
311361
311366
311370
311374
311377
311378
311383
311401
311408
311413
311416
311428
311435
311436
311448
311465
311471
311497
311501
311510
311521
311522
311524
311531
311553
311561
311562
311563
311564
311566
311578
311589
311612
311615
311616
311620
311635
311645
311667
311669
311678
311683
311690
311691
311694
311706
311715
311726
311744
311763
311771
311773
311776
311783
311784
311796
311808
311811
311818
311821
311822
311827
311891
311895
311902
311904
311914
311922
311925
311926
311927
311933
311941
311954
311964
311974
311982
311988
311996
311999
312003
312010
312015
312017
312020
312032
312033
312041
312046
312050
312051
312054
312056
312072
312074
312078
312081
312090
312103
312105
312117
312126
312137
312139
312143
312144
312153
312175
312182
312184
312199
312216
312233
312247
312248
312252
312254
312269
312282
312286
312288
312289
312292
312298
312299
312316
312326
312329
312338
312341
312343
312344
312346
312352
312379
312380
312381
312384
312385
312390
312398
312412
312416
312420
312423
312435
312439
312452
312454
312472
312476
312480
312494
312504
312506
312524
312540
312541
312544
312559
312565
312574
312577
312582
312596
312603
312632
312638
312652
312668
312671
312686
312692
312694
312712
312718
312744
312746
312760
312763
312772
312783
312785
312786
312790
312795
312802
312803
312825
312826
312828
312843
312850
312861
312866
312867
312868
312870
312876
312877
312878
312887
312889
312896
312902
312907
312917
312926
312935
312937
312958
312961
312985
312997
313002
313007
313009
313015
313019
313020
313047
313055
313057
313066
313071
313073
313088
313091
313093
313097
313118
313129
313131
313134
313145
313162
313164
313166
313169
313186
313198
313201
313213
313214
313218
313220
313228
313234
313240
313246
313249
313254
313260
313263
313278
313280
313285
313301
313306
313313
313315
313337
313340
313341
313342
313356
313359
313361
313362
313364
313372
313381
313385
313388
313397
313399
313419
313432
313434
313436
313437
313449
313459
313465
313480
313481
313494
313502
313506
313508
313520
313526
313532
313541
313543
313553
313556
313567
313569
313570
313577
313579
313582
313585
313593
313596
313600
313601
313605
313608
313609
313617
313627
313646
313647
313648
313653
313673
313674
313675
313694
313696
313705
313709
313712
313718
313720
313721
313733
313735
313737
313762
313770
313779
313786
313787
313792
313798
313799
313803
313807
313809
313811
313818
313825
313846
313847
313848
313872
313873
313880
313914
313916
313921
313922
313923
313924
313925
313927
313928
313932
313948
313951
313953
313955
313968
313971
313983
313993
314008
314016
314019
314023
314026
314044
314048
314050
314065
314067
314069
314074
314082
314092
314093
314095
314108
314109
314112
314125
314126
314131
314135
314147
314154
314164
314174
314187
314189
314190
314193
314194
314201
314202
314204
314224
314246
314247
314254
314257
314259
314279
314282
314285
314288
314292
314297
314298
314306
314310
314313
314319
314336
314356
314357
314370
314371
314378
314379
314383
314385
314390
314392
314398
314408
314412
314414
314420
314426
314430
314436
314439
314447
314450
314462
314480
314493
314500
314504
314515
314526
314530
314538
314540
314554
314558
314565
314570
314572
314613
314614
314626
314627
314645
314647
314649
314667
314671
314681
314685
314689
314690
314692
314693
314694
314700
314703
314704
314708
314714
314718
314729
314734
314741
314757
314758
314778
314779
314791
314792
314812
314816
314818
314822
314836
314837
314844
314845
314846
314849
314852
314855
314864
314876
314879
314880
314893
314897
314899
314904
314907
314915
314916
314920
314935
314944
314949
314951
314964
314968
314979
314983
314986
314992
314993
314996
315005
315012
315013
315018
315025
315030
315037
315065
315072
315073
315083
315092
315094
315101
315111
315126
315128
315136
315162
315165
315168
315173
315176
315178
315195
315196
315200
315202
315209
315218
315229
315242
315248
315249
315256
315269
315281
315294
315297
315303
315310
315314
315319
315322
315338
315339
315350
315352
315374
315381
315383
315384
315393
315399
315402
315403
315404
315411
315415
315425
315428
315434
315448
315462
315466
315467
315474
315476
315486
315487
315488
315491
315501
315504
315508
315549
315555
315564
315565
315568
315577
315601
315603
315605
315611
315620
315621
315631
315640
315641
315654
315660
315668
315685
315691
315696
315702
315705
315713
315719
315728
315732
315734
315740
315742
315751
315768
315769
315773
315790
315793
315795
315803
315810
315813
315830
315831
315841
315856
315863
315868
315895
315899
315902
315908
315923
315938
315939
315960
315961
315962
315964
315972
315973
315974
315976
315986
315991
316007
316008
316012
316014
316016
316031
316044
316060
316061
316063
316075
316085
316093
316102
316106
316107
316109
316113
316115
316123
316138
316140
316141
316142
316143
316145
316147
316152
316155
316170
316181
316183
316189
316194
316214
316218
316224
316237
316238
316254
316258
316269
316275
316281
316298
316320
316323
316332
316342
316343
316351
316353
316363
316365
316377
316397
316415
316438
316441
316446
316447
316448
316476
316477
316481
316482
316490
316495
316499
316503
316524
316526
316528
316536
316542
316555
316557
316561
316563
316571
316578
316581
316583
316585
316595
316605
316617
316622
316631
316636
316648
316657
316658
316663
316667
316669
316671
316676
316694
316699
316700
316703
316704
316708
316715
316727
316741
316759
316762
316777
316781
316782
316795
316801
316802
316807
316825
316826
316842
316852
316855
316862
316867
316878
316879
316882
316901
316912
316914
316928
316942
316968
316970
316971
316993
316995
317015
317018
317022
317028
317033
317035
317036
317040
317049
317061
317070
317087
317090
317091
317102
317105
317112
317131
317149
317153
317162
317173
317176
317179
317186
317188
317193
317208
317210
317216
317227
317234
317237
317244
317250
317254
317292
317306
317320
317322
317330
317331
317349
317357
317365
317367
317402
317407
317410
317428
317431
317439
317448
317460
317461
317479
317480
317489
317495
317500
317509
317514
317521
317532
317537
317560
317563
317565
317573
317587
317592
317595
317619
317622
317639
317659
317679
317683
317687
317688
317715
317728
317730
317756
317763
317764
317765
317768
317781
317788
317790
317792
317797
317798
317804
317805
317816
317819
317825
317832
317840
317851
317863
317873
317874
317878
317891
317896
317898
317905
317911
317934
317939
317962
317969
317971
317981
317986
317990
317997
317998
318001
318022
318032
318063
318066
318073
318087
318089
318107
318108
318117
318130
318132
318146
318147
318154
318162
318164
318168
318174
318175
318179
318180
318184
318185
318189
318193
318200
318203
318204
318219
318220
318223
318225
318231
318234
318241
318245
318247
318251
318261
318279
318284
318306
318307
318310
318314
318328
318330
318333
318346
318355
318356
318361
318373
318382
318384
318388
318396
318401
318403
318415
318437
318442
318444
318445
318464
318468
318475
318476
318483
318495
318496
318497
318501
318506
318509
318521
318525
318529
318541
318543
318550
318556
318561
318562
318564
318566
318570
318573
318574
318585
318598
318605
318618
318630
318631
318637
318638
318646
318671
318672
318677
318678
318681
318701
318702
318706
318721
318723
318726
318733
318736
318754
318763
318768
318777
318778
318780
318783
318785
318807
318811
318813
318820
318825
318840
318845
318854
318857
318888
318892
318904
318906
318910
318929
318937
318953
318965
318967
318974
318990
318995
319005
319024
319031
319043
319045
319051
319053
319055
319057
319073
319088
319093
319095
319096
319104
319105
319115
319118
319122
319126
319134
319139
319161
319163
319190
319197
319201
319209
319221
319227
319256
319259
319260
319266
319275
319293
319299
319322
319332
319339
319342
319345
319346
319350
319351
319354
319359
319388
319391
319393
319406
319423
319427
319430
319432
319440
319449
319451
319456
319458
319487
319492
319494
319517
319521
319530
319541
319542
319543
319576
319579
319581
319591
319605
319609
319615
319644
319647
319649
319654
319655
319662
319669
319676
319677
319688
319690
319704
319706
319712
319714
319726
319731
319735
319738
319741
319743
319747
319765
319768
319781
319783
319795
319798
319818
319822
319830
319841
319863
319868
319899
319902
319905
319907
319908
319917
319931
319933
319937
319943
319961
319962
319977
319990
319991
320014
320015
320026
320039
320045
320053
320059
320066
320077
320078
320081
320085
320089
320106
320111
320112
320115
320117
320125
320129
320131
320137
320150
320159
320171
320180
320186
320192
320194
320200
320225
320234
320245
320246
320249
320253
320271
320275
320286
320290
320292
320308
320333
320336
320349
320350
320353
320354
320361
320370
320371
320374
320379
320382
320386
320390
320391
320396
320402
320418
320428
320429
320432
320434
320436
320445
320454
320461
320467
320472
320478
320480
320481
320482
320483
320508
320523
320524
320537
320550
320566
320593
320594
320609
320611
320612
320641
320643
320649
320658
320660
320661
320670
320682
320685
320693
320701
320703
320707
320715
320721
320731
320752
320759
320763
320770
320780
320785
320803
320812
320816
320823
320832
320834
320835
320840
320843
320858
320864
320872
320875
320892
320901
320902
320904
320911
320918
320921
320926
320929
320936
320943
320944
320946
320951
320957
320963
320964
320978
320979
320987
321006
321008
321011
321013
321024
321026
321030
321036
321048
321064
321066
321070
321071
321085
321097
321107
321127
321132
321140
321150
321168
321169
321173
321176
321181
321182
321185
321195
321196
321206
321209
321215
321223
321234
321235
321238
321242
321258
321262
321291
321302
321304
321310
321317
321318
321325
321332
321338
321346
321363
321382
321385
321389
321390
321394
321402
321410
321418
321422
321424
321427
321432
321438
321448
321466
321476
321491
321492
321493
321494
321495
321496
321497
321508
321516
321517
321522
321539
321550
321562
321567
321579
321583
321588
321594
321601
321633
321635
321642
321646
321647
321663
321674
321679
321683
321690
321700
321701
321702
321706
321709
321711
321716
321717
321718
321737
321753
321766
321776
321786
321794
321798
321802
321804
321806
321811
321821
321824
321831
321841
321846
321849
321851
321852
321860
321861
321865
321866
321867
321874
321877
321879
321885
321886
321907
321937
321938
321940
321942
321959
321960
321968
321969
321970
321971
321980
321991
322002
322007
322024
322029
322031
322051
322056
322057
322059
322064
322080
322082
322089
322090
322094
322101
322103
322106
322112
322119
322121
322125
322127
322141
322143
322145
322160
322177
322180
322194
322197
322201
322203
322212
322215
322220
322222
322249
322253
322255
322261
322263
322268
322269
322285
322297
322302
322309
322315
322321
322324
322326
322327
322337
322353
322357
322361
322362
322369
322376
322388
322391
322394
322402
322405
322407
322427
322445
322449
322468
322472
322473
322478
322482
322499
322500
322503
322507
322509
322511
322517
322518
322536
322558
322562
322577
322586
322592
322594
322595
322604
322629
322634
322654
322659
322662
322691
322695
322698
322707
322710
322714
322719
322720
322725
322730
322738
322755
322763
322768
322769
322771
322777
322783
322785
322790
322791
322795
322804
322835
322843
322848
322866
322869
322891
322892
322922
322934
322937
322943
322945
322952
322969
322971
322972
322990
322992
323000
323010
323020
323030
323054
323067
323091
323100
323104
323108
323109
323114
323116
323119
323125
323127
323129
323132
323133
323147
323149
323153
323155
323162
323203
323213
323218
323226
323231
323240
323243
323249
323258
323264
323267
323268
323278
323288
323291
323303
323311
323327
323334
323336
323341
323347
323352
323356
323360
323370
323372
323375
323379
323387
323389
323397
323399
323421
323423
323427
323442
323448
323462
323466
323470
323476
323478
323479
323489
323491
323498
323515
323519
323525
323528
323536
323552
323558
323561
323564
323576
323581
323588
323599
323612
323626
323639
323646
323661
323664
323666
323668
323672
323682
323695
323705
323717
323722
323726
323728
323737
323746
323752
323766
323784
323788
323789
323791
323813
323827
323851
323862
323888
323889
323896
323917
323919
323930
323934
323950
323951
323958
323959
323960
323963
323964
323968
323979
323983
324000
324006
324008
324012
324018
324026
324032
324036
324040
324051
324052
324082
324103
324107
324112
324115
324124
324135
324143
324145
324155
324156
324160
324161
324171
324200
324203
324225
324228
324231
324232
324246
324252
324261
324262
324266
324275
324280
324285
324286
324291
324310
324315
324316
324321
324322
324332
324336
324338
324340
324342
324349
324365
324366
324381
324395
324400
324412
324413
324415
324419
324427
324428
324435
324451
324455
324476
324488
324490
324492
324496
324497
324500
324504
324507
324513
324521
324527
324537
324553
324588
324591
324595
324598
324603
324605
324611
324616
324626
324634
324635
324638
324643
324645
324646
324650
324663
324677
324682
324688
324689
324692
324699
324705
324706
324708
324709
324710
324713
324717
324730
324732
324740
324754
324764
324772
324776
324778
324809
324817
324823
324829
324831
324837
324845
324849
324852
324866
324870
324871
324872
324882
324891
324893
324894
324901
324904
324909
324910
324912
324915
324923
324924
324929
324940
324943
324952
324953
324958
324962
324969
324971
324979
324981
324995
324999
325008
325014
325015
325021
325027
325040
325042
325043
325055
325057
325065
325078
325079
325080
325089
325095
325102
325115
325126
325132
325149
325153
325157
325173
325175
325184
325206
325211
325215
325220
325228
325236
325237
325239
325242
325243
325261
325277
325279
325284
325287
325302
325327
325328
325332
325343
325351
325362
325366
325369
325371
325374
325385
325387
325389
325390
325416
325418
325444
325459
325473
325475
325482
325486
325487
325488
325494
325495
325503
325505
325530
325532
325545
325555
325557
325568
325569
325570
325579
325583
325587
325590
325593
325595
325596
325602
325623
325629
325634
325648
325654
325665
325666
325681
325682
325685
325693
325696
325710
325720
325723
325727
325736
325768
325770
325775
325781
325787
325801
325806
325809
325812
325821
325831
325833
325836
325837
325840
325863
325867
325871
325873
325885
325891
325894
325907
325915
325935
325936
325943
325955
325956
325957
325958
325966
325969
325981
325986
325989
325992
326014
326021
326048
326056
326058
326063
326064
326065
326075
326076
326077
326080
326086
326088
326092
326098
326108
326111
326113
326116
326124
326143
326148
326161
326168
326190
326202
326203
326207
326210
326217
326224
326229
326230
326232
326236
326237
326239
326243
326247
326265
326284
326299
326300
326312
326313
326317
326320
326332
326335
326336
326350
326354
326367
326368
326373
326374
326399
326414
326420
326428
326465
326479
326480
326484
326493
326496
326499
326504
326508
326510
326527
326531
326533
326550
326555
326564
326569
326570
326572
326583
326584
326594
326598
326601
326610
326618
326628
326639
326664
326666
326685
326689
326698
326700
326702
326706
326709
326719
326723
326724
326726
326757
326761
326774
326776
326798
326801
326811
326814
326823
326824
326832
326836
326837
326841
326845
326849
326853
326854
326859
326863
326891
326892
326898
326903
326911
326919
326920
326928
326936
326937
326938
326947
326948
326959
326966
326968
326995
327000
327005
327029
327032
327038
327039
327042
327047
327055
327063
327070
327073
327079
327088
327089
327105
327110
327114
327123
327130
327131
327132
327146
327153
327155
327157
327165
327168
327174
327177
327181
327198
327202
327205
327209
327211
327215
327217
327221
327233
327234
327241
327255
327258
327262
327271
327281
327299
327314
327318
327330
327338
327347
327352
327354
327369
327371
327383
327392
327395
327404
327413
327417
327418
327421
327432
327436
327448
327455
327462
327481
327490
327491
327498
327499
327505
327507
327514
327526
327527
327529
327532
327536
327561
327572
327573
327575
327579
327586
327590
327610
327616
327623
327625
327643
327656
327660
327663
327665
327675
327682
327694
327695
327702
327713
327717
327724
327726
327735
327746
327754
327758
327761
327768
327788
327804
327805
327807
327808
327810
327813
327818
327819
327820
327841
327843
327860
327864
327878
327892
327895
327913
327917
327919
327935
327961
327964
327970
327979
327983
327998
328008
328023
328026
328039
328064
328066
328068
328075
328088
328091
328101
328110
328111
328115
328119
328120
328124
328144
328161
328162
328163
328179
328181
328185
328189
328200
328203
328210
328214
328216
328217
328223
328242
328255
328270
328271
328275
328283
328284
328289
328298
328299
328301
328306
328314
328315
328316
328318
328326
328327
328346
328348
328352
328354
328361
328368
328371
328372
328374
328382
328391
328397
328403
328407
328409
328412
328427
328449
328462
328464
328473
328487
328494
328522
328530
328548
328569
328571
328574
328581
328582
328588
328592
328596
328599
328605
328628
328638
328651
328654
328661
328662
328663
328668
328673
328676
328679
328686
328688
328699
328727
328728
328730
328732
328740
328751
328757
328758
328780
328785
328786
328791
328792
328797
328810
328812
328818
328833
328836
328838
328855
328883
328900
328902
328906
328917
328918
328935
328940
328951
328978
328981
328995
329001
329008
329011
329016
329018
329024
329026
329035
329054
329055
329058
329066
329084
329088
329090
329097
329107
329125
329134
329139
329147
329148
329150
329151
329152
329175
329188
329191
329211
329217
329230
329239
329242
329254
329258
329261
329276
329280
329302
329304
329307
329318
329336
329337
329339
329343
329354
329373
329379
329380
329384
329386
329394
329433
329469
329476
329477
329490
329498
329501
329502
329515
329527
329533
329543
329551
329563
329566
329568
329573
329587
329592
329602
329604
329613
329616
329623
329634
329640
329654
329660
329661
329664
329667
329684
329687
329703
329707
329715
329717
329726
329730
329734
329738
329748
329751
329752
329753
329755
329756
329762
329766
329782
329784
329789
329793
329797
329799
329817
329831
329841
329847
329869
329888
329892
329900
329919
329931
329932
329940
329942
329948
329952
329954
329957
329989
330004
330019
330023
330025
330040
330041
330050
330053
330055
330065
330082
330086
330091
330094
330098
330100
330109
330110
330112
330122
330124
330133
330140
330164
330174
330175
330177
330181
330186
330187
330204
330205
330208
330220
330223
330236
330238
330241
330248
330256
330292
330295
330297
330298
330311
330315
330327
330341
330342
330348
330358
330359
330376
330387
330395
330400
330403
330408
330410
330420
330426
330435
330436
330439
330449
330455
330472
330478
330481
330486
330487
330493
330495
330498
330507
330511
330515
330516
330522
330524
330562
330570
330572
330573
330575
330578
330597
330598
330607
330609
330610
330611
330614
330621
330637
330649
330650
330652
330660
330665
330671
330677
330694
330696
330699
330712
330719
330726
330728
330734
330736
330737
330741
330748
330752
330754
330766
330768
330770
330775
330785
330796
330806
330808
330824
330835
330845
330862
330863
330865
330868
330880
330881
330894
330897
330901
330907
330909
330911
330919
330920
330922
330923
330932
330934
330952
330954
330955
330961
330967
330986
330988
330990
330991
330993
331023
331031
331057
331072
331074
331082
331083
331084
331093
331103
331133
331134
331138
331139
331146
331162
331180
331185
331186
331191
331196
331201
331214
331222
331225
331229
331230
331242
331250
331264
331266
331268
331271
331272
331278
331279
331289
331298
331302
331313
331315
331324
331326
331331
331334
331350
331353
331366
331367
331370
331379
331386
331395
331403
331409
331417
331425
331426
331444
331447
331453
331457
331463
331474
331475
331479
331492
331496
331506
331507
331518
331520
331523
331524
331529
331530
331541
331544
331549
331551
331560
331577
331588
331592
331594
331613
331616
331627
331635
331642
331648
331664
331667
331670
331676
331680
331686
331688
331695
331702
331712
331724
331727
331738
331746
331747
331759
331764
331772
331777
331785
331790
331793
331797
331807
331822
331832
331844
331852
331856
331858
331863
331864
331868
331875
331883
331885
331904
331907
331919
331937
331954
331959
331982
331992
331998
332003
332006
332013
332015
332020
332025
332031
332038
332058
332063
332065
332067
332072
332074
332078
332087
332096
332097
332115
332124
332133
332135
332153
332158
332176
332202
332203
332204
332205
332217
332221
332227
332238
332239
332261
332270
332271
332273
332276
332282
332292
332296
332299
332311
332316
332322
332333
332345
332352
332355
332362
332397
332405
332407
332417
332432
332434
332459
332461
332463
332485
332499
332512
332537
332540
332543
332544
332545
332547
332571
332578
332579
332582
332591
332594
332607
332609
332613
332623
332625
332627
332646
332653
332654
332684
332705
332721
332722
332733
332748
332755
332767
332782
332792
332812
332816
332821
332824
332832
332833
332836
332844
332849
332851
332852
332861
332867
332869
332875
332876
332877
332905
332908
332912
332913
332914
332915
332916
332923
332925
332930
332931
332958
332960
332965
332968
332987
332990
333000
333014
333018
333020
333034
333040
333049
333058
333066
333081
333083
333087
333088
333095
333099
333101
333102
333114
333127
333130
333134
333135
333150
333151
333152
333157
333164
333167
333181
333182
333190
333201
333207
333247
333258
333267
333277
333283
333286
333291
333302
333309
333314
333324
333335
333337
333355
333356
333365
333378
333379
333383
333406
333412
333431
333433
333434
333436
333440
333443
333461
333463
333474
333480
333482
333492
333498
333518
333532
333537
333538
333546
333551
333555
333556
333565
333575
333580
333583
333595
333599
333613
333615
333621
333626
333629
333630
333634
333643
333653
333654
333656
333663
333664
333665
333683
333684
333687
333688
333691
333694
333703
333704
333705
333708
333722
333724
333730
333737
333746
333748
333749
333754
333756
333758
333775
333799
333805
333807
333820
333831
333842
333846
333848
333855
333859
333862
333863
333876
333888
333892
333895
333899
333904
333910
333920
333922
333924
333929
333946
333951
333954
333976
333978
333983
333984
333995
333998
334007
334011
334019
334021
334032
334034
334039
334041
334050
334056
334059
334069
334075
334077
334083
334085
334097
334098
334103
334104
334110
334118
334121
334125
334139
334140
334148
334161
334162
334171
334178
334180
334184
334185
334187
334197
334215
334220
334222
334232
334240
334244
334251
334260
334276
334277
334283
334285
334291
334301
334302
334320
334321
334327
334328
334332
334338
334352
334362
334364
334372
334380
334400
334405
334410
334416
334423
334431
334432
334441
334448
334463
334469
334470
334471
334473
334474
334476
334509
334511
334513
334523
334529
334549
334557
334561
334566
334568
334580
334587
334588
334596
334600
334607
334609
334616
334625
334626
334630
334631
334637
334645
334648
334665
334671
334681
334686
334699
334703
334708
334713
334714
334715
334723
334732
334733
334735
334742
334746
334751
334752
334758
334760
334769
334774
334775
334777
334782
334787
334788
334790
334798
334803
334813
334837
334840
334850
334852
334857
334858
334867
334868
334872
334881
334892
334915
334916
334920
334928
334932
334936
334939
334940
334941
334950
334953
334975
334980
334997
335003
335009
335013
335027
335041
335045
335063
335065
335066
335076
335085
335089
335101
335103
335107
335109
335110
335111
335119
335125
335131
335133
335138
335140
335144
335148
335153
335181
335184
335189
335194
335197
335200
335201
335207
335208
335212
335216
335217
335233
335241
335244
335249
335274
335288
335301
335308
335316
335318
335321
335323
335325
335332
335336
335339
335340
335344
335348
335351
335357
335359
335362
335363
335366
335374
335383
335395
335407
335421
335433
335434
335440
335441
335463
335472
335473
335479
335481
335486
335492
335500
335513
335518
335521
335524
335525
335532
335534
335539
335551
335552
335565
335578
335579
335581
335585
335587
335590
335594
335630
335631
335633
335644
335650
335656
335660
335670
335683
335688
335690
335692
335695
335696
335703
335709
335712
335713
335717
335722
335725
335735
335744
335747
335752
335758
335767
335774
335781
335784
335785
335787
335802
335814
335815
335824
335834
335839
335840
335844
335855
335857
335859
335865
335871
335909
335912
335913
335914
335922
335924
335928
335940
335955
335975
335981
335984
335986
335992
336002
336003
336015
336021
336027
336040
336044
336046
336047
336049
336058
336063
336075
336077
336078
336079
336101
336107
336129
336159
336162
336166
336167
336171
336172
336181
336182
336195
336211
336221
336230
336231
336242
336245
336251
336276
336286
336289
336291
336300
336310
336313
336314
336324
336330
336333
336341
336350
336355
336360
336369
336370
336372
336374
336384
336385
336390
336395
336397
336404
336414
336426
336427
336431
336445
336452
336457
336464
336465
336469
336474
336477
336479
336484
336487
336489
336491
336493
336494
336497
336503
336532
336534
336541
336546
336552
336563
336568
336569
336576
336578
336580
336593
336600
336602
336607
336629
336637
336645
336651
336654
336656
336663
336667
336668
336675
336683
336688
336695
336696
336708
336718
336723
336734
336735
336752
336762
336764
336766
336771
336783
336793
336802
336804
336812
336839
336840
336843
336854
336858
336861
336862
336874
336892
336897
336901
336910
336935
336942
336949
336954
336959
336961
336980
336981
336984
336991
336994
337011
337018
337019
337038
337042
337044
337047
337062
337068
337079
337083
337087
337104
337111
337120
337126
337133
337143
337146
337147
337151
337153
337160
337161
337164
337177
337188
337193
337207
337226
337233
337246
337255
337262
337264
337265
337269
337275
337277
337298
337304
337305
337314
337325
337339
337342
337353
337354
337366
337375
337379
337384
337390
337394
337415
337416
337420
337422
337427
337439
337443
337445
337448
337452
337453
337458
337488
337490
337517
337525
337527
337528
337533
337536
337541
337547
337552
337561
337563
337575
337579
337584
337585
337594
337607
337609
337619
337621
337628
337638
337647
337648
337649
337660
337661
337662
337663
337675
337682
337687
337689
337690
337691
337692
337704
337705
337707
337711
337726
337728
337745
337752
337761
337779
337780
337784
337796
337802
337808
337814
337818
337819
337826
337827
337833
337842
337843
337853
337866
337877
337882
337883
337886
337895
337899
337902
337915
337930
337949
337951
337953
337975
337976
337984
337985
337991
337993
337994
338007
338012
338018
338019
338025
338030
338041
338044
338050
338054
338061
338064
338065
338077
338086
338087
338094
338102
338105
338108
338119
338120
338121
338132
338143
338153
338164
338167
338169
338173
338189
338197
338207
338214
338218
338228
338230
338242
338255
338256
338258
338276
338281
338288
338291
338316
338317
338319
338342
338375
338383
338384
338385
338407
338417
338431
338438
338439
338475
338478
338501
338515
338522
338535
338541
338544
338549
338552
338558
338562
338581
338595
338600
338618
338629
338637
338642
338651
338670
338678
338683
338693
338703
338704
338705
338745
338746
338760
338766
338787
338802
338807
338833
338838
338840
338847
338863
338866
338872
338880
338884
338894
338910
338924
338941
338943
338948
338949
338954
338960
338971
338972
338978
338987
338991
338994
339001
339006
339009
339019
339020
339022
339029
339031
339034
339035
339042
339051
339054
339058
339059
339074
339089
339094
339096
339099
339108
339111
339115
339120
339130
339159
339177
339189
339202
339211
339228
339234
339240
339245
339248
339250
339253
339266
339270
339278
339283
339290
339307
339310
339336
339344
339346
339352
339356
339358
339361
339368
339373
339382
339384
339403
339413
339426
339446
339453
339454
339468
339489
339491
339498
339499
339501
339521
339536
339543
339545
339547
339550
339575
339576
339579
339588
339589
339595
339597
339603
339611
339633
339639
339643
339670
339674
339676
339677
339678
339681
339684
339687
339690
339703
339705
339711
339734
339757
339761
339766
339781
339787
339790
339793
339796
339798
339815
339830
339844
339845
339849
339851
339852
339890
339903
339913
339914
339916
339918
339919
339938
339940
339965
339974
339978
339986
339987
339988
340002
340007
340008
340019
340034
340038
340039
340047
340060
340069
340081
340082
340089
340095
340096
340102
340108
340126
340128
340129
340136
340139
340145
340148
340152
340155
340171
340174
340179
340181
340184
340187
340197
340200
340209
340213
340217
340218
340220
340226
340228
340242
340247
340252
340259
340261
340263
340267
340278
340282
340283
340285
340292
340308
340314
340316
340317
340318
340321
340327
340329
340331
340343
340354
340368
340386
340406
340412
340425
340440
340441
340445
340454
340459
340471
340488
340491
340494
340501
340503
340504
340508
340511
340523
340529
340532
340535
340537
340539
340545
340577
340588
340594
340602
340610
340611
340622
340623
340633
340636
340646
340647
340658
340659
340665
340673
340674
340688
340689
340700
340701
340704
340727
340733
340736
340758
340763
340771
340778
340804
340811
340841
340843
340844
340877
340897
340899
340903
340922
340923
340929
340934
340943
340946
340962
340964
340971
340983
340993
340998
341010
341011
341013
341015
341017
341027
341033
341039
341040
341041
341047
341052
341054
341060
341061
341062
341067
341070
341087
341100
341110
341111
341113
341116
341118
341132
341133
341137
341139
341143
341145
341164
341186
341189
341193
341205
341206
341212
341218
341219
341226
341230
341232
341241
341245
341246
341247
341257
341271
341272
341275
341286
341296
341299
341309
341318
341335
341341
341348
341350
341354
341369
341385
341389
341397
341399
341401
341402
341409
341413
341420
341421
341429
341430
341431
341437
341448
341455
341457
341459
341487
341503
341529
341539
341546
341592
341596
341603
341617
341620
341621
341623
341636
341639
341645
341659
341663
341678
341693
341695
341696
341712
341714
341716
341718
341736
341741
341756
341768
341781
341794
341797
341801
341811
341818
341834
341838
341843
341844
341845
341857
341865
341868
341871
341874
341886
341891
341892
341894
341902
341905
341910
341922
341933
341941
341942
341947
341969
341981
341996
342005
342010
342011
342013
342017
342019
342030
342045
342049
342051
342060
342075
342086
342098
342105
342109
342130
342135
342140
342142
342146
342159
342160
342165
342174
342183
342185
342190
342203
342204
342211
342220
342232
342234
342255
342259
342260
342271
342273
342277
342279
342283
342293
342302
342318
342322
342323
342325
342334
342340
342342
342347
342353
342363
342374
342377
342381
342385
342387
342401
342403
342408
342411
342417
342432
342442
342448
342452
342459
342460
342469
342479
342483
342490
342495
342510
342515
342520
342521
342523
342532
342549
342566
342583
342585
342589
342591
342593
342618
342633
342639
342643
342650
342662
342666
342675
342681
342683
342696
342702
342703
342704
342707
342709
342711
342724
342742
342745
342762
342765
342770
342774
342787
342800
342807
342812
342814
342831
342849
342851
342862
342869
342874
342887
342921
342929
342946
342949
342958
342963
342965
342969
342996
343002
343004
343009
343012
343031
343038
343053
343057
343059
343062
343073
343083
343090
343104
343108
343135
343140
343148
343153
343154
343156
343157
343159
343162
343165
343166
343167
343169
343185
343187
343198
343200
343201
343204
343211
343213
343215
343224
343225
343227
343231
343243
343248
343254
343255
343256
343257
343264
343268
343279
343282
343284
343291
343307
343310
343319
343322
343341
343349
343357
343383
343393
343394
343401
343403
343404
343407
343413
343418
343422
343424
343425
343432
343438
343458
343470
343498
343503
343504
343506
343514
343526
343534
343542
343543
343551
343570
343598
343603
343608
343610
343616
343619
343639
343642
343643
343650
343655
343679
343691
343703
343704
343708
343728
343734
343737
343748
343752
343753
343765
343769
343770
343792
343799
343810
343812
343818
343820
343834
343849
343852
343853
343860
343867
343872
343878
343881
343892
343898
343903
343908
343912
343914
343933
343948
343954
343960
343963
343967
343969
343978
343984
343992
344003
344005
344013
344016
344025
344031
344033
344040
344043
344045
344051
344065
344067
344073
344080
344125
344126
344127
344138
344146
344149
344154
344157
344180
344187
344190
344194
344205
344222
344231
344254
344255
344259
344264
344271
344279
344280
344292
344298
344307
344308
344319
344325
344338
344361
344364
344385
344388
344399
344410
344415
344422
344467
344477
344482
344488
344498
344507
344513
344520
344544
344548
344566
344578
344579
344582
344592
344597
344599
344622
344629
344632
344633
344644
344661
344669
344671
344675
344702
344703
344720
344724
344726
344729
344735
344736
344741
344762
344782
344793
344794
344802
344805
344806
344807
344814
344830
344831
344832
344853
344857
344859
344862
344878
344880
344881
344893
344896
344902
344903
344918
344921
344928
344930
344932
344936
344941
344942
344945
344955
344969
344974
344989
344996
344998
345005
345009
345014
345019
345020
345024
345029
345042
345047
345053
345071
345084
345100
345104
345114
345118
345125
345136
345139
345142
345145
345149
345154
345160
345161
345168
345172
345185
345188
345194
345207
345211
345212
345218
345225
345229
345245
345265
345283
345286
345288
345294
345302
345353
345376
345388
345389
345390
345399
345400
345417
345419
345434
345436
345455
345456
345498
345507
345518
345520
345531
345532
345536
345557
345559
345560
345576
345578
345585
345591
345595
345608
345617
345625
345634
345635
345643
345644
345655
345665
345667
345668
345702
345751
345781
345782
345786
345787
345799
345802
345822
345823
345831
345833
345838
345842
345844
345847
345848
345849
345855
345861
345867
345879
345880
345881
345882
345883
345884
345914
345937
345944
345952
345960
345961
345972
345973
345979
345981
345987
345993
345997
345998
346004
346011
346021
346026
346028
346049
346051
346062
346071
346082
346083
346084
346089
346090
346095
346097
346109
346121
346138
346140
346154
346158
346160
346161
346164
346168
346175
346178
346179
346185
346196
346207
346214
346223
346242
346250
346262
346266
346270
346272
346274
346275
346287
346302
346313
346314
346335
346341
346343
346344
346351
346352
346360
346366
346367
346375
346377
346384
346392
346399
346403
346407
346425
346433
346435
346445
346450
346458
346462
346468
346469
346472
346481
346492
346499
346503
346521
346544
346550
346560
346576
346577
346581
346583
346586
346587
346589
346596
346614
346617
346621
346637
346642
346653
346668
346687
346712
346716
346717
346724
346741
346749
346752
346754
346759
346774
346788
346795
346799
346806
346812
346813
346817
346821
346823
346849
346851
346853
346862
346863
346865
346877
346898
346904
346915
346924
346926
346930
346934
346936
346938
346947
346950
346954
346956
346965
346972
346978
346997
347016
347018
347023
347039
347042
347048
347051
347055
347058
347063
347087
347097
347101
347104
347111
347113
347121
347131
347133
347135
347139
347144
347153
347155
347167
347168
347170
347171
347172
347177
347179
347189
347203
347217
347228
347238
347243
347256
347263
347270
347274
347292
347297
347300
347306
347313
347327
347328
347331
347340
347346
347352
347354
347359
347362
347380
347390
347392
347403
347405
347407
347419
347422
347437
347438
347453
347455
347460
347462
347463
347467
347469
347482
347483
347495
347496
347505
347506
347507
347509
347511
347515
347524
347535
347542
347555
347558
347568
347570
347571
347587
347590
347596
347604
347610
347620
347630
347638
347640
347648
347655
347663
347665
347671
347675
347688
347691
347695
347697
347700
347715
347727
347728
347736
347740
347754
347755
347763
347766
347768
347772
347773
347784
347787
347789
347794
347796
347818
347823
347829
347836
347840
347848
347849
347865
347866
347876
347877
347878
347884
347885
347908
347921
347926
347928
347948
347962
347976
347981
347982
347989
347990
347995
348015
348027
348031
348042
348044
348046
348047
348058
348059
348071
348074
348076
348083
348087
348091
348092
348111
348116
348134
348140
348143
348144
348157
348162
348179
348186
348199
348202
348203
348217
348221
348234
348251
348263
348269
348274
348277
348279
348288
348290
348291
348299
348302
348306
348308
348314
348331
348359
348368
348370
348371
348379
348381
348382
348400
348403
348447
348467
348469
348474
348478
348480
348496
348499
348504
348519
348522
348523
348524
348562
348571
348573
348577
348580
348594
348595
348604
348606
348609
348621
348631
348636
348639
348670
348680
348684
348701
348702
348719
348730
348734
348759
348785
348790
348791
348793
348794
348795
348801
348805
348809
348822
348826
348829
348838
348841
348843
348857
348865
348871
348874
348887
348896
348904
348905
348907
348913
348922
348929
348941
348945
348948
348950
348954
348957
348966
348968
348973
348982
348989
348991
349006
349017
349021
349026
349038
349047
349050
349052
349059
349074
349090
349098
349099
349101
349103
349122
349129
349130
349134
349144
349154
349170
349193
349199
349201
349203
349204
349208
349215
349230
349243
349263
349267
349268
349271
349278
349282
349291
349310
349313
349319
349321
349322
349337
349344
349354
349358
349363
349379
349386
349390
349393
349400
349403
349410
349414
349418
349423
349430
349437
349438
349442
349466
349472
349474
349483
349485
349489
349511
349512
349521
349525
349527
349530
349552
349559
349561
349575
349582
349585
349590
349596
349611
349614
349622
349642
349647
349658
349663
349669
349676
349686
349689
349695
349697
349698
349709
349719
349725
349734
349737
349744
349750
349754
349777
349784
349787
349793
349809
349817
349822
349827
349841
349846
349870
349897
349905
349912
349914
349915
349918
349919
349926
349928
349931
349932
349934
349936
349943
349944
349947
349958
349960
349974
350000
350009
350013
350017
350028
350040
350044
350059
350063
350067
350070
350077
350081
350086
350089
350099
350107
350111
350115
350129
350132
350138
350150
350157
350160
350165
350167
350170
350171
350174
350180
350191
350204
350206
350230
350231
350234
350235
350240
350245
350254
350267
350270
350272
350280
350289
350299
350302
350303
350309
350313
350326
350327
350331
350335
350339
350340
350341
350344
350358
350360
350361
350363
350386
350413
350414
350416
350421
350435
350444
350447
350449
350452
350457
350460
350463
350467
350468
350492
350497
350500
350505
350506
350510
350513
350514
350515
350518
350534
350535
350552
350553
350557
350560
350578
350585
350596
350614
350617
350619
350620
350621
350623
350631
350639
350640
350644
350648
350657
350663
350668
350670
350675
350681
350688
350694
350701
350703
350706
350712
350717
350720
350721
350724
350733
350736
350737
350748
350755
350759
350765
350784
350795
350815
350819
350825
350826
350837
350840
350851
350852
350854
350855
350860
350874
350878
350884
350889
350897
350898
350930
350939
350940
350953
350959
350960
350961
350966
350974
350984
351002
351004
351013
351017
351033
351036
351053
351081
351091
351118
351126
351127
351130
351133
351134
351140
351141
351148
351159
351161
351166
351176
351183
351191
351193
351203
351210
351217
351221
351233
351235
351239
351240
351242
351253
351262
351268
351287
351288
351298
351301
351322
351328
351335
351345
351351
351359
351364
351367
351369
351380
351382
351384
351386
351396
351397
351400
351401
351403
351404
351419
351422
351430
351439
351451
351463
351466
351470
351473
351477
351479
351480
351483
351489
351504
351514
351534
351539
351549
351550
351557
351577
351588
351590
351595
351597
351608
351610
351622
351626
351627
351654
351656
351683
351702
351705
351710
351715
351718
351719
351726
351729
351734
351747
351749
351760
351783
351793
351796
351807
351808
351809
351818
351827
351830
351840
351850
351855
351861
351868
351875
351887
351888
351890
351904
351914
351930
351935
351967
351968
351972
351973
351975
351979
351981
351991
352000
352005
352007
352011
352019
352027
352041
352063
352065
352073
352082
352088
352091
352093
352107
352111
352117
352120
352125
352127
352142
352145
352148
352155
352173
352176
352178
352180
352182
352184
352185
352187
352188
352192
352194
352199
352206
352211
352213
352217
352235
352241
352247
352252
352257
352259
352286
352288
352302
352310
352317
352334
352357
352360
352361
352375
352389
352398
352399
352401
352407
352410
352412
352421
352422
352427
352440
352444
352454
352462
352476
352478
352480
352482
352484
352495
352496
352497
352507
352515
352524
352552
352565
352585
352601
352623
352651
352652
352654
352660
352670
352680
352681
352694
352703
352709
352724
352729
352732
352734
352735
352738
352739
352751
352757
352758
352761
352767
352794
352807
352813
352819
352821
352828
352835
352841
352850
352861
352866
352869
352877
352892
352895
352899
352908
352925
352937
352938
352949
352978
352980
352985
353000
353001
353006
353009
353012
353017
353028
353036
353046
353056
353067
353075
353080
353086
353091
353098
353136
353138
353148
353197
353200
353206
353216
353220
353223
353231
353237
353260
353270
353274
353276
353288
353298
353299
353300
353316
353317
353320
353321
353344
353347
353358
353366
353370
353372
353405
353407
353409
353411
353427
353435
353446
353460
353473
353483
353485
353494
353495
353505
353507
353509
353510
353511
353519
353536
353551
353561
353577
353582
353589
353590
353593
353594
353595
353602
353610
353622
353634
353644
353652
353653
353658
353663
353666
353701
353707
353711
353720
353740
353748
353754
353787
353790
353792
353803
353806
353807
353809
353813
353817
353835
353836
353839
353850
353858
353860
353866
353881
353889
353893
353898
353899
353906
353907
353915
353919
353929
353931
353933
353938
353942
353952
353953
353968
353969
353974
353976
353981
353982
353989
353991
353993
353994
353997
353999
354012
354027
354035
354045
354059
354063
354070
354088
354094
354095
354098
354115
354131
354132
354144
354145
354167
354174
354185
354205
354212
354218
354220
354221
354224
354225
354229
354237
354241
354242
354248
354254
354258
354268
354277
354278
354282
354290
354298
354305
354306
354309
354318
354322
354327
354333
354335
354342
354359
354361
354368
354376
354382
354389
354391
354392
354398
354402
354409
354425
354427
354429
354444
354460
354469
354480
354483
354500
354507
354527
354532
354533
354537
354539
354540
354545
354546
354557
354559
354572
354575
354579
354584
354600
354603
354616
354626
354630
354639
354645
354655
354656
354657
354661
354668
354679
354685
354690
354699
354716
354718
354721
354724
354734
354736
354738
354741
354745
354746
354758
354770
354771
354772
354791
354794
354813
354819
354821
354827
354831
354832
354834
354839
354842
354843
354846
354853
354863
354874
354878
354888
354891
354921
354929
354932
354933
354936
354938
354948
354967
354976
354978
354993
354994
355000
355035
355050
355051
355064
355072
355081
355086
355092
355106
355111
355116
355119
355122
355123
355124
355133
355137
355143
355156
355159
355167
355168
355170
355175
355179
355180
355182
355183
355192
355194
355197
355210
355214
355217
355221
355231
355234
355236
355247
355256
355261
355272
355291
355297
355301
355304
355321
355342
355345
355347
355360
355368
355370
355385
355394
355398
355406
355410
355415
355424
355425
355430
355440
355441
355450
355453
355458
355462
355477
355480
355481
355487
355511
355513
355534
355537
355539
355542
355550
355552
355555
355559
355562
355569
355571
355575
355582
355593
355594
355603
355609
355611
355620
355621
355629
355638
355647
355651
355652
355657
355660
355661
355668
355674
355678
355679
355685
355697
355717
355727
355736
355737
355741
355746
355748
355756
355762
355774
355776
355777
355778
355779
355785
355786
355789
355801
355826
355828
355830
355857
355863
355866
355869
355871
355875
355894
355902
355907
355918
355919
355947
355950
355956
355957
355967
355974
355975
355987
355991
356002
356006
356011
356015
356029
356043
356060
356066
356071
356079
356086
356108
356112
356116
356131
356144
356145
356147
356153
356159
356174
356182
356184
356187
356201
356215
356224
356238
356253
356256
356263
356276
356280
356286
356290
356293
356323
356330
356337
356344
356349
356358
356362
356374
356380
356382
356384
356394
356396
356402
356403
356406
356409
356414
356421
356435
356445
356476
356479
356480
356483
356490
356494
356496
356500
356522
356528
356544
356549
356562
356565
356569
356570
356622
356623
356632
356645
356648
356651
356654
356660
356664
356665
356671
356702
356708
356734
356740
356746
356748
356749
356752
356764
356765
356771
356782
356783
356788
356790
356791
356800
356809
356824
356827
356845
356849
356851
356852
356856
356863
356866
356868
356869
356877
356878
356880
356888
356906
356908
356912
356916
356920
356921
356922
356923
356937
356938
356940
356941
356948
356950
356953
356958
356959
356967
356972
356974
357003
357010
357013
357015
357017
357023
357036
357044
357059
357069
357071
357074
357076
357088
357089
357095
357096
357109
357117
357132
357139
357164
357176
357184
357194
357202
357203
357208
357210
357220
357228
357241
357242
357247
357272
357278
357279
357289
357290
357291
357294
357301
357303
357312
357317
357322
357333
357335
357339
357340
357349
357354
357356
357362
357365
357379
357383
357385
357402
357413
357415
357428
357429
357435
357456
357461
357470
357478
357493
357498
357502
357511
357526
357529
357532
357533
357542
357543
357549
357552
357561
357568
357572
357578
357583
357584
357586
357587
357601
357604
357613
357614
357633
357649
357659
357663
357668
357673
357684
357690
357700
357728
357738
357739
357743
357750
357755
357758
357759
357762
357769
357770
357782
357787
357790
357799
357800
357805
357808
357810
357812
357814
357819
357831
357837
357852
357858
357859
357860
357865
357870
357877
357881
357895
357896
357898
357899
357904
357916
357921
357926
357930
357933
357943
357944
357963
357966
357967
357971
357975
357976
357984
357989
357992
357994
358004
358017
358019
358024
358033
358043
358055
358058
358064
358065
358066
358070
358075
358079
358085
358086
358088
358090
358100
358103
358104
358113
358149
358158
358171
358172
358176
358185
358189
358191
358200
358206
358211
358231
358237
358242
358247
358252
358265
358268
358270
358281
358287
358289
358291
358293
358296
358300
358301
358302
358307
358334
358344
358345
358361
358378
358389
358391
358396
358399
358405
358411
358421
358429
358438
358451
358462
358466
358486
358489
358502
358517
358523
358534
358539
358543
358558
358572
358576
358580
358581
358584
358596
358599
358606
358608
358616
358617
358624
358625
358629
358633
358646
358652
358653
358658
358664
358667
358674
358690
358706
358707
358717
358719
358730
358744
358748
358756
358763
358765
358767
358770
358781
358789
358796
358801
358817
358825
358828
358833
358836
358841
358883
358884
358891
358903
358921
358939
358965
358970
358976
358980
358982
358983
358989
358994
359004
359005
359020
359029
359030
359032
359034
359039
359043
359048
359061
359066
359073
359085
359094
359098
359099
359105
359115
359126
359128
359131
359133
359136
359139
359141
359143
359147
359149
359156
359164
359168
359180
359182
359202
359205
359220
359232
359238
359249
359253
359260
359262
359268
359270
359308
359310
359314
359320
359339
359340
359346
359354
359356
359357
359360
359363
359364
359379
359387
359394
359395
359396
359399
359403
359405
359408
359414
359423
359432
359436
359439
359451
359470
359471
359481
359492
359497
359507
359521
359525
359535
359537
359546
359548
359563
359565
359567
359568
359569
359574
359589
359595
359620
359625
359626
359656
359676
359684
359686
359688
359695
359704
359707
359710
359713
359715
359719
359727
359746
359753
359772
359775
359778
359789
359791
359801
359805
359823
359825
359830
359851
359853
359860
359864
359865
359868
359870
359876
359904
359908
359909
359925
359931
359947
359977
359996
360002
360013
360017
360031
360045
360053
360064
360066
360069
360071
360073
360082
360092
360110
360112
360114
360126
360143
360147
360152
360165
360170
360173
360175
360179
360181
360182
360189
360191
360208
360209
360211
360216
360217
360236
360238
360246
360269
360271
360273
360274
360277
360279
360283
360297
360300
360306
360307
360309
360313
360328
360332
360334
360346
360350
360352
360374
360376
360388
360396
360399
360400
360409
360412
360422
360424
360434
360440
360447
360449
360452
360461
360473
360475
360480
360485
360494
360500
360504
360510
360517
360528
360535
360548
360566
360570
360571
360573
360579
360585
360595
360600
360604
360605
360606
360610
360611
360613
360624
360637
360673
360678
360693
360716
360723
360725
360730
360735
360736
360737
360739
360747
360751
360759
360760
360767
360771
360778
360792
360798
360805
360808
360811
360813
360818
360846
360849
360851
360855
360857
360868
360869
360870
360876
360877
360878
360880
360896
360898
360899
360926
360927
360929
360931
360982
360983
360991
361009
361021
361022
361027
361029
361030
361038
361046
361051
361052
361055
361059
361071
361073
361077
361088
361106
361111
361120
361136
361139
361140
361149
361157
361158
361171
361177
361190
361197
361205
361208
361217
361222
361233
361245
361248
361255
361256
361258
361265
361282
361285
361291
361303
361316
361334
361351
361359
361361
361373
361375
361382
361384
361389
361391
361392
361394
361397
361399
361415
361420
361437
361439
361454
361460
361462
361464
361469
361472
361475
361477
361480
361490
361512
361516
361518
361521
361547
361567
361572
361578
361583
361585
361587
361592
361593
361594
361601
361603
361604
361619
361620
361623
361659
361661
361670
361672
361687
361692
361700
361721
361738
361739
361746
361763
361766
361769
361778
361788
361790
361799
361804
361811
361819
361829
361844
361850
361858
361860
361885
361895
361907
361909
361913
361920
361924
361930
361939
361947
361948
361959
361964
361992
361993
361994
362005
362008
362023
362031
362035
362046
362065
362067
362090
362094
362103
362108
362117
362118
362122
362123
362127
362130
362131
362138
362140
362141
362145
362151
362157
362166
362184
362192
362199
362213
362219
362226
362229
362231
362232
362281
362282
362284
362289
362293
362301
362306
362309
362314
362318
362340
362343
362346
362348
362352
362360
362367
362368
362369
362371
362373
362395
362399
362409
362432
362438
362446
362465
362469
362475
362480
362499
362505
362506
362509
362530
362545
362547
362553
362555
362561
362563
362568
362591
362604
362614
362640
362643
362654
362658
362662
362676
362683
362699
362711
362712
362714
362722
362737
362739
362740
362744
362745
362751
362758
362766
362768
362778
362793
362797
362812
362816
362825
362828
362831
362852
362853
362865
362869
362879
362884
362898
362936
362941
362944
362951
362966
362971
362973
362999
363006
363014
363022
363028
363036
363037
363038
363048
363057
363058
363061
363075
363079
363100
363102
363106
363107
363111
363113
363114
363117
363119
363120
363126
363128
363134
363135
363136
363145
363146
363150
363160
363163
363165
363169
363171
363173
363181
363190
363191
363202
363217
363224
363241
363243
363247
363252
363257
363272
363276
363286
363302
363303
363318
363319
363321
363326
363331
363333
363341
363346
363349
363353
363358
363363
363370
363386
363387
363389
363399
363403
363410
363423
363426
363431
363432
363433
363435
363455
363460
363464
363468
363469
363504
363514
363522
363527
363541
363546
363548
363549
363560
363576
363577
363581
363593
363594
363602
363607
363621
363624
363640
363645
363652
363656
363673
363702
363716
363718
363719
363727
363736
363747
363750
363752
363764
363786
363821
363826
363827
363829
363831
363844
363845
363847
363848
363867
363869
363881
363885
363887
363902
363908
363917
363919
363922
363927
363933
363939
363940
363942
363947
363951
363956
363957
363969
363981
363986
363987
363991
364006
364009
364016
364028
364031
364032
364067
364073
364075
364079
364082
364090
364097
364098
364099
364104
364113
364123
364125
364132
364135
364139
364154
364160
364169
364174
364188
364198
364201
364205
364206
364221
364222
364228
364234
364237
364243
364247
364251
364252
364256
364280
364283
364284
364293
364299
364312
364336
364340
364341
364359
364361
364368
364372
364380
364400
364402
364416
364420
364433
364436
364437
364444
364448
364455
364458
364468
364470
364476
364484
364485
364491
364517
364522
364525
364535
364549
364559
364561
364567
364571
364580
364582
364590
364592
364596
364602
364608
364659
364665
364677
364680
364691
364701
364719
364720
364722
364738
364745
364770
364783
364796
364797
364815
364833
364835
364853
364862
364868
364879
364885
364911
364919
364927
364932
364934
364937
364939
364941
364953
364956
364959
364980
364993
364994
365003
365011
365013
365015
365021
365027
365030
365031
365035
365041
365066
365068
365069
365080
365082
365099
365101
365116
365117
365123
365129
365131
365132
365133
365137
365139
365140
365142
365164
365170
365175
365182
365187
365191
365194
365202
365206
365214
365217
365218
365220
365236
365237
365251
365258
365259
365264
365265
365267
365271
365273
365277
365282
365284
365289
365293
365295
365298
365306
365309
365310
365312
365314
365317
365320
365325
365339
365340
365344
365345
365352
365353
365359
365363
365366
365404
365413
365419
365426
365427
365430
365431
365434
365437
365444
365452
365456
365469
365470
365472
365479
365485
365493
365503
365512
365519
365525
365527
365541
365542
365544
365557
365561
365563
365565
365569
365573
365575
365582
365587
365596
365611
365614
365618
365620
365623
365624
365626
365645
365648
365652
365654
365657
365659
365662
365663
365677
365685
365687
365696
365701
365709
365711
365724
365728
365735
365738
365739
365752
365755
365759
365768
365772
365775
365782
365784
365792
365802
365817
365819
365822
365833
365851
365855
365865
365873
365928
365934
365943
365946
365947
365948
365950
365958
365983
365993
365996
365997
366000
366005
366009
366016
366021
366022
366025
366028
366030
366031
366040
366048
366049
366058
366064
366068
366071
366081
366089
366095
366096
366103
366104
366109
366111
366115
366116
366135
366137
366139
366146
366150
366153
366157
366173
366179
366184
366207
366240
366247
366254
366255
366257
366264
366268
366274
366282
366313
366326
366329
366342
366348
366367
366373
366379
366383
366385
366396
366399
366405
366408
366414
366417
366430
366469
366470
366476
366480
366484
366485
366489
366500
366501
366502
366510
366517
366527
366528
366529
366554
366569
366576
366598
366599
366614
366643
366655
366659
366661
366665
366669
366679
366683
366688
366695
366702
366706
366712
366714
366717
366724
366734
366740
366748
366753
366770
366782
366787
366788
366789
366792
366793
366795
366799
366811
366822
366829
366831
366839
366852
366863
366873
366897
366907
366925
366927
366931
366933
366948
366961
366967
366972
366994
367005
367011
367018
367020
367029
367048
367058
367063
367065
367074
367085
367087
367096
367106
367116
367125
367128
367142
367148
367164
367171
367177
367187
367201
367205
367222
367233
367259
367260
367268
367275
367280
367310
367313
367317
367321
367332
367335
367336
367337
367357
367367
367372
367375
367389
367398
367409
367418
367424
367425
367429
367434
367442
367461
367468
367471
367477
367484
367489
367491
367509
367518
367519
367523
367528
367538
367549
367552
367553
367554
367562
367578
367582
367584
367599
367605
367608
367610
367611
367614
367619
367622
367626
367630
367639
367641
367655
367666
367670
367673
367706
367710
367715
367718
367724
367725
367732
367742
367747
367753
367754
367758
367763
367776
367784
367785
367786
367792
367795
367804
367823
367835
367838
367848
367850
367853
367856
367860
367869
367872
367891
367899
367905
367919
367929
367934
367936
367951
367953
367969
367977
367982
367990
368024
368040
368041
368049
368055
368060
368066
368072
368080
368084
368086
368087
368093
368103
368116
368125
368132
368142
368148
368154
368160
368193
368204
368205
368206
368208
368219
368220
368222
368240
368242
368248
368249
368274
368280
368302
368307
368321
368346
368348
368349
368356
368367
368368
368370
368371
368397
368402
368409
368421
368424
368435
368439
368450
368459
368460
368468
368474
368475
368476
368479
368490
368510
368515
368521
368528
368541
368547
368548
368556
368559
368564
368565
368576
368577
368586
368588
368589
368594
368595
368602
368603
368626
368647
368648
368656
368663
368668
368671
368676
368679
368686
368702
368717
368727
368731
368738
368746
368763
368768
368775
368807
368818
368820
368825
368833
368836
368840
368844
368845
368852
368855
368874
368875
368876
368879
368885
368893
368896
368905
368918
368927
368949
368956
368969
368980
368986
368994
369019
369022
369023
369034
369036
369038
369041
369045
369049
369074
369078
369086
369087
369093
369095
369122
369128
369140
369153
369156
369167
369171
369180
369181
369185
369190
369191
369201
369202
369204
369207
369208
369213
369217
369221
369243
369249
369253
369259
369267
369268
369271
369283
369285
369294
369295
369299
369304
369309
369321
369322
369326
369331
369333
369338
369357
369358
369362
369373
369382
369393
369404
369418
369437
369443
369446
369449
369452
369460
369461
369470
369472
369476
369478
369482
369485
369491
369496
369499
369504
369511
369512
369514
369521
369529
369533
369557
369561
369567
369575
369576
369584
369589
369594
369598
369601
369603
369610
369630
369631
369642
369644
369647
369653
369667
369685
369689
369701
369726
369734
369735
369762
369763
369770
369774
369775
369776
369777
369778
369782
369784
369791
369793
369796
369799
369801
369805
369820
369823
369826
369831
369838
369840
369848
369857
369859
369860
369866
369872
369878
369886
369887
369889
369899
369913
369920
369931
369934
369936
369941
369952
369961
369966
369969
369976
369977
369979
369982
369986
369997
370009
370010
370013
370029
370030
370038
370045
370055
370059
370082
370095
370102
370120
370124
370130
370136
370145
370152
370162
370165
370175
370177
370207
370209
370210
370229
370233
370234
370235
370242
370250
370258
370260
370261
370266
370273
370279
370285
370315
370331
370337
370362
370378
370380
370383
370391
370401
370406
370413
370417
370426
370441
370448
370461
370462
370466
370475
370479
370493
370503
370505
370511
370512
370513
370522
370523
370524
370537
370561
370583
370591
370596
370602
370610
370624
370626
370634
370637
370638
370650
370652
370657
370661
370669
370682
370689
370701
370718
370722
370724
370727
370729
370738
370739
370760
370783
370793
370802
370805
370816
370819
370827
370836
370839
370851
370868
370873
370890
370892
370899
370911
370914
370917
370918
370922
370926
370928
370935
370945
370953
370963
370979
370980
370996
371002
371005
371007
371015
371021
371036
371047
371051
371054
371058
371072
371090
371092
371114
371129
371132
371135
371137
371139
371143
371151
371153
371157
371164
371166
371176
371201
371216
371239
371241
371244
371255
371256
371258
371260
371282
371283
371289
371300
371301
371302
371309
371313
371315
371317
371322
371330
371359
371360
371361
371364
371365
371376
371382
371392
371395
371396
371402
371412
371414
371426
371427
371470
371493
371497
371503
371510
371511
371513
371514
371530
371531
371532
371534
371536
371549
371555
371564
371577
371586
371587
371603
371608
371633
371643
371648
371650
371651
371652
371654
371672
371682
371684
371701
371702
371703
371706
371714
371717
371718
371735
371745
371758
371786
371789
371791
371796
371822
371824
371829
371839
371847
371848
371854
371864
371869
371873
371874
371879
371883
371890
371910
371923
371928
371939
371940
371948
371955
371957
371965
371973
372003
372020
372024
372037
372038
372043
372045
372058
372067
372087
372097
372113
372117
372121
372130
372136
372141
372147
372156
372163
372172
372180
372182
372191
372193
372198
372199
372201
372212
372213
372219
372220
372229
372230
372233
372258
372265
372288
372292
372294
372300
372303
372305
372308
372309
372311
372316
372319
372352
372353
372357
372362
372363
372378
372381
372384
372390
372404
372405
372413
372415
372428
372430
372443
372464
372479
372482
372494
372498
372510
372511
372535
372536
372551
372554
372555
372580
372583
372588
372592
372599
372603
372604
372612
372613
372615
372618
372620
372633
372641
372652
372654
372660
372669
372674
372678
372683
372685
372691
372702
372706
372709
372714
372727
372729
372731
372740
372748
372764
372768
372774
372775
372788
372790
372794
372795
372801
372804
372817
372824
372829
372833
372844
372862
372874
372876
372885
372902
372913
372914
372919
372938
372943
372971
372976
372979
372980
372989
373007
373024
373029
373033
373034
373043
373053
373060
373075
373076
373077
373078
373089
373101
373111
373119
373120
373128
373140
373153
373170
373177
373193
373198
373199
373212
373219
373223
373239
373249
373251
373254
373255
373259
373266
373267
373278
373283
373289
373291
373305
373312
373316
373318
373325
373338
373341
373342
373344
373348
373356
373360
373373
373374
373381
373393
373395
373400
373401
373409
373414
373415
373421
373422
373424
373426
373439
373444
373457
373461
373465
373476
373482
373486
373487
373500
373509
373512
373522
373539
373569
373571
373574
373575
373577
373580
373585
373613
373637
373639
373645
373648
373653
373655
373664
373683
373686
373697
373712
373713
373716
373722
373729
373730
373731
373747
373748
373750
373758
373765
373768
373785
373793
373813
373830
373846
373848
373857
373880
373881
373893
373895
373898
373905
373923
373936
373945
373960
373964
373970
373986
373988
373997
374001
374005
374010
374017
374027
374028
374033
374041
374042
374046
374049
374051
374060
374062
374068
374072
374077
374084
374102
374114
374115
374125
374135
374166
374171
374174
374181
374185
374192
374208
374210
374211
374239
374241
374248
374258
374270
374282
374288
374302
374308
374313
374325
374333
374337
374342
374352
374357
374361
374368
374371
374374
374376
374388
374391
374395
374401
374405
374418
374430
374431
374448
374454
374463
374487
374490
374498
374505
374530
374533
374538
374553
374559
374574
374575
374593
374595
374597
374598
374628
374661
374666
374672
374680
374702
374723
374726
374734
374782
374800
374806
374818
374829
374830
374845
374846
374848
374858
374860
374873
374885
374886
374896
374904
374910
374922
374924
374955
374966
374974
374977
374987
374990
374994
375001
375004
375016
375021
375043
375045
375053
375063
375080
375086
375093
375099
375108
375110
375129
375130
375133
375143
375150
375153
375180
375184
375186
375196
375200
375205
375219
375220
375232
375245
375248
375256
375282
375285
375286
375294
375296
375304
375311
375321
375324
375325
375331
375347
375357
375369
375380
375382
375409
375425
375426
375440
375450
375461
375464
375473
375481
375483
375484
375486
375490
375492
375503
375504
375509
375521
375528
375530
375531
375535
375536
375554
375566
375568
375575
375590
375591
375606
375621
375637
375654
375659
375665
375680
375688
375709
375714
375728
375729
375739
375741
375743
375750
375755
375759
375765
375769
375782
375783
375786
375801
375802
375806
375809
375810
375812
375814
375816
375820
375823
375826
375838
375857
375875
375881
375882
375892
375897
375899
375902
375904
375939
375947
375951
375960
375961
375980
375989
375996
376009
376010
376013
376045
376047
376059
376065
376079
376084
376087
376089
376109
376123
376125
376131
376136
376141
376160
376165
376177
376185
376193
376196
376208
376209
376224
376233
376236
376241
376246
376247
376258
376263
376269
376279
376283
376295
376315
376320
376321
376342
376347
376362
376366
376368
376372
376377
376381
376384
376385
376393
376397
376398
376405
376407
376416
376420
376434
376436
376441
376449
376450
376456
376469
376479
376490
376491
376502
376505
376509
376521
376523
376524
376531
376545
376549
376557
376558
376559
376564
376573
376575
376590
376595
376603
376623
376628
376643
376667
376668
376677
376679
376697
376701
376715
376719
376731
376740
376750
376751
376754
376757
376763
376773
376776
376790
376791
376793
376796
376817
376819
376822
376828
376829
376831
376838
376839
376843
376848
376859
376864
376868
376870
376882
376891
376896
376907
376911
376912
376921
376934
376939
376941
376947
376953
376958
376959
376965
376972
376983
376988
376990
377003
377007
377008
377012
377015
377017
377019
377023
377044
377055
377056
377059
377060
377080
377084
377090
377091
377097
377105
377110
377111
377119
377155
377157
377159
377160
377174
377183
377190
377195
377205
377213
377218
377226
377235
377237
377241
377244
377245
377251
377252
377262
377273
377278
377284
377297
377319
377322
377329
377331
377339
377342
377352
377359
377361
377385
377401
377412
377422
377423
377427
377432
377434
377450
377456
377464
377467
377473
377476
377488
377496
377509
377510
377513
377515
377518
377543
377570
377572
377577
377578
377583
377585
377589
377592
377594
377612
377613
377626
377632
377647
377651
377652
377666
377694
377701
377706
377713
377715
377716
377730
377732
377756
377758
377760
377762
377777
377778
377802
377808
377809
377816
377832
377837
377850
377853
377854
377867
377868
377881
377901
377910
377914
377926
377944
377949
377951
377952
377955
377964
377983
377984
377999
378022
378024
378028
378030
378048
378055
378056
378070
378071
378077
378081
378090
378092
378096
378118
378126
378134
378137
378146
378147
378154
378155
378163
378169
378179
378183
378186
378194
378198
378203
378204
378214
378229
378268
378276
378293
378305
378312
378313
378323
378331
378334
378344
378347
378373
378375
378393
378415
378416
378419
378440
378444
378448
378455
378458
378461
378466
378467
378471
378482
378486
378494
378499
378502
378521
378522
378538
378544
378558
378561
378583
378588
378611
378614
378621
378626
378636
378637
378638
378644
378652
378657
378658
378659
378661
378662
378667
378670
378684
378701
378711
378720
378726
378727
378736
378747
378768
378775
378778
378786
378807
378821
378823
378825
378827
378831
378832
378846
378848
378865
378872
378894
378901
378905
378906
378907
378916
378921
378922
378928
378929
378940
378948
378950
378962
378967
378970
378983
378985
379004
379014
379018
379034
379044
379052
379064
379067
379070
379085
379086
379093
379105
379108
379115
379120
379129
379130
379136
379143
379144
379158
379162
379172
379173
379177
379180
379188
379193
379201
379210
379211
379230
379232
379241
379259
379261
379272
379285
379294
379308
379310
379312
379313
379314
379315
379340
379350
379357
379360
379370
379375
379399
379401
379402
379405
379409
379434
379448
379464
379468
379470
379475
379487
379488
379498
379508
379520
379522
379535
379539
379542
379552
379561
379564
379578
379579
379585
379586
379593
379596
379605
379607
379612
379613
379630
379636
379649
379659
379666
379667
379672
379678
379711
379713
379732
379734
379735
379736
379742
379743
379760
379766
379767
379771
379777
379781
379784
379820
379837
379841
379844
379845
379853
379865
379871
379882
379892
379911
379914
379936
379940
379941
379944
379955
379962
379965
379980
380007
380016
380034
380039
380057
380070
380084
380088
380096
380097
380100
380101
380109
380115
380122
380126
380128
380139
380140
380148
380192
380227
380239
380244
380247
380248
380252
380258
380259
380271
380279
380280
380300
380301
380304
380306
380319
380325
380329
380330
380337
380338
380344
380348
380350
380351
380388
380395
380414
380416
380420
380425
380429
380432
380440
380447
380449
380453
380455
380457
380459
380472
380474
380475
380482
380484
380487
380495
380500
380516
380520
380522
380524
380528
380538
380539
380552
380557
380586
380591
380609
380632
380634
380636
380639
380657
380661
380665
380715
380717
380720
380724
380729
380732
380733
380734
380742
380750
380752
380754
380780
380797
380798
380802
380820
380821
380827
380828
380834
380854
380859
380889
380892
380893
380898
380900
380909
380912
380918
380920
380924
380928
380935
380938
380957
380959
380979
380981
380993
380998
381000
381008
381014
381017
381018
381021
381025
381027
381031
381032
381037
381041
381047
381051
381065
381069
381093
381106
381108
381116
381117
381119
381123
381128
381134
381139
381154
381160
381163
381192
381193
381194
381205
381208
381216
381217
381231
381238
381244
381246
381253
381255
381256
381262
381265
381270
381296
381301
381305
381314
381315
381323
381330
381332
381333
381334
381366
381377
381384
381395
381400
381403
381406
381416
381430
381433
381457
381458
381460
381463
381470
381472
381475
381476
381482
381492
381509
381514
381517
381519
381527
381529
381533
381540
381544
381546
381547
381551
381555
381556
381563
381568
381577
381602
381607
381608
381610
381615
381619
381626
381629
381630
381633
381646
381664
381667
381682
381683
381694
381704
381721
381723
381758
381759
381766
381782
381788
381789
381795
381811
381821
381826
381828
381837
381851
381856
381870
381875
381887
381889
381890
381892
381895
381908
381923
381925
381928
381931
381932
381948
381957
381967
381985
381988
381991
381994
381996
381999
382005
382011
382022
382032
382038
382041
382058
382069
382078
382080
382081
382083
382089
382100
382101
382103
382104
382107
382109
382126
382142
382154
382174
382182
382188
382193
382203
382207
382227
382251
382256
382261
382263
382274
382278
382287
382288
382289
382307
382309
382312
382316
382320
382341
382342
382345
382350
382356
382357
382361
382383
382399
382400
382401
382406
382411
382418
382423
382443
382447
382448
382462
382466
382469
382472
382476
382482
382512
382517
382527
382530
382552
382554
382557
382559
382563
382564
382569
382572
382582
382589
382603
382617
382620
382625
382630
382631
382636
382638
382640
382641
382643
382653
382655
382659
382662
382664
382669
382670
382673
382683
382688
382693
382695
382701
382704
382706
382707
382714
382715
382717
382724
382729
382731
382736
382737
382741
382742
382770
382784
382789
382797
382800
382801
382848
382854
382855
382857
382863
382873
382881
382887
382924
382945
382947
382953
382954
382958
382969
382971
382973
382979
382999
383001
383007
383014
383029
383046
383047
383048
383053
383065
383066
383084
383085
383087
383090
383106
383107
383111
383112
383119
383129
383131
383137
383154
383158
383173
383175
383185
383197
383205
383211
383212
383223
383229
383244
383250
383263
383267
383309
383322
383324
383329
383330
383359
383364
383372
383382
383389
383390
383391
383397
383401
383404
383406
383407
383414
383419
383432
383435
383438
383445
383446
383452
383453
383454
383460
383461
383462
383464
383512
383513
383518
383533
383536
383549
383553
383556
383564
383569
383576
383594
383605
383607
383611
383620
383622
383637
383639
383652
383658
383678
383680
383699
383703
383704
383705
383729
383731
383733
383737
383746
383756
383760
383768
383777
383786
383787
383807
383816
383819
383826
383828
383841
383846
383866
383875
383885
383890
383893
383902
383905
383909
383917
383918
383923
383929
383930
383933
383937
383949
383950
383958
383967
383968
383972
384012
384015
384021
384023
384027
384029
384030
384034
384037
384038
384040
384049
384052
384058
384078
384089
384092
384093
384099
384101
384110
384114
384122
384140
384146
384152
384157
384160
384161
384164
384166
384173
384176
384207
384213
384230
384231
384232
384235
384242
384261
384263
384269
384289
384302
384316
384323
384325
384326
384328
384337
384346
384348
384375
384389
384391
384402
384412
384416
384422
384449
384461
384462
384463
384475
384482
384496
384499
384507
384520
384528
384531
384553
384554
384559
384563
384573
384592
384595
384596
384605
384617
384625
384626
384635
384641
384659
384671
384673
384675
384678
384680
384700
384723
384740
384745
384755
384775
384780
384788
384790
384793
384794
384811
384815
384822
384823
384826
384827
384834
384849
384857
384874
384888
384895
384907
384910
384924
384930
384931
384935
384952
384953
384960
384961
384964
384967
384970
384981
384983
384995
384998
385001
385016
385037
385042
385057
385066
385070
385075
385078
385082
385084
385098
385103
385107
385108
385115
385118
385126
385141
385144
385145
385146
385150
385154
385168
385172
385178
385182
385188
385194
385196
385222
385238
385239
385241
385248
385262
385272
385280
385283
385299
385302
385305
385307
385313
385316
385320
385322
385323
385326
385337
385341
385346
385359
385377
385378
385381
385389
385401
385405
385406
385417
385423
385438
385441
385445
385448
385454
385464
385492
385494
385504
385505
385508
385514
385517
385519
385522
385540
385555
385567
385577
385580
385582
385588
385589
385598
385601
385604
385612
385625
385626
385641
385644
385653
385661
385663
385667
385669
385672
385674
385682
385684
385700
385701
385704
385705
385707
385709
385716
385724
385728
385743
385744
385749
385752
385753
385757
385770
385779
385786
385795
385796
385803
385804
385805
385837
385849
385858
385861
385863
385877
385881
385882
385894
385896
385912
385913
385918
385929
385934
385971
385972
385980
385985
386012
386018
386029
386032
386035
386036
386043
386062
386068
386074
386079
386085
386089
386092
386112
386116
386119
386127
386152
386162
386165
386185
386187
386189
386203
386204
386211
386224
386239
386250
386261
386267
386272
386279
386295
386304
386313
386326
386332
386333
386341
386361
386363
386370
386371
386374
386389
386401
386408
386414
386419
386424
386429
386443
386467
386468
386474
386483
386504
386514
386525
386527
386537
386542
386559
386564
386580
386581
386589
386592
386601
386602
386603
386619
386623
386625
386638
386645
386661
386669
386677
386684
386693
386694
386707
386715
386716
386718
386722
386724
386739
386752
386762
386764
386768
386777
386783
386784
386796
386803
386821
386834
386838
386847
386850
386853
386854
386856
386864
386872
386875
386876
386880
386888
386890
386896
386908
386927
386929
386934
386937
386945
386967
386968
386973
386979
386984
386996
387009
387042
387045
387048
387058
387068
387074
387075
387079
387082
387087
387102
387109
387121
387124
387136
387150
387153
387161
387169
387173
387176
387181
387206
387208
387210
387215
387216
387225
387226
387243
387250
387255
387256
387264
387270
387281
387286
387299
387301
387318
387328
387333
387335
387338
387349
387352
387356
387358
387360
387362
387365
387368
387369
387375
387379
387392
387401
387408
387410
387421
387429
387431
387434
387441
387442
387463
387478
387480
387482
387492
387504
387514
387515
387517
387518
387529
387539
387543
387545
387558
387561
387567
387569
387595
387597
387598
387599
387601
387603
387605
387606
387616
387645
387655
387666
387676
387678
387685
387696
387704
387706
387712
387724
387725
387731
387736
387750
387759
387761
387764
387769
387773
387776
387792
387796
387809
387812
387849
387850
387857
387883
387887
387895
387900
387901
387913
387919
387924
387928
387932
387948
387950
387960
387976
387977
387992
388014
388019
388020
388026
388030
388031
388034
388037
388053
388057
388064
388066
388070
388074
388075
388080
388085
388100
388106
388117
388123
388135
388148
388149
388153
388161
388177
388179
388188
388214
388217
388225
388227
388237
388248
388255
388279
388281
388294
388297
388299
388303
388311
388316
388318
388325
388341
388344
388347
388348
388350
388376
388381
388382
388394
388395
388398
388403
388410
388412
388417
388421
388422
388439
388449
388453
388464
388466
388468
388486
388498
388504
388508
388510
388512
388527
388531
388533
388534
388539
388564
388568
388577
388587
388599
388601
388611
388615
388619
388641
388654
388658
388662
388677
388696
388702
388707
388712
388714
388740
388753
388772
388779
388795
388805
388818
388820
388823
388824
388829
388830
388847
388852
388858
388865
388871
388880
388882
388893
388894
388900
388902
388922
388923
388926
388928
388933
388935
388940
388945
388947
388955
388961
388965
388974
388980
388983
388988
388989
388991
388992
388997
389002
389006
389011
389016
389020
389021
389031
389036
389037
389048
389054
389061
389065
389074
389081
389088
389107
389108
389112
389116
389123
389133
389134
389137
389138
389145
389150
389157
389159
389168
389174
389180
389182
389184
389188
389200
389205
389206
389207
389226
389228
389232
389244
389249
389256
389258
389262
389273
389280
389292
389295
389312
389335
389336
389345
389350
389351
389352
389378
389382
389384
389389
389391
389392
389401
389410
389418
389419
389425
389429
389445
389453
389458
389463
389464
389472
389480
389490
389491
389498
389503
389516
389535
389549
389554
389577
389589
389595
389615
389617
389624
389630
389634
389638
389644
389649
389654
389655
389660
389667
389682
389692
389698
389704
389715
389729
389738
389743
389753
389755
389760
389768
389770
389771
389772
389775
389777
389810
389815
389824
389843
389844
389855
389856
389869
389921
389932
389935
389965
389974
389977
389984
389996
389998
390000
390001
390002
390048
390052
390056
390061
390068
390073
390093
390094
390099
390110
390120
390125
390129
390130
390137
390147
390157
390160
390161
390168
390177
390179
390182
390184
390190
390213
390238
390241
390243
390262
390267
390269
390278
390283
390286
390287
390288
390291
390292
390298
390310
390315
390326
390328
390334
390345
390348
390350
390366
390368
390374
390378
390395
390401
390414
390423
390435
390447
390475
390482
390494
390496
390499
390513
390515
390518
390524
390539
390546
390552
390565
390567
390569
390571
390575
390581
390585
390594
390597
390608
390644
390646
390658
390663
390671
390675
390684
390689
390692
390704
390706
390710
390718
390723
390731
390742
390749
390756
390760
390769
390773
390792
390797
390806
390814
390817
390829
390840
390841
390855
390856
390879
390883
390893
390914
390933
390934
390935
390941
390956
390963
390966
390969
390999
391000
391031
391046
391053
391065
391067
391084
391090
391101
391106
391117
391132
391141
391161
391162
391170
391175
391179
391187
391199
391203
391213
391219
391222
391225
391235
391237
391251
391252
391254
391255
391258
391259
391269
391272
391284
391285
391297
391300
391304
391320
391325
391330
391332
391333
391343
391351
391361
391365
391367
391374
391392
391394
391397
391400
391401
391410
391415
391419
391435
391436
391439
391456
391463
391474
391480
391486
391488
391499
391509
391512
391518
391531
391538
391539
391543
391548
391560
391561
391568
391584
391595
391596
391603
391620
391627
391638
391642
391651
391656
391657
391662
391678
391686
391688
391689
391696
391703
391721
391725
391728
391733
391735
391739
391745
391747
391748
391754
391765
391774
391786
391794
391801
391807
391810
391821
391823
391828
391829
391834
391837
391839
391862
391876
391887
391889
391891
391892
391895
391910
391915
391933
391940
391956
391966
391971
391976
391978
391999
392010
392020
392022
392027
392028
392030
392033
392035
392048
392055
392060
392067
392068
392083
392087
392098
392108
392111
392136
392142
392144
392145
392148
392152
392153
392154
392166
392167
392170
392174
392177
392180
392183
392192
392197
392198
392201
392209
392212
392222
392224
392229
392251
392269
392270
392282
392302
392315
392319
392320
392326
392329
392352
392358
392363
392364
392365
392382
392387
392391
392392
392422
392426
392443
392445
392448
392457
392472
392474
392476
392480
392493
392506
392511
392520
392523
392526
392564
392571
392575
392584
392601
392606
392607
392611
392612
392615
392632
392637
392640
392641
392642
392657
392659
392664
392665
392666
392684
392687
392703
392711
392715
392717
392725
392726
392727
392750
392758
392764
392776
392780
392781
392793
392796
392809
392825
392827
392829
392839
392843
392851
392869
392871
392878
392881
392887
392892
392905
392915
392924
392943
392944
392947
392949
392957
392959
392961
392967
392971
392974
392981
392985
392990
392991
392998
393004
393027
393029
393031
393036
393037
393054
393064
393068
393075
393086
393087
393089
393091
393095
393097
393108
393110
393121
393125
393140
393180
393193
393195
393207
393223
393224
393227
393230
393241
393243
393251
393254
393266
393267
393268
393271
393277
393284
393288
393290
393291
393303
393306
393317
393333
393372
393375
393384
393411
393412
393418
393419
393428
393438
393442
393464
393478
393480
393486
393489
393493
393497
393503
393511
393513
393534
393542
393544
393553
393575
393576
393577
393578
393592
393593
393608
393617
393629
393630
393634
393641
393647
393649
393656
393659
393664
393674
393675
393680
393685
393692
393699
393707
393709
393710
393714
393719
393720
393724
393735
393738
393743
393777
393795
393809
393814
393826
393837
393845
393852
393867
393874
393896
393900
393905
393909
393915
393924
393942
393943
393950
393954
393971
393978
393982
393984
393985
393997
394002
394019
394021
394033
394036
394050
394058
394065
394071
394079
394104
394113
394115
394131
394133
394139
394149
394151
394172
394175
394180
394185
394186
394190
394197
394209
394210
394211
394214
394234
394240
394242
394244
394245
394246
394248
394251
394266
394269
394271
394283
394286
394303
394320
394322
394325
394349
394352
394359
394393
394404
394412
394415
394418
394436
394444
394447
394449
394460
394468
394474
394478
394480
394486
394501
394514
394517
394518
394527
394529
394532
394533
394535
394539
394546
394547
394550
394554
394560
394565
394572
394580
394583
394590
394595
394596
394598
394600
394608
394620
394623
394627
394635
394640
394653
394658
394682
394691
394697
394698
394713
394724
394729
394747
394748
394764
394766
394776
394783
394784
394790
394793
394794
394806
394840
394874
394879
394880
394889
394891
394892
394896
394904
394905
394909
394921
394929
394941
394942
394964
394975
394992
395005
395006
395007
395013
395022
395039
395040
395046
395080
395092
395096
395101
395113
395142
395144
395164
395171
395178
395182
395192
395198
395203
395204
395214
395216
395225
395230
395241
395242
395248
395259
395271
395283
395284
395289
395290
395291
395292
395304
395311
395314
395318
395324
395326
395339
395340
395341
395344
395346
395347
395363
395364
395365
395379
395382
395396
395402
395405
395406
395409
395425
395426
395445
395462
395463
395473
395480
395491
395498
395500
395504
395512
395514
395520
395527
395551
395552
395555
395560
395567
395576
395591
395598
395606
395614
395621
395634
395665
395673
395684
395716
395717
395718
395723
395740
395742
395745
395749
395752
395758
395761
395766
395768
395775
395780
395800
395817
395822
395828
395830
395831
395840
395843
395850
395851
395853
395863
395865
395888
395890
395893
395899
395904
395907
395920
395926
395928
395933
395957
395958
395964
395965
395966
395974
395978
395995
395997
396004
396006
396021
396030
396039
396068
396080
396082
396084
396097
396105
396106
396110
396115
396136
396137
396143
396150
396157
396159
396167
396172
396179
396186
396188
396209
396212
396213
396221
396223
396228
396247
396257
396266
396269
396275
396284
396287
396296
396302
396303
396321
396324
396330
396350
396351
396354
396362
396369
396372
396380
396385
396387
396404
396412
396415
396418
396420
396455
396460
396461
396467
396481
396490
396495
396496
396499
396519
396534
396536
396541
396542
396548
396556
396574
396581
396596
396608
396611
396617
396622
396623
396636
396638
396642
396661
396670
396673
396676
396677
396681
396684
396687
396688
396691
396693
396696
396703
396725
396727
396736
396741
396743
396754
396762
396765
396768
396775
396780
396791
396792
396793
396812
396820
396821
396825
396835
396838
396845
396851
396852
396853
396858
396861
396862
396868
396871
396882
396890
396905
396907
396909
396927
396934
396941
396942
396958
396966
396972
396975
396976
396984
396997
397005
397008
397025
397036
397041
397042
397058
397063
397064
397094
397101
397104
397105
397117
397129
397132
397135
397148
397151
397161
397163
397167
397173
397184
397186
397190
397205
397207
397210
397211
397213
397216
397217
397219
397225
397233
397241
397253
397268
397274
397286
397292
397318
397325
397349
397352
397355
397362
397373
397375
397377
397378
397383
397390
397414
397423
397427
397431
397433
397445
397454
397455
397459
397461
397462
397467
397475
397482
397500
397511
397513
397514
397522
397525
397526
397527
397534
397569
397575
397582
397587
397593
397599
397605
397613
397617
397619
397628
397636
397640
397645
397648
397658
397664
397665
397668
397678
397685
397687
397701
397705
397716
397717
397719
397729
397734
397736
397759
397769
397772
397777
397782
397786
397787
397792
397809
397813
397815
397819
397824
397857
397859
397860
397877
397890
397893
397897
397899
397903
397908
397920
397929
397938
397941
397942
397959
397973
397974
397976
397980
397987
397994
397997
397999
398007
398017
398025
398031
398036
398037
398045
398051
398063
398066
398070
398071
398073
398076
398083
398087
398093
398097
398098
398099
398105
398119
398124
398126
398130
398133
398138
398140
398142
398148
398153
398157
398158
398164
398174
398175
398183
398188
398200
398202
398209
398214
398220
398222
398229
398246
398260
398271
398279
398285
398287
398289
398301
398304
398305
398309
398331
398367
398382
398397
398406
398419
398423
398426
398428
398433
398435
398442
398448
398450
398463
398473
398488
398493
398494
398505
398514
398519
398525
398527
398534
398535
398537
398544
398554
398568
398569
398571
398575
398579
398596
398606
398609
398615
398623
398637
398696
398697
398704
398722
398726
398727
398729
398733
398744
398746
398752
398753
398767
398770
398772
398781
398798
398799
398803
398817
398818
398821
398834
398858
398863
398866
398872
398878
398882
398901
398924
398925
398934
398936
398938
398941
398949
398957
398962
398992
399006
399010
399012
399028
399031
399049
399054
399058
399064
399078
399095
399097
399101
399122
399129
399138
399147
399148
399152
399154
399164
399165
399178
399181
399185
399195
399200
399203
399208
399214
399227
399232
399235
399236
399241
399249
399250
399252
399258
399274
399275
399276
399282
399284
399288
399294
399297
399317
399325
399330
399332
399349
399354
399369
399376
399377
399378
399384
399392
399399
399407
399408
399415
399416
399432
399441
399442
399452
399456
399465
399476
399480
399481
399488
399489
399490
399499
399500
399510
399512
399528
399534
399540
399543
399545
399547
399548
399556
399570
399573
399582
399585
399595
399600
399605
399618
399626
399628
399630
399636
399650
399661
399664
399666
399675
399686
399687
399702
399703
399710
399741
399744
399747
399750
399759
399774
399780
399781
399790
399791
399809
399818
399822
399830
399832
399839
399841
399851
399862
399864
399865
399868
399873
399875
399876
399878
399879
399880
399881
399885
399899
399905
399910
399922
399932
399937
399939
399942
399946
399956
399968
399970
399971
399973
399983
399988
399991
399998
400000
400010
400028
400033
400039
400045
400048
400052
400060
400062
400064
400075
400080
400091
400093
400094
400104
400107
400117
400118
400123
400139
400162
400168
400175
400178
400189
400190
400200
400202
400238
400241
400245
400247
400253
400264
400265
400275
400290
400298
400303
400305
400317
400332
400333
400343
400361
400371
400377
400379
400380
400395
400398
400401
400405
400409
400417
400422
400430
400431
400436
400440
400449
400453
400456
400475
400477
400504
400507
400516
400525
400528
400534
400535
400536
400538
400544
400554
400558
400560
400567
400569
400571
400576
400581
400592
400596
400599
400602
400603
400613
400619
400621
400622
400625
400644
400655
400658
400668
400686
400702
400706
400709
400710
400719
400722
400726
400728
400729
400734
400737
400740
400742
400748
400763
400809
400818
400822
400828
400829
400832
400838
400848
400850
400851
400853
400858
400861
400862
400869
400880
400881
400886
400887
400907
400913
400915
400916
400919
400925
400940
400950
400966
400968
400976
400981
400983
400985
400993
400999
401001
401004
401007
401010
401018
401024
401027
401028
401032
401041
401054
401061
401067
401068
401071
401085
401088
401092
401094
401109
401123
401132
401136
401138
401140
401147
401163
401167
401169
401171
401182
401194
401196
401197
401201
401225
401229
401235
401240
401249
401251
401260
401266
401269
401286
401291
401299
401301
401307
401310
401312
401313
401320
401330
401337
401369
401370
401390
401392
401398
401400
401402
401403
401411
401416
401428
401429
401433
401435
401436
401439
401450
401455
401458
401477
401482
401484
401499
401509
401512
401515
401534
401539
401541
401550
401552
401553
401556
401557
401558
401580
401583
401589
401591
401594
401603
401608
401610
401613
401617
401625
401642
401650
401652
401681
401685
401688
401703
401707
401711
401720
401735
401743
401759
401766
401768
401776
401778
401780
401790
401797
401804
401808
401812
401816
401821
401826
401828
401829
401833
401836
401842
401846
401847
401850
401854
401857
401884
401885
401892
401897
401901
401917
401921
401926
401948
401951
401957
401962
401969
401971
401977
401980
401981
401982
402000
402040
402041
402042
402051
402073
402077
402081
402083
402087
402095
402109
402113
402115
402120
402123
402142
402143
402163
402167
402172
402177
402183
402184
402206
402212
402213
402219
402224
402228
402233
402248
402249
402250
402255
402264
402281
402283
402287
402297
402298
402321
402326
402328
402331
402332
402333
402335
402368
402381
402384
402387
402392
402396
402405
402406
402407
402408
402410
402412
402420
402425
402447
402448
402451
402454
402470
402499
402505
402514
402527
402531
402541
402542
402562
402563
402569
402575
402583
402588
402609
402621
402623
402632
402639
402644
402650
402655
402658
402662
402671
402674
402683
402689
402699
402705
402708
402710
402711
402723
402726
402730
402742
402759
402762
402776
402786
402788
402795
402802
402818
402823
402833
402844
402846
402847
402858
402862
402880
402885
402891
402902
402903
402916
402922
402931
402938
402941
402945
402948
402957
402960
402967
402971
402977
402980
402987
403004
403038
403040
403054
403064
403065
403074
403078
403080
403087
403107
403109
403118
403132
403133
403134
403135
403145
403150
403170
403177
403180
403184
403190
403194
403198
403222
403224
403225
403249
403253
403255
403258
403268
403270
403271
403291
403294
403295
403301
403305
403306
403307
403325
403329
403334
403349
403357
403358
403360
403374
403378
403404
403423
403424
403427
403432
403454
403459
403463
403464
403473
403474
403489
403500
403506
403515
403520
403523
403526
403531
403542
403547
403567
403571
403580
403585
403590
403592
403593
403619
403627
403639
403657
403666
403672
403675
403677
403680
403683
403687
403693
403710
403716
403718
403720
403723
403736
403737
403743
403754
403758
403773
403786
403789
403792
403793
403798
403813
403821
403826
403830
403841
403853
403854
403862
403863
403873
403885
403888
403891
403899
403910
403915
403919
403935
403937
403940
403943
403947
403948
403951
403953
403955
403966
403975
403981
403982
403986
403995
403999
404004
404005
404015
404024
404027
404033
404050
404059
404065
404071
404088
404101
404108
404114
404127
404131
404139
404140
404145
404159
404163
404194
404201
404204
404208
404209
404221
404226
404233
404235
404236
404242
404257
404263
404272
404283
404285
404292
404296
404297
404302
404322
404350
404351
404367
404373
404385
404395
404403
404408
404428
404432
404444
404450
404461
404464
404468
404471
404473
404475
404476
404495
404504
404507
404517
404526
404528
404530
404533
404545
404546
404554
404557
404563
404565
404579
404587
404592
404607
404612
404613
404620
404621
404629
404633
404642
404655
404666
404668
404684
404687
404698
404701
404710
404718
404739
404754
404758
404759
404766
404780
404792
404797
404812
404820
404823
404828
404847
404849
404852
404865
404877
404897
404899
404905
404910
404917
404933
404943
404944
404948
404964
404981
404983
404990
404992
404997
405004
405007
405013
405021
405047
405057
405060
405061
405062
405068
405078
405093
405111
405114
405121
405131
405133
405135
405136
405141
405145
405146
405166
405174
405177
405179
405181
405183
405191
405192
405194
405197
405207
405210
405216
405222
405223
405225
405246
405261
405264
405271
405278
405283
405287
405288
405312
405316
405324
405330
405348
405361
405365
405368
405401
405418
405435
405437
405444
405451
405456
405461
405469
405473
405499
405505
405515
405516
405520
405526
405529
405530
405531
405534
405548
405561
405562
405569
405574
405579
405580
405582
405604
405605
405606
405612
405613
405614
405620
405622
405628
405630
405632
405635
405648
405657
405663
405674
405675
405677
405695
405721
405729
405736
405740
405747
405756
405762
405767
405777
405800
405823
405827
405838
405840
405842
405843
405848
405849
405862
405864
405873
405894
405897
405906
405920
405931
405934
405959
405962
405964
405973
405980
405982
405991
405995
405998
406004
406011
406013
406024
406026
406030
406034
406040
406047
406053
406055
406061
406062
406070
406073
406074
406075
406093
406103
406105
406116
406121
406139
406142
406145
406147
406152
406168
406171
406177
406182
406187
406188
406205
406211
406215
406224
406230
406233
406244
406245
406250
406253
406263
406268
406282
406292
406294
406295
406296
406298
406303
406315
406317
406329
406340
406356
406362
406375
406376
406403
406404
406420
406424
406426
406445
406446
406451
406462
406488
406490
406500
406508
406509
406514
406518
406533
406534
406535
406550
406555
406560
406591
406608
406647
406657
406659
406662
406665
406676
406681
406699
406708
406710
406716
406723
406725
406729
406734
406739
406753
406755
406756
406760
406766
406767
406770
406771
406772
406784
406792
406807
406810
406813
406839
406841
406848
406855
406867
406873
406895
406899
406908
406909
406917
406920
406924
406932
406933
406934
406938
406948
406949
406977
406982
407017
407037
407042
407047
407050
407053
407056
407057
407061
407065
407067
407080
407092
407102
407113
407115
407118
407121
407130
407131
407135
407139
407146
407150
407159
407168
407173
407178
407192
407196
407197
407201
407202
407210
407216
407220
407221
407225
407238
407246
407253
407259
407260
407262
407274
407279
407286
407291
407301
407318
407319
407336
407346
407348
407355
407368
407373
407377
407378
407381
407386
407390
407400
407405
407413
407422
407434
407437
407441
407443
407460
407465
407470
407477
407482
407505
407521
407522
407528
407532
407548
407559
407570
407582
407585
407589
407590
407596
407602
407606
407607
407617
407625
407626
407634
407644
407651
407654
407667
407674
407683
407685
407687
407688
407689
407693
407698
407700
407705
407711
407734
407739
407743
407761
407770
407778
407779
407783
407795
407806
407808
407810
407812
407820
407822
407845
407864
407869
407891
407903
407905
407909
407911
407927
407930
407945
407948
407949
407952
407959
407963
407968
407972
407974
407975
407987
407992
408016
408039
408040
408041
408047
408049
408057
408067
408071
408078
408081
408099
408100
408103
408111
408138
408139
408143
408144
408146
408147
408163
408177
408185
408187
408190
408192
408201
408204
408206
408207
408208
408217
408219
408227
408235
408239
408243
408249
408253
408255
408266
408270
408272
408288
408289
408292
408294
408303
408307
408324
408327
408328
408331
408345
408363
408364
408373
408386
408405
408407
408424
408425
408431
408445
408449
408465
408469
408475
408480
408481
408484
408491
408515
408518
408526
408528
408532
408534
408535
408537
408564
408568
408576
408610
408621
408624
408625
408664
408674
408680
408681
408718
408722
408730
408735
408736
408746
408755
408757
408773
408779
408789
408792
408795
408799
408800
408806
408818
408824
408829
408833
408838
408840
408846
408859
408874
408903
408906
408917
408923
408925
408950
408954
408955
408957
408966
408975
408978
408981
408989
408995
409016
409023
409025
409030
409031
409050
409058
409063
409064
409066
409091
409097
409100
409102
409105
409116
409117
409119
409120
409126
409134
409135
409138
409156
409160
409165
409178
409182
409184
409194
409199
409208
409209
409216
409220
409221
409226
409227
409239
409241
409247
409251
409259
409262
409291
409303
409316
409327
409331
409345
409346
409351
409360
409364
409367
409368
409374
409375
409382
409403
409438
409439
409443
409444
409451
409455
409457
409468
409488
409491
409496
409510
409523
409546
409556
409558
409570
409572
409574
409581
409591
409603
409616
409621
409624
409627
409628
409651
409653
409658
409661
409667
409668
409669
409681
409700
409706
409707
409708
409722
409725
409728
409731
409732
409739
409740
409751
409754
409763
409767
409771
409784
409791
409796
409811
409820
409821
409824
409825
409834
409841
409856
409862
409872
409877
409897
409903
409906
409914
409921
409929
409944
409949
409963
409964
409966
409970
409982
409985
410004
410005
410019
410023
410024
410033
410052
410056
410061
410066
410068
410082
410084
410101
410102
410105
410107
410109
410114
410126
410141
410143
410144
410152
410155
410165
410168
410173
410175
410182
410190
410191
410195
410225
410239
410245
410255
410256
410261
410266
410272
410283
410302
410305
410312
410319
410323
410328
410331
410337
410339
410343
410345
410350
410366
410373
410378
410380
410398
410400
410401
410409
410436
410441
410446
410484
410494
410498
410509
410522
410533
410535
410554
410561
410571
410573
410574
410576
410580
410581
410583
410590
410597
410601
410603
410614
410627
410632
410638
410667
410680
410707
410708
410710
410715
410724
410731
410739
410750
410754
410755
410772
410774
410779
410791
410800
410805
410808
410810
410817
410836
410855
410885
410887
410898
410916
410933
410942
410946
410951
410960
410962
410963
410966
410980
410981
410995
411007
411009
411015
411027
411028
411044
411047
411061
411063
411065
411070
411083
411086
411093
411104
411108
411109
411111
411130
411142
411155
411171
411177
411184
411189
411201
411223
411226
411238
411241
411243
411253
411263
411266
411274
411277
411282
411289
411295
411303
411321
411327
411329
411341
411343
411358
411362
411379
411384
411393
411399
411405
411408
411417
411430
411438
411441
411443
411445
411450
411451
411472
411478
411480
411484
411492
411501
411505
411513
411517
411541
411554
411557
411559
411561
411564
411571
411583
411587
411596
411603
411617
411620
411629
411642
411645
411646
411653
411654
411666
411669
411674
411686
411690
411703
411705
411707
411709
411717
411726
411727
411733
411740
411745
411748
411751
411765
411768
411773
411775
411803
411824
411840
411849
411851
411862
411872
411875
411881
411883
411885
411908
411912
411913
411934
411937
411962
411975
411979
411987
412000
412001
412002
412004
412009
412034
412059
412062
412076
412083
412086
412090
412094
412101
412112
412134
412136
412141
412146
412151
412174
412184
412190
412195
412200
412204
412208
412220
412222
412238
412247
412248
412277
412281
412285
412289
412296
412301
412302
412304
412325
412338
412339
412349
412365
412371
412373
412377
412384
412390
412399
412407
412419
412437
412440
412442
412443
412445
412455
412464
412471
412483
412487
412490
412491
412508
412510
412516
412518
412519
412535
412537
412544
412545
412551
412555
412566
412567
412584
412586
412587
412602
412604
412615
412616
412621
412631
412632
412639
412657
412658
412661
412664
412676
412680
412681
412687
412690
412691
412697
412720
412734
412752
412755
412756
412757
412760
412761
412762
412764
412767
412780
412781
412788
412793
412798
412806
412807
412813
412815
412824
412830
412848
412853
412876
412878
412879
412881
412899
412901
412908
412910
412916
412917
412929
412931
412947
412966
412972
412975
412986
413012
413026
413037
413043
413044
413046
413056
413058
413073
413078
413079
413092
413096
413115
413122
413124
413126
413128
413141
413146
413154
413160
413164
413172
413182
413202
413206
413217
413225
413245
413248
413277
413289
413291
413295
413320
413321
413324
413334
413339
413349
413354
413358
413360
413367
413374
413377
413382
413391
413400
413414
413419
413421
413432
413435
413446
413459
413472
413489
413510
413522
413528
413533
413538
413539
413541
413556
413560
413562
413572
413585
413598
413615
413623
413625
413626
413628
413634
413635
413666
413668
413676
413684
413685
413699
413702
413704
413707
413713
413716
413719
413723
413734
413746
413749
413754
413791
413792
413799
413804
413805
413810
413811
413822
413839
413841
413847
413852
413868
413874
413892
413895
413896
413900
413903
413918
413923
413927
413929
413941
413947
413948
413950
413951
413955
413956
413959
413970
413971
413975
413984
413989
413996
413999
414001
414002
414010
414045
414046
414047
414068
414071
414088
414102
414106
414113
414115
414130
414137
414148
414156
414161
414162
414189
414196
414201
414202
414204
414212
414216
414228
414236
414249
414258
414260
414276
414279
414284
414285
414289
414296
414314
414320
414338
414343
414350
414373
414379
414381
414389
414397
414401
414410
414421
414422
414435
414463
414471
414479
414487
414492
414499
414501
414516
414522
414529
414548
414552
414571
414576
414578
414588
414592
414609
414610
414624
414639
414647
414651
414659
414661
414670
414683
414684
414698
414701
414706
414709
414715
414733
414736
414738
414744
414747
414764
414772
414777
414802
414821
414822
414828
414838
414848
414849
414851
414852
414857
414868
414873
414877
414881
414882
414885
414887
414888
414904
414916
414917
414918
414923
414927
414934
414947
414954
414961
414975
414980
414989
414999
415001
415016
415020
415027
415028
415048
415067
415073
415076
415077
415089
415093
415109
415131
415135
415146
415150
415153
415162
415163
415174
415179
415183
415185
415196
415201
415206
415209
415218
415232
415235
415243
415275
415277
415280
415283
415288
415305
415314
415325
415334
415349
415354
415370
415378
415388
415393
415396
415408
415413
415420
415427
415429
415432
415435
415446
415458
415461
415464
415475
415492
415493
415497
415500
415516
415523
415528
415529
415530
415533
415538
415545
415548
415551
415554
415569
415571
415589
415594
415602
415604
415611
415613
415634
415641
415646
415647
415648
415663
415669
415672
415684
415694
415710
415723
415724
415728
415746
415750
415755
415770
415776
415789
415790
415794
415798
415822
415828
415840
415841
415856
415872
415880
415885
415889
415903
415904
415909
415912
415918
415925
415933
415935
415943
415944
415946
415949
415958
415976
415991
416006
416013
416018
416047
416048
416059
416072
416076
416078
416088
416095
416098
416101
416102
416103
416105
416111
416115
416117
416119
416149
416157
416159
416165
416167
416169
416172
416181
416184
416186
416188
416190
416202
416215
416220
416247
416248
416258
416266
416267
416271
416281
416284
416297
416303
416304
416308
416309
416311
416315
416320
416335
416337
416338
416345
416355
416356
416357
416371
416372
416384
416385
416386
416434
416440
416450
416467
416473
416477
416478
416482
416489
416510
416516
416521
416523
416524
416528
416535
416543
416544
416545
416549
416570
416575
416576
416585
416586
416589
416596
416598
416603
416604
416605
416610
416612
416619
416622
416625
416643
416644
416648
416651
416653
416655
416656
416660
416668
416690
416697
416700
416705
416723
416729
416730
416733
416746
416750
416760
416767
416786
416795
416810
416816
416818
416840
416843
416851
416860
416862
416864
416875
416878
416901
416907
416911
416912
416930
416933
416943
416950
416973
416978
416979
416981
416997
417016
417023
417031
417036
417037
417044
417063
417070
417074
417090
417105
417111
417115
417129
417134
417143
417151
417153
417160
417164
417171
417194
417195
417203
417204
417210
417216
417217
417218
417219
417220
417230
417242
417248
417259
417261
417264
417265
417273
417276
417281
417284
417293
417295
417298
417299
417303
417315
417330
417332
417334
417339
417347
417350
417355
417365
417369
417373
417374
417376
417400
417402
417413
417416
417430
417446
417455
417469
417475
417476
417478
417481
417485
417487
417520
417542
417547
417549
417556
417570
417571
417573
417583
417590
417595
417597
417602
417607
417616
417619
417627
417631
417650
417653
417668
417672
417674
417693
417696
417700
417715
417720
417727
417729
417738
417741
417742
417744
417753
417761
417763
417766
417793
417797
417802
417818
417822
417830
417832
417834
417835
417846
417848
417849
417854
417857
417867
417870
417885
417961
417965
417980
417983
417987
418009
418028
418030
418034
418035
418042
418047
418049
418054
418056
418057
418065
418070
418074
418085
418087
418091
418092
418099
418106
418107
418109
418110
418113
418114
418115
418134
418135
418141
418143
418152
418155
418168
418172
418173
418178
418180
418185
418196
418198
418214
418219
418221
418229
418251
418257
418260
418270
418275
418288
418292
418300
418315
418318
418325
418329
418346
418354
418373
418384
418385
418394
418397
418408
418409
418418
418429
418435
418445
418471
418473
418489
418492
418500
418505
418512
418517
418523
418535
418536
418548
418557
418563
418569
418575
418600
418604
418609
418620
418623
418624
418625
418634
418653
418675
418680
418684
418692
418697
418701
418711
418717
418723
418736
418737
418761
418770
418772
418791
418805
418810
418811
418812
418816
418818
418824
418825
418826
418844
418854
418868
418882
418885
418893
418894
418907
418912
418927
418929
418935
418944
418949
418964
418968
418984
418988
419001
419013
419015
419017
419019
419026
419029
419037
419050
419052
419056
419069
419076
419085
419089
419110
419117
419119
419120
419135
419143
419144
419145
419150
419158
419159
419171
419173
419186
419190
419193
419194
419210
419212
419216
419223
419232
419235
419245
419249
419262
419265
419271
419276
419281
419284
419294
419296
419297
419309
419310
419324
419332
419333
419334
419344
419349
419353
419363
419364
419369
419372
419375
419378
419384
419386
419387
419391
419401
419410
419444
419445
419453
419466
419467
419468
419477
419483
419489
419501
419503
419534
419544
419550
419556
419559
419571
419575
419586
419599
419609
419610
419627
419631
419632
419644
419650
419656
419664
419666
419677
419678
419680
419681
419682
419689
419693
419697
419700
419712
419714
419718
419724
419748
419750
419752
419755
419757
419759
419764
419767
419769
419772
419774
419777
419785
419789
419790
419798
419800
419816
419819
419828
419834
419856
419860
419863
419867
419872
419884
419904
419908
419942
419978
419980
419989
419994
419996
420002
420005
420007
420013
420019
420025
420028
420045
420049
420051
420052
420054
420065
420081
420090
420110
420113
420120
420124
420135
420146
420151
420156
420161
420167
420181
420221
420225
420229
420231
420234
420236
420244
420276
420287
420291
420298
420300
420304
420308
420316
420339
420347
420349
420354
420357
420363
420372
420375
420377
420380
420396
420397
420398
420400
420402
420403
420404
420406
420411
420412
420414
420422
420425
420427
420442
420465
420475
420485
420487
420488
420490
420496
420500
420501
420515
420522
420523
420524
420525
420529
420532
420546
420548
420552
420573
420575
420579
420582
420589
420593
420594
420596
420610
420612
420615
420617
420620
420626
420629
420634
420649
420650
420658
420666
420669
420681
420688
420692
420697
420710
420711
420713
420747
420769
420775
420819
420823
420825
420826
420827
420859
420861
420864
420878
420882
420883
420889
420892
420900
420912
420914
420922
420926
420937
420938
420939
420960
420963
420964
420971
420976
421005
421010
421024
421029
421042
421059
421064
421077
421086
421102
421105
421108
421116
421128
421131
421134
421136
421139
421145
421146
421150
421157
421184
421187
421188
421193
421202
421205
421209
421218
421228
421229
421231
421241
421243
421250
421253
421254
421287
421298
421305
421309
421314
421315
421320
421325
421338
421341
421346
421360
421361
421367
421370
421380
421383
421384
421387
421393
421400
421406
421421
421431
421432
421433
421452
421469
421471
421478
421488
421491
421495
421514
421520
421529
421534
421535
421536
421539
421542
421556
421557
421558
421560
421562
421564
421566
421569
421588
421597
421599
421602
421611
421618
421619
421623
421630
421639
421643
421648
421658
421684
421689
421714
421733
421735
421759
421771
421773
421775
421777
421791
421794
421804
421810
421813
421825
421833
421840
421853
421865
421873
421875
421876
421884
421887
421889
421893
421897
421902
421908
421915
421944
421955
421978
422008
422017
422020
422025
422040
422044
422050
422061
422063
422064
422067
422100
422105
422115
422117
422127
422130
422155
422157
422161
422170
422172
422183
422193
422200
422206
422211
422212
422215
422221
422240
422255
422261
422274
422279
422280
422283
422289
422294
422295
422307
422311
422314
422319
422326
422328
422333
422336
422341
422350
422354
422367
422375
422383
422389
422391
422405
422424
422427
422432
422434
422452
422464
422469
422479
422480
422515
422516
422517
422520
422522
422534
422536
422542
422545
422558
422560
422563
422583
422585
422586
422591
422593
422603
422611
422622
422636
422640
422653
422654
422657
422661
422669
422676
422677
422686
422689
422696
422700
422725
422737
422744
422755
422758
422769
422774
422778
422779
422782
422785
422804
422809
422816
422823
422833
422850
422851
422855
422865
422866
422869
422876
422877
422878
422893
422894
422897
422899
422918
422921
422956
422959
422967
422969
422982
422992
422995
423001
423005
423008
423016
423019
423023
423025
423037
423039
423046
423050
423052
423081
423083
423091
423093
423096
423107
423113
423116
423125
423128
423141
423161
423162
423165
423173
423184
423189
423193
423201
423202
423204
423209
423214
423222
423223
423234
423243
423247
423250
423266
423267
423275
423290
423310
423313
423330
423332
423341
423343
423349
423354
423355
423356
423358
423363
423383
423389
423395
423412
423414
423424
423445
423454
423455
423464
423479
423481
423484
423488
423498
423502
423529
423534
423537
423540
423562
423576
423585
423586
423588
423602
423606
423613
423619
423620
423624
423630
423632
423643
423647
423668
423678
423693
423694
423711
423715
423720
423734
423739
423740
423742
423744
423761
423767
423768
423769
423773
423776
423777
423778
423782
423796
423804
423806
423818
423826
423829
423832
423834
423836
423837
423850
423855
423858
423860
423872
423875
423881
423890
423892
423894
423919
423932
423938
423951
423962
423966
423977
423988
424002
424044
424059
424068
424088
424091
424102
424105
424108
424110
424111
424124
424132
424137
424139
424146
424147
424155
424157
424161
424165
424172
424192
424193
424196
424225
424227
424229
424237
424246
424247
424254
424268
424270
424271
424278
424284
424301
424303
424304
424307
424308
424327
424332
424333
424340
424351
424368
424374
424378
424381
424385
424388
424404
424407
424408
424412
424422
424429
424432
424434
424435
424439
424443
424445
424458
424459
424464
424470
424472
424481
424482
424483
424485
424489
424502
424503
424518
424529
424532
424533
424536
424539
424542
424544
424548
424553
424560
424580
424585
424588
424596
424601
424607
424632
424637
424641
424665
424669
424683
424692
424705
424709
424712
424722
424728
424739
424771
424793
424797
424812
424816
424819
424820
424821
424823
424837
424842
424844
424849
424858
424866
424867
424871
424879
424907
424912
424915
424927
424933
424940
424960
424979
424982
424987
424989
424991
424998
425000
425027
425036
425038
425044
425062
425066
425069
425074
425078
425093
425100
425114
425117
425120
425123
425127
425131
425136
425137
425141
425148
425150
425158
425160
425161
425175
425177
425184
425200
425207
425208
425216
425218
425242
425266
425269
425280
425289
425296
425308
425313
425320
425324
425325
425341
425342
425359
425369
425388
425404
425412
425415
425418
425430
425441
425447
425462
425472
425475
425480
425481
425484
425497
425522
425540
425542
425548
425555
425576
425578
425590
425591
425620
425622
425628
425634
425644
425647
425652
425653
425669
425676
425685
425691
425701
425709
425712
425721
425724
425727
425742
425743
425746
425752
425758
425773
425774
425788
425790
425798
425805
425807
425817
425822
425836
425837
425839
425847
425859
425862
425864
425866
425870
425874
425881
425898
425912
425917
425944
425948
425964
425989
426011
426016
426026
426031
426035
426038
426052
426064
426070
426076
426079
426083
426085
426086
426088
426101
426118
426128
426133
426143
426146
426149
426152
426161
426165
426170
426172
426175
426182
426191
426201
426202
426205
426209
426229
426232
426238
426246
426252
426254
426259
426261
426269
426274
426275
426300
426303
426318
426342
426343
426348
426350
426355
426370
426377
426383
426390
426400
426403
426408
426414
426421
426422
426428
426429
426443
426444
426445
426451
426453
426469
426478
426500
426510
426513
426519
426520
426523
426528
426532
426542
426548
426551
426556
426558
426565
426568
426578
426585
426591
426598
426618
426631
426635
426640
426642
426656
426663
426664
426674
426675
426680
426686
426690
426700
426705
426712
426728
426733
426754
426758
426762
426773
426776
426791
426803
426807
426815
426826
426829
426831
426835
426839
426841
426845
426849
426850
426853
426855
426857
426863
426869
426874
426877
426878
426880
426888
426897
426903
426906
426908
426911
426917
426930
426939
426975
426979
426980
426983
426988
426994
426996
426997
427005
427014
427016
427035
427040
427046
427051
427060
427069
427070
427091
427100
427103
427111
427113
427117
427118
427123
427133
427135
427142
427154
427163
427166
427169
427178
427180
427181
427221
427223
427232
427238
427245
427251
427252
427269
427283
427291
427301
427306
427310
427335
427341
427343
427344
427350
427360
427362
427366
427377
427382
427384
427395
427396
427399
427401
427434
427435
427449
427461
427462
427464
427467
427476
427486
427491
427493
427494
427518
427519
427523
427538
427544
427545
427547
427548
427555
427561
427573
427598
427612
427615
427618
427628
427639
427654
427657
427662
427666
427688
427692
427714
427726
427732
427733
427745
427750
427756
427762
427771
427779
427783
427789
427796
427803
427816
427820
427823
427832
427835
427852
427853
427864
427870
427895
427901
427910
427915
427920
427921
427941
427946
427958
427965
427980
427981
427986
427990
428000
428004
428006
428011
428015
428018
428019
428029
428033
428035
428039
428041
428046
428050
428064
428065
428093
428116
428117
428126
428140
428142
428149
428152
428161
428164
428178
428214
428229
428231
428241
428248
428254
428263
428271
428288
428291
428301
428305
428309
428320
428321
428326
428336
428340
428366
428381
428385
428391
428403
428412
428420
428440
428445
428446
428447
428457
428477
428485
428486
428503
428508
428518
428534
428537
428550
428554
428565
428576
428580
428587
428595
428602
428605
428619
428629
428658
428663
428665
428683
428691
428698
428718
428726
428736
428740
428746
428754
428769
428778
428780
428785
428788
428810
428816
428830
428834
428843
428847
428851
428856
428872
428881
428885
428895
428896
428912
428925
428973
428985
428986
429000
429010
429015
429025
429033
429038
429039
429040
429042
429044
429048
429059
429063
429065
429084
429096
429108
429111
429113
429116
429119
429122
429131
429142
429144
429158
429159
429160
429170
429174
429182
429207
429225
429226
429233
429236
429241
429242
429246
429251
429256
429261
429266
429289
429290
429312
429319
429321
429335
429353
429357
429366
429371
429384
429415
429416
429433
429437
429446
429448
429455
429456
429485
429491
429497
429505
429514
429517
429521
429526
429536
429559
429573
429580
429582
429587
429593
429594
429606
429613
429614
429633
429635
429638
429643
429644
429658
429672
429688
429705
429706
429710
429712
429715
429717
429726
429735
429741
429745
429746
429759
429769
429776
429793
429803
429806
429807
429809
429818
429829
429833
429834
429836
429844
429858
429873
429892
429895
429908
429913
429924
429935
429945
429959
429960
429974
429980
429985
430035
430036
430054
430061
430067
430076
430079
430086
430092
430101
430114
430122
430125
430142
430144
430148
430149
430155
430157
430159
430166
430167
430175
430191
430192
430193
430205
430215
430238
430244
430245
430257
430259
430261
430265
430281
430285
430302
430315
430319
430335
430341
430342
430345
430346
430351
430359
430369
430375
430380
430388
430394
430395
430397
430405
430417
430428
430455
430467
430469
430476
430480
430481
430489
430493
430501
430518
430519
430521
430522
430525
430529
430530
430532
430533
430546
430555
430563
430577
430581
430597
430598
430610
430615
430617
430621
430624
430640
430643
430652
430654
430656
430660
430670
430677
430686
430690
430691
430702
430711
430731
430739
430744
430750
430756
430763
430771
430774
430776
430788
430789
430790
430791
430798
430808
430817
430853
430867
430872
430889
430898
430928
430932
430934
430940
430950
430964
430974
430989
430994
431009
431012
431013
431014
431023
431024
431043
431047
431052
431058
431062
431067
431077
431085
431092
431113
431116
431133
431136
431139
431152
431167
431169
431173
431177
431178
431184
431185
431190
431192
431200
431201
431207
431208
431219
431228
431236
431241
431256
431257
431266
431272
431281
431306
431312
431340
431342
431357
431363
431364
431376
431378
431383
431393
431398
431400
431404
431405
431431
431432
431439
431440
431450
431456
431461
431464
431472
431480
431484
431492
431494
431495
431503
431504
431530
431531
431536
431553
431554
431555
431557
431566
431570
431574
431597
431606
431613
431615
431625
431627
431650
431660
431671
431675
431686
431691
431704
431707
431712
431715
431738
431742
431746
431756
431761
431764
431779
431785
431793
431795
431799
431812
431817
431818
431820
431824
431827
431832
431837
431854
431859
431865
431873
431885
431890
431891
431893
431897
431899
431902
431904
431915
431917
431921
431922
431933
431943
431947
431948
431950
431952
431954
431972
431973
431984
431986
431988
431991
431995
431996
431997
432008
432019
432035
432037
432038
432053
432058
432062
432106
432120
432125
432131
432138
432146
432150
432153
432161
432169
432170
432172
432174
432212
432213
432216
432233
432234
432239
432247
432255
432258
432268
432273
432276
432286
432293
432297
432300
432307
432317
432327
432328
432330
432332
432333
432334
432339
432349
432363
432378
432397
432410
432417
432419
432420
432421
432424
432429
432432
432441
432444
432453
432461
432486
432488
432494
432502
432503
432506
432508
432510
432519
432522
432526
432527
432547
432569
432588
432593
432603
432604
432607
432616
432622
432623
432624
432626
432627
432637
432648
432657
432668
432673
432683
432702
432704
432727
432742
432754
432755
432762
432770
432796
432806
432817
432818
432820
432832
432859
432865
432868
432873
432884
432890
432891
432896
432897
432906
432908
432912
432914
432917
432924
432932
432933
432947
432956
432962
432967
432981
432993
432997
432998
433007
433013
433014
433023
433029
433041
433045
433051
433059
433063
433078
433081
433093
433096
433097
433101
433122
433124
433133
433136
433145
433151
433163
433170
433182
433184
433197
433198
433200
433212
433217
433221
433224
433232
433233
433235
433262
433274
433277
433278
433279
433286
433296
433297
433305
433310
433311
433334
433336
433340
433353
433370
433373
433387
433389
433392
433397
433398
433402
433428
433435
433438
433441
433446
433451
433454
433484
433499
433504
433505
433531
433536
433547
433554
433563
433574
433605
433607
433618
433619
433637
433643
433662
433667
433676
433683
433691
433704
433714
433715
433716
433723
433766
433770
433787
433801
433804
433805
433806
433822
433825
433826
433830
433839
433845
433854
433874
433883
433892
433896
433900
433904
433907
433910
433921
433924
433928
433938
433941
433951
433963
433975
433984
433985
433987
433992
433993
433994
433998
434004
434006
434022
434028
434038
434045
434047
434053
434067
434069
434070
434072
434078
434083
434084
434092
434098
434128
434135
434139
434141
434142
434145
434156
434159
434161
434164
434177
434179
434187
434192
434193
434200
434208
434211
434214
434217
434219
434222
434239
434261
434262
434270
434275
434299
434305
434319
434326
434333
434338
434354
434357
434358
434370
434371
434372
434380
434381
434385
434409
434410
434415
434423
434457
434467
434484
434485
434486
434488
434493
434494
434496
434509
434510
434511
434513
434522
434526
434527
434539
434549
434561
434580
434581
434583
434587
434618
434622
434637
434657
434662
434673
434689
434693
434699
434700
434707
434746
434753
434765
434767
434773
434782
434786
434787
434788
434805
434806
434820
434828
434837
434850
434856
434857
434859
434866
434867
434873
434877
434886
434891
434893
434894
434897
434899
434900
434916
434923
434930
434940
434958
434962
434976
434986
434990
434991
434992
434993
435009
435010
435011
435012
435029
435034
435037
435042
435046
435059
435065
435069
435076
435091
435096
435098
435109
435124
435136
435141
435152
435161
435163
435164
435170
435179
435187
435218
435228
435257
435260
435303
435308
435309
435311
435312
435321
435322
435324
435326
435327
435328
435340
435342
435343
435347
435358
435359
435363
435377
435384
435387
435391
435402
435405
435414
435444
435445
435451
435453
435454
435456
435460
435466
435468
435471
435479
435481
435482
435492
435495
435499
435519
435523
435548
435554
435556
435562
435573
435575
435576
435579
435584
435598
435620
435632
435664
435673
435681
435682
435690
435692
435695
435707
435709
435713
435716
435718
435743
435745
435755
435764
435766
435795
435803
435807
435811
435814
435820
435823
435829
435841
435848
435855
435869
435882
435885
435889
435897
435908
435910
435929
435931
435937
435940
435951
435963
435975
435986
435990
436014
436025
436027
436031
436038
436046
436056
436070
436073
436078
436108
436117
436127
436130
436143
436145
436146
436162
436164
436168
436174
436182
436183
436185
436188
436199
436203
436218
436221
436246
436252
436264
436273
436288
436300
436302
436306
436317
436321
436323
436333
436348
436349
436350
436354
436370
436385
436387
436391
436394
436399
436406
436440
436453
436455
436456
436470
436479
436481
436492
436504
436507
436511
436515
436521
436522
436538
436539
436544
436555
436558
436559
436564
436582
436605
436607
436619
436620
436621
436626
436627
436636
436649
436653
436660
436662
436676
436685
436691
436694
436696
436698
436707
436717
436719
436722
436735
436744
436759
436774
436780
436791
436795
436799
436803
436808
436809
436814
436833
436838
436843
436844
436858
436871
436878
436901
436932
436967
436972
436974
436979
436984
436990
436992
437010
437028
437049
437073
437080
437082
437099
437102
437106
437117
437118
437120
437129
437139
437148
437156
437180
437184
437199
437210
437218
437221
437224
437226
437231
437240
437262
437269
437277
437282
437290
437292
437297
437298
437303
437304
437317
437325
437332
437336
437347
437353
437354
437356
437363
437370
437373
437374
437395
437412
437416
437423
437432
437440
437452
437459
437464
437465
437481
437485
437494
437497
437513
437515
437516
437518
437520
437522
437525
437537
437540
437541
437542
437547
437554
437562
437564
437592
437594
437605
437609
437611
437613
437618
437620
437632
437643
437651
437660
437662
437664
437676
437677
437701
437711
437720
437732
437738
437745
437753
437756
437759
437778
437783
437785
437789
437797
437801
437806
437808
437810
437816
437817
437831
437832
437857
437859
437862
437865
437872
437873
437883
437889
437892
437893
437900
437902
437904
437908
437910
437911
437923
437944
437947
437949
437955
437964
437965
437970
437981
437986
437996
438024
438026
438028
438029
438045
438046
438053
438055
438060
438061
438063
438071
438073
438077
438081
438093
438095
438099
438101
438102
438103
438111
438126
438145
438154
438157
438171
438185
438186
438196
438219
438220
438221
438232
438237
438252
438258
438267
438268
438287
438292
438294
438297
438300
438306
438329
438331
438333
438335
438341
438346
438348
438349
438364
438368
438373
438375
438377
438413
438422
438426
438432
438446
438447
438462
438477
438478
438485
438492
438495
438496
438497
438500
438504
438527
438531
438535
438537
438539
438550
438560
438575
438580
438590
438594
438600
438617
438619
438620
438623
438629
438671
438688
438691
438692
438694
438698
438701
438709
438721
438723
438728
438734
438738
438744
438762
438769
438788
438795
438807
438808
438811
438816
438833
438835
438841
438844
438848
438855
438858
438861
438864
438867
438878
438888
438894
438896
438899
438904
438915
438919
438946
438964
438965
438978
438987
438989
438993
438995
439003
439024
439057
439060
439071
439072
439084
439089
439092
439106
439117
439118
439139
439143
439173
439175
439179
439185
439186
439188
439200
439214
439215
439241
439248
439251
439262
439268
439270
439271
439273
439274
439278
439299
439306
439322
439324
439325
439336
439339
439346
439373
439384
439386
439390
439392
439400
439402
439410
439427
439439
439443
439463
439465
439479
439481
439506
439509
439516
439518
439527
439539
439546
439550
439560
439573
439576
439595
439596
439613
439614
439615
439621
439630
439633
439650
439651
439657
439658
439676
439678
439702
439710
439712
439720
439756
439758
439765
439770
439774
439779
439784
439801
439809
439817
439822
439824
439827
439837
439855
439865
439868
439871
439883
439889
439890
439896
439897
439902
439906
439907
439926
439938
439939
439946
439970
439971
439974
439982
439987
439988
439991
439992
440002
440004
440027
440032
440034
440036
440037
440045
440057
440060
440062
440066
440067
440074
440087
440092
440093
440105
440106
440110
440124
440136
440153
440154
440157
440160
440177
440182
440189
440204
440212
440226
440243
440244
440262
440273
440284
440285
440291
440298
440302
440310
440311
440313
440314
440329
440339
440340
440344
440347
440349
440352
440358
440359
440372
440377
440381
440387
440389
440390
440400
440404
440439
440444
440449
440455
440460
440480
440486
440496
440511
440514
440522
440527
440529
440532
440534
440539
440546
440554
440562
440577
440586
440592
440610
440611
440614
440623
440646
440650
440652
440663
440666
440673
440675
440689
440695
440698
440707
440709
440715
440724
440726
440735
440752
440762
440763
440769
440779
440783
440786
440793
440810
440811
440813
440819
440820
440822
440830
440836
440840
440844
440853
440871
440877
440885
440891
440893
440903
440904
440919
440928
440931
440937
440938
440940
440959
440964
440970
440984
440998
441008
441009
441012
441023
441028
441032
441045
441058
441062
441071
441072
441083
441103
441105
441108
441116
441129
441132
441156
441165
441168
441172
441180
441182
441196
441199
441203
441205
441211
441213
441216
441218
441228
441229
441240
441241
441245
441251
441253
441258
441263
441275
441287
441292
441293
441313
441325
441327
441338
441345
441361
441363
441379
441387
441411
441412
441415
441419
441425
441430
441432
441433
441453
441458
441459
441460
441461
441462
441464
441470
441471
441472
441473
441475
441480
441488
441493
441496
441500
441504
441507
441511
441518
441522
441523
441532
441539
441544
441546
441574
441576
441598
441608
441614
441619
441633
441640
441646
441650
441663
441672
441695
441701
441714
441720
441734
441736
441751
441752
441753
441772
441777
441794
441795
441814
441816
441824
441828
441840
441841
441850
441854
441856
441858
441861
441862
441873
441874
441883
441884
441900
441903
441905
441921
441929
441952
441972
441992
441995
442001
442008
442016
442019
442026
442031
442040
442043
442062
442080
442084
442089
442094
442097
442099
442103
442104
442128
442132
442136
442148
442150
442154
442165
442174
442185
442197
442199
442205
442206
442214
442218
442220
442223
442224
442225
442231
442232
442245
442249
442250
442268
442277
442286
442287
442298
442301
442305
442308
442311
442312
442321
442322
442324
442338
442343
442345
442348
442356
442364
442365
442367
442387
442400
442414
442417
442419
442430
442441
442443
442450
442451
442461
442467
442478
442487
442489
442506
442509
442518
442531
442549
442557
442565
442567
442572
442582
442587
442590
442593
442600
442609
442630
442638
442641
442645
442646
442657
442666
442667
442668
442681
442682
442685
442687
442695
442701
442723
442725
442726
442732
442735
442743
442761
442771
442785
442786
442790
442808
442809
442811
442818
442824
442840
442857
442861
442872
442874
442875
442878
442879
442886
442915
442926
442929
442942
442945
442961
442962
442977
442982
442988
442997
443005
443018
443033
443049
443053
443056
443057
443065
443074
443075
443082
443084
443086
443094
443095
443133
443136
443139
443160
443165
443167
443169
443177
443180
443188
443192
443204
443209
443218
443224
443240
443243
443248
443254
443259
443268
443272
443296
443299
443313
443319
443336
443342
443343
443347
443349
443363
443373
443377
443393
443397
443405
443410
443413
443427
443429
443453
443455
443460
443465
443479
443490
443492
443496
443497
443505
443509
443512
443519
443524
443525
443527
443541
443545
443547
443556
443562
443564
443575
443579
443589
443592
443593
443597
443599
443601
443602
443604
443607
443618
443631
443634
443635
443639
443640
443641
443650
443653
443667
443671
443673
443681
443684
443688
443689
443702
443712
443713
443718
443727
443733
443741
443749
443759
443764
443769
443772
443784
443789
443805
443820
443823
443834
443835
443860
443864
443868
443875
443880
443909
443913
443916
443926
443929
443937
443944
443952
443964
443974
443987
443999
444010
444014
444018
444024
444028
444033
444037
444060
444073
444078
444086
444126
444132
444152
444156
444160
444168
444171
444183
444199
444202
444209
444210
444214
444226
444235
444236
444262
444263
444269
444270
444272
444274
444278
444280
444285
444294
444304
444308
444312
444315
444324
444339
444343
444344
444350
444353
444362
444366
444367
444373
444382
444386
444390
444392
444397
444399
444404
444409
444415
444418
444432
444444
444445
444448
444467
444470
444483
444491
444493
444495
444498
444502
444503
444533
444546
444560
444565
444568
444571
444576
444578
444583
444619
444627
444631
444636
444644
444649
444659
444660
444664
444682
444691
444692
444703
444719
444735
444744
444746
444749
444755
444757
444764
444765
444777
444794
444799
444800
444801
444804
444805
444809
444817
444830
444871
444887
444888
444895
444899
444913
444916
444926
444927
444928
444941
444945
444949
444952
444953
444955
444956
444958
444983
444986
444997
445002
445007
445008
445009
445010
445014
445019
445030
445041
445046
445048
445055
445071
445073
445074
445075
445080
445087
445088
445091
445093
445095
445098
445099
445101
445105
445111
445113
445127
445128
445135
445143
445156
445175
445187
445192
445200
445211
445214
445216
445220
445233
445242
445244
445249
445250
445257
445263
445268
445269
445298
445306
445308
445309
445313
445323
445327
445334
445338
445346
445355
445368
445371
445388
445395
445397
445404
445405
445408
445411
445417
445425
445433
445435
445443
445454
445462
445464
445468
445477
445493
445495
445500
445503
445505
445512
445522
445556
445565
445567
445573
445574
445590
445592
445597
445603
445606
445607
445620
445621
445639
445643
445668
445670
445671
445679
445680
445682
445684
445695
445745
445754
445761
445766
445774
445777
445784
445785
445810
445825
445829
445832
445857
445879
445892
445893
445900
445908
445915
445928
445933
445944
445953
445964
445965
445990
445991
446014
446034
446053
446058
446064
446075
446088
446093
446106
446108
446126
446136
446141
446181
446199
446202
446209
446231
446232
446234
446260
446266
446269
446271
446285
446301
446303
446307
446310
446328
446331
446351
446352
446358
446359
446365
446409
446421
446436
446455
446460
446461
446462
446463
446467
446471
446473
446481
446494
446497
446500
446506
446512
446514
446517
446521
446533
446536
446539
446557
446559
446597
446628
446650
446655
446670
446677
446688
446705
446723
446726
446743
446769
446783
446799
446801
446812
446813
446815
446818
446827
446834
446835
446846
446850
446853
446861
446863
446864
446868
446872
446880
446881
446884
446898
446899
446900
446901
446902
446909
446917
446920
446937
446956
446971
446974
446983
446984
446990
447009
447016
447025
447037
447041
447062
447065
447070
447074
447075
447080
447082
447083
447084
447089
447090
447103
447109
447112
447118
447119
447124
447130
447135
447146
447150
447151
447160
447170
447179
447182
447196
447197
447208
447209
447224
447228
447235
447237
447242
447243
447253
447278
447279
447292
447297
447302
447328
447330
447336
447339
447345
447347
447349
447354
447364
447374
447375
447376
447379
447407
447424
447432
447437
447448
447457
447460
447464
447471
447479
447484
447485
447510
447511
447520
447543
447546
447553
447557
447558
447569
447573
447574
447585
447588
447596
447602
447613
447615
447623
447627
447639
447663
447678
447679
447681
447688
447689
447694
447709
447714
447724
447726
447728
447731
447733
447736
447740
447741
447762
447767
447769
447770
447773
447779
447785
447787
447795
447823
447834
447849
447854
447863
447865
447877
447883
447885
447911
447913
447934
447941
447967
447976
447978
447980
447983
447991
447993
448012
448034
448046
448061
448064
448069
448077
448078
448099
448105
448113
448117
448124
448130
448131
448137
448143
448151
448172
448174
448175
448176
448181
448211
448220
448243
448255
448259
448267
448269
448274
448275
448280
448288
448303
448309
448317
448343
448355
448359
448368
448376
448381
448397
448399
448409
448413
448423
448425
448431
448439
448463
448471
448475
448503
448507
448509
448511
448518
448521
448530
448531
448535
448547
448548
448558
448560
448574
448580
448600
448606
448607
448609
448613
448616
448623
448633
448648
448656
448657
448662
448663
448671
448689
448690
448694
448695
448700
448701
448703
448705
448732
448737
448739
448759
448761
448779
448780
448787
448795
448803
448824
448825
448826
448837
448839
448842
448843
448849
448851
448854
448863
448868
448871
448893
448897
448923
448928
448930
448944
448958
448969
448974
448976
448983
448985
448994
448998
449004
449019
449029
449031
449032
449037
449039
449056
449066
449071
449075
449078
449088
449089
449095
449098
449102
449103
449104
449106
449114
449119
449125
449136
449152
449154
449156
449158
449171
449177
449179
449191
449197
449201
449210
449220
449238
449250
449270
449274
449279
449291
449296
449302
449304
449310
449313
449347
449350
449369
449377
449379
449384
449394
449400
449402
449403
449412
449414
449422
449424
449433
449454
449455
449462
449463
449466
449469
449480
449484
449485
449488
449504
449508
449510
449517
449522
449528
449536
449537
449560
449567
449573
449594
449598
449610
449613
449622
449634
449638
449657
449669
449675
449676
449686
449691
449705
449706
449708
449710
449712
449726
449731
449743
449760
449775
449776
449778
449780
449781
449793
449798
449808
449828
449835
449839
449840
449847
449850
449852
449859
449865
449866
449870
449872
449873
449879
449888
449889
449895
449896
449902
449903
449904
449913
449914
449919
449921
449936
449939
449944
449945
449947
449958
449959
449963
449976
449981
449990
450003
450006
450026
450037
450050
450052
450055
450081
450087
450105
450107
450110
450111
450125
450129
450151
450152
450162
450168
450169
450173
450175
450182
450193
450194
450206
450215
450219
450223
450263
450270
450275
450281
450282
450308
450313
450314
450317
450324
450330
450340
450355
450357
450359
450362
450364
450378
450381
450383
450391
450396
450400
450414
450434
450455
450458
450471
450477
450478
450483
450500
450509
450524
450526
450528
450543
450555
450561
450567
450570
450577
450581
450584
450587
450592
450596
450597
450598
450599
450608
450620
450621
450631
450634
450647
450649
450655
450666
450672
450674
450684
450687
450695
450700
450704
450707
450709
450711
450716
450724
450728
450735
450737
450748
450749
450759
450761
450774
450776
450777
450781
450786
450790
450800
450832
450833
450840
450845
450860
450863
450864
450878
450885
450889
450894
450897
450902
450903
450904
450910
450918
450940
450961
450970
450974
450975
450977
450991
450993
450996
451003
451008
451012
451016
451018
451024
451032
451033
451038
451046
451053
451061
451063
451066
451074
451077
451087
451095
451099
451101
451104
451119
451120
451121
451123
451131
451142
451154
451160
451165
451166
451169
451178
451184
451202
451206
451211
451213
451214
451228
451234
451240
451248
451274
451275
451278
451279
451283
451284
451324
451331
451336
451337
451345
451346
451352
451359
451364
451375
451386
451389
451391
451400
451406
451412
451415
451431
451440
451463
451468
451471
451473
451489
451504
451511
451513
451519
451529
451532
451533
451535
451550
451554
451559
451573
451574
451580
451594
451620
451623
451643
451651
451668
451674
451679
451680
451690
451698
451703
451707
451713
451720
451727
451732
451739
451751
451767
451781
451793
451800
451818
451824
451825
451826
451832
451834
451835
451836
451840
451842
451856
451859
451863
451872
451893
451896
451902
451915
451922
451934
451944
451949
451951
451960
451969
451972
451980
451983
451987
451990
452003
452004
452005
452011
452022
452031
452050
452058
452060
452072
452078
452083
452087
452102
452113
452115
452137
452167
452170
452177
452178
452186
452201
452205
452218
452220
452221
452229
452236
452250
452269
452272
452274
452279
452297
452300
452302
452327
452331
452342
452348
452359
452380
452382
452398
452404
452414
452428
452457
452459
452461
452468
452470
452471
452488
452495
452498
452500
452502
452524
452532
452535
452545
452565
452591
452597
452611
452615
452618
452619
452621
452623
452638
452650
452663
452676
452682
452684
452685
452687
452689
452693
452696
452700
452702
452721
452724
452727
452737
452750
452759
452761
452767
452775
452776
452781
452782
452789
452806
452814
452816
452819
452836
452837
452852
452859
452866
452873
452878
452892
452899
452905
452909
452912
452917
452930
452931
452938
452944
452947
452963
452964
452966
452979
452982
452985
453002
453003
453008
453013
453016
453025
453029
453037
453065
453070
453082
453096
453106
453111
453137
453138
453140
453152
453157
453159
453162
453167
453191
453195
453216
453219
453221
453225
453231
453250
453283
453299
453310
453311
453313
453317
453332
453334
453351
453352
453354
453357
453369
453377
453389
453397
453400
453409
453417
453421
453424
453426
453427
453481
453483
453485
453490
453491
453496
453512
453519
453523
453529
453533
453538
453541
453547
453548
453549
453552
453553
453557
453561
453562
453567
453582
453586
453605
453621
453622
453625
453629
453644
453646
453676
453680
453682
453686
453689
453697
453704
453706
453711
453724
453731
453734
453738
453755
453756
453757
453765
453767
453779
453781
453785
453787
453792
453799
453800
453801
453815
453824
453853
453862
453870
453895
453899
453903
453918
453930
453932
453933
453938
453954
453959
453968
453972
453979
453989
454000
454002
454003
454039
454044
454053
454072
454086
454102
454103
454107
454112
454129
454143
454144
454148
454158
454162
454171
454172
454174
454177
454181
454199
454203
454205
454209
454217
454219
454225
454227
454234
454236
454252
454253
454255
454258
454269
454273
454282
454291
454296
454329
454359
454372
454382
454388
454399
454406
454408
454414
454422
454436
454437
454444
454449
454452
454457
454477
454478
454495
454502
454509
454514
454541
454543
454554
454562
454565
454566
454607
454610
454611
454619
454631
454636
454637
454642
454647
454659
454679
454680
454683
454690
454692
454695
454708
454712
454722
454725
454730
454731
454745
454751
454755
454762
454776
454789
454796
454810
454813
454814
454818
454821
454830
454857
454858
454863
454864
454867
454878
454886
454887
454894
454912
454916
454917
454923
454928
454940
454957
454982
455004
455005
455037
455040
455073
455079
455081
455090
455108
455112
455123
455132
455135
455156
455160
455166
455169
455198
455203
455210
455211
455227
455228
455229
455252
455261
455279
455287
455294
455300
455302
455313
455315
455322
455328
455333
455334
455339
455340
455342
455350
455355
455358
455363
455366
455369
455370
455374
455384
455393
455400
455401
455405
455406
455408
455414
455416
455419
455424
455427
455430
455435
455444
455459
455463
455464
455473
455481
455483
455486
455496
455505
455508
455515
455523
455528
455529
455530
455532
455533
455536
455543
455545
455554
455558
455565
455585
455588
455610
455614
455615
455633
455639
455649
455651
455654
455657
455658
455664
455665
455666
455667
455672
455675
455677
455717
455719
455720
455735
455741
455746
455751
455756
455758
455767
455770
455772
455776
455791
455799
455808
455809
455824
455832
455847
455853
455856
455859
455860
455874
455875
455877
455881
455893
455902
455916
455945
455946
455948
455956
455959
455975
455984
455995
455996
456003
456012
456035
456039
456041
456042
456044
456053
456064
456068
456071
456076
456077
456082
456083
456091
456109
456113
456127
456136
456142
456149
456155
456161
456178
456184
456190
456191
456197
456199
456201
456216
456217
456223
456239
456245
456248
456251
456254
456261
456262
456285
456286
456302
456309
456310
456322
456323
456341
456343
456344
456345
456356
456366
456389
456390
456392
456399
456425
456433
456443
456446
456451
456453
456462
456465
456478
456481
456485
456499
456500
456505
456519
456521
456522
456525
456528
456545
456552
456554
456558
456565
456566
456572
456574
456578
456584
456602
456606
456608
456610
456611
456629
456637
456638
456639
456640
456648
456653
456656
456658
456670
456678
456679
456695
456696
456699
456705
456708
456709
456725
456730
456736
456750
456753
456755
456761
456768
456782
456784
456788
456790
456792
456800
456807
456819
456833
456845
456863
456876
456884
456886
456895
456917
456936
456942
456949
456950
456953
456968
456969
456972
456975
456987
456988
456991
456996
457003
457011
457021
457029
457033
457035
457037
457050
457054
457067
457068
457074
457085
457086
457087
457095
457114
457119
457123
457147
457149
457161
457162
457168
457169
457178
457184
457190
457191
457204
457205
457207
457217
457225
457226
457227
457229
457230
457231
457243
457245
457249
457254
457257
457258
457268
457271
457274
457276
457286
457292
457322
457324
457334
457348
457371
457383
457387
457400
457401
457427
457436
457437
457442
457448
457449
457453
457474
457476
457478
457492
457503
457514
457530
457537
457538
457555
457566
457572
457575
457580
457581
457583
457586
457587
457599
457609
457616
457618
457631
457636
457638
457659
457660
457667
457668
457672
457678
457686
457691
457705
457708
457718
457720
457724
457725
457732
457734
457737
457739
457741
457745
457754
457766
457774
457777
457780
457781
457791
457796
457797
457800
457805
457817
457822
457827
457834
457843
457860
457861
457868
457871
457877
457882
457888
457889
457892
457893
457900
457901
457904
457906
457907
457922
457926
457943
457948
457962
457986
458016
458022
458025
458027
458048
458052
458057
458058
458069
458073
458079
458082
458085
458089
458092
458093
458103
458119
458123
458124
458132
458134
458135
458137
458139
458143
458147
458160
458166
458170
458172
458175
458198
458199
458202
458212
458230
458232
458248
458249
458275
458281
458282
458286
458299
458308
458309
458313
458321
458323
458326
458328
458336
458338
458355
458361
458365
458390
458397
458412
458413
458424
458448
458453
458463
458475
458485
458487
458502
458519
458522
458543
458549
458558
458583
458592
458594
458596
458598
458604
458606
458611
458613
458616
458617
458625
458632
458637
458646
458650
458654
458664
458668
458672
458673
458675
458677
458721
458724
458727
458738
458748
458750
458751
458752
458772
458781
458785
458802
458804
458807
458821
458827
458839
458846
458856
458857
458861
458864
458866
458870
458876
458894
458898
458903
458908
458914
458925
458931
458932
458935
458953
458955
458957
458958
458960
458969
458970
459000
459001
459003
459006
459018
459026
459032
459034
459050
459056
459058
459078
459082
459103
459110
459111
459113
459117
459118
459121
459141
459151
459152
459164
459170
459182
459184
459185
459208
459209
459210
459212
459219
459234
459255
459258
459263
459265
459301
459303
459304
459319
459320
459328
459339
459342
459346
459347
459349
459355
459363
459372
459382
459400
459428
459429
459449
459471
459514
459524
459537
459543
459557
459566
459569
459576
459585
459589
459600
459618
459641
459644
459645
459653
459659
459665
459668
459673
459680
459694
459697
459706
459712
459715
459718
459721
459723
459731
459733
459752
459763
459767
459787
459794
459799
459800
459801
459819
459821
459824
459825
459827
459835
459848
459853
459868
459884
459912
459921
459922
459923
459929
459933
459935
459943
459951
459953
459959
459967
459991
459993
459997
459999
460010
460022
460030
460031
460033
460035
460039
460042
460045
460052
460053
460055
460059
460073
460092
460095
460097
460100
460107
460113
460114
460115
460118
460126
460129
460134
460139
460143
460145
460148
460149
460164
460183
460187
460188
460199
460202
460208
460222
460226
460228
460231
460234
460235
460240
460243
460254
460266
460286
460289
460294
460307
460312
460326
460339
460342
460343
460344
460346
460361
460362
460363
460364
460370
460373
460390
460392
460407
460408
460413
460415
460417
460430
460441
460442
460446
460448
460453
460454
460458
460459
460460
460461
460470
460482
460484
460491
460495
460496
460503
460507
460514
460565
460575
460598
460623
460628
460632
460646
460652
460665
460666
460673
460675
460676
460684
460694
460702
460703
460705
460711
460712
460715
460722
460737
460739
460755
460761
460773
460780
460781
460791
460809
460810
460821
460833
460837
460857
460858
460862
460863
460866
460880
460882
460885
460896
460897
460903
460909
460910
460915
460916
460918
460937
460938
460950
460962
460980
460982
460986
460991
460996
460997
460998
461002
461004
461015
461016
461018
461019
461024
461027
461030
461042
461063
461086
461098
461099
461110
461114
461118
461123
461124
461130
461147
461156
461170
461175
461181
461183
461187
461189
461208
461211
461221
461222
461224
461226
461236
461248
461250
461254
461255
461256
461262
461265
461267
461281
461286
461295
461311
461334
461340
461361
461371
461378
461389
461404
461408
461414
461429
461430
461434
461435
461443
461447
461458
461464
461467
461475
461484
461488
461491
461494
461496
461501
461505
461506
461509
461510
461517
461519
461521
461524
461530
461535
461543
461545
461557
461558
461561
461567
461572
461588
461593
461595
461600
461609
461620
461632
461644
461647
461655
461657
461673
461681
461688
461695
461705
461715
461722
461753
461775
461786
461787
461794
461799
461802
461805
461815
461820
461826
461835
461836
461838
461839
461847
461855
461860
461868
461870
461876
461878
461880
461883
461884
461885
461898
461908
461915
461916
461917
461945
461957
461963
461968
461973
461983
461996
461998
462006
462011
462022
462023
462027
462037
462040
462046
462062
462065
462067
462071
462075
462081
462082
462110
462114
462123
462124
462129
462131
462132
462134
462135
462138
462151
462164
462173
462186
462197
462208
462211
462213
462238
462241
462283
462284
462289
462292
462298
462315
462324
462327
462342
462345
462376
462379
462381
462383
462395
462398
462401
462404
462406
462426
462445
462466
462472
462477
462486
462488
462492
462501
462504
462505
462509
462512
462516
462517
462530
462536
462549
462565
462567
462579
462584
462588
462599
462613
462632
462635
462640
462662
462676
462687
462709
462710
462712
462750
462755
462762
462784
462785
462792
462798
462803
462805
462807
462809
462813
462814
462819
462833
462837
462839
462840
462845
462847
462849
462860
462878
462879
462890
462899
462901
462908
462911
462928
462929
462931
462944
462954
462955
462957
462964
462982
462988
462993
462998
463004
463013
463021
463024
463044
463048
463055
463057
463060
463066
463070
463084
463087
463101
463108
463120
463132
463134
463144
463151
463157
463168
463175
463176
463179
463189
463201
463203
463204
463211
463217
463224
463242
463266
463272
463284
463290
463296
463299
463301
463304
463306
463308
463319
463320
463325
463327
463330
463334
463342
463347
463349
463354
463355
463360
463388
463398
463406
463414
463426
463429
463434
463451
463452
463454
463467
463469
463470
463474
463477
463482
463496
463498
463505
463507
463533
463534
463557
463564
463567
463571
463576
463583
463591
463593
463599
463601
463610
463611
463613
463615
463616
463633
463640
463649
463653
463678
463680
463684
463695
463699
463702
463703
463715
463716
463722
463732
463739
463753
463758
463771
463778
463782
463783
463785
463788
463792
463800
463823
463825
463830
463836
463837
463839
463844
463851
463859
463865
463875
463876
463883
463884
463889
463898
463901
463903
463913
463924
463932
463953
463966
463989
464006
464030
464032
464037
464079
464087
464092
464098
464105
464111
464112
464130
464134
464140
464149
464150
464151
464153
464166
464174
464178
464179
464183
464196
464200
464207
464214
464237
464257
464263
464265
464271
464274
464283
464298
464303
464305
464312
464317
464335
464340
464357
464359
464366
464372
464382
464415
464430
464440
464443
464444
464447
464461
464462
464469
464474
464490
464494
464515
464526
464537
464546
464550
464558
464585
464593
464598
464603
464605
464615
464616
464622
464630
464650
464652
464692
464694
464695
464706
464719
464725
464736
464740
464751
464752
464766
464779
464781
464789
464810
464812
464814
464831
464833
464842
464854
464856
464857
464858
464859
464871
464875
464888
464894
464895
464906
464909
464911
464917
464921
464923
464927
464935
464956
464965
464967
464980
465005
465007
465017
465018
465027
465035
465046
465047
465058
465074
465087
465090
465101
465123
465130
465137
465143
465169
465177
465181
465184
465195
465196
465198
465199
465204
465213
465223
465225
465229
465235
465243
465247
465265
465266
465269
465272
465275
465301
465321
465323
465327
465333
465351
465353
465354
465359
465360
465369
465374
465375
465395
465404
465412
465414
465416
465418
465422
465424
465453
465457
465463
465466
465468
465476
465489
465495
465507
465508
465524
465529
465537
465545
465552
465556
465566
465575
465588
465591
465595
465601
465605
465610
465613
465618
465625
465638
465643
465670
465676
465677
465683
465692
465693
465702
465715
465734
465735
465740
465744
465759
465765
465779
465795
465813
465814
465820
465824
465825
465829
465838
465844
465853
465854
465855
465862
465877
465878
465879
465887
465911
465922
465936
465940
465941
465942
465945
465963
465969
465973
465986
465996
466001
466002
466014
466020
466035
466037
466052
466054
466058
466083
466090
466093
466097
466134
466136
466137
466145
466169
466179
466196
466202
466207
466211
466218
466222
466223
466229
466243
466247
466259
466260
466261
466263
466267
466273
466277
466288
466346
466374
466390
466395
466396
466422
466429
466432
466445
466447
466448
466451
466456
466460
466466
466491
466505
466519
466522
466523
466530
466533
466536
466544
466547
466549
466557
466558
466561
466565
466573
466579
466580
466585
466586
466597
466608
466615
466621
466624
466627
466656
466662
466664
466680
466694
466703
466710
466719
466723
466730
466734
466736
466745
466752
466763
466766
466775
466784
466789
466797
466807
466818
466822
466825
466828
466838
466840
466845
466882
466885
466890
466901
466910
466913
466921
466926
466936
466939
466945
466949
466960
466964
466971
466974
466981
466985
466987
466988
467000
467022
467027
467032
467037
467038
467063
467067
467068
467076
467081
467082
467089
467091
467096
467107
467109
467113
467116
467126
467130
467135
467138
467145
467146
467151
467177
467182
467187
467193
467194
467198
467223
467245
467246
467250
467252
467256
467257
467262
467265
467273
467285
467296
467297
467300
467311
467314
467318
467325
467332
467334
467347
467358
467384
467386
467411
467431
467432
467435
467437
467447
467461
467467
467468
467477
467479
467512
467516
467528
467537
467540
467564
467572
467578
467579
467580
467589
467594
467599
467612
467640
467646
467647
467654
467678
467686
467696
467705
467720
467721
467723
467726
467738
467742
467745
467746
467752
467753
467763
467769
467774
467778
467779
467790
467791
467799
467800
467809
467817
467821
467840
467843
467847
467854
467858
467863
467872
467875
467878
467887
467889
467902
467904
467905
467908
467929
467931
467961
467973
467979
467988
468005
468009
468011
468012
468013
468017
468018
468022
468027
468035
468043
468049
468061
468063
468068
468083
468085
468086
468115
468117
468121
468125
468129
468137
468159
468161
468162
468163
468169
468190
468197
468202
468203
468205
468219
468224
468243
468249
468253
468258
468263
468276
468279
468284
468297
468299
468302
468305
468306
468313
468318
468319
468321
468337
468340
468345
468346
468357
468373
468382
468393
468394
468401
468405
468408
468417
468420
468422
468428
468456
468461
468465
468469
468471
468483
468484
468487
468493
468503
468508
468518
468519
468529
468530
468537
468538
468542
468545
468548
468570
468588
468602
468603
468608
468612
468613
468615
468619
468626
468648
468652
468662
468692
468704
468706
468713
468722
468742
468751
468760
468771
468783
468784
468789
468792
468793
468796
468798
468801
468818
468825
468826
468830
468834
468836
468841
468846
468852
468866
468867
468876
468885
468894
468896
468917
468932
468934
468953
468956
468966
468970
468977
468981
468985
468993
468997
469009
469010
469014
469024
469026
469030
469035
469040
469047
469051
469053
469055
469056
469061
469082
469085
469103
469105
469119
469124
469134
469139
469145
469147
469158
469160
469165
469169
469170
469188
469191
469195
469198
469199
469200
469202
469203
469206
469220
469232
469235
469242
469248
469260
469274
469279
469287
469293
469300
469301
469315
469317
469329
469330
469338
469339
469347
469355
469356
469363
469364
469373
469389
469398
469405
469427
469431
469435
469464
469467
469475
469480
469488
469495
469499
469504
469509
469515
469529
469543
469545
469556
469558
469559
469570
469587
469592
469599
469605
469614
469618
469625
469634
469635
469647
469648
469650
469658
469661
469667
469671
469701
469708
469719
469727
469728
469729
469731
469755
469768
469770
469777
469779
469781
469786
469793
469798
469803
469806
469807
469825
469832
469838
469840
469851
469853
469859
469860
469870
469878
469880
469888
469893
469896
469912
469913
469914
469918
469919
469921
469934
469936
469941
469961
469973
469975
469982
469988
469995
469996
470004
470005
470012
470014
470021
470025
470028
470029
470036
470046
470049
470053
470057
470062
470068
470070
470072
470073
470078
470095
470097
470104
470112
470115
470117
470147
470161
470172
470174
470189
470190
470206
470207
470211
470243
470254
470256
470267
470284
470288
470291
470300
470305
470308
470310
470313
470321
470333
470350
470354
470364
470378
470381
470385
470386
470393
470398
470414
470417
470442
470454
470462
470467
470471
470472
470474
470485
470487
470501
470513
470516
470525
470532
470536
470539
470541
470545
470547
470549
470551
470604
470618
470621
470623
470632
470641
470647
470658
470663
470685
470691
470699
470700
470703
470704
470710
470711
470714
470718
470720
470738
470745
470746
470750
470754
470766
470770
470771
470774
470781
470784
470799
470801
470811
470819
470821
470832
470839
470871
470880
470885
470891
470893
470909
470911
470915
470925
470932
470933
470937
470955
470957
470960
470972
470976
470984
470988
470995
471004
471008
471009
471013
471015
471028
471039
471064
471073
471095
471097
471098
471107
471113
471117
471132
471136
471153
471154
471175
471182
471188
471191
471202
471205
471210
471217
471222
471238
471245
471256
471261
471273
471279
471283
471287
471309
471325
471330
471335
471339
471345
471348
471350
471351
471352
471358
471373
471375
471376
471382
471394
471405
471407
471409
471410
471421
471446
471470
471473
471480
471483
471488
471507
471508
471514
471515
471528
471529
471554
471558
471562
471572
471589
471591
471599
471601
471606
471609
471625
471634
471641
471642
471647
471654
471669
471686
471690
471698
471708
471711
471718
471731
471737
471755
471762
471771
471773
471774
471783
471785
471790
471799
471816
471824
471825
471841
471851
471858
471861
471863
471868
471871
471880
471881
471886
471900
471913
471915
471916
471927
471935
471936
471945
471946
471952
471955
471966
471967
471981
471983
471987
471995
472003
472012
472022
472024
472026
472027
472034
472036
472041
472054
472058
472067
472078
472079
472080
472088
472089
472093
472102
472103
472108
472109
472130
472131
472133
472143
472160
472163
472164
472169
472172
472173
472191
472209
472211
472216
472226
472228
472233
472234
472250
472253
472256
472258
472266
472282
472293
472295
472296
472309
472312
472314
472316
472318
472320
472327
472329
472344
472348
472357
472364
472367
472376
472387
472390
472393
472394
472396
472399
472400
472424
472426
472429
472432
472436
472439
472452
472463
472472
472478
472484
472485
472501
472502
472509
472519
472521
472540
472551
472552
472553
472569
472581
472582
472598
472602
472607
472609
472610
472614
472617
472620
472621
472622
472630
472643
472654
472659
472662
472666
472676
472686
472691
472727
472729
472732
472733
472737
472740
472749
472757
472772
472795
472796
472803
472814
472827
472828
472830
472831
472842
472854
472860
472861
472870
472872
472878
472893
472900
472904
472922
472925
472930
472942
472954
472968
472990
473002
473003
473029
473035
473040
473042
473044
473045
473050
473052
473055
473057
473060
473069
473070
473072
473075
473082
473085
473090
473095
473102
473103
473109
473125
473131
473133
473134
473137
473144
473156
473159
473190
473199
473204
473206
473210
473214
473215
473230
473231
473250
473256
473261
473281
473294
473295
473299
473318
473320
473323
473326
473347
473354
473370
473373
473375
473384
473391
473403
473411
473415
473425
473433
473462
473464
473466
473491
473499
473500
473508
473516
473531
473541
473549
473553
473555
473573
473575
473587
473590
473604
473607
473612
473616
473631
473632
473641
473642
473658
473665
473678
473691
473695
473706
473709
473712
473720
473723
473725
473726
473733
473741
473745
473746
473754
473762
473765
473771
473773
473774
473776
473793
473797
473801
473815
473818
473839
473842
473850
473870
473879
473902
473910
473911
473912
473917
473918
473928
473936
473952
473957
473973
473983
473985
473993
473994
474004
474006
474012
474024
474026
474034
474038
474049
474054
474062
474067
474069
474073
474075
474084
474105
474110
474118
474119
474123
474157
474161
474168
474174
474180
474190
474206
474208
474215
474230
474233
474237
474245
474253
474255
474256
474268
474289
474315
474319
474353
474363
474369
474373
474378
474383
474387
474390
474391
474396
474399
474401
474404
474419
474423
474424
474437
474446
474448
474461
474465
474472
474499
474504
474526
474528
474554
474556
474562
474571
474579
474597
474598
474601
474607
474608
474609
474614
474616
474637
474642
474667
474668
474675
474693
474709
474721
474725
474732
474741
474751
474760
474764
474769
474775
474777
474785
474803
474822
474847
474858
474859
474862
474868
474869
474906
474930
474934
474941
474953
474955
474963
474979
474984
475001
475006
475019
475035
475037
475043
475053
475055
475056
475076
475084
475103
475120
475130
475142
475146
475158
475159
475169
475177
475182
475184
475185
475208
475218
475229
475232
475244
475258
475271
475301
475306
475309
475313
475316
475317
475319
475325
475357
475359
475369
475370
475380
475389
475396
475398
475403
475407
475415
475421
475425
475438
475439
475441
475443
475466
475475
475482
475485
475488
475493
475509
475510
475523
475527
475529
475533
475535
475546
475571
475575
475576
475578
475580
475586
475588
475593
475613
475621
475626
475635
475645
475658
475659
475660
475664
475668
475669
475674
475685
475692
475693
475696
475699
475710
475723
475725
475731
475735
475754
475763
475765
475769
475774
475798
475804
475808
475813
475815
475839
475844
475856
475879
475882
475883
475889
475893
475906
475915
475917
475919
475932
475939
475947
475952
475957
475960
475967
475974
475978
475980
475982
475984
475985
475988
475990
475995
475998
475999
476000
476005
476029
476032
476034
476035
476040
476042
476045
476046
476054
476060
476061
476065
476074
476080
476093
476094
476104
476106
476125
476139
476145
476151
476155
476160
476170
476188
476189
476191
476198
476220
476230
476233
476235
476253
476268
476269
476279
476280
476298
476335
476339
476341
476342
476344
476349
476360
476363
476383
476385
476397
476398
476412
476426
476431
476444
476447
476455
476460
476463
476468
476493
476495
476500
476501
476504
476515
476517
476552
476553
476562
476569
476575
476597
476599
476605
476607
476620
476628
476647
476651
476655
476660
476679
476681
476699
476701
476706
476709
476715
476722
476731
476735
476736
476738
476748
476754
476761
476773
476785
476791
476802
476813
476826
476827
476838
476841
476843
476846
476851
476852
476856
476864
476872
476881
476882
476888
476893
476894
476901
476902
476903
476904
476913
476925
476934
476939
476947
476950
476965
476971
476984
477005
477010
477015
477016
477025
477040
477042
477046
477061
477066
477067
477069
477077
477079
477087
477097
477104
477112
477115
477120
477135
477136
477144
477149
477150
477162
477169
477172
477179
477192
477193
477195
477202
477226
477233
477243
477245
477259
477263
477266
477298
477301
477305
477328
477331
477335
477343
477351
477374
477383
477392
477398
477408
477409
477415
477428
477435
477438
477439
477440
477442
477451
477459
477466
477467
477468
477470
477471
477473
477474
477475
477477
477483
477491
477500
477516
477534
477537
477555
477563
477567
477579
477580
477585
477587
477598
477605
477622
477636
477641
477643
477647
477654
477655
477658
477672
477682
477688
477705
477749
477750
477759
477774
477780
477782
477785
477797
477800
477807
477810
477831
477836
477846
477852
477853
477858
477860
477861
477867
477878
477882
477892
477903
477906
477911
477919
477924
477936
477940
477943
477946
477974
477982
477988
478005
478006
478016
478032
478035
478052
478076
478077
478080
478092
478099
478115
478118
478132
478140
478142
478145
478152
478154
478155
478157
478174
478175
478182
478198
478204
478212
478224
478227
478240
478249
478257
478260
478262
478266
478298
478304
478306
478311
478312
478320
478331
478338
478351
478356
478375
478380
478391
478404
478407
478410
478418
478430
478433
478434
478445
478448
478457
478475
478485
478499
478502
478511
478517
478518
478521
478522
478525
478528
478532
478537
478550
478567
478575
478576
478582
478599
478609
478621
478636
478646
478652
478664
478675
478683
478689
478692
478712
478717
478723
478724
478726
478731
478736
478741
478755
478759
478766
478778
478781
478783
478785
478798
478802
478805
478809
478811
478812
478818
478821
478835
478841
478845
478857
478858
478859
478868
478872
478874
478885
478892
478899
478902
478903
478906
478922
478955
478958
478967
478968
478977
478980
478985
478992
479008
479011
479023
479035
479042
479045
479054
479066
479067
479068
479078
479081
479094
479095
479102
479103
479120
479125
479141
479149
479168
479172
479176
479191
479208
479213
479227
479272
479280
479288
479314
479331
479332
479333
479334
479348
479350
479358
479360
479361
479379
479384
479387
479388
479391
479396
479399
479412
479427
479442
479443
479452
479461
479466
479474
479477
479495
479496
479501
479508
479539
479550
479557
479560
479562
479563
479573
479577
479590
479591
479593
479595
479597
479598
479612
479613
479617
479620
479621
479629
479630
479633
479651
479658
479659
479666
479680
479683
479687
479690
479696
479697
479698
479707
479721
479723
479727
479729
479734
479749
479769
479779
479805
479808
479815
479825
479829
479836
479848
479855
479858
479864
479866
479880
479899
479903
479908
479914
479919
479935
479938
479939
479944
479946
479948
479950
479957
479984
480000
480005
480010
480014
480015
480022
480023
480026
480036
480053
480059
480064
480065
480074
480075
480076
480087
480088
480107
480116
480121
480133
480140
480153
480160
480161
480172
480173
480180
480192
480196
480200
480208
480210
480225
480240
480241
480243
480257
480268
480295
480311
480313
480317
480322
480344
480368
480376
480379
480389
480400
480403
480408
480411
480412
480416
480433
480437
480438
480451
480454
480457
480458
480467
480469
480470
480472
480474
480482
480486
480487
480490
480495
480502
480509
480518
480532
480536
480538
480568
480572
480575
480576
480582
480587
480591
480594
480595
480599
480601
480602
480624
480629
480630
480634
480641
480643
480644
480652
480661
480663
480676
480679
480682
480683
480685
480712
480717
480726
480728
480733
480741
480744
480747
480752
480755
480770
480773
480776
480779
480780
480787
480790
480792
480797
480807
480812
480818
480820
480823
480831
480843
480851
480852
480864
480872
480883
480890
480908
480914
480917
480929
480939
480940
480947
480950
480951
480960
480977
480983
480990
480996
481002
481009
481010
481012
481014
481026
481028
481035
481036
481039
481049
481064
481090
481091
481099
481101
481113
481115
481120
481124
481125
481130
481137
481144
481147
481157
481162
481165
481168
481178
481185
481187
481200
481209
481212
481214
481222
481239
481251
481252
481257
481267
481284
481285
481292
481306
481314
481325
481326
481327
481349
481354
481355
481357
481391
481399
481402
481415
481422
481442
481446
481452
481454
481457
481464
481467
481479
481506
481518
481524
481530
481547
481549
481550
481553
481563
481571
481581
481585
481586
481596
481607
481626
481627
481631
481634
481635
481648
481652
481654
481663
481665
481667
481670
481678
481688
481689
481702
481710
481725
481728
481736
481747
481748
481773
481793
481802
481804
481807
481810
481819
481820
481821
481828
481829
481832
481841
481843
481851
481861
481866
481868
481874
481880
481885
481891
481893
481894
481895
481920
481928
481930
481931
481940
481954
481971
481974
481996
482002
482021
482024
482036
482049
482080
482084
482122
482127
482128
482148
482157
482158
482159
482160
482161
482172
482177
482187
482196
482197
482201
482209
482223
482225
482234
482236
482237
482242
482251
482252
482295
482300
482314
482326
482330
482332
482346
482362
482367
482371
482381
482382
482393
482439
482441
482443
482444
482446
482451
482454
482464
482468
482470
482472
482474
482476
482493
482505
482515
482525
482528
482539
482561
482562
482563
482574
482588
482589
482590
482596
482597
482605
482634
482659
482665
482675
482690
482694
482696
482699
482706
482707
482728
482731
482733
482742
482747
482748
482750
482751
482765
482775
482780
482784
482798
482801
482808
482810
482819
482829
482841
482848
482858
482872
482879
482885
482889
482894
482910
482913
482927
482928
482940
482951
482954
482959
482974
482994
482998
483000
483001
483008
483011
483015
483027
483033
483038
483039
483046
483048
483049
483065
483066
483070
483078
483080
483083
483089
483090
483093
483107
483108
483118
483130
483135
483138
483144
483154
483156
483162
483165
483175
483179
483187
483205
483213
483227
483234
483247
483249
483254
483261
483285
483297
483304
483305
483306
483311
483316
483323
483347
483358
483362
483363
483368
483374
483377
483378
483381
483401
483425
483432
483446
483449
483451
483453
483458
483462
483475
483476
483484
483489
483494
483496
483517
483534
483550
483553
483557
483569
483611
483620
483628
483630
483639
483643
483646
483677
483690
483691
483692
483695
483699
483705
483714
483722
483723
483736
483737
483742
483751
483752
483754
483757
483760
483766
483769
483781
483788
483794
483795
483796
483817
483833
483851
483854
483855
483856
483867
483875
483897
483899
483928
483948
483952
483956
483965
483971
483976
483992
483993
483996
484013
484019
484028
484042
484044
484060
484064
484065
484066
484075
484080
484090
484091
484100
484108
484110
484113
484123
484145
484150
484151
484158
484163
484165
484166
484175
484186
484200
484201
484215
484229
484244
484273
484277
484278
484279
484281
484288
484289
484300
484301
484302
484303
484307
484312
484313
484321
484324
484327
484331
484332
484336
484338
484341
484342
484344
484354
484355
484362
484371
484385
484386
484397
484405
484414
484432
484434
484441
484450
484456
484467
484476
484485
484488
484498
484500
484504
484506
484528
484531
484551
484562
484563
484564
484570
484575
484579
484584
484593
484598
484599
484614
484617
484619
484620
484634
484636
484639
484641
484646
484650
484661
484666
484668
484674
484681
484700
484701
484714
484721
484722
484723
484742
484751
484754
484761
484790
484832
484835
484842
484843
484847
484849
484873
484875
484899
484908
484912
484929
484938
484946
484951
484960
484982
484985
485002
485014
485016
485019
485032
485059
485064
485077
485081
485083
485090
485097
485099
485106
485123
485129
485131
485137
485139
485142
485148
485149
485155
485160
485161
485163
485172
485179
485180
485185
485187
485188
485193
485201
485202
485212
485224
485234
485247
485248
485259
485265
485267
485288
485290
485294
485297
485303
485306
485307
485310
485317
485342
485350
485364
485367
485368
485381
485387
485397
485413
485419
485426
485440
485447
485465
485473
485481
485483
485484
485485
485489
485491
485499
485502
485506
485509
485513
485526
485529
485532
485543
485547
485560
485561
485564
485580
485595
485598
485602
485613
485614
485629
485631
485632
485649
485665
485673
485680
485683
485689
485696
485709
485710
485724
485731
485740
485742
485755
485757
485758
485761
485769
485770
485771
485776
485777
485785
485788
485789
485800
485808
485822
485829
485830
485840
485852
485856
485858
485868
485871
485875
485876
485882
485887
485894
485896
485902
485907
485909
485913
485916
485917
485926
485931
485933
485934
485937
485940
485943
485945
485947
485950
485954
485958
485985
485994
486009
486014
486018
486034
486035
486045
486062
486066
486070
486079
486081
486084
486087
486093
486114
486118
486123
486125
486154
486171
486172
486175
486178
486186
486193
486194
486215
486227
486232
486244
486247
486250
486257
486262
486298
486304
486306
486315
486318
486328
486345
486350
486355
486360
486369
486376
486383
486388
486391
486397
486400
486404
486413
486415
486417
486421
486449
486451
486452
486457
486471
486482
486485
486491
486501
486503
486506
486513
486521
486533
486536
486543
486545
486555
486567
486568
486571
486576
486580
486581
486586
486595
486605
486606
486620
486626
486627
486628
486644
486650
486711
486713
486714
486717
486718
486738
486770
486774
486777
486789
486803
486807
486822
486834
486839
486845
486846
486847
486864
486899
486906
486912
486936
486947
486962
486974
486977
486983
486986
486987
487002
487003
487007
487011
487013
487020
487033
487036
487038
487050
487058
487059
487060
487061
487063
487064
487076
487090
487095
487112
487118
487131
487137
487139
487145
487151
487159
487167
487181
487198
487204
487217
487220
487225
487228
487238
487239
487244
487260
487266
487269
487274
487282
487284
487288
487310
487322
487323
487333
487338
487349
487351
487353
487357
487375
487378
487385
487392
487404
487414
487418
487428
487434
487435
487438
487450
487453
487456
487458
487462
487464
487466
487469
487476
487482
487486
487496
487498
487502
487504
487507
487510
487521
487530
487539
487548
487555
487567
487568
487571
487575
487602
487607
487612
487630
487631
487632
487642
487644
487649
487650
487655
487659
487665
487679
487685
487688
487692
487693
487696
487698
487718
487720
487722
487735
487757
487775
487778
487781
487788
487796
487804
487806
487810
487825
487834
487835
487840
487843
487854
487861
487869
487870
487876
487880
487897
487898
487903
487904
487925
487927
487930
487931
487941
487943
487948
487953
487956
487957
487990
487992
487994
487999
488002
488011
488014
488032
488033
488066
488069
488072
488073
488086
488089
488118
488127
488129
488138
488146
488149
488151
488198
488201
488203
488206
488207
488215
488219
488234
488240
488243
488244
488250
488261
488282
488287
488297
488327
488345
488346
488349
488362
488363
488367
488373
488375
488377
488379
488386
488390
488395
488396
488401
488403
488404
488406
488408
488413
488422
488424
488432
488440
488463
488480
488487
488500
488505
488510
488514
488538
488541
488547
488556
488558
488563
488567
488571
488573
488583
488632
488634
488641
488645
488657
488676
488682
488683
488686
488688
488689
488693
488697
488706
488707
488720
488723
488731
488743
488745
488747
488750
488753
488755
488756
488785
488788
488789
488792
488801
488809
488822
488823
488832
488835
488844
488857
488862
488866
488869
488889
488894
488897
488915
488927
488928
488932
488934
488940
488943
488945
488952
488955
488960
488962
488964
488974
488977
488980
488990
489011
489019
489023
489028
489052
489062
489066
489088
489093
489100
489103
489107
489109
489121
489125
489140
489145
489155
489167
489186
489191
489195
489199
489203
489207
489235
489248
489255
489263
489264
489267
489279
489304
489313
489333
489344
489358
489372
489385
489407
489409
489414
489415
489422
489426
489440
489452
489453
489461
489463
489469
489470
489476
489482
489497
489501
489520
489524
489538
489542
489550
489554
489573
489608
489617
489622
489649
489666
489670
489687
489695
489700
489721
489723
489724
489728
489733
489734
489735
489739
489744
489745
489762
489763
489778
489785
489798
489799
489802
489810
489818
489827
489829
489838
489844
489845
489850
489853
489856
489873
489879
489890
489896
489900
489939
489944
489958
489961
489967
489971
489978
489983
489995
489998
490001
490008
490022
490027
490032
490035
490044
490051
490055
490081
490084
490087
490093
490097
490099
490102
490105
490112
490126
490129
490146
490155
490168
490175
490178
490182
490198
490199
490221
490224
490225
490242
490244
490259
490261
490267
490268
490279
490280
490284
490286
490291
490306
490312
490318
490320
490328
490336
490338
490347
490352
490361
490366
490381
490385
490400
490405
490415
490437
490441
490443
490461
490462
490471
490479
490481
490489
490491
490496
490505
490508
490511
490518
490523
490529
490532
490541
490546
490555
490556
490570
490572
490582
490585
490610
490612
490620
490624
490626
490629
490638
490639
490645
490646
490647
490648
490670
490683
490689
490694
490695
490701
490705
490712
490714
490723
490735
490739
490791
490794
490801
490847
490851
490860
490869
490870
490871
490872
490875
490878
490887
490888
490897
490923
490927
490931
490939
490940
490952
490959
490964
490978
490979
490985
490992
490993
491000
491001
491017
491053
491058
491061
491062
491064
491084
491098
491106
491107
491111
491118
491131
491140
491151
491168
491169
491170
491172
491177
491182
491191
491192
491203
491204
491211
491212
491215
491223
491225
491229
491241
491242
491244
491249
491250
491255
491268
491269
491272
491273
491274
491279
491282
491283
491287
491290
491302
491319
491323
491336
491337
491346
491361
491377
491381
491397
491400
491408
491426
491440
491449
491467
491474
491478
491492
491502
491505
491515
491525
491526
491554
491556
491558
491577
491580
491581
491585
491597
491623
491628
491636
491638
491659
491660
491664
491665
491681
491684
491689
491703
491707
491727
491728
491732
491733
491736
491737
491739
491742
491743
491755
491784
491793
491804
491823
491826
491830
491831
491833
491835
491837
491851
491856
491857
491872
491873
491879
491881
491883
491888
491900
491902
491910
491921
491936
491942
491943
491947
491955
491959
491965
491981
491989
491991
491992
491999
492008
492020
492025
492030
492040
492041
492051
492057
492060
492065
492067
492078
492079
492084
492096
492104
492107
492114
492123
492125
492129
492131
492132
492137
492138
492151
492154
492156
492164
492166
492171
492178
492179
492183
492198
492215
492219
492236
492244
492246
492251
492259
492261
492266
492267
492268
492271
492286
492291
492293
492297
492298
492314
492321
492323
492325
492339
492347
492351
492363
492366
492368
492376
492382
492386
492395
492399
492402
492408
492411
492413
492417
492420
492440
492444
492465
492466
492471
492478
492485
492491
492495
492510
492519
492524
492535
492540
492545
492547
492548
492550
492552
492583
492605
492608
492609
492625
492627
492638
492639
492642
492648
492654
492657
492659
492674
492677
492678
492684
492692
492694
492711
492736
492754
492769
492772
492800
492801
492814
492816
492817
492840
492846
492851
492870
492881
492882
492885
492886
492897
492914
492943
492965
492967
492970
492973
492974
492975
492990
492993
493004
493020
493022
493056
493066
493072
493102
493110
493114
493117
493131
493132
493173
493174
493192
493196
493197
493199
493202
493212
493218
493219
493227
493231
493243
493245
493252
493273
493278
493279
493293
493294
493295
493300
493307
493321
493339
493341
493355
493365
493368
493375
493376
493388
493395
493398
493407
493416
493417
493424
493428
493439
493446
493448
493454
493468
493471
493472
493477
493482
493483
493484
493485
493504
493509
493526
493544
493547
493563
493570
493576
493578
493597
493603
493610
493623
493626
493628
493641
493659
493683
493692
493698
493699
493702
493704
493707
493724
493728
493732
493741
493742
493751
493753
493760
493774
493779
493791
493792
493797
493806
493811
493812
493815
493822
493828
493829
493840
493841
493843
493845
493846
493851
493853
493862
493867
493873
493880
493888
493897
493911
493918
493923
493926
493932
493947
493952
493959
493972
493983
493991
493994
494007
494014
494019
494032
494041
494055
494056
494066
494079
494089
494090
494099
494113
494115
494125
494128
494138
494139
494140
494144
494154
494174
494175
494179
494190
494194
494195
494202
494208
494217
494218
494222
494236
494257
494261
494264
494269
494273
494282
494285
494297
494309
494320
494328
494329
494330
494335
494341
494360
494386
494391
494393
494394
494403
494409
494415
494424
494434
494446
494456
494462
494466
494471
494518
494528
494531
494534
494552
494555
494566
494571
494574
494580
494583
494592
494594
494599
494608
494617
494618
494620
494622
494628
494629
494633
494637
494642
494660
494671
494676
494678
494680
494706
494707
494711
494716
494721
494733
494764
494765
494768
494771
494780
494782
494785
494794
494795
494808
494810
494811
494819
494833
494837
494846
494852
494854
494855
494856
494860
494887
494891
494894
494895
494896
494900
494904
494905
494936
494940
494941
494954
494957
494959
494966
494968
494985
494986
494990
494991
495013
495020
495022
495031
495043
495051
495055
495059
495064
495077
495081
495095
495100
495107
495116
495117
495122
495124
495125
495131
495149
495156
495160
495162
495166
495169
495171
495182
495183
495199
495233
495243
495247
495252
495258
495266
495269
495288
495292
495304
495305
495310
495311
495312
495317
495334
495336
495344
495349
495356
495357
495367
495374
495376
495377
495387
495388
495395
495403
495419
495438
495445
495454
495456
495476
495477
495481
495485
495489
495508
495513
495518
495519
495523
495525
495528
495533
495536
495546
495553
495557
495568
495570
495578
495580
495587
495592
495599
495608
495610
495615
495626
495633
495641
495651
495665
495670
495680
495681
495683
495687
495695
495712
495722
495731
495733
495750
495752
495753
495756
495769
495776
495786
495789
495793
495808
495810
495814
495832
495840
495841
495860
495872
495875
495891
495903
495905
495919
495929
495931
495947
495956
495969
495980
495985
495987
495988
495989
495992
495993
495996
495997
496009
496018
496031
496039
496040
496045
496053
496058
496059
496089
496090
496092
496097
496099
496109
496115
496116
496127
496128
496151
496152
496160
496183
496192
496195
496196
496198
496206
496207
496213
496215
496239
496252
496253
496255
496256
496261
496269
496274
496281
496287
496290
496294
496301
496302
496307
496313
496322
496334
496339
496342
496348
496353
496360
496362
496372
496373
496374
496379
496383
496392
496399
496401
496402
496404
496407
496411
496420
496429
496430
496431
496434
496440
496444
496450
496457
496476
496478
496486
496496
496499
496506
496509
496517
496525
496530
496548
496552
496556
496569
496575
496605
496617
496618
496619
496620
496636
496646
496657
496673
496678
496680
496683
496687
496693
496696
496718
496732
496740
496747
496763
496765
496766
496768
496776
496782
496783
496793
496799
496800
496801
496813
496826
496832
496836
496839
496855
496870
496874
496879
496891
496897
496902
496907
496918
496926
496932
496933
496942
496943
496977
496980
497001
497002
497005
497009
497010
497021
497028
497031
497032
497033
497034
497035
497049
497050
497067
497076
497082
497096
497097
497106
497109
497113
497119
497123
497125
497140
497141
497145
497158
497172
497177
497179
497199
497202
497207
497211
497216
497227
497238
497244
497245
497246
497261
497265
497273
497274
497281
497296
497297
497299
497311
497312
497322
497327
497330
497343
497348
497365
497375
497384
497386
497392
497393
497402
497415
497438
497441
497444
497455
497464
497466
497476
497483
497488
497494
497498
497500
497501
497504
497514
497519
497522
497528
497532
497544
497555
497558
497562
497565
497567
497572
497579
497591
497592
497593
497604
497608
497610
497616
497617
497622
497625
497640
497660
497662
497664
497668
497674
497694
497709
497719
497733
497757
497759
497768
497788
497791
497797
497801
497807
497815
497819
497821
497825
497826
497838
497847
497856
497870
497873
497875
497878
497894
497907
497915
497960
497969
497972
497980
497989
498015
498022
498045
498061
498072
498079
498081
498082
498114
498120
498125
498134
498137
498138
498156
498160
498173
498175
498179
498204
498208
498218
498225
498241
498259
498263
498265
498274
498280
498284
498295
498327
498337
498339
498350
498372
498374
498392
498400
498403
498406
498409
498418
498423
498425
498436
498438
498439
498449
498453
498460
498462
498489
498492
498508
498509
498525
498533
498535
498541
498547
498570
498583
498587
498588
498601
498614
498622
498627
498630
498633
498638
498639
498641
498644
498645
498651
498658
498665
498666
498669
498679
498687
498690
498694
498702
498706
498721
498722
498729
498730
498733
498738
498740
498758
498759
498765
498768
498782
498786
498792
498795
498796
498802
498815
498854
498856
498890
498915
498916
498918
498931
498938
498940
498943
498972
498982
498986
498988
498997
499004
499018
499024
499026
499027
499028
499033
499037
499051
499061
499068
499093
499094
499095
499102
499105
499108
499111
499120
499122
499134
499135
499141
499143
499147
499155
499157
499164
499166
499177
499179
499191
499193
499198
499200
499202
499204
499210
499225
499230
499239
499242
499249
499252
499255
499267
499268
499274
499281
499300
499302
499305
499307
499309
499336
499357
499360
499364
499369
499371
499372
499374
499376
499388
499393
499396
499400
499408
499419
499425
499428
499431
499447
499451
499455
499469
499500
499512
499523
499537
499538
499541
499545
499552
499571
499577
499584
499585
499591
499592
499594
499596
499597
499598
499611
499615
499617
499618
499621
499623
499632
499636
499639
499646
499662
499672
499679
499682
499693
499700
499705
499719
499724
499731
499733
499749
499755
499760
499763
499784
499785
499786
499788
499799
499802
499810
499826
499829
499842
499845
499865
499866
499871
499874
499884
499911
499912
499915
499920
499930
499932
499937
499940
499950
499951
499952
499957
499959
499966
499978
499979
499983
499985
500005
500018
500019
500027
500032
500057
500060
500062
500071
500076
500077
500099
500100
500106
500110
500116
500118
500129
500135
500136
500139
500147
500152
500162
500165
500167
500169
500179
500183
500194
500224
500226
500233
500267
500271
500273
500281
500316
500317
500323
500330
500359
500390
500396
500400
500405
500408
500434
500435
500440
500450
500457
500465
500467
500473
500492
500499
500514
500515
500525
500527
500531
500543
500561
500568
500575
500576
500579
500583
500594
500603
500612
500622
500634
500638
500649
500650
500657
500664
500675
500679
500680
500686
500693
500694
500699
500703
500705
500712
500717
500718
500723
500740
500761
500764
500768
500778
500784
500789
500792
500793
500814
500816
500818
500822
500833
500844
500861
500871
500877
500884
500891
500896
500898
500900
500904
500940
500941
500944
500946
500954
500962
500965
500973
500981
500982
500991
501004
501006
501013
501015
501022
501026
501028
501031
501056
501059
501067
501094
501110
501118
501122
501126
501138
501153
501172
501175
501176
501177
501189
501191
501197
501204
501210
501212
501225
501227
501237
501242
501247
501260
501263
501269
501271
501281
501284
501289
501292
501293
501294
501299
501311
501315
501339
501348
501358
501364
501379
501381
501382
501388
501400
501418
501420
501429
501439
501441
501442
501443
501491
501493
501497
501499
501506
501515
501527
501534
501538
501549
501565
501571
501575
501576
501594
501614
501618
501624
501625
501635
501638
501647
501652
501661
501665
501677
501693
501695
501696
501698
501700
501710
501723
501742
501758
501760
501762
501785
501786
501790
501801
501814
501820
501824
501835
501841
501842
501846
501851
501864
501867
501875
501898
501902
501909
501917
501919
501923
501926
501936
501957
501966
501971
501972
501982
501995
501999
502001
502012
502015
502043
502058
502063
502064
502089
502091
502104
502107
502112
502113
502114
502116
502117
502126
502134
502141
502152
502153
502163
502179
502183
502197
502202
502204
502212
502214
502220
502232
502240
502248
502262
502271
502281
502285
502286
502288
502300
502307
502311
502317
502318
502321
502324
502327
502338
502358
502360
502361
502362
502366
502370
502379
502393
502395
502397
502402
502409
502414
502422
502433
502440
502456
502466
502482
502504
502508
502510
502517
502529
502543
502553
502554
502557
502558
502564
502570
502581
502582
502593
502604
502606
502620
502629
502632
502638
502644
502663
502670
502671
502678
502679
502686
502698
502700
502712
502717
502724
502748
502749
502756
502766
502772
502776
502800
502805
502816
502818
502823
502827
502828
502838
502844
502847
502848
502852
502854
502857
502860
502862
502884
502894
502895
502896
502911
502914
502916
502927
502933
502935
502936
502949
502953
502959
502963
502971
502979
502982
502984
502998
503005
503008
503011
503014
503015
503021
503051
503068
503081
503091
503099
503101
503104
503106
503108
503114
503135
503148
503149
503150
503155
503164
503202
503210
503232
503233
503234
503238
503249
503269
503274
503275
503277
503278
503283
503293
503294
503310
503311
503331
503332
503378
503382
503383
503392
503399
503401
503407
503416
503421
503441
503448
503456
503460
503467
503470
503472
503478
503479
503488
503500
503501
503518
503520
503522
503535
503536
503538
503539
503554
503557
503567
503569
503585
503598
503599
503600
503605
503606
503623
503640
503653
503660
503663
503667
503674
503682
503683
503687
503689
503703
503706
503707
503714
503717
503734
503739
503765
503772
503777
503790
503799
503808
503814
503822
503826
503832
503834
503837
503844
503845
503871
503875
503886
503887
503906
503920
503921
503926
503928
503939
503943
503957
503959
503961
503963
503972
503976
503980
503991
503992
503996
504006
504021
504023
504027
504030
504034
504039
504046
504052
504054
504058
504065
504070
504091
504093
504101
504103
504108
504115
504122
504123
504125
504130
504141
504153
504154
504159
504165
504170
504172
504178
504184
504194
504211
504216
504224
504230
504248
504256
504257
504258
504284
504287
504293
504297
504298
504299
504304
504306
504313
504318
504321
504336
504342
504348
504353
504400
504425
504452
504492
504493
504494
504498
504500
504502
504516
504517
504531
504534
504559
504560
504561
504566
504585
504586
504598
504599
504606
504616
504617
504620
504621
504654
504664
504697
504700
504702
504709
504726
504732
504733
504747
504766
504769
504774
504790
504800
504807
504810
504813
504824
504827
504833
504843
504850
504852
504861
504862
504873
504878
504888
504894
504896
504900
504902
504907
504909
504911
504917
504951
504958
504968
504969
504974
504977
504980
504982
504987
504988
505014
505020
505023
505024
505028
505035
505038
505039
505043
505057
505058
505080
505092
505098
505099
505100
505104
505111
505128
505132
505133
505144
505152
505156
505157
505160
505162
505163
505188
505213
505223
505234
505242
505243
505265
505279
505286
505309
505335
505343
505344
505347
505375
505385
505388
505391
505400
505420
505421
505455
505464
505471
505477
505479
505489
505492
505501
505507
505510
505516
505520
505528
505542
505552
505553
505562
505576
505579
505595
505611
505619
505622
505625
505626
505627
505629
505633
505636
505642
505643
505645
505650
505657
505666
505686
505700
505701
505705
505709
505713
505728
505738
505739
505745
505750
505754
505757
505768
505786
505788
505792
505796
505809
505814
505818
505826
505827
505831
505858
505861
505862
505863
505864
505884
505885
505890
505898
505899
505903
505924
505927
505932
505933
505934
505936
505939
505945
505949
505962
505963
505967
505979
505980
506011
506026
506030
506034
506037
506039
506045
506052
506056
506058
506061
506062
506073
506075
506085
506087
506095
506115
506126
506127
506130
506140
506141
506148
506151
506162
506172
506183
506201
506226
506231
506232
506256
506258
506270
506283
506289
506290
506296
506311
506315
506316
506331
506335
506341
506342
506356
506360
506372
506377
506394
506398
506401
506414
506417
506429
506439
506441
506444
506449
506458
506463
506470
506471
506483
506489
506500
506508
506514
506515
506530
506544
506545
506550
506552
506555
506561
506568
506569
506576
506577
506582
506589
506592
506598
506599
506605
506614
506617
506628
506631
506641
506653
506659
506664
506673
506691
506701
506710
506717
506723
506735
506740
506750
506751
506782
506785
506802
506803
506808
506838
506862
506872
506873
506874
506880
506890
506898
506901
506906
506910
506919
506920
506927
506942
506945
506950
506955
506964
506979
506987
506988
506999
507028
507049
507065
507073
507080
507087
507091
507113
507136
507147
507148
507154
507157
507166
507167
507168
507171
507180
507187
507196
507211
507212
507215
507224
507237
507239
507243
507248
507249
507252
507263
507273
507274
507289
507293
507301
507312
507317
507322
507330
507334
507339
507342
507352
507361
507370
507385
507389
507390
507421
507427
507434
507436
507438
507444
507459
507460
507471
507489
507501
507502
507511
507520
507542
507551
507557
507570
507580
507603
507633
507663
507665
507671
507674
507690
507719
507739
507741
507744
507749
507750
507756
507761
507763
507765
507769
507776
507782
507789
507794
507798
507812
507819
507824
507826
507830
507833
507838
507854
507871
507875
507876
507881
507882
507886
507887
507889
507904
507910
507921
507927
507928
507934
507935
507937
507939
507945
507950
507951
507952
507958
507966
507969
507972
507979
507990
507996
508004
508006
508008
508017
508025
508030
508040
508041
508045
508053
508055
508064
508065
508071
508083
508087
508092
508104
508105
508119
508129
508130
508140
508165
508167
508177
508191
508192
508195
508200
508207
508208
508218
508230
508244
508247
508252
508262
508269
508278
508281
508288
508292
508299
508302
508303
508328
508339
508343
508373
508382
508398
508403
508414
508418
508429
508449
508460
508467
508470
508477
508481
508485
508488
508502
508504
508514
508530
508538
508541
508548
508557
508561
508565
508568
508592
508605
508606
508634
508656
508663
508665
508672
508678
508680
508722
508723
508724
508741
508749
508761
508780
508787
508811
508821
508822
508836
508840
508855
508861
508870
508872
508878
508881
508896
508899
508915
508938
508939
508944
508949
508950
508954
508962
508972
508977
508984
508985
508990
509005
509009
509020
509023
509028
509030
509034
509037
509039
509047
509049
509054
509087
509098
509099
509110
509114
509128
509129
509132
509149
509158
509161
509192
509194
509210
509218
509223
509225
509227
509235
509244
509255
509262
509267
509292
509319
509321
509358
509364
509365
509366
509373
509379
509390
509394
509397
509406
509415
509416
509419
509442
509459
509460
509471
509483
509484
509485
509490
509492
509493
509497
509503
509509
509514
509520
509526
509528
509536
509538
509540
509547
509553
509555
509563
509564
509577
509579
509582
509584
509589
509590
509601
509607
509608
509620
509626
509654
509657
509671
509675
509682
509695
509698
509700
509702
509706
509712
509718
509733
509740
509746
509749
509766
509783
509786
509807
509811
509820
509822
509823
509826
509859
509864
509867
509870
509876
509883
509891
509895
509913
509914
509915
509927
509931
509943
509948
509949
509971
509985
509988
510004
510006
510012
510033
510035
510047
510061
510063
510078
510080
510087
510096
510100
510103
510122
510138
510147
510152
510161
510169
510172
510182
510209
510211
510220
510230
510232
510235
510239
510245
510246
510250
510252
510254
510275
510290
510304
510313
510314
510320
510342
510358
510359
510365
510366
510371
510385
510387
510391
510399
510405
510414
510424
510430
510434
510456
510500
510522
510525
510527
510531
510536
510540
510548
510549
510552
510559
510570
510571
510572
510577
510579
510585
510587
510593
510594
510609
510613
510616
510626
510636
510638
510642
510643
510651
510652
510656
510657
510663
510665
510671
510676
510695
510707
510719
510721
510729
510730
510731
510734
510735
510756
510768
510771
510782
510790
510791
510798
510799
510806
510812
510813
510820
510827
510842
510852
510857
510859
510860
510861
510864
510866
510871
510899
510900
510919
510923
510949
510955
510959
510962
510977
510979
510980
510997
510998
511002
511006
511026
511031
511050
511053
511056
511062
511066
511070
511075
511103
511111
511117
511121
511127
511136
511143
511145
511159
511160
511179
511188
511191
511200
511204
511218
511221
511231
511236
511241
511249
511251
511254
511269
511271
511276
511279
511281
511294
511299
511301
511324
511325
511328
511333
511341
511345
511346
511350
511357
511363
511373
511392
511402
511406
511407
511410
511425
511430
511432
511438
511454
511455
511461
511463
511469
511472
511482
511506
511522
511523
511537
511550
511553
511554
511559
511562
511571
511572
511577
511583
511594
511620
511622
511623
511625
511639
511641
511642
511650
511654
511658
511666
511668
511669
511670
511674
511676
511689
511690
511693
511700
511716
511729
511734
511742
511751
511754
511774
511777
511780
511781
511784
511786
511789
511802
511803
511806
511814
511829
511843
511844
511848
511852
511853
511854
511866
511869
511895
511906
511915
511929
511930
511967
511972
511977
511988
512007
512023
512060
512070
512100
512112
512116
512123
512139
512140
512143
512151
512152
512156
512166
512173
512182
512186
512190
512191
512211
512217
512220
512223
512240
512258
512263
512266
512276
512282
512290
512292
512295
512296
512298
512302
512307
512308
512320
512325
512334
512339
512346
512351
512375
512380
512387
512390
512394
512400
512405
512411
512416
512418
512419
512424
512436
512442
512449
512451
512455
512458
512459
512479
512495
512503
512506
512509
512515
512531
512533
512537
512547
512561
512569
512572
512576
512582
512583
512625
512634
512644
512662
512667
512696
512702
512722
512723
512731
512734
512735
512736
512764
512769
512774
512780
512785
512786
512787
512793
512796
512806
512816
512827
512829
512830
512838
512844
512854
512869
512872
512902
512911
512916
512918
512923
512924
512940
512941
512944
512950
512951
512961
512968
512982
512983
512995
513006
513015
513016
513027
513037
513039
513042
513052
513053
513054
513060
513066
513072
513073
513075
513077
513080
513086
513087
513093
513096
513103
513105
513108
513123
513124
513125
513129
513136
513138
513145
513168
513174
513188
513189
513191
513214
513219
513220
513221
513240
513242
513274
513280
513282
513292
513298
513311
513319
513324
513351
513354
513359
513361
513381
513389
513406
513440
513447
513449
513451
513456
513458
513461
513466
513482
513496
513507
513513
513522
513531
513532
513533
513541
513550
513551
513555
513574
513577
513600
513602
513604
513615
513616
513618
513646
513657
513659
513670
513676
513681
513683
513690
513692
513699
513703
513724
513727
513729
513733
513744
513748
513758
513765
513766
513768
513771
513778
513789
513795
513796
513806
513810
513832
513837
513849
513852
513854
513855
513861
513863
513867
513873
513881
513887
513895
513899
513908
513917
513936
513943
513946
513956
513961
513965
513966
513978
513980
513993
513998
514002
514006
514018
514030
514049
514060
514064
514071
514073
514083
514088
514089
514097
514104
514127
514131
514139
514147
514155
514156
514161
514168
514173
514186
514191
514193
514207
514209
514213
514222
514232
514243
514245
514248
514249
514251
514254
514283
514293
514295
514296
514299
514318
514321
514327
514340
514346
514362
514366
514392
514393
514404
514416
514417
514424
514426
514435
514440
514451
514454
514456
514468
514483
514504
514506
514513
514515
514518
514528
514529
514541
514546
514550
514553
514556
514558
514559
514563
514567
514598
514604
514605
514619
514622
514635
514650
514668
514674
514676
514682
514683
514685
514693
514698
514722
514725
514731
514732
514749
514773
514777
514781
514787
514790
514798
514801
514806
514821
514826
514839
514860
514864
514875
514881
514887
514890
514891
514904
514925
514930
514934
514939
514945
514950
514984
514988
514990
514997
515019
515020
515038
515040
515043
515053
515056
515057
515064
515065
515066
515072
515075
515098
515100
515102
515106
515107
515123
515126
515136
515158
515181
515186
515191
515198
515204
515206
515210
515212
515214
515216
515219
515224
515226
515229
515230
515234
515241
515247
515249
515252
515260
515274
515275
515289
515300
515301
515303
515309
515315
515329
515333
515347
515354
515360
515367
515376
515377
515387
515391
515392
515403
515415
515421
515424
515426
515428
515430
515431
515444
515457
515464
515470
515485
515505
515508
515513
515518
515540
515550
515561
515566
515572
515574
515581
515586
515590
515612
515622
515623
515638
515656
515660
515662
515673
515682
515701
515702
515704
515710
515716
515728
515729
515742
515743
515750
515751
515754
515758
515760
515765
515777
515779
515785
515792
515796
515803
515815
515820
515821
515829
515837
515850
515853
515854
515871
515876
515885
515893
515895
515896
515899
515916
515917
515924
515928
515937
515938
516008
516012
516034
516043
516046
516049
516084
516105
516106
516110
516116
516119
516158
516167
516168
516174
516175
516176
516184
516185
516189
516193
516198
516199
516205
516212
516220
516224
516239
516248
516249
516261
516265
516273
516281
516289
516297
516300
516313
516329
516339
516341
516342
516344
516345
516346
516352
516364
516365
516372
516380
516401
516412
516414
516415
516416
516417
516422
516430
516444
516462
516463
516471
516474
516476
516481
516487
516488
516500
516503
516505
516516
516517
516535
516541
516553
516570
516582
516587
516590
516595
516596
516607
516619
516620
516624
516625
516633
516636
516641
516655
516668
516681
516685
516697
516712
516725
516726
516727
516733
516738
516771
516774
516775
516782
516786
516791
516793
516795
516798
516799
516800
516805
516808
516812
516813
516834
516840
516846
516856
516865
516866
516867
516868
516875
516893
516895
516902
516906
516911
516913
516917
516924
516931
516945
516984
516986
516988
516990
516993
516996
516998
517005
517007
517017
517018
517026
517031
517032
517038
517049
517055
517061
517068
517081
517082
517084
517086
517087
517095
517101
517113
517115
517128
517133
517135
517140
517144
517147
517160
517161
517176
517178
517182
517194
517198
517226
517232
517246
517249
517251
517261
517296
517305
517306
517313
517318
517326
517349
517362
517370
517382
517386
517388
517399
517403
517408
517410
517417
517430
517438
517445
517453
517455
517460
517464
517465
517468
517472
517484
517485
517487
517492
517510
517515
517517
517521
517522
517545
517570
517579
517582
517584
517594
517596
517597
517603
517612
517617
517619
517623
517625
517636
517652
517655
517656
517670
517674
517685
517702
517719
517723
517737
517755
517758
517760
517777
517793
517805
517807
517819
517822
517823
517830
517835
517855
517856
517861
517869
517875
517878
517881
517882
517889
517890
517899
517906
517909
517911
517916
517920
517921
517931
517938
517941
517945
517946
517947
517958
517959
517967
517972
517973
517975
517981
517987
517998
518025
518034
518039
518052
518075
518080
518083
518108
518109
518116
518117
518124
518127
518133
518140
518157
518158
518163
518182
518194
518197
518198
518200
518203
518207
518218
518222
518224
518242
518249
518262
518265
518266
518267
518273
518287
518288
518293
518303
518305
518318
518321
518324
518341
518351
518355
518359
518361
518370
518375
518383
518389
518390
518392
518410
518416
518438
518445
518451
518462
518472
518473
518481
518495
518499
518509
518510
518511
518517
518518
518522
518548
518574
518586
518592
518601
518613
518626
518627
518628
518647
518649
518667
518685
518686
518716
518721
518730
518748
518754
518755
518761
518764
518769
518772
518774
518782
518785
518816
518819
518823
518829
518843
518844
518849
518850
518853
518858
518859
518873
518889
518894
518899
518914
518916
518932
518937
518941
518948
518951
518957
518966
518968
518981
519024
519027
519035
519053
519055
519075
519076
519088
519094
519105
519124
519135
519136
519145
519146
519153
519157
519168
519172
519186
519188
519193
519203
519209
519211
519218
519228
519234
519264
519271
519273
519275
519287
519289
519308
519316
519319
519320
519329
519330
519347
519351
519356
519361
519374
519381
519382
519387
519398
519399
519404
519405
519429
519432
519433
519438
519465
519471
519477
519479
519482
519483
519493
519494
519506
519510
519529
519533
519541
519542
519548
519552
519554
519558
519565
519573
519578
519588
519598
519601
519605
519610
519616
519617
519625
519631
519635
519639
519649
519652
519664
519673
519676
519685
519691
519696
519706
519707
519715
519716
519723
519738
519744
519755
519759
519768
519774
519783
519784
519795
519815
519827
519832
519836
519838
519840
519843
519844
519850
519852
519853
519880
519894
519895
519899
519905
519906
519916
519920
519929
519939
519942
519945
519950
519974
519993
519996
520000
520012
520039
520041
520043
520047
520049
520063
520072
520094
520112
520114
520124
520147
520150
520155
520176
520195
520199
520204
520209
520213
520237
520251
520259
520272
520289
520310
520325
520326
520338
520342
520349
520352
520361
520378
520385
520387
520401
520405
520427
520430
520434
520437
520448
520449
520451
520457
520471
520472
520475
520477
520478
520479
520480
520486
520503
520508
520519
520524
520525
520528
520530
520533
520553
520554
520569
520572
520585
520590
520614
520635
520637
520654
520657
520679
520684
520685
520696
520701
520703
520736
520750
520752
520764
520767
520769
520778
520781
520799
520800
520808
520810
520831
520842
520848
520852
520860
520862
520866
520873
520879
520892
520902
520918
520924
520940
520941
520950
520964
520978
520979
520982
521003
521004
521005
521008
521014
521021
521048
521059
521070
521071
521088
521094
521096
521101
521106
521131
521142
521159
521169
521176
521182
521184
521196
521197
521200
521203
521204
521209
521210
521218
521221
521226
521232
521238
521266
521269
521281
521292
521301
521306
521327
521334
521339
521348
521355
521357
521359
521361
521366
521375
521379
521382
521386
521400
521404
521416
521419
521427
521428
521437
521440
521452
521471
521482
521493
521495
521525
521533
521542
521543
521555
521570
521572
521574
521587
521602
521613
521618
521619
521620
521632
521649
521652
521655
521663
521669
521671
521679
521689
521692
521697
521709
521715
521721
521729
521732
521739
521749
521752
521762
521763
521775
521797
521817
521822
521823
521824
521847
521849
521863
521865
521867
521869
521872
521874
521879
521894
521899
521906
521907
521922
521923
521943
521944
521947
521950
521953
521964
521972
521976
521978
521981
521982
521988
521994
521995
521998
521999
522015
522034
522054
522062
522065
522066
522069
522074
522076
522100
522106
522119
522129
522135
522137
522146
522150
522160
522163
522173
522185
522191
522192
522194
522198
522221
522225
522228
522229
522232
522233
522234
522235
522240
522243
522244
522249
522256
522258
522262
522269
522270
522273
522288
522298
522309
522312
522330
522338
522339
522350
522360
522362
522371
522380
522391
522405
522406
522411
522413
522416
522418
522423
522425
522427
522443
522446
522452
522454
522461
522464
522465
522479
522481
522487
522491
522525
522530
522534
522535
522566
522567
522569
522574
522575
522576
522579
522612
522616
522620
522622
522637
522639
522660
522661
522665
522667
522669
522704
522708
522719
522722
522727
522741
522754
522755
522758
522771
522778
522779
522782
522788
522791
522803
522811
522813
522819
522827
522834
522862
522868
522897
522898
522922
522930
522935
522938
522941
522946
522947
522958
522959
522971
522978
522990
522992
523002
523007
523010
523025
523034
523037
523055
523081
523096
523097
523098
523109
523114
523123
523140
523151
523164
523166
523173
523174
523186
523196
523199
523201
523212
523217
523220
523224
523225
523230
523243
523244
523245
523252
523262
523272
523274
523281
523292
523304
523306
523309
523314
523320
523322
523332
523334
523344
523346
523349
523354
523357
523358
523360
523371
523373
523394
523400
523412
523418
523436
523454
523455
523466
523468
523473
523484
523487
523490
523492
523494
523495
523513
523515
523517
523524
523526
523534
523536
523546
523553
523564
523571
523576
523594
523597
523608
523637
523639
523641
523660
523669
523677
523682
523684
523689
523696
523700
523701
523711
523718
523729
523749
523751
523753
523754
523780
523792
523799
523815
523816
523818
523834
523854
523863
523870
523871
523873
523890
523893
523907
523919
523921
523923
523937
523938
523947
523953
523955
523964
523966
523968
523974
523981
523985
523988
523989
523995
523997
524002
524011
524019
524027
524029
524044
524047
524048
524056
524059
524061
524063
524064
524068
524069
524088
524110
524118
524140
524155
524167
524173
524174
524187
524189
524195
524216
524227
524233
524248
524249
524255
524259
524273
524282
524286
524291
524297
524311
524314
524317
524320
524325
524333
524338
524366
524373
524375
524401
524420
524428
524431
524436
524450
524453
524459
524467
524470
524471
524476
524486
524507
524518
524520
524522
524525
524533
524535
524536
524547
524551
524557
524559
524577
524594
524595
524601
524613
524623
524627
524638
524645
524646
524649
524651
524656
524665
524672
524676
524677
524679
524681
524692
524695
524702
524709
524718
524730
524736
524766
524775
524777
524786
524790
524799
524802
524819
524822
524830
524844
524866
524877
524887
524889
524897
524924
524925
524929
524946
524956
524957
524962
524966
524979
524983
524984
524992
525012
525015
525021
525024
525027
525039
525050
525058
525075
525085
525087
525100
525104
525106
525118
525119
525124
525153
525162
525163
525169
525170
525171
525176
525179
525180
525183
525184
525187
525202
525206
525208
525211
525212
525218
525223
525226
525227
525232
525236
525248
525249
525264
525266
525273
525285
525297
525300
525303
525318
525340
525344
525354
525360
525361
525369
525373
525376
525381
525382
525391
525405
525409
525420
525438
525439
525450
525467
525501
525510
525513
525518
525533
525539
525542
525546
525555
525567
525572
525580
525589
525591
525616
525619
525622
525636
525640
525660
525666
525667
525668
525675
525678
525682
525684
525691
525695
525700
525702
525705
525714
525721
525732
525762
525763
525766
525777
525779
525782
525790
525802
525807
525813
525823
525841
525849
525851
525865
525876
525880
525898
525899
525908
525909
525913
525915
525927
525933
525939
525944
525971
525980
525990
526000
526004
526008
526021
526028
526030
526033
526040
526043
526057
526070
526071
526082
526085
526087
526089
526091
526098
526126
526143
526165
526166
526172
526186
526188
526196
526203
526204
526222
526232
526247
526257
526288
526290
526291
526301
526312
526319
526320
526321
526325
526337
526342
526347
526350
526353
526359
526360
526362
526368
526371
526401
526403
526414
526418
526419
526432
526441
526445
526446
526458
526464
526467
526473
526491
526506
526514
526522
526523
526536
526542
526552
526554
526555
526568
526570
526571
526576
526580
526592
526597
526599
526608
526622
526648
526654
526666
526675
526681
526682
526696
526701
526711
526713
526723
526729
526732
526734
526735
526737
526750
526759
526762
526769
526778
526800
526801
526804
526810
526825
526837
526840
526856
526861
526867
526874
526877
526881
526887
526892
526896
526904
526912
526922
526933
526940
526953
526955
526957
526958
526968
526987
527002
527010
527012
527022
527023
527025
527038
527040
527048
527054
527059
527060
527064
527073
527082
527083
527086
527092
527096
527102
527112
527118
527134
527155
527163
527173
527181
527183
527194
527196
527207
527216
527219
527224
527229
527248
527250
527257
527260
527263
527264
527267
527270
527277
527283
527291
527299
527313
527314
527338
527342
527344
527353
527374
527375
527379
527388
527440
527446
527447
527464
527476
527477
527480
527486
527493
527507
527532
527535
527553
527554
527557
527558
527573
527578
527580
527584
527587
527603
527624
527628
527640
527649
527666
527691
527704
527711
527718
527733
527748
527752
527759
527785
527786
527791
527796
527822
527828
527829
527830
527832
527834
527844
527845
527846
527858
527866
527868
527886
527887
527897
527899
527906
527907
527935
527937
527961
527970
527994
527995
528006
528018
528019
528020
528030
528033
528046
528047
528049
528060
528062
528076
528080
528091
528094
528098
528108
528117
528136
528142
528147
528151
528157
528161
528167
528176
528197
528201
528213
528224
528230
528243
528257
528266
528276
528284
528299
528305
528311
528315
528318
528321
528331
528341
528344
528345
528351
528355
528358
528364
528374
528386
528411
528412
528425
528446
528448
528449
528452
528458
528462
528465
528467
528471
528493
528517
528525
528527
528539
528550
528555
528556
528562
528563
528566
528575
528582
528583
528587
528595
528600
528604
528621
528624
528631
528642
528654
528657
528667
528687
528694
528707
528710
528712
528713
528714
528720
528729
528738
528761
528764
528782
528786
528788
528796
528807
528821
528840
528849
528851
528866
528870
528880
528890
528892
528900
528903
528905
528906
528912
528915
528929
528931
528936
528937
528938
528951
528956
528957
528960
528961
528962
528966
528970
528971
528984
528992
528994
528996
529004
529016
529017
529019
529020
529030
529036
529041
529050
529055
529061
529065
529083
529087
529095
529097
529102
529107
529126
529136
529137
529139
529140
529151
529155
529159
529166
529179
529187
529188
529208
529215
529226
529227
529229
529234
529235
529240
529248
529258
529260
529270
529273
529277
529283
529300
529303
529308
529309
529310
529311
529314
529322
529340
529344
529345
529347
529350
529352
529355
529373
529376
529377
529383
529389
529391
529404
529409
529427
529447
529454
529455
529457
529470
529475
529490
529500
529503
529515
529522
529524
529529
529539
529541
529544
529545
529555
529572
529580
529586
529590
529592
529597
529613
529624
529629
529630
529631
529632
529649
529661
529665
529667
529668
529670
529676
529691
529698
529715
529745
529772
529780
529786
529787
529788
529800
529806
529813
529823
529827
529829
529838
529840
529842
529850
529857
529860
529864
529877
529879
529886
529887
529905
529910
529917
529944
529952
529954
529956
529963
529964
530001
530002
530013
530019
530030
530033
530037
530038
530047
530069
530082
530097
530124
530132
530160
530207
530211
530216
530220
530229
530242
530248
530256
530259
530265
530272
530282
530284
530285
530286
530289
530293
530294
530300
530313
530317
530321
530337
530342
530364
530369
530383
530384
530386
530390
530394
530397
530403
530408
530433
530439
530447
530475
530486
530497
530500
530508
530509
530520
530533
530543
530546
530551
530558
530560
530590
530592
530599
530610
530619
530620
530622
530629
530630
530631
530635
530640
530645
530650
530652
530653
530656
530658
530668
530670
530683
530684
530686
530690
530701
530706
530712
530719
530726
530730
530731
530743
530745
530750
530758
530762
530765
530766
530777
530781
530786
530796
530811
530823
530832
530848
530851
530869
530875
530876
530896
530899
530901
530903
530904
530905
530912
530915
530919
530925
530934
530936
530941
530945
530950
530952
530962
530966
530972
530987
530998
531014
531016
531018
531019
531020
531027
531032
531033
531037
531040
531047
531049
531056
531061
531069
531086
531092
531096
531126
531137
531144
531146
531149
531151
531153
531163
531172
531178
531179
531190
531201
531224
531234
531236
531244
531253
531264
531266
531277
531283
531286
531290
531299
531309
531324
531329
531331
531333
531335
531350
531366
531374
531385
531396
531423
531433
531441
531450
531453
531457
531459
531465
531474
531481
531507
531510
531512
531515
531532
531541
531552
531568
531575
531581
531585
531591
531594
531596
531602
531614
531633
531644
531645
531646
531647
531657
531658
531659
531696
531697
531715
531721
531730
531735
531739
531751
531759
531778
531782
531784
531796
531798
531803
531815
531816
531828
531831
531834
531844
531852
531855
531860
531861
531868
531875
531894
531896
531909
531912
531917
531928
531929
531937
531948
531949
531956
531960
531961
531963
531964
531967
531979
531987
531995
531998
532003
532007
532013
532014
532045
532055
532062
532065
532085
532106
532115
532126
532132
532137
532142
532159
532164
532175
532181
532188
532194
532200
532209
532211
532216
532219
532220
532224
532227
532234
532239
532245
532253
532260
532263
532269
532276
532285
532286
532295
532304
532335
532342
532355
532358
532376
532387
532390
532397
532398
532408
532411
532414
532426
532437
532449
532457
532461
532471
532482
532501
532503
532505
532527
532535
532552
532559
532565
532568
532577
532580
532583
532589
532595
532603
532605
532610
532617
532620
532622
532623
532625
532627
532633
532635
532644
532662
532667
532668
532689
532693
532695
532704
532710
532711
532714
532719
532732
532734
532735
532744
532748
532768
532775
532779
532787
532789
532793
532799
532809
532812
532817
532819
532856
532866
532867
532876
532877
532895
532919
532933
532963
532976
532979
532983
532988
532994
532998
532999
533003
533019
533022
533032
533039
533041
533042
533045
533049
533054
533055
533069
533079
533097
533106
533123
533128
533129
533134
533137
533154
533156
533159
533166
533173
533176
533197
533201
533217
533220
533222
533227
533240
533255
533258
533276
533283
533288
533291
533311
533315
533316
533342
533356
533364
533368
533377
533378
533381
533384
533394
533396
533402
533407
533408
533424
533434
533441
533449
533451
533452
533454
533477
533480
533484
533488
533494
533502
533504
533506
533508
533509
533512
533517
533519
533520
533522
533523
533529
533532
533542
533545
533548
533550
533551
533553
533568
533569
533589
533596
533601
533602
533603
533619
533625
533628
533633
533638
533666
533677
533682
533684
533686
533706
533721
533739
533742
533743
533757
533770
533799
533800
533807
533808
533809
533810
533811
533827
533846
533860
533869
533872
533888
533889
533898
533917
533942
533944
533949
533955
533957
533962
533976
533978
533988
533989
533998
534000
534016
534018
534024
534034
534037
534038
534044
534048
534060
534065
534070
534081
534112
534121
534122
534124
534127
534131
534155
534161
534162
534166
534173
534178
534189
534194
534195
534208
534210
534213
534220
534224
534247
534266
534267
534275
534292
534297
534314
534318
534323
534331
534332
534335
534336
534347
534353
534366
534373
534377
534384
534391
534395
534406
534412
534417
534419
534421
534426
534428
534440
534444
534448
534456
534459
534464
534467
534468
534484
534502
534511
534513
534516
534517
534533
534543
534554
534555
534559
534565
534573
534579
534627
534633
534637
534655
534656
534662
534676
534679
534681
534687
534694
534702
534711
534723
534733
534734
534736
534751
534763
534772
534784
534786
534787
534789
534791
534796
534801
534817
534829
534848
534849
534854
534857
534859
534866
534867
534876
534887
534889
534892
534894
534896
534898
534903
534906
534914
534915
534925
534926
534954
534959
534965
534972
534975
534976
534979
534980
535010
535013
535033
535042
535046
535049
535060
535099
535100
535101
535106
535113
535125
535130
535135
535136
535137
535138
535141
535143
535145
535160
535164
535165
535174
535179
535183
535185
535202
535211
535212
535218
535229
535234
535251
535259
535265
535276
535278
535282
535289
535302
535307
535308
535312
535313
535325
535335
535342
535355
535358
535389
535399
535403
535418
535422
535424
535432
535445
535452
535455
535460
535464
535467
535468
535483
535506
535514
535517
535519
535528
535536
535552
535561
535569
535580
535585
535588
535592
535602
535604
535617
535649
535650
535655
535660
535663
535666
535668
535669
535676
535682
535685
535689
535692
535706
535713
535721
535732
535737
535748
535750
535753
535768
535770
535777
535795
535808
535811
535817
535820
535842
535852
535856
535871
535874
535880
535889
535896
535898
535899
535902
535917
535928
535933
535934
535948
535961
535971
535981
535993
535995
536000
536001
536006
536008
536010
536023
536027
536028
536034
536041
536054
536055
536058
536059
536078
536087
536088
536095
536109
536112
536120
536127
536138
536145
536146
536149
536154
536158
536164
536166
536167
536169
536179
536200
536201
536214
536233
536237
536241
536244
536265
536286
536290
536312
536321
536322
536368
536370
536374
536376
536390
536392
536403
536413
536416
536417
536419
536425
536426
536428
536429
536437
536444
536467
536494
536496
536498
536504
536509
536514
536534
536535
536553
536554
536562
536570
536575
536589
536595
536603
536605
536607
536609
536619
536641
536648
536649
536653
536654
536663
536693
536707
536708
536711
536720
536725
536728
536738
536741
536743
536752
536760
536761
536776
536781
536782
536791
536795
536798
536806
536808
536827
536830
536831
536833
536834
536842
536855
536879
536891
536896
536900
536920
536923
536926
536932
536933
536934
536935
536938
536939
536949
536950
536960
536963
536964
536969
536972
536977
536990
536999
537002
537005
537007
537022
537027
537055
537064
537066
537069
537090
537097
537108
537124
537127
537128
537132
537139
537152
537160
537196
537198
537206
537211
537220
537222
537223
537231
537232
537235
537246
537255
537258
537280
537284
537286
537289
537293
537297
537300
537304
537313
537316
537326
537335
537345
537367
537369
537371
537376
537379
537408
537412
537417
537422
537424
537427
537441
537456
537470
537475
537479
537497
537501
537512
537513
537520
537526
537532
537540
537543
537548
537555
537574
537579
537596
537604
537608
537611
537617
537620
537621
537631
537648
537656
537667
537673
537685
537687
537689
537695
537698
537701
537710
537727
537743
537761
537765
537770
537772
537773
537774
537780
537782
537790
537803
537807
537825
537844
537857
537860
537864
537866
537875
537878
537879
537887
537889
537905
537909
537910
537924
537925
537939
537944
537954
537960
537962
537968
537986
537996
537999
538003
538005
538006
538007
538018
538054
538057
538064
538073
538092
538099
538108
538113
538115
538116
538120
538122
538126
538133
538163
538164
538167
538170
538175
538182
538187
538194
538198
538204
538210
538214
538223
538230
538235
538242
538247
538249
538250
538255
538259
538263
538270
538272
538273
538281
538285
538291
538299
538308
538319
538320
538330
538334
538336
538343
538344
538349
538356
538372
538380
538394
538398
538414
538420
538422
538424
538435
538444
538454
538463
538470
538478
538517
538518
538523
538534
538537
538544
538547
538555
538566
538574
538580
538581
538586
538588
538596
538604
538609
538615
538633
538637
538640
538643
538653
538661
538682
538686
538687
538690
538691
538693
538695
538701
538709
538721
538735
538741
538747
538775
538779
538798
538805
538809
538817
538821
538822
538832
538846
538857
538858
538859
538872
538875
538879
538887
538891
538912
538913
538916
538931
538934
538938
538963
538965
538973
538977
538979
538985
538990
538993
538999
539023
539026
539041
539051
539053
539055
539056
539068
539072
539075
539079
539087
539098
539099
539124
539139
539140
539147
539167
539174
539180
539189
539197
539214
539216
539233
539238
539242
539247
539251
539259
539265
539270
539287
539296
539298
539299
539307
539309
539310
539313
539317
539319
539335
539355
539358
539372
539378
539384
539386
539404
539413
539418
539419
539423
539430
539434
539436
539439
539448
539449
539453
539475
539476
539493
539494
539498
539507
539509
539510
539529
539535
539555
539563
539565
539571
539573
539575
539584
539589
539593
539596
539606
539617
539631
539632
539636
539640
539647
539653
539665
539671
539682
539694
539702
539710
539716
539717
539718
539719
539734
539737
539738
539746
539754
539760
539767
539787
539789
539791
539793
539797
539808
539819
539820
539830
539838
539844
539845
539848
539851
539862
539874
539879
539888
539891
539897
539904
539906
539920
539924
539926
539930
539932
539934
539937
539938
539941
539966
539967
539977
540006
540012
540027
540039
540056
540057
540059
540082
540093
540097
540098
540101
540106
540110
540117
540122
540133
540135
540160
540172
540174
540175
540180
540183
540187
540193
540196
540203
540205
540206
540207
540209
540211
540229
540253
540264
540270
540273
540275
540287
540288
540307
540317
540321
540326
540330
540347
540370
540372
540378
540384
540404
540428
540436
540439
540444
540449
540457
540459
540469
540471
540473
540479
540486
540495
540496
540498
540503
540520
540544
540547
540554
540556
540561
540567
540569
540575
540577
540581
540614
540617
540633
540636
540645
540664
540670
540679
540681
540694
540695
540697
540714
540716
540723
540728
540733
540740
540753
540762
540763
540765
540774
540775
540783
540790
540795
540799
540806
540807
540814
540820
540828
540831
540834
540840
540848
540858
540860
540864
540868
540869
540872
540873
540890
540892
540899
540912
540922
540926
540933
540947
540965
540970
540978
540989
540999
541010
541017
541018
541025
541027
541029
541039
541050
541054
541071
541077
541082
541085
541092
541105
541108
541117
541131
541132
541134
541147
541169
541171
541174
541197
541202
541203
541208
541209
541212
541226
541231
541251
541258
541267
541279
541280
541282
541288
541290
541293
541299
541313
541319
541327
541338
541343
541351
541353
541367
541374
541385
541391
541422
541429
541435
541439
541440
541463
541464
541474
541478
541486
541491
541493
541496
541506
541518
541528
541529
541531
541536
541538
541541
541558
541562
541571
541574
541580
541591
541596
541606
541613
541619
541627
541643
541676
541687
541690
541702
541705
541709
541712
541721
541725
541727
541734
541744
541764
541767
541783
541787
541797
541813
541823
541832
541837
541838
541855
541856
541859
541868
541870
541879
541897
541898
541900
541901
541909
541911
541917
541918
541924
541926
541938
541949
541950
541961
541965
541994
541999
542011
542020
542024
542027
542033
542036
542041
542042
542048
542054
542069
542070
542079
542081
542088
542090
542101
542103
542111
542129
542138
542145
542159
542160
542163
542165
542178
542180
542181
542183
542186
542200
542205
542213
542221
542231
542255
542260
542284
542301
542302
542312
542313
542316
542321
542325
542338
542343
542365
542374
542388
542412
542426
542431
542442
542443
542444
542449
542450
542452
542453
542472
542475
542484
542485
542499
542506
542509
542510
542514
542537
542541
542552
542570
542573
542576
542582
542587
542589
542591
542594
542605
542630
542634
542638
542643
542651
542658
542662
542676
542678
542681
542717
542718
542723
542745
542755
542758
542771
542777
542778
542779
542782
542786
542792
542799
542803
542809
542818
542820
542824
542832
542839
542853
542866
542881
542888
542910
542915
542925
542928
542930
542931
542933
542934
542938
542939
542959
542960
542962
542974
542982
542984
543000
543006
543025
543026
543027
543038
543042
543045
543057
543058
543060
543062
543065
543082
543084
543090
543093
543106
543112
543119
543155
543166
543181
543183
543193
543194
543200
543201
543202
543203
543215
543217
543218
543220
543231
543233
543263
543264
543268
543272
543275
543276
543284
543289
543291
543303
543310
543330
543332
543333
543337
543347
543364
543378
543379
543389
543393
543402
543407
543408
543411
543422
543423
543444
543454
543466
543469
543470
543480
543513
543515
543517
543520
543521
543525
543531
543534
543547
543549
543551
543552
543570
543573
543577
543585
543588
543600
543608
543612
543616
543617
543618
543620
543622
543635
543642
543644
543645
543657
543661
543663
543665
543672
543676
543678
543681
543684
543689
543692
543695
543697
543698
543706
543716
543717
543719
543728
543732
543740
543742
543747
543754
543769
543782
543790
543795
543803
543817
543830
543831
543833
543836
543838
543840
543841
543860
543869
543877
543881
543882
543895
543897
543911
543930
543942
543947
543961
543986
543992
543996
544001
544002
544005
544018
544032
544035
544044
544046
544053
544059
544060
544065
544089
544104
544107
544109
544113
544114
544117
544120
544121
544122
544140
544150
544156
544169
544201
544216
544220
544222
544237
544238
544240
544253
544261
544264
544272
544278
544291
544294
544299
544307
544312
544322
544325
544334
544351
544373
544384
544386
544396
544402
544408
544410
544414
544432
544451
544456
544457
544471
544475
544483
544485
544502
544516
544518
544522
544533
544538
544556
544561
544568
544570
544574
544577
544583
544595
544601
544607
544611
544615
544623
544629
544655
544660
544686
544687
544690
544692
544695
544701
544703
544705
544709
544713
544728
544731
544732
544737
544738
544780
544782
544794
544796
544819
544825
544826
544832
544850
544855
544857
544866
544876
544884
544893
544913
544921
544926
544933
544956
544968
544983
544994
545000
545002
545016
545022
545033
545039
545040
545056
545066
545071
545072
545082
545088
545108
545114
545116
545124
545135
545138
545145
545154
545155
545160
545162
545163
545165
545181
545187
545191
545200
545209
545213
545214
545220
545226
545237
545249
545250
545251
545253
545257
545260
545268
545288
545289
545312
545314
545316
545325
545334
545335
545351
545353
545361
545363
545370
545375
545381
545385
545390
545394
545405
545409
545441
545447
545491
545493
545500
545507
545525
545538
545549
545550
545556
545564
545566
545572
545573
545582
545583
545611
545626
545632
545651
545659
545670
545673
545675
545676
545696
545705
545710
545721
545727
545731
545734
545735
545753
545756
545791
545793
545796
545806
545812
545832
545834
545841
545844
545849
545850
545859
545874
545891
545898
545900
545913
545919
545920
545929
545944
545948
545950
545953
545978
545982
545987
545992
546002
546010
546018
546020
546029
546037
546041
546046
546052
546053
546056
546067
546078
546091
546093
546097
546105
546117
546124
546126
546130
546147
546148
546151
546154
546159
546160
546161
546183
546188
546191
546193
546203
546205
546210
546211
546212
546218
546222
546226
546229
546261
546274
546279
546283
546285
546295
546306
546307
546311
546320
546333
546342
546343
546352
546361
546366
546379
546388
546395
546401
546408
546412
546424
546444
546447
546463
546466
546473
546480
546494
546499
546515
546517
546518
546527
546538
546568
546569
546575
546577
546586
546594
546597
546622
546639
546642
546643
546646
546649
546651
546658
546664
546667
546670
546674
546677
546685
546686
546687
546691
546703
546708
546716
546730
546757
546765
546773
546782
546787
546800
546824
546825
546832
546847
546854
546864
546877
546918
546928
546934
546937
546940
546944
546952
546959
546965
546966
546981
546983
546984
546987
547000
547003
547013
547039
547043
547044
547052
547079
547080
547081
547082
547083
547089
547099
547130
547135
547136
547137
547147
547148
547154
547164
547165
547168
547186
547192
547196
547202
547212
547222
547224
547227
547229
547246
547247
547258
547265
547267
547280
547293
547300
547307
547308
547309
547315
547318
547341
547345
547348
547351
547352
547369
547417
547419
547421
547428
547435
547439
547448
547449
547450
547457
547459
547470
547471
547475
547485
547487
547493
547498
547503
547504
547509
547513
547524
547528
547532
547533
547583
547592
547594
547607
547617
547618
547630
547633
547635
547636
547639
547643
547662
547672
547675
547693
547703
547722
547726
547730
547738
547744
547745
547752
547759
547764
547767
547768
547769
547770
547774
547777
547794
547795
547797
547798
547807
547817
547827
547830
547837
547839
547845
547846
547859
547866
547869
547875
547879
547941
547944
547960
547962
547974
547979
547985
547999
548010
548011
548014
548020
548029
548067
548090
548109
548118
548126
548136
548153
548164
548167
548168
548172
548174
548175
548177
548179
548183
548184
548186
548198
548201
548209
548215
548223
548224
548240
548251
548253
548275
548278
548288
548293
548318
548323
548336
548337
548351
548361
548362
548363
548375
548377
548384
548390
548391
548418
548420
548423
548451
548452
548471
548485
548500
548523
548532
548538
548544
548545
548546
548548
548559
548561
548564
548583
548592
548608
548616
548644
548647
548652
548661
548662
548670
548672
548689
548698
548702
548703
548711
548713
548723
548725
548726
548729
548731
548732
548742
548755
548772
548773
548795
548802
548822
548824
548834
548835
548836
548843
548844
548845
548858
548861
548878
548879
548882
548889
548894
548906
548912
548913
548915
548926
548935
548936
548939
548942
548951
548962
548964
548971
548974
548976
549003
549017
549044
549048
549063
549088
549098
549101
549112
549114
549115
549119
549127
549133
549135
549166
549168
549171
549172
549183
549184
549188
549194
549199
549201
549216
549230
549231
549236
549237
549239
549242
549255
549256
549268
549284
549297
549299
549301
549317
549327
549330
549335
549347
549351
549361
549384
549386
549394
549407
549422
549423
549426
549427
549435
549442
549448
549450
549454
549462
549471
549490
549496
549501
549506
549508
549518
549519
549527
549532
549534
549539
549556
549559
549560
549563
549568
549581
549597
549599
549612
549617
549622
549626
549635
549639
549649
549650
549668
549683
549691
549713
549714
549715
549718
549721
549729
549744
549746
549754
549759
549763
549773
549780
549789
549797
549804
549810
549830
549836
549841
549845
549849
549866
549876
549886
549898
549910
549915
549924
549928
549932
549936
549937
549939
549942
549943
549958
549971
549972
549978
549988
550000
550007
550009
550013
550019
550021
550023
550028
550049
550051
550055
550056
550073
550089
550093
550103
550117
550127
550133
550134
550140
550147
550162
550173
550181
550221
550222
550235
550237
550239
550246
550258
550273
550277
550278
550287
550303
550306
550308
550311
550313
550324
550333
550338
550350
550354
550355
550359
550365
550369
550391
550392
550394
550395
550396
550405
550421
550423
550431
550432
550438
550444
550445
550449
550453
550455
550467
550476
550477
550478
550481
550512
550514
550521
550529
550532
550534
550536
550540
550543
550545
550552
550569
550572
550576
550601
550610
550617
550642
550643
550645
550652
550655
550666
550670
550674
550690
550702
550703
550707
550713
550719
550722
550726
550745
550746
550759
550760
550766
550780
550783
550784
550787
550805
550812
550815
550824
550834
550839
550842
550845
550853
550864
550870
550874
550911
550925
550934
550944
550955
550968
550979
550980
550995
551001
551015
551018
551023
551024
551031
551036
551042
551073
551074
551082
551086
551088
551099
551100
551107
551118
551144
551148
551159
551167
551169
551172
551175
551188
551189
551194
551197
551199
551227
551241
551243
551244
551260
551267
551284
551288
551299
551303
551305
551314
551315
551316
551327
551334
551336
551338
551344
551358
551359
551364
551372
551383
551389
551413
551418
551427
551433
551438
551441
551446
551454
551464
551466
551470
551472
551481
551486
551494
551507
551515
551517
551518
551522
551524
551553
551571
551575
551581
551590
551595
551608
551630
551631
551633
551647
551648
551651
551654
551657
551669
551676
551679
551685
551686
551701
551710
551713
551717
551718
551733
551735
551737
551752
551757
551763
551791
551795
551811
551814
551823
551829
551840
551842
551849
551858
551867
551868
551869
551877
551881
551888
551900
551906
551907
551910
551921
551922
551931
551936
551941
551944
551947
551952
551956
551957
551959
551961
551963
551966
551972
551974
551983
551986
551987
551994
551995
551998
552001
552005
552029
552032
552041
552052
552054
552061
552065
552068
552072
552074
552075
552092
552093
552110
552116
552124
552136
552148
552159
552163
552184
552186
552188
552198
552199
552204
552217
552221
552222
552234
552235
552237
552244
552245
552247
552253
552254
552265
552267
552272
552273
552289
552291
552297
552302
552304
552305
552318
552320
552330
552346
552354
552364
552365
552368
552374
552377
552380
552403
552417
552420
552440
552441
552444
552446
552453
552454
552461
552463
552467
552472
552482
552486
552488
552502
552504
552507
552510
552517
552518
552520
552532
552538
552545
552549
552561
552563
552564
552565
552569
552573
552610
552617
552623
552630
552636
552641
552646
552654
552657
552672
552679
552717
552721
552723
552744
552752
552755
552810
552813
552824
552826
552829
552832
552849
552851
552852
552855
552880
552886
552895
552911
552945
552947
552956
552961
552962
552973
552985
552990
553021
553025
553030
553039
553046
553051
553057
553061
553067
553074
553075
553078
553079
553085
553100
553116
553130
553141
553148
553149
553165
553166
553176
553179
553188
553201
553202
553209
553224
553232
553253
553267
553271
553280
553283
553284
553285
553297
553299
553304
553308
553310
553313
553314
553320
553330
553336
553346
553353
553361
553364
553366
553370
553373
553396
553402
553407
553413
553428
553436
553441
553442
553443
553446
553455
553482
553487
553493
553495
553498
553503
553505
553528
553534
553541
553546
553548
553554
553561
553563
553573
553576
553600
553609
553623
553633
553640
553660
553667
553668
553698
553700
553709
553735
553736
553758
553760
553764
553773
553774
553777
553780
553793
553796
553800
553812
553815
553847
553849
553850
553851
553852
553859
553862
553863
553865
553869
553871
553876
553879
553894
553896
553908
553912
553913
553918
553942
553954
553965
553975
553985
553992
553997
554003
554006
554010
554015
554021
554031
554036
554040
554059
554066
554067
554070
554081
554082
554083
554084
554085
554100
554102
554104
554106
554114
554125
554128
554138
554152
554154
554169
554171
554176
554182
554208
554215
554232
554238
554241
554252
554255
554271
554273
554275
554285
554296
554301
554302
554319
554323
554324
554326
554333
554335
554336
554341
554346
554347
554348
554354
554357
554360
554367
554373
554374
554377
554378
554381
554392
554398
554408
554410
554433
554434
554436
554445
554452
554459
554464
554488
554490
554500
554502
554505
554507
554518
554524
554537
554541
554555
554561
554564
554566
554582
554587
554598
554607
554617
554618
554620
554621
554625
554630
554635
554636
554643
554651
554661
554664
554665
554669
554674
554688
554689
554698
554706
554710
554711
554727
554729
554737
554740
554742
554743
554750
554752
554770
554778
554803
554809
554815
554823
554828
554842
554852
554854
554855
554859
554860
554863
554866
554875
554886
554891
554892
554920
554928
554934
554936
554943
554949
554950
554952
554953
554965
554980
554982
554992
555002
555015
555022
555034
555038
555045
555048
555066
555073
555074
555080
555088
555101
555108
555109
555118
555119
555120
555122
555131
555133
555143
555144
555156
555170
555183
555197
555204
555206
555211
555217
555227
555237
555239
555245
555254
555263
555265
555267
555271
555273
555282
555294
555298
555299
555307
555308
555309
555311
555322
555336
555346
555355
555361
555368
555390
555391
555396
555427
555456
555457
555461
555473
555475
555476
555506
555516
555534
555537
555538
555549
555574
555577
555582
555583
555586
555602
555606
555613
555615
555622
555625
555631
555639
555640
555648
555653
555654
555669
555683
555686
555696
555722
555743
555748
555755
555763
555778
555781
555794
555797
555800
555803
555808
555833
555843
555857
555871
555898
555904
555905
555906
555909
555910
555921
555932
555940
555942
555953
555956
555982
555983
556003
556005
556012
556018
556025
556028
556039
556056
556060
556064
556065
556067
556083
556086
556089
556091
556101
556108
556112
556130
556131
556143
556145
556149
556152
556154
556162
556176
556178
556185
556192
556202
556203
556205
556207
556216
556222
556246
556278
556279
556306
556332
556341
556342
556345
556349
556360
556363
556370
556374
556383
556391
556406
556417
556418
556420
556437
556453
556458
556462
556476
556478
556482
556492
556497
556500
556512
556516
556518
556527
556537
556542
556544
556545
556547
556560
556568
556569
556597
556599
556600
556608
556613
556616
556617
556620
556624
556636
556637
556641
556643
556660
556666
556669
556695
556698
556703
556707
556709
556719
556722
556730
556739
556744
556745
556746
556748
556751
556752
556758
556775
556800
556813
556822
556823
556824
556830
556833
556838
556843
556851
556855
556862
556871
556883
556886
556888
556892
556901
556938
556954
556955
556966
556969
556982
556983
556986
557016
557021
557023
557045
557065
557067
557081
557084
557102
557107
557117
557118
557122
557127
557130
557155
557174
557183
557188
557190
557191
557205
557219
557236
557245
557246
557249
557251
557272
557291
557308
557313
557321
557323
557324
557334
557335
557339
557343
557345
557355
557375
557376
557388
557394
557396
557405
557408
557422
557434
557447
557451
557459
557461
557467
557483
557490
557496
557507
557508
557514
557517
557527
557539
557548
557552
557556
557559
557562
557564
557567
557568
557578
557582
557586
557589
557595
557596
557625
557627
557628
557633
557636
557644
557648
557677
557679
557685
557694
557708
557709
557717
557721
557725
557731
557732
557746
557762
557768
557771
557783
557785
557804
557811
557812
557819
557825
557829
557830
557832
557843
557860
557869
557875
557886
557888
557896
557922
557923
557926
557944
557948
557952
557965
557974
557977
557981
557985
557990
557998
558006
558011
558012
558013
558015
558018
558020
558031
558036
558044
558054
558064
558066
558070
558071
558077
558089
558092
558104
558107
558108
558113
558124
558134
558137
558142
558148
558163
558166
558167
558169
558171
558189
558190
558194
558211
558221
558229
558234
558242
558246
558253
558271
558274
558278
558286
558291
558294
558317
558318
558348
558350
558365
558371
558372
558378
558387
558388
558401
558405
558406
558412
558424
558426
558444
558448
558454
558455
558457
558458
558498
558508
558510
558523
558528
558539
558542
558556
558567
558570
558577
558579
558581
558584
558587
558596
558602
558608
558611
558615
558616
558618
558619
558623
558633
558634
558635
558639
558642
558645
558656
558661
558671
558673
558678
558690
558697
558700
558702
558705
558717
558748
558759
558764
558766
558784
558786
558794
558798
558804
558808
558824
558826
558834
558835
558836
558839
558840
558845
558851
558860
558863
558864
558871
558876
558886
558890
558900
558910
558911
558915
558917
558968
558983
558992
559012
559037
559039
559055
559062
559079
559086
559101
559102
559107
559113
559127
559132
559136
559145
559159
559163
559166
559171
559184
559185
559186
559194
559195
559203
559209
559218
559234
559235
559247
559249
559252
559261
559267
559270
559277
559282
559288
559303
559306
559312
559315
559331
559350
559356
559358
559364
559366
559380
559382
559386
559388
559403
559411
559416
559417
559425
559427
559440
559442
559453
559454
559462
559463
559464
559470
559474
559482
559483
559484
559511
559522
559525
559527
559544
559550
559553
559557
559560
559566
559585
559586
559618
559619
559633
559639
559645
559647
559652
559656
559658
559665
559685
559720
559728
559730
559733
559752
559754
559755
559760
559762
559768
559773
559776
559778
559780
559790
559821
559830
559836
559837
559840
559859
559865
559875
559876
559877
559884
559891
559900
559902
559907
559908
559925
559935
559948
559949
559950
559952
559974
559986
559995
560004
560007
560009
560010
560015
560018
560025
560037
560046
560052
560054
560055
560064
560083
560087
560088
560108
560119
560123
560131
560135
560137
560143
560148
560150
560155
560158
560161
560172
560173
560202
560218
560222
560227
560238
560240
560254
560260
560262
560270
560282
560285
560297
560298
560309
560311
560323
560325
560332
560343
560347
560349
560350
560359
560360
560361
560365
560366
560367
560372
560373
560384
560388
560389
560391
560396
560409
560412
560421
560422
560427
560431
560436
560437
560439
560440
560457
560459
560463
560470
560472
560476
560481
560495
560505
560511
560513
560525
560526
560530
560532
560542
560544
560552
560555
560561
560563
560567
560571
560573
560576
560581
560594
560598
560613
560615
560620
560624
560626
560627
560630
560632
560634
560635
560644
560646
560660
560662
560675
560677
560685
560687
560691
560700
560704
560713
560715
560718
560723
560726
560744
560748
560753
560756
560757
560784
560786
560787
560797
560804
560809
560819
560830
560841
560850
560851
560858
560879
560885
560890
560891
560902
560908
560909
560910
560914
560918
560934
560943
560967
560969
560978
560989
560992
560993
560997
561004
561006
561012
561013
561015
561028
561037
561042
561046
561047
561054
561062
561066
561069
561082
561088
561101
561106
561116
561121
561124
561126
561131
561137
561145
561152
561156
561160
561163
561164
561168
561176
561177
561180
561186
561187
561190
561203
561214
561251
561289
561302
561308
561311
561314
561323
561324
561326
561336
561337
561346
561352
561354
561361
561369
561371
561375
561382
561383
561386
561390
561394
561399
561403
561406
561407
561411
561424
561426
561433
561437
561442
561453
561454
561464
561468
561475
561479
561484
561487
561488
561491
561500
561512
561517
561523
561527
561539
561543
561547
561551
561560
561563
561570
561576
561577
561578
561589
561590
561593
561594
561599
561616
561619
561622
561624
561629
561630
561641
561643
561647
561650
561653
561655
561658
561670
561673
561678
561692
561701
561713
561715
561724
561729
561731
561745
561746
561753
561761
561763
561766
561776
561780
561783
561785
561789
561794
561795
561806
561809
561810
561821
561823
561842
561849
561856
561864
561865
561875
561885
561888
561891
561901
561903
561907
561910
561913
561917
561919
561923
561928
561931
561947
561950
561953
561957
561962
561988
562008
562014
562015
562029
562045
562062
562063
562067
562071
562073
562075
562082
562084
562098
562101
562106
562123
562124
562136
562138
562139
562144
562147
562150
562155
562157
562160
562171
562174
562176
562192
562195
562196
562205
562217
562222
562232
562241
562242
562247
562248
562253
562257
562261
562291
562292
562296
562305
562308
562325
562330
562335
562341
562345
562347
562348
562356
562360
562377
562381
562388
562394
562408
562428
562433
562456
562461
562463
562485
562488
562495
562498
562504
562507
562510
562516
562517
562519
562523
562544
562556
562557
562558
562559
562573
562574
562575
562589
562590
562592
562593
562596
562602
562608
562614
562622
562623
562628
562632
562645
562650
562655
562664
562675
562677
562678
562679
562704
562708
562712
562735
562737
562741
562747
562766
562777
562778
562791
562801
562803
562805
562807
562817
562819
562824
562826
562830
562835
562845
562848
562850
562856
562862
562875
562876
562885
562895
562901
562906
562911
562916
562930
562936
562943
562960
562994
563009
563015
563028
563029
563031
563040
563045
563053
563056
563058
563062
563067
563070
563083
563098
563122
563123
563127
563129
563138
563160
563163
563164
563170
563175
563178
563179
563194
563208
563243
563257
563258
563264
563270
563271
563275
563279
563280
563297
563299
563302
563312
563319
563323
563329
563340
563355
563356
563364
563370
563371
563376
563391
563394
563396
563403
563424
563435
563437
563447
563455
563457
563475
563477
563488
563511
563514
563525
563535
563541
563542
563545
563562
563574
563575
563584
563592
563593
563597
563605
563606
563615
563617
563625
563628
563641
563645
563647
563651
563652
563655
563656
563658
563659
563676
563680
563692
563696
563697
563707
563711
563712
563717
563723
563727
563734
563739
563743
563746
563763
563767
563771
563775
563779
563791
563793
563797
563798
563839
563849
563858
563870
563871
563885
563898
563909
563912
563914
563921
563926
563927
563935
563938
563945
563947
563948
563951
563964
563985
563989
563999
564015
564020
564053
564056
564058
564061
564063
564069
564072
564088
564095
564098
564099
564118
564129
564132
564153
564163
564166
564183
564186
564187
564197
564198
564204
564211
564217
564226
564228
564235
564237
564240
564247
564253
564265
564267
564271
564276
564281
564283
564287
564288
564289
564294
564301
564302
564304
564314
564316
564328
564330
564332
564337
564339
564341
564349
564352
564355
564366
564382
564386
564404
564421
564431
564443
564447
564448
564449
564451
564459
564481
564489
564491
564493
564496
564511
564515
564530
564532
564552
564557
564566
564570
564572
564589
564596
564599
564602
564609
564611
564612
564627
564631
564636
564639
564643
564659
564676
564677
564681
564682
564684
564688
564705
564715
564721
564729
564738
564743
564745
564756
564781
564796
564799
564803
564822
564825
564830
564837
564848
564868
564879
564884
564904
564915
564931
564933
564934
564936
564950
564952
564957
564966
564976
564978
564982
564983
564993
565002
565004
565009
565018
565031
565034
565040
565041
565042
565043
565044
565047
565062
565070
565081
565085
565087
565091
565098
565108
565112
565115
565116
565128
565139
565146
565148
565149
565155
565165
565183
565186
565194
565198
565203
565211
565217
565227
565230
565233
565239
565243
565248
565264
565269
565286
565303
565310
565312
565313
565326
565330
565353
565360
565361
565367
565374
565379
565381
565387
565389
565395
565399
565401
565405
565424
565429
565435
565438
565443
565444
565446
565447
565459
565460
565479
565480
565485
565500
565501
565513
565518
565522
565546
565564
565570
565571
565575
565582
565594
565595
565600
565612
565613
565625
565635
565637
565670
565675
565680
565684
565693
565694
565699
565714
565716
565740
565746
565761
565767
565771
565777
565781
565797
565799
565805
565830
565849
565858
565861
565864
565869
565875
565876
565878
565886
565903
565918
565921
565938
565939
565940
565941
565946
565957
565971
565975
565986
565993
566012
566021
566026
566029
566032
566038
566043
566049
566051
566054
566060
566064
566083
566085
566088
566096
566099
566105
566137
566145
566155
566159
566166
566173
566175
566188
566201
566214
566234
566237
566245
566249
566261
566274
566276
566277
566278
566298
566301
566308
566319
566321
566324
566346
566355
566357
566364
566375
566377
566385
566387
566395
566414
566419
566432
566448
566450
566456
566488
566489
566491
566498
566499
566501
566512
566514
566518
566529
566536
566538
566543
566547
566550
566568
566575
566576
566583
566584
566591
566596
566600
566612
566634
566642
566644
566651
566656
566672
566681
566690
566704
566713
566729
566737
566746
566752
566756
566757
566762
566765
566771
566783
566785
566798
566823
566824
566828
566837
566839
566844
566849
566855
566876
566886
566897
566908
566911
566927
566931
566935
566938
566941
566945
566955
566969
566975
566979
566984
566988
566992
566993
567000
567008
567013
567036
567037
567057
567076
567079
567082
567085
567091
567106
567118
567121
567124
567135
567142
567145
567149
567161
567171
567199
567205
567208
567219
567220
567224
567240
567254
567268
567274
567276
567278
567287
567288
567301
567304
567305
567308
567318
567320
567329
567332
567337
567340
567342
567346
567357
567363
567368
567384
567389
567396
567430
567439
567448
567486
567488
567494
567518
567530
567536
567552
567557
567562
567566
567571
567572
567578
567609
567630
567636
567637
567644
567645
567652
567655
567657
567663
567665
567671
567678
567683
567686
567706
567708
567713
567717
567721
567727
567754
567755
567764
567768
567780
567789
567793
567797
567812
567827
567836
567838
567847
567858
567877
567881
567901
567916
567922
567935
567944
567949
567964
567972
567973
567976
567982
567989
567997
568000
568001
568004
568009
568023
568034
568050
568062
568064
568068
568076
568089
568090
568098
568101
568107
568112
568113
568115
568116
568117
568132
568135
568137
568139
568143
568148
568154
568155
568171
568174
568177
568179
568187
568202
568203
568205
568208
568210
568216
568243
568259
568265
568281
568288
568308
568309
568311
568318
568325
568333
568357
568358
568369
568378
568389
568393
568398
568403
568405
568417
568418
568420
568426
568428
568432
568446
568448
568454
568459
568461
568462
568469
568471
568492
568502
568505
568507
568508
568549
568554
568555
568557
568559
568560
568566
568572
568587
568597
568599
568604
568611
568623
568630
568640
568647
568653
568658
568660
568668
568677
568686
568687
568689
568707
568717
568725
568731
568744
568762
568765
568790
568810
568816
568830
568840
568846
568854
568869
568872
568873
568878
568879
568880
568882
568883
568884
568886
568893
568895
568925
568947
568948
568952
568956
568961
568962
568972
568974
568979
568984
569001
569017
569021
569037
569046
569050
569062
569069
569075
569081
569143
569148
569158
569174
569177
569190
569196
569203
569205
569223
569234
569242
569251
569255
569264
569272
569274
569294
569298
569301
569308
569310
569314
569319
569320
569322
569332
569341
569347
569353
569363
569379
569401
569414
569431
569432
569433
569437
569442
569449
569450
569452
569459
569479
569484
569492
569505
569511
569520
569526
569533
569535
569536
569543
569550
569553
569560
569561
569567
569591
569592
569602
569607
569613
569618
569652
569678
569683
569703
569706
569716
569723
569725
569729
569742
569747
569758
569767
569768
569769
569774
569775
569783
569795
569816
569827
569839
569841
569849
569850
569862
569865
569866
569867
569872
569878
569887
569889
569893
569901
569919
569926
569941
569946
569958
569969
569987
569988
569989
569996
570001
570013
570015
570016
570019
570022
570023
570032
570037
570039
570060
570066
570069
570075
570078
570085
570092
570094
570101
570107
570111
570116
570117
570128
570138
570141
570179
570188
570203
570205
570211
570225
570255
570263
570268
570275
570280
570285
570297
570307
570316
570317
570338
570343
570344
570346
570353
570358
570360
570381
570385
570386
570390
570392
570406
570407
570410
570412
570416
570430
570436
570440
570457
570458
570460
570465
570474
570477
570486
570503
570512
570515
570518
570521
570522
570538
570542
570543
570545
570548
570560
570567
570568
570574
570579
570581
570588
570594
570601
570602
570608
570620
570624
570628
570629
570632
570643
570656
570659
570678
570680
570694
570709
570714
570719
570721
570738
570741
570760
570768
570773
570775
570781
570783
570786
570801
570805
570807
570810
570817
570822
570824
570826
570848
570856
570857
570866
570870
570874
570876
570890
570902
570917
570938
570942
570945
570947
570951
570956
570963
570968
570978
570981
570998
571012
571029
571034
571038
571039
571048
571051
571059
571078
571105
571125
571141
571146
571149
571157
571158
571160
571168
571174
571182
571185
571193
571198
571199
571236
571237
571244
571245
571246
571263
571275
571311
571318
571334
571342
571343
571351
571355
571361
571364
571366
571384
571385
571389
571392
571396
571405
571407
571427
571443
571448
571449
571450
571451
571462
571485
571499
571513
571516
571544
571548
571554
571563
571564
571572
571575
571584
571603
571610
571618
571627
571628
571633
571635
571636
571638
571640
571644
571648
571653
571654
571657
571658
571661
571665
571671
571673
571677
571696
571702
571709
571719
571721
571737
571738
571745
571746
571747
571750
571764
571768
571773
571779
571780
571786
571790
571791
571792
571797
571799
571805
571821
571823
571825
571834
571842
571847
571848
571858
571865
571867
571876
571881
571886
571887
571895
571906
571916
571920
571925
571929
571931
571946
571950
571970
571978
571989
572001
572008
572012
572016
572036
572042
572046
572061
572063
572081
572084
572089
572090
572095
572108
572109
572110
572125
572145
572147
572171
572172
572173
572174
572178
572179
572180
572181
572182
572194
572209
572210
572215
572226
572229
572233
572245
572252
572254
572260
572270
572276
572282
572284
572295
572296
572301
572308
572310
572326
572341
572347
572348
572352
572354
572358
572362
572370
572383
572391
572401
572405
572411
572413
572426
572427
572439
572441
572453
572456
572467
572469
572477
572495
572499
572500
572505
572508
572510
572525
572526
572529
572533
572543
572544
572550
572554
572561
572565
572571
572572
572575
572584
572586
572587
572592
572604
572608
572611
572615
572663
572665
572680
572689
572724
572725
572732
572734
572737
572745
572749
572751
572754
572756
572765
572767
572769
572786
572789
572790
572791
572795
572801
572802
572807
572811
572814
572825
572826
572830
572840
572850
572865
572879
572884
572889
572897
572902
572907
572909
572926
572937
572949
572958
572960
572965
572980
572993
572998
573018
573044
573046
573052
573058
573063
573065
573072
573085
573087
573088
573105
573107
573125
573132
573134
573142
573146
573149
573165
573166
573169
573179
573191
573195
573206
573209
573214
573223
573225
573241
573248
573252
573260
573284
573286
573287
573297
573300
573312
573314
573320
573341
573349
573357
573360
573363
573395
573401
573430
573431
573453
573476
573482
573485
573501
573513
573529
573533
573536
573549
573565
573568
573570
573571
573584
573605
573611
573620
573627
573635
573640
573647
573651
573659
573667
573670
573686
573704
573714
573724
573725
573744
573750
573753
573759
573762
573764
573770
573775
573784
573786
573791
573795
573807
573815
573819
573823
573827
573829
573841
573843
573854
573855
573873
573874
573877
573881
573882
573892
573894
573896
573898
573913
573920
573924
573930
573931
573947
573949
573953
573954
573956
573958
573962
573967
573968
573971
573980
573981
573988
573995
573997
574009
574014
574034
574037
574052
574063
574069
574076
574077
574087
574094
574095
574103
574106
574108
574116
574132
574135
574138
574140
574141
574145
574154
574155
574178
574184
574203
574211
574213
574215
574216
574217
574218
574227
574236
574242
574244
574248
574271
574277
574280
574282
574299
574332
574343
574350
574356
574357
574360
574368
574376
574404
574411
574413
574419
574420
574424
574430
574453
574454
574455
574456
574460
574461
574462
574487
574492
574497
574506
574507
574525
574527
574537
574538
574541
574549
574562
574563
574590
574599
574605
574619
574623
574633
574635
574645
574648
574654
574666
574667
574672
574673
574675
574678
574692
574696
574697
574703
574706
574717
574722
574731
574735
574739
574755
574757
574760
574769
574775
574776
574783
574784
574790
574792
574804
574805
574808
574812
574825
574829
574837
574839
574845
574857
574870
574882
574885
574940
574951
574953
574955
574957
574961
574964
574977
574986
574988
574992
574996
575006
575008
575012
575017
575018
575020
575027
575029
575049
575051
575052
575055
575060
575088
575096
575110
575119
575133
575135
575156
575163
575164
575174
575176
575191
575194
575197
575198
575206
575220
575222
575227
575230
575246
575252
575254
575260
575267
575273
575274
575280
575284
575287
575293
575303
575305
575307
575310
575319
575323
575331
575343
575348
575349
575351
575355
575361
575367
575389
575391
575395
575405
575406
575410
575417
575419
575421
575428
575432
575437
575441
575459
575461
575465
575476
575487
575490
575498
575519
575526
575534
575535
575544
575574
575577
575584
575589
575590
575595
575601
575610
575615
575623
575627
575628
575631
575637
575641
575644
575648
575649
575652
575664
575675
575691
575701
575702
575711
575713
575719
575733
575743
575751
575753
575754
575756
575761
575768
575772
575792
575816
575823
575826
575834
575835
575837
575839
575842
575860
575867
575873
575882
575897
575900
575901
575904
575915
575921
575922
575929
575931
575933
575938
575946
575949
575955
575961
575964
575971
575978
575980
575997
576001
576010
576012
576015
576040
576045
576047
576059
576063
576067
576072
576082
576084
576085
576089
576098
576128
576136
576138
576155
576158
576187
576188
576204
576218
576222
576225
576233
576237
576239
576247
576248
576253
576286
576305
576322
576363
576369
576376
576385
576386
576389
576397
576399
576417
576427
576431
576445
576449
576457
576461
576463
576468
576500
576517
576518
576526
576527
576530
576539
576582
576589
576593
576598
576607
576612
576622
576625
576629
576630
576634
576650
576652
576653
576672
576675
576676
576678
576684
576689
576700
576702
576704
576705
576714
576732
576733
576749
576752
576754
576759
576770
576771
576776
576780
576789
576792
576803
576810
576816
576817
576820
576827
576849
576855
576857
576869
576871
576875
576877
576879
576883
576886
576895
576896
576905
576931
576938
576946
576949
576963
576966
576973
576981
576987
576993
576994
576996
577022
577024
577030
577033
577035
577036
577051
577052
577072
577073
577076
577077
577079
577083
577087
577091
577096
577118
577122
577125
577126
577129
577148
577160
577161
577169
577190
577196
577197
577206
577207
577213
577219
577225
577239
577240
577246
577265
577270
577275
577277
577278
577283
577310
577343
577344
577351
577358
577362
577373
577377
577378
577380
577398
577399
577403
577411
577416
577421
577448
577464
577484
577507
577513
577520
577522
577544
577556
577558
577582
577583
577586
577589
577590
577592
577608
577613
577614
577632
577637
577640
577651
577653
577654
577657
577659
577669
577685
577710
577712
577717
577718
577725
577744
577758
577759
577762
577766
577783
577787
577811
577817
577819
577826
577830
577835
577840
577843
577850
577858
577866
577869
577870
577875
577876
577877
577879
577880
577891
577893
577907
577912
577924
577925
577928
577929
577934
577939
577940
577946
577953
577964
577975
577979
577980
577982
577995
578002
578005
578016
578023
578026
578030
578031
578037
578041
578055
578056
578060
578063
578070
578072
578089
578092
578094
578099
578103
578107
578108
578119
578128
578130
578131
578137
578168
578169
578171
578174
578184
578197
578210
578215
578226
578227
578231
578233
578237
578250
578255
578261
578270
578292
578294
578295
578307
578308
578317
578326
578330
578331
578332
578334
578337
578341
578343
578344
578345
578347
578350
578356
578362
578363
578369
578375
578387
578391
578396
578427
578441
578449
578453
578459
578466
578467
578484
578492
578498
578501
578506
578508
578513
578519
578521
578522
578523
578525
578533
578553
578567
578570
578572
578580
578596
578597
578620
578626
578627
578632
578650
578651
578655
578663
578671
578675
578683
578698
578703
578705
578707
578710
578713
578714
578718
578736
578737
578751
578752
578766
578769
578770
578775
578776
578780
578788
578789
578793
578795
578805
578807
578808
578813
578821
578836
578841
578843
578846
578848
578849
578856
578861
578866
578878
578884
578888
578890
578892
578900
578903
578915
578918
578924
578945
578961
578962
578972
578974
578984
578986
578990
578993
579000
579003
579008
579016
579029
579036
579042
579045
579051
579053
579056
579060
579065
579073
579081
579095
579101
579103
579123
579127
579136
579137
579138
579144
579145
579165
579170
579179
579184
579191
579192
579201
579215
579226
579229
579231
579232
579239
579240
579255
579258
579260
579261
579267
579271
579277
579294
579299
579303
579312
579325
579329
579332
579337
579362
579382
579386
579395
579404
579414
579415
579418
579419
579438
579440
579446
579457
579461
579462
579466
579468
579471
579484
579491
579520
579524
579533
579543
579548
579571
579576
579589
579591
579594
579602
579604
579614
579623
579648
579659
579663
579666
579667
579673
579680
579696
579697
579713
579716
579729
579731
579735
579736
579739
579751
579752
579757
579758
579759
579760
579785
579798
579802
579813
579814
579815
579822
579846
579859
579862
579883
579891
579899
579901
579906
579918
579920
579925
579926
579937
579938
579947
579950
579952
579964
579995
579997
579999
580000
580002
580008
580026
580027
580033
580041
580051
580052
580057
580082
580104
580108
580117
580120
580137
580146
580172
580185
580191
580212
580216
580235
580238
580248
580257
580264
580274
580277
580286
580304
580306
580315
580344
580345
580374
580381
580382
580388
580390
580396
580408
580414
580434
580454
580459
580461
580466
580487
580505
580507
580512
580523
580539
580541
580542
580543
580549
580555
580562
580586
580591
580607
580608
580609
580613
580620
580621
580625
580631
580651
580660
580668
580678
580685
580695
580704
580706
580711
580720
580732
580741
580753
580778
580781
580785
580791
580796
580797
580813
580825
580827
580829
580837
580842
580843
580847
580849
580850
580851
580856
580862
580870
580887
580905
580906
580908
580913
580919
580930
580933
580942
580943
580945
580953
580971
580972
580974
580978
580979
580983
580986
581008
581009
581010
581018
581022
581031
581033
581036
581040
581055
581056
581057
581061
581065
581071
581073
581081
581091
581096
581097
581108
581118
581124
581136
581177
581181
581183
581189
581198
581199
581204
581205
581226
581227
581233
581245
581256
581258
581277
581278
581282
581283
581293
581297
581310
581326
581328
581348
581351
581354
581356
581391
581393
581394
581396
581401
581409
581415
581419
581422
581423
581425
581446
581450
581451
581458
581486
581495
581496
581499
581501
581507
581513
581518
581539
581542
581557
581560
581563
581569
581571
581572
581582
581593
581605
581629
581632
581637
581654
581657
581667
581670
581674
581683
581697
581709
581715
581719
581732
581736
581738
581744
581770
581789
581795
581797
581827
581831
581839
581857
581860
581880
581881
581884
581886
581887
581899
581900
581903
581904
581906
581921
