@0
7002b0007000b0007000500070001000
0201004000600010000c001400180028
00180028000014000000000900004123
@4
7002d800700050407000504070005020
0102006000600060000c0014000c0014
000c0014000026000000001200000113
00000001000000000000000000000000
7002fe007000f0007000f00070005000
0206004000400060000c0014000c0014
000c001400000e000000000600000011
00000002000000000000000000000000
70031a0070013020700130207000f000
03040080008000400006000a000c0014
0006000a00004a000000002400001113
00000003000000000000000000000000
7003f80070013000700130007000b000
01040080008000400006000a000c0014
0006000a00000a000000000400001011
00000004000000000000000000000000
70040200700150007001500070013000
01080040004000800006000a0006000a
0006000a000012000000000800002011
00000005000000000000000000000000
700414007001a0007001a00070019000
0202004000400020000400070007000d
0007000d000026000000001200000123
00000006000000000000000000000000
700460007001d0007001d0007001b000
01200020002002000003000500030005
00030005000242000000012000000113
00000007000000000000000000000000
7006a20070026000700260007001e000
01100020002001000002004000020040
00020040000022000000001000000011
00000008000000000000000000000000
7006c4007002a0007002a00070027000
0102002000200020000a000800140010
000a0008000026000000001200001113
00000009000000000000000000000000
7006ea00700150207001502070015000
0102004000400040000c0014000c0014
000c0014000026000000001200000113
0000000a000000000000000000000000
@100
a68246901767829bf29907794b836060
05a7fd638765e59aec3d4478ae082155
7d8a81b7a2511547561daa0d3b23aa98
d9b3007af12435efa25e8a7914299b51
d4066174de27142c9b3db2f3053c93f5
095f9e93952b11ebb844df3f30e9daa4
8578d8a804e34eb2b73656e62d2f1e4f
154e35eb43c9c4fedc566a39f43a6460
8d597897b3c1da2501c24abe4a52e054
49ac2295da9859181595847c2930b94f
1e5c4028729fe64a885b59b9f005e36e
7d4fca43580543771f6b65f58d508c95
a9a6697e9ac756b763cb12bac2ecc826
50f87dba499ead641f31b7a2c2629875
47bf6578d3b9a92274e8a674340825b8
158dcaf74bdd4933e7ece5b1a28ced98
eacaac5a28c53b9b3602eed9699d3970
92440e089873b5610c2be36955aa9750
d518bb0770ec584ec8c07fe8aff00007
d0ebd164e195ea89e0b003a79af0147a
ab0f7dcea6eb011cf29efd6c89230fd9
b6bfe42f017566f21b68e5577c2ad02b
50e1bb4721079962580baa370ad12875
1ef34ec3393109ae2db2f32b69379398
4b23c1b573f3c03e3baa272de96dcfdd
d823199bda4ad7d35e84b3cd0895942a
8a0a72a1882ea06df7913f4440563571
9cd52524d86cb6a76062fc2f2e00a07c
62b7c2a3ac494e605e6038c9d05b2732
ca88ec8c6a280a553c8395d8f5952a9a
5ee7b2908347955d933eb3bea5a8953d
6569367b5fafdee72f753411897c9621
c35af6a5cce5bf889fa239ed6718825d
0f44162a871949e31b48e19aff68aaa7
8f518a9fb105c328347b001edcbcc060
3e4a915d809c6d444614602ea84886c0
fd0185b1214fc241a115da7f05d40349
0060acbd3dd830f3b6926d3033010be6
3127f3431dae4684f2a40c4bdc34d782
038ed764333aa74cc25442ac6848c8c9
c6295d41c6a0f66bf8a7656739cb5cdf
ab6e3f464daea77784392ae27658cbed
20c0ab33fe92db0dfe3542e0cf4725fc
5d8dd2dbebaafba19744d4ce1d4a204f
e6cc7752e8bba6be7bbb7fe204fd9894
3f9691ce5f1154019e220dd8631ae61c
8023ce8d71b20ec85795c40a1e8464c8
d84bc122ceb0c39f237fac7231d75720
a68695aaf28d6b74fd782cdf4d25f1f0
778ef810ec58ef69b7fc66ffd15dcbaf
8b033b1603ef1e67e93601fd3616772f
2940180faca8fc206540327b9f86bf3c
552bd27e582845e60e6cf60c93228d9c
d4a9a784c9fff3b50ad1e71eefb28bfc
7ac37061b6971463d42d6c4feced14a5
3cc569d5ca8877f1179dde1a6d5095e1
ba12cede3e913645f881211f24721991
9eb8d69356ab6ed32bbb233a5cdbdeb0
bf508c2453f9f3fe9ad567e93562c7f6
5f0b525e4203d52aa8c8477649778cc6
fb9f3a75b36941d7e9ddec78cbfb220c
c35f88cabd4dae749506a43c23c5411f
aea7a9928836c3ef0dbe53ecf2f7584e
4d60f9407cc9f8f48f0adfdf5f0d0c77
84ec981af49969f35257897161a1e6ef
1f8b5387be3607dbee23e8b369f2450f
8b641548bfbc3b5b6c982d7a4127402f
12f90266ca2914ab8aebbbe3403a7eca
7ee941aa037770ca584609ddc74c49dc
63ca1dadfdcd2ca8a3996f510f08aba2
56cbc33640846a1453098dfb15aa49a2
9bd3ec04ce2eae7087dfd1f35170fcb8
7725222c468e3a8b05f75264696284bf
b71191aa7bace6c8f1140a236b25aba3
7fcda830d4d40d9cd4ae8432859a66db
610ff1fed8f5f186bf0e77bb0e641aaa
c6b27dd6d8233fb7c30a4c2de9331e98
978c86b18628d8f6fb65804355d12d16
b58b324544ee514a80697a0582d19eda
f61d84614cbe69df88fb60789eb8b398
f8d6490c4c4e750a41e5146a2299e866
b2a32e2f9d3a8fc124fd280b65eee57c
029330023dd124f7274d53bd866c4157
cec2558d0e481ac28ad3389091393adb
a7a6bcda626d7cfddd8cb41fcd3c2fb1
af73e0ee3367cbaf72a53b6b87c8108b
981ebb2e3fde71e41ac7141835fed114
e4d9c821757a42e2884cf25e29954a10
8d806b53806ca790111c2d6314d2b78d
bb1d6b4bff3ab86625b29948c57ae487
dfd608de5b8e1eddf3c37fe7aedb785c
608180f93a5d9af35ac20f5547c77466
93a8371613453ef6012df301f983576b
0308808a5bace9f1f53b7fe974c4cea9
16c10e1696dba02a6c8a79627842f806
446051f0707141399c272638e811c1ad
ab2a2c6ae2c1229ac5fa895b1c17e2e6
c71162fb47d33352c735c5b61e737d0d
c248b6b47ecbe5769fa11bfee2c111dc
bd08dbadbcacd21154d0e0f73f60ed67
7c007f6cd602f4d7765b5185fa15896d
1f6d9fb75bc210fbae076cfd1477109c
ddfa3e5920ecc693a3715661dfb0bc57
dd4688d890f7304c4f5333abd2f392f3
c9860b0a78fcb5a20fb4d4f7417e5626
52cc927e507c53566766c89a80c0d274
54be345432ff78640c06091ba5e55ba4
4696a8aa4083a3c30dd12c61303d5240
22ba772198de2061de3334a60ebbfb68
0a4f381a7cf0efb28e420d0d8c201e61
7293d1242584f76524ba66da37b4e787
80d6248768a2e9741191f0f3130165d1
755d75e2a673539298a2cb233bc3b2ab
9bd7707d3588c62f67c65529d9c7d173
453e146288dce16494d0062b5fa0b8e1
2fbda8042e37d4d0c56035ad7d362281
d345b6e7ce607b6a65670fcbd85bfbe1
73a58a06e27c8f0514301028ba2a0f37
5a6a936f5667f44056f61b9b0dd0a474
5b68a4928d43c523a5399a1323cf6db9
6b4e8909f1abd0cffc717753a8d325d3
94f143550b6a991d840c5cb3f548cec8
dd5f27bb9c210fee7f8edb89016ed844
d837fb62171107f3ede9ea29904a1389
341ace64fb1eaf92646c2ae56e060155
4d252c607c1eebceb487fc82ab8c9936
6301008717a704a8daba3792ae695b2a
9257b11fa8d73997151d73f58318eb40
c8748e7954160cb66106279848e36111
e3c706a5397847996e7f8b41474ddd04
fb93dddf5ea59bc502814f326edb2da1
626b00dbbae0e84df16e830e3e1660ab
0c8dcb815c6270cc5696084b254f304b
cb17ecb1e5d9abd09a71fc7054ab0831
37243474c35fc552d5ca31fb0170bba2
a838f1376f46b6f4e577886e27f186a1
c330c758b8adb8a222180ddeb486c8fd
ddbad81ffcba2cd1a1fc9bee6de32549
bce0b8191b798cdee79bdead87716184
018a84244e0c31282860dfa58b0bbe55
9a36fe5fb22d6f0a81208d42e300ffb1
be3a5574cf14a17a896e9aa1cba9f5e1
a8fa86b92efd23392a3ddf4bdf7e85db
ef7c88f805705f581d1833cd2a4e2047
640df484f77454158f6ab2ee05db4d72
9699829b4751c7c3350b4f7eeefafb7b
a88036bb071862cc63a76f22e6ff6f33
6ef9426e1020751ca2030a0e2de1385a
f5c516eb1cea9d65cbf23f712733284d
02c6508a649ccb15adae22777274b55a
d72c07994cbf088e4b80e1c5876325db
f889f2532dde2bd648ac82ef713d646c
ec4a88c4f44ac2e8d42eb73340b7e549
9826408264c1c45b73d584127d4e101f
f0a1b2e41ccc36a8d691ece6132134c6
a1b84990a38f9b6fed5e8c3dc3d67346
b40b59990c402c43eb056bd2c8b352b7
08e4de14dc192df34a5c9a13206dc073
94b6fe4d9657331998352005311a5f0a
84fbbec63b032492f98c09b9f90e759a
dfbccd8328de395f73607f7d61e36ab7
39f647a83c8d65f5bb3f848f446b8044
2d13b3741e130c30dc3559b871bce8d3
578ce4ed47e02558091a962579e90a06
780d6b8a9983279d9b33bfdada429596
6ee29a13dd80179d17720cae59973601
e0756997a50a9166f6c7514e70343288
47fec7fde287fa59d58e0ba26767ecd3
563d30851eb1567b2ae734397b7e0712
b0fa6c55edc295c778c6fe2ee99fbfc7
843382b18e24885f57bf09eb381197dd
549ba945b08b0ea52a8ffe4d7d99aa24
14424f14279b84e7fd418cbdb01cee3a
437ad05cecfaa960e9de586cf02af02a
6c79e93ed2dc2705b1f379fa28a6f2c4
6a29f021b6bd09cb96cb239bcd0bfd6b
74f724e16ea90d24505f41b7e8d20f34
5c07ef6e58a6c50c96088f6f07dafd3b
97e1aaa3450cfa2b706bd5c526094f9b
9dfa4e26118e012c2bbf60a7aa1cfee7
1368a5b895976c6bb3117f789bf997f9
97b9c7268967b02826b6a6cf1745f5f6
0cb47fcf249cb98f875056b5f2a7e908
7f4e6a3baf28a257b3581e81eb062d25
43c7038f915da5b25885b1988fb7eb55
66f8fee2e6e10a08b0213cd2245c2596
0ecea343e7f30a7c7b794e9739ceb6b7
9400caf87703b8dbd082f46a72de59ff
db51f2905b02f402c3929ec9d8aabf8e
c4717850a3038afe69adc60044f3a8d4
08abb70a2f5f38e0b0da97874c03b220
b7a6479091eeec85f70d102cb362082e
2f5d1d8ff8ed26bab0fbe04dcbb686b1
b4f31903f77f255ce8d15227c281df74
7f6a649d2c40682e5d0892b52f247c70
556cd615ed95cfa23d7a9acb307d9441
f7cb88d4ec8f2b4a624f19cb4930c1a6
50bdedc447874ed562e5c526fd70a4be
f5456faac94687aa001384dafd77afb8
2e14ea4cd357a9b619ae45cf4f0c5ab9
3676cf6f62df8542d876ad95e60c149a
cb4232677cf7bf09d6a2785271c30adb
10d550c1243a8d534fba1a3c899ef789
fdf1a618ac8633255ba63e1d7b06b3b5
39e1cc57ea809b892ded7c57a08912a5
752ad28c51d661108275a735d81b87b5
831fbb7a40de1bc4f9bab1ca8b4ae114
bde3cbca173c9565820da9e5a92eeaad
7fb82b158a2447f5d736d93df4dae84e
a13d84f7461f85351175bbc82fe312c3
005dc8978ab9e002be026bc3017521a7
ee58884c41ec3e9a6c33d7507ad8f682
0a919a746293e9ecca3253f2cab46a46
7fecc7cda2d3eb69c17855ff5e642beb
df902b0fda92c5502b68837805e638c6
9e0bdcc729256f249d75321570626a35
5f4356013686eec67904655edfeb073d
9bfa349f383347b8cd0b1621fb34f72f
daa7eeaab91ef970189be63eb87405c4
8f6c015596f933bb3b28c7e35e2515be
14dae73dda142d36ee150aaa8ae41e1e
45c9226f5c1119489ad47df7ad4c396c
158e7b646a2cd3179639fb1b49ada921
30513f05a401a9943efc49117f4ed2d5
df3ccfa95aa6fc82e4e4097c47faa710
1213ff983cc70df7d3e92650d093d308
8a6b8cc20e67b6a73cea91ba8862bffd
7ff1f56b994d16e39746a7012dd372aa
2f3d1fa18f3f408160fa941dab719052
984aa66781e89669d01d0906c6a02471
3ee8cd1a9f94d92d845741371b88c155
612cc3c0a626646c8650903e5773f31e
30c054d76d7acdee1e5b264057e93fa0
08ad3b17f20f29f453dab9592f17b4fd
48edd49d4aa86b4f3cce0f6f880690cf
93717d4acd20e3602873436e1a834933
85bdd44f804c788ad889e5f4073fb9b9
c27595fa2771b037e53e429c33e656ca
35f17a261a05c4e3f509f22b0b916870
0a7bca12eb8a0e30bf0398c658e0b180
6032c65ebc809da9f9148b9f1c03c12c
714b701a85ae0e36360e944e73995b07
629e29261a1e1534ed3222c2b2894c30
2baa5a6580a74c7f8a7ed2ab4b6c4ee5
c18974d2c7fd4f027abfc897ebd86940
a081b5a7cea43b39f17cf80825617113
45464e4a152e301d6dc42b98a49850df
0061a35a0e88fa00b86662c1274b2f50
66330a5e2aeaa0abb70b466b2b20924e
6fa674a450122a77243edf504137fb6a
ec53b3559ef3719f87b58d671a75ee67
8c4774d3205d5a6b7deff82d95c6f29d
5e77c784b48c341416b31456e9c933d5
1ec90493f5c491ae8fa2318b2c9674b3
e0a37ed43a86223e10f47e3f7890027c
76482d8638cb48055477f68d68f797ed
f4a2115b816f159504e5e1eba07d0322
4d761f84484dd4f214ef174d8da72f07
dcdecaa36e3e491a328d9b686d6af98a
636aaa2b3da9981739ff6d94e830e1e9
9ac9ed369f9546d7de38e26723ed7b44
16c87c14b047b2ccab9f331a0017073e
0237f01576964e02616707413409e982
ea11c46372191ced47af61da0b43076b
31a1d269d24e4a117933b7a4b6d8dcac
11c010bddc09684133f0a3b1e5566d2a
6eaa18d9a7603c4a3a37d39a0bc3b354
968d7ea25f5eb9514f5c096fd4d47734
148cbf3b029703fcaf7703861cd674ae
feefc595dcfb2d509a0a1dc5f982eb98
cfb1d3dbcbade52e8bf3cc492ff0d0ba
eb269ca54abdc657ebba7fa88036a015
ec66c97c3c3741ff344021356129468a
427e505409a717d3a19ebe8ec4ba9503
baab64904d2f6dede01a881f27a1e537
bb68f4dc283d1e2cf24db74496746184
7ab077ac333124350f1c01b96792c810
d192c4eafc151dd31877fb5e8efa53f0
3d6772c14f6ec6e41248853c836021a6
6554a9fb750e372f63df34237c099cca
23beb7bad269a4953eda1d95d15c0918
b416f067044a648930e9dcb1a734f136
7f23c82e029983e569e5d224dd924060
a00a6f5b5a92d0105a79e92f1c0e83a2
d5747ff4712877b86a6bb60dc6589c66
8a3006ad1ec1913360a2723cfa2a17b7
4bb1034c41e5dd52b5073af7d5dc9022
1c14d91afa95cc955dc6cf0183af7b99
d29d513f3fec7bf335e510a64e075011
3f127b5544cf13cd12908386150ced53
e7df39ef1b2099bef1dcfbe76b57f179
4be675b43d39112e8ab1e3796907c958
75130a550a7fae61fe397e92017209dc
ca62f6ab86f84183c080fe989bd0f193
0d0351d9f4223afbc12c9e29a136cbdc
581730f35cba2151a2fc035799a92547
3122df2a37a234b6ed6c2da9c2a567ef
10739a1efd953788d116ec1234cfc69b
c96bb1786e86af95d0181c3c197cd067
28ffbabd0f0c6dbcf701c98c304f2e2a
88bc9fe8e35037a82da6528d6f1996a7
229a12561c57d745339c4f9ad63a6e56
33714535ba2b0f377c163968d38cfe78
0e1aed57b3a2a9ca53a94d4b6a914d9a
fb2da5b63ad94f7fabeaa69935800b7a
c285309fdb2c825b7526565663ef44e0
435129f3602ba52b181dc7e0fa8273b0
2c17af2d52a26db539b653fae6ada137
3548c9c09dda011ce5dc586b513226c3
5b3e41410987249aa5e46462c4a94a20
57adb41f024aa273169364483885a931
7d64f561f84640906863b124f9e1fa4d
d358bd876afd9a802a83eb9694879942
1ab9fdefeddc45fe573b2c7cfdc35c28
559b5ae1f85625699a2758883f05669b
56b76ccd7fd122a295f8f9ffb6813dd8
6dc1ea806a6e6d85f95f915c4b08fa4e
4c6242a420b102c0508c9dff1e6770e1
0a2d3638993813ed756e2c79c014a85e
c00ded8a5629c74003aab3eddf00cf55
bf2c89fb006143c0af0bf101f7aaf239
f8027d2c49f9a8d716027a6e49b91b73
380d811be812b6d1eb71534ca6c2e530
6b27985d63877f9d32ab33bf0fc8d3ae
0eeab20b6d0a8881e301f4514b821d8b
48bb83c2286fa66730b5d73a01f41436
d80361c5d837e90955812aac712048ed
468d0d44708d61e3c35dbf4414663cb5
2cc7f044722049984080b84fdbdac718
c486336df5725c03a1d8bcdcf866d7e4
82dec3048e27bfabe7535815b09c4725
c1a504ea549d48f5e7985cf264103b05
5c6df6b35af3023aa5b18770b8065a86
7a0cb0d2fa32fadb1139021082b33e43
67862bf9d30c96232fcf88b30d68b2fd
fd09979014defc728e4fed2cc336c71c
f142cc73d2ec9883e613e32ab3226cba
735dedfe1cf50258bbb88bc7256b5b3b
3c18bcd9a8c9221d58b983780cc5769c
67366c48b1418ecb7c0e2af21354ac54
546035bb655d152210a4053470f61e3a
8dc6286dcdb4e11834af6f79a44e241d
de3b4a39a0198b6e39afb073cf368a34
cf0a201fb914f815868623257c9208c9
c6a4b314197718b646d54a4b6304ca24
e8a88b9329160f27de21840a2c4c5604
55ce5db0ece3334a2f336648b3ccf342
ed3a3743d7892381a3016723e4d16116
34a4957712c87d19da73b64a1bcff9a3
bce0a7725512638c199b3d2c40ca6189
612dc0a81769eb43373924144ce98942
dc9013d7413b161e212ccea76b069ff2
a38f7636ce7eb21a681e10f090a84a2e
5f19922d2a57d2b51075feedf20a9b77
00fb11d4d0d9d581610c1ef16e629961
823af499adde9b25a03ee273bbcd1110
57fdb70c5e81a332f093b3645134a0a8
e20b3cbd3bc10e05d531ac50b7aabd71
ccdd739723b58ee1357e6bb1e2c6c862
cb3bb15a1783d6e738ca517f277e91a8
5e80cacb0126c2aa00db1642f4069b66
4688db2258db65a92ab84fe908634fed
d00ecbaa1635636cca28b095807e2bc6
0d3d0d07302cdd86eb80a2832f8407e6
bce18898d29c153bcf53d083113465cb
f7e37e68bce38413f8002ee2d7234391
b74a2d203014a2b81e363f1166b90597
dab6ace8a999c678f5a22062f45498d3
66fef0026f1ad2c8481e7104732e0668
4a5499554daaea918d0cd6a9ee997be2
57ead0100f357154d14ac27b601d6a61
1ac383132227d90cbe857d59be6337e5
ba1cca24af4b011a561d35751e87d160
a6464dd4a077f5e26d3dd1428ed4a4e2
b1b0a60fabc8a407bf63039bb891f98d
6ef5e740778758bbae8c4a16c84b5798
44661cc202af6d0a7f7fa33cc243014a
c4b76444b70e9d70e63221c45c3ab472
1492a9036ae21a6ef548bb6f33d85ce6
a7e1bbeb4e8ae689bb830c43c7ddab7d
4f190c2e4b9b9274779112a77c81d9f9
954269fa51430d95cb17924fdf2fcc06
847379e9c2f9d1cd70d6c0a61429fdc9
d72e3a3fcd7a47a372ec7abd2a352f5b
adf4db8d82fa35a6647dbe8d6a5ccb9d
fcb7c21298212e3abbb17dd64692ed63
1c0aaa6e05992832191c5a1b810be2e2
752b267653644601e284da3604dcc3a3
f05801aee56d2925d9ab7681a6922ae5
8ef128089764ba9a43206c80391738e6
c7f40429cbce012f8f6fd83132aff298
c6d1ecd3dede62445d0512e2b5f63961
8c88a9019d8058595d139035232ce9d1
2ff5a46f3d274fde7ee645e032b8a371
e44a28710acfdc0717d4ec856665c592
3ef16fad28825d225c919b5c936f341e
a0a1b4e17bca1db7ca072891db156463
abcde0c2e501f4f218d3ffee87117afc
94769d9cb9ef69e81761392dcb13d1a0
81d9c47ce56dc959a646cb8aba606108
cd38d29ff3a351d3220ac46d6f3292f6
ca0afc1e090e4ed2332b45d2776148fe
a7794de5066b027a8d4b722834be94bc
39556926ebf8915383afed61f04f1c09
05f034aae9c78c0b6c7be40c6de465a8
f13fae85a0638cd3c78cc412e812fe76
170a19487ea6e4ba638536fe076971cd
3d95cd2acd109db89f2dac922751bed1
103ac22c125366d5784b488438e265d7
3ecd2b737c3062332867cdfa1e7667f3
cdb7da95226873dfd75b1139c9dd8bf1
30ef13eec91ad215e41b866309b6f9ec
36b6ff4e2010f5e3d1a751d481e23165
5852eccda76bbc260b3a583e4270e628
4c237efc7da149f261cff5cfbabd6ecb
522adca96f0919003428200afd7c31aa
3817bda5ea35eff59bd4c8614f2af58e
096c517a8eccef329ecd0891a0182126
be28434dfef3c005b3a23151eb86c357
a164851ba9713d0652a0728de7353bb3
dddc4fc0a0e736f077244acc1c1832ce
f57a117332a0ddd02a584004bbb23e4a
cf4989f1d9daf562bd08f09b9179c0b1
6d5dc8410623240bfa2fce0cac432e17
f6f553189d43cf433d955219053f5291
173786a16ef033144ae63859753797d2
e946fbe390ac5093d1b26fb78fef071c
20678d1c3de28535abaf2c8b51731324
ab04c552db0750dc2091430a98447dca
f1b60d6a9077731090bcb331571148ed
b94c4c4c06a6012644b8689d121295c4
1d02c07b82dff6daf4f0838f05b5e47a
c5dc750005ba27058a7c412de8b4f1b3
1eafdede58174513d54caf92b5068e73
e5574e88a2b9ec56046577baee75543e
027d14a3c5bbbbf64cff8fb5da1dfdae
eb9f44f04ab1f7512edebee590683805
67d888b1e66525457281c885fd6dfd67
737f6e35b35c5d2a289ff9fd87dd6b6a
b80f55f46b741051b8d8eb0a5043126e
27aa74375b8dc1eb0e3480053abf39b0
4acbc78f647303fbe8a9a796ca8e450b
47bfe57882eae715a5347aadbd83162b
dee2acbe4d5578e2172e4065730b8511
8c355199ba6c10a5384552eae417f6ce
bde8984e110c0e79f25266bbff8c2efe
b592699c7b15120f5be2e43491591b37
633fb582eced510c03d6ac2ceee4e26d
07752cbcdc49ee62050a529a10aaa764
6d8a33fe8449e3f8150d65998ebfc7f8
41bca62acaa432186e2766ba23c23341
e59907f492aa87795421e19411c06d60
0b55249ad82734f1f4342ea001e36e75
a906d6b146515fd784fa6dce5b004043
3d0f660c5db458dffa0c29e6963f4c3b
a781ff15dd809510133db3ad166c32dd
ec60ca71caa364caab715b3142cb6020
83cd714a26847cc43ea25b8dc8a7da14
cb716d1653f5ef5f1c27bc80487caa7a
1b2510f9c0d45ca5d627d2b7f05c59a9
657afbf3a69a68dedce470cfe9c27286
e5354aac7ca782b6fe45f7248050551e
44702fd677ff4fe41131007f84d563dc
1d8cb710d5c55762783f3b8d93aa6e61
db5603d49d60df6bb7b68c30576d2d3d
ef0b27640db615241d9e4fb7da61e5a6
ecfc8a1deaee9702f7ec412fc4f511aa
fb031f6f0863947466b6f94c36903184
e094675de4e16e662508ac80e60fab39
53a8db918f706568719306e78073d97c
a02aabd56cf78707964790bd9538b35f
54c6ae0313d45965effd86ee0072b887
7e642bb3a0977ba2d569ccbacb0cd0e6
6eb125a87bd3b2c41507fea40bd739d0
c1a5671c001d83511b84dd55b109088e
38a358f67403f8004ef0f3c34f0757ed
f7e4ff6c9d762ba8a21179f0eb376ce7
c0377ceaa99f6b264aca447a78b88b91
b6bd833faef92b92cabca2306991baa0
a55bd4e82ac968af279fe59984cd4af7
91c156d4b02752b7c557f88d1985df4e
e3b95edea712c766079c809b9363c80d
e188e1f7209fba666e7fb9d48ba336e7
ae773db531d40aa563b68cb1e5060372
376a74793038ad2393d094ee577ca034
69477b5f82588709cd7bd99e700adc2f
46836d1c3168a9c4491b1f7cfb64f002
ac156c8ed2aa5531d4c7af9794163b53
7b479f07a3be2fabf30b035e8173a358
4b2d43c1bc8335628bbaaa7194c25f8b
06779ba7adbc5b02d1ba81b91e5ff49c
d71e5bc64607395851aa6969a0cf1d38
6e6ae5012cc7ade1b83f5b17e3ca3827
7e904ee25fc615adcd4a1968e58bc32c
c872df001123253c5edb9e7ecc10d1bc
81c2481344925595ae7512f2e8315af6
106993690de2e1def2fec315e28a5c1b
72310dc6de144ffa2ae35773ca9d1218
07f07684f0802980b7ded566fdd63305
aea772f9f104f0958dc7019d88fad089
b4942b1a9b5fed0d0da4f4c8444af708
d1866f679f724ce21bdc4c853aed01a6
6e1f7f974b53844ad706b37d11f6e0f3
0014ddbe52f01aefdf4123778055503b
0ae25e9a365da8c16e214127e9cde259
c5c83fc38bf516a5c6906e3ea7532894
56953eac909fab1c7df7c7946596a69c
6de1ba9d9678aea20e0ce7b4bc04940e
652dba4da467edac1ca4fa5064bfe1db
fbeca2d13420631826ace9fc6351d36e
4b277738bb73e0d9f2bdd4c6b54f017c
aa2678bad282494036d01203d439cdb3
1b441e62d3dab4ee33244bcde9d84c63
58fac80ceebc9e93b05f6f5682ec5485
657ff39bd08eb1985ec5a3c03d52f6b4
f81de835a9b39cdb6127297dc24d9b90
e8a9c2407af799adc7ba95b2bbb7801f
89a4069f2bc9046b7ea59915a4db50e4
0c7d42e698619d9da90e0b0d4c09bacb
b68657bf7519318a87f6eaf54eecec27
6791a518d30672e6806522cefb1b22e7
b8901af9e02ef716af1bb9efd8308e27
3f29fdc056f591f308214839d1f2347b
3445f8bd2a46c88c27716403e11a36ca
9b7d754042d775bed26c2db3ca5329c5
e4b5c06fb7e5487a88c2ced41199a73d
e19ba60ac42176665966f1f4b84be7ed
eef572cf382fda8bb59561418574eddb
4e6cbfd45efc9cd6b93537f5352b4994
01ccee4c148fe71a93703665c36c6523
7c7cf0a7e52364fb929e9a26df60413d
8135d2e42362f5168657c8a9bc82145a
7d242342b93763382253cf82c3984b36
80504ad09a7d0c9011829f0adc3ee84b
228308663056ebe24f3e458fedbf51c5
66b3e102a9a308833c4a4c0f0aafa984
470ba4cce0f1bff67adc76c327cb95bc
16da5107fca4d5444701b1a307b7a4a3
2fa6c0929a672786efae3a062ad25fd1
f51dfc8d7351acb7be4217b04d3b4a10
9ae242f1d299154492365c491f120b13
d90672605e2c43abac6d3d8cc9fb8826
125230bd806441925f54a0b10eb17948
2d565a3ba187c0de35275f07eee4d816
3e7c4e0f904629acffc1986309040f2a
e3cb9b5f17163767a3905c126735e7b2
8452df3fe6947be9414e1822df48e3c1
ca036473945deccdeb56a57f84b0dc28
8037c366429b786e28c56fc13085a902
a94dce59d7c43ab9fc6ddf10e49b3bf3
1da8a6faab879dc794da5fcbcccc80fa
02e0ac683c8cf56c3a123b18f984a8a5
d8ab7ee42fe4f6d2f9650427211ec9d1
de22d9ac2e00798df1f76eaf6ae54750
d282dccd69847fa914300bc0397b9842
1fd5b26865d6613f4379a29f1e3081d9
89d4a0344a8722f6ad76e4dde56f0b37
5a99f4a9fb8cef483bfe744627bda2aa
5818b048c7aa96e1c1fab6ebf5b532fc
285db274012ccd4f7f21cbc1e7ddd9be
2841fb8ec91d5e703e257b60491e32f5
6a295938a778fc68ecf1198f342976af
da32647d93a869172777bee07a4c6e49
60115ed4afbfad7f9d92b5995050aef9
6049e5b17a55e7f4e3319e68354dcc44
413350931537bd42e7e6b37e128f7fbb
642ff1c6f777367c031980df0ac360d4
06987023e7473d10da0385e5d2516625
56119828f2d001c9c7445e15150234c4
2b6ee47e78627593da89474dcfb4c648
cd0cb7ee19deeaf5d56dc6cf7ca5e6f9
8de9c6910349a114d1f495c864fcca1e
86d7f25bf70edc5ffbbc5ead89985dae
a6799cf8ef747363935bd8c21f057640
cdcfa9a6c81d677a065d1965f8893991
2bf7e0fcc63142bad37fd16e478f84d6
3859f3d9ccfecdd9b4820e1ec23b44d4
768792e6aeac6645ba03e40111beca64
89fbbc1aab59dacbc1e486aac2ce2018
cccfaf860da61f5e91aa4e43f7c573e5
367e8d2c1569434f67c627989c2305a0
dce4b16bb6c076378c7eb3f1eb2505b8
ceec686d900c3ac58621a67b29ff8aa7
75c06a899716c82a40a58301ee8c6a1d
39c07462510de32b9604997eda27784c
b3a2107ca4879d3c58e1a535321512e6
6647ca069c13d4f634d03e736c9d161d
3dd872f59a056d031e66cab029d76bf1
df39ee48d2de86ee185b2179380a995a
b161e72fc92d804aff274b03ba275ab6
32d0d1e241215d3345fd3f7759061238
1dda90c895f3e6d8a2b80f641b4c928c
63c61fb5bcf22fdda93bc1e239852f15
279e193da550bf3271f53bd8b2104032
0ba1d92c5e9dd937b069b2da0406ed6a
27de8da899219820681c4379162969ca
2d945d245d8610fd736c0d425bf648ce
f17ee6addfaac944e6025044d11030a4
2c79eb6fbbf2ea606519ab8fbcd6abc5
80e51f253781bb0ceb242e7f3bfaf0c3
70d691f13486d30632faf391bd425ecf
f74fce5256dfcdd07c19482ca3fc658c
4f0a8ee4f769e576a0e55a3a9a841059
eae0d40d044489369d660badd6bc9322
fbbae255caadb92cec72c2989cd36926
c909a06cb1300e77ffea3b22c016b373
6c78e5d20967a75f5253a326c636d549
8bca0311209b69e7e777470585f7daa8
ce52d1eaa5f72a6bc7fecbcb00966d6a
034b61f0083661488b9ffd1d83e87982
56b2588d6ec237a74d4d98e8d9d20ef2
97ba4b20db2f971ba58542b78902b0cc
af2a0293aef632c0cf060f949f908cd6
4d81705f1b0904e62616bf24e85a732a
f544c662d46ccf8fd7a53ea710e5f177
2bd7c00af13e6d04ac00bcde4d3c8de4
9edefaffb6545de1db656f8864b2bc18
03ad18385190261c87298b7b20b289a9
88879e0fe90bcf4134a8878730508716
21b42cc14deb4a62d3f87c287cfdb4d0
e4e17478ca07de848cfce96ef75a9df8
db9e6a8643275fd5440e17647aad7ade
e628de5dc8f7b6d24b28d6e4a1dd3300
f1f0b10b99ea935ce398406350c09696
2073e10351edb6135612fd7437e985ab
09dcfea5b1c14e35e9476247a866b99a
acc3febf635a3da27ea7e1d2ae06d20a
f0ebb0d9218264c18b70388314df2490
ff46bfeaf3c9da0996aaaf81bef72cc5
e9cf4165046b88071c3cdc85302cf4dd
28ea3ef70506ca6788bfcbad15edce39
ad032a8f08467b4331f76d8f7784ad73
0b5f0f3ab5e552ee33cc21dbb10933ac
3d52d5aca3a663d68bc1b1def02cb989
8f0f0d7da35b1624e4c8634605e66255
627071864f2887ff9631e015d62cd2bb
90420b241291264df76aae82e896785f
a11bbbd8f4c6d15971afb8dbb375746b
63edc4efa17c4756bf1e5adfc6144745
7ab411c65dad0e96b8b4ce56bccb48c5
c07405ebd70e92d4e78f89a9553caf65
e0012a20d807ab3e49385763f2c4f1ad
e5e5a81bb688ff696c599a893617f978
520afed0930c73940d92604317823b40
ce137dc60e5ee5e52b15deda3dc3ad4a
abffe6f5812f615a4a19f855b8c6c7ff
a53a8d767b048ea8a8aef0fd9055d509
5cd86867ab89714d8f058f0bf85d54ba
3a7bd2d87a84f0192bcd50d6bed17c7d
eeed48148e9c8e509c71e3e0b22a6b7d
fdd80ae1bab49211c5cdf30530e970dd
bb11c938c913f099d30ecdd7dcb6beea
39e5c4d14d587736728f240f174a95a8
2cd45f8b910c1fbf2443d6be9cc2aacd
b301fa507da5b0fe5425557c41c40caf
c2f83a3ddfb4f6d0a5b694a0c3fcbf9e
c8132033731073935f0edc1e383aab00
9f7cdbc110017813e61c5642a23068bd
1dde78ac4052e3c42fdb1e8e09dde509
29ea9d44fa6d8f2a2b1fba2cd558f167
87e0d9a4a1761d0acdfcc3e12ab528d3
109948c1ebab7f5d8321a8e73e4ac893
20c0ec82d3cc654f8ee5fb4b9b66553e
da48ee632a5986598c74e49c7a09706f
d678c79c9dd44bf25a1fcf76e035cf78
3f578ee3e4bd3a8fee33f3cadc1abcb2
bab0677dfa409f4a5d9e028cf4099672
a2a0590ecfc796622d3efc92f65bbd4c
4d184d6972e47be7fd86818abb39a06a
05fddef2b67d39888bd200855ab6d536
2fcd120771c1df3b120763fcd5a2bdd9
45aa5f89dabc5e2a3429b72cc2225c8d
624d7fbda0f2dd61237527d82eed2299
f7d87cfcd5af077f23703c6ca96a88f2
e32b634894d9dbcc542597980d59b86f
a17038cae37045e16f1e3c8537d2060e
59527e44f0fe28ceb73984aa6d8858dd
6be930735f1039842071add31c20c433
77849757c1edbf19c66d577a127b19ba
9d5a049b1aaa81f25d4726a6424fb2e0
dd47852f6e6cca678347b6fa28f9ccb2
869604ec8c6ef6d815fd1730d94c775b
9e9a8162caf0a2756106a9fa62a40834
20fd16895f95978d37e953e2bc7f9d52
bee6489823349707945cd91524967801
1945e845972184e6891d555612aa4997
35792ef909616ce53c7fa322b702e9e5
87382d7876b6bd3889e494be87a27cca
d8ffe9043bf33e05e0187ba05a9b6794
43dca6e075d9ccba770bc41ca9854e5f
6d489b52c36af63b9af17a69d0e220e4
70940c176315d8ba9126b5fb3b8bd250
7e1b7295a018ca39c9eb08fd95e85a49
1035cceb34cfe7cbe36f85a16b5c658a
add053e4d0a4673e5ba829d037686591
3d9a7eeddb7805a8266c58ffcdf97e4a
2e48f73ed67af1082343ac0aa71655f5
4bcdd3f4e5f1289017811cb1c3c0797a
3fe63de43749623e785bd87a7b27ed58
258d379c74903a9280c94a9ec892e286
8d2c4ffb95fb98782a5b092aa1a4595a
79d54e594dbc5d50a864db9bee640abd
6350e7e4d45744f8b43d757e011193e1
147dbb0bcff61f9d26ddc6d54be29167
994b4f076b0b227d570932401d7c29bb
bb16cf1f41e190fcd8e00bfafd924670
5307bb00119f2c1f803402a588d24118
7513a53a17ce607e6491d3513a817d57
133badcf881b780c0b86029121d4b360
25c5e69005e7afdbae04f5a2ead985c9
4eb2e6c1c4d0a2d60d178d2363863932
d1331a92810f7ea69198958eed914fa8
dd7355f1945c3e429191c1d34dd1b904
cd7b23e215f8a4cb943cfadaa4ee1951
2824e532a9ed5b0591f1d76bc74400bc
ed792d3e03cd308f39631c06f6a95b1c
66029724f0ea9c47af3e7ddcb2121835
55cfb6ffdf0a5c3a1bc7944bb826a1ba
1ed039584719e0ef876e4bc937b696bc
76464030b77d32e33b98544cf9ef8434
ffe454076ceab48cdaa72604fb346d81
9f86531b9769879f24f1acc0ce955dcd
eac3a1d61676fa2cb2b05b6846248a2b
b1440bf6e9646875de7400083d672725
7a231885d5b1c7ee30f6527d34f59cc5
a50c8b9ae3d53ed948a7f1f9b297eefa
3666d9e95355c06f02431b02913999f2
dd228fc9091fc0e2acdfeb6353187a9f
204fd088f0175fd8cbd3255bb3075df3
f0737f629eee365f243797ad3365ee12
2423f4f76254a7f37fbb8274608a9d88
0a230769746698244e9a5e56fadf4bd7
74b6ef94f9b17c0b146587fa58e429d9
79c9e3760d9c6f30d2bc6312f8d671ed
181ac467cb31002ff03dfb4b0eaf6b5f
9e78fd067f59a9db09cc601dadfa0cfd
8b9ac82756066ca72f8f32f3784f20dd
d2796d22c44270d1546131591e0e92f5
504530a1deb63e40163b9554b3dbae94
de296c2a9484c8b72724053bccff8e87
0f1e390d12f450e22ad0ba0041bcd426
57e55790779dc01a18edb990dbe5f08d
ed1d8c2fad1e0ab3d118ec6a68c0f866
67519bd9304bde387ae91bce14cfe446
ba2eedca553d7d5744064f09aa2a333a
a10958b2afd2589f119350834272e642
31f8fb8a517c31185218fdac454bd741
04a4d46fdee6e61c58b821cc572bff9c
c4c051a25eac0e897ebf816a4f3fb285
79cfff394c59b0391e3e393820d6383b
099f27eba9bdebc3c4e47a09c5c21940
d287c1f80df79aed045827d8a1080aab
560976619f674339e9b4b5584bfb4d2e
602775f3ff59fd50038a6e8faefb974b
6c4c16855a19610a2177910ec52adb56
425081d0da036c4bddb245863f346e15
84d800b76492afe8c04e76917b004c69
455a57af151729d01ccc5e70afd88ca4
2f7c2c87fd026dd775cde94536720dd6
c1cb2e56678cbc9c9a54f323d69387e7
c513859bbb89698696884cf44540a39e
96fed617ac9e2fbd87812e19e18b67fa
96949f341beccfda8e513923e80badfe
74e8fc6e8d6100606cd0df00dbf81e42
7679a9a610ed31b758898c2a0ec7661e
6f8844c2f17d186b39ed946cada0793e
c54fecd03343b493f4a0d1d785680534
9d8c32594c0bbb78cb022810bfd8ac1a
00ac60e363939da7e7e95bd26aac48df
b2f8d66e3c81ebba47a0bcc15c26ae41
70c111d5226791040f6e868b216c00be
bec0975b66c434a37774173e4130a44d
c7060725ed6dc105f8f6cfc381f717fc
412055095a71cf5657d25a229a3567bc
9038d6f13a8f6c2db5326f2c33491242
cfd2a64548e8ff0ab8ed231d3ba8aa8d
f4e725caabc86453f8286d980eeb5409
e6ec9fb18e7cc3e4316cdcfb568952f2
36a9a5c4dfa1d1570b158bba2fa14a52
a111bc1017cc2c40a9fc8cf037730e0b
903db8c8c2e90b6642abdc7b2d820a5d
4c4620814a79dc57d97fd8f1275e406b
3c8834af42e6f1ac06f5d1c5fecad9bf
a73ee8866bbebb8a5ed28ba8ae373931
24150901fab397f73e1c92a550430d05
c712bb3423c542f2de1839b7fcb1abc9
3eb9e8de3ab1b626819019ebd7a34721
afe799da9086ee7cda8d529bedd0967d
cbc1e12fe45e662b37c87220dd41223f
8ebb334b6a22989f6e508ba8880d883b
6e8205f273946079f1b1aa485d30584e
5dac5e8bd94e2e91f27c274d311a48c2
099d520b2a0e3eec3669cac1f10fff72
c7c007c97d4138b02be86a99f7b07068
8ae086e20534d92ba1350d8a40c6d729
2b27fab6acb2790271f4ab089f796d37
1be8e24f87214cb03edd363baa1f1ebc
301baf916e0ceb3d75cc03d14c072916
65782b8dcca2d9de7c1440595230a8a8
c32c17af3b03e0923c04e7db3a819410
eceaeb360381f22ee0ec93482d0ba935
781783d70f91bc7b48a06e5f20679560
359fb391756a2538f08d8b8e18530e2a
23d7fd477bdec56ae382bc0a53d3e956
4ad34b0cc4f46a146c15cd8ba7303d2a
975e18e3e7b29efbc9169cf1ce64429e
8aa226743b63c38df79ebaa48e2245d6
58e230cfdbb006a3fd71fe0880a54ffa
96d3ab14059359b598ae25bc7365ff2e
9a5333a82069b77b1b1cd061c07aca5c
c773fe9e185c96dc7f53e6d53adac868
6859538febb669fdbea1063c73866cf1
6b328d85c3cf641758b2f34260d73f9c
3239566cb981cd1e850aa5bc800c7afb
35a39e182f044a93abd0e8d64f8f1524
e4b8584177be7778d2c86d0ff5accf5d
2edad0b92ab6b214d117d3522abb55ab
e2c621af9029fefd8a5b735bf5d26247
f0612360d382a04d117f7760fb7da096
3e3faa19762a23e70975b72cbd9171c6
838ea20a8ae350ffcde42d99a52b1cc5
72bef2c96ccc67720e5d8920c50c3828
ef184f37b642303410971c52da1492a1
e4c34a567f4d559c7b796c7d577b5c2f
e972201ac967849a01a9d483e58e51c0
5f5db19dffc984f92a99fe5871dacc69
7e0886858010e8a4906653aea2e6e905
ffac93c2ea1e614eb49096d0993310fc
60600b5d4a3edcd6020d14a6b3ed7aa7
fd73cd8cc5184406e161f58949bf6ef8
546adea93daeee6435633e59aefd5832
538a1eae9f909fb74900b7dd0541c8b6
1971f516acd6a042cd87a1a76ad521d8
24281ad4d4d8b805cc1ba472fdd3ff37
b0a22098d82257e7a39cd46a7511a31b
947d07083412fd4dcebb9c55794fce0d
9cf6a976d030d73bcbd60b9eb4bedcbd
479c640af6855ca054f5530e45527578
9ca4bec654bc2a65873fb72d472e17bc
de5137b58e437b8a3cef845f3f23ecd2
79d6b942399fde4084b6c5b029f3fc77
3a202057ef493ae2f974caa9f6625b46
222aa0e0d637cd5c68beba88db8e5e70
caeeb492d716b49a107b12eba441f2ee
71b10bdb46daa9771a618b75c48c294c
2bab9d723fbc9d3368c8b247a989e0f7
77396e283e617d92738c5c2ab9147ec7
1366bd2b50010b2b1d7656cbc6c84989
18e1be9559028b171d639f1e08e0503d
4a4d5a445b656ba27a52259f6a1ac678
61adf7e7d5aa208f14b6a97f4c114f34
6a717ddafc893c154bafd560e2219e1b
a183847768e4345e1d4b1327bfa64c55
675c6610002ed3d89137a1bfbc3bd58c
fab913c364e6fa4badfe27b807bf83ff
90210d178087c5da916025500e40b22f
ba35a853110925bc5fd5bf8aecae73d5
167a0647c964d225be6240c7b4df2d51
72d5034b0f37d98149167ce5a20ba31e
75b6cdf50d6947fbf16a1d553d059f48
dcf497ce6485438012f94a98f41af6e8
da6aac53674bc7a29098d251ad1e12f2
fda401ea3b45dfe449f1fe22b1b97887
b659817c0ca42457c5e25b033309e16c
d4b3bac1a747d7fb3bfc964d9b21f2d6
5295a9dbfb2738161b603eec0d3e6cb9
35e952ddfee2e10d460c1863eb91a317
8be56c2203ed13e7a907849ebad28489
428438fc0a1eae72da28e83070c7f077
b600eb443fad370c751921683d9ea4cc
8ef8b787813fd7c382373b16987a4622
908d5fcdae5e23930e0817015869bb4f
ea78dd86c50aae9ec570e2ce7b44480d
288cc8b1a3193e4a53e2de32357cfe4b
1e291eb93a243cc589210e05974299ca
4ed70ae3bd3a665477ce14436c9f5e22
0652086e7269d9fafbaea3d15059ffb1
a969cedf4b0ea06209ccb7d14989d967
b9640c262033dbd61b512d37607747c5
b9d3272611d904a843ccb8d57a0bdc92
5f5c48e692e6feb813c7f3458a3e0772
f93b56399e3ca1ff2069be57d0fcc8b7
ac7e5ea9a7802eece0ed0deec250edc9
e1ffaaed2cdbd937a414b0ed1a58e82b
f9681884b8432ae0526893d06b2b8d04
f8cc2bce0abbda84b7e1d0ecc91c6968
55e3dd42d3eafc727ad9d8520ea1d2f1
1dd6d1f54b10c3b2a85fd48ca2af5b5d
b5ce38fa3424af1a52c0075c8eef00ea
d396c19da733e633bb18702f5a340289
935abc4949a554244acccfecd85ffae8
39361204e9919d747aa3f79abfa4daea
9f19eb9a494b6b7821f38a2962436a40
55049b7e09f62183ae55954000124eac
1868b81ea094ea0f2cb6f7ff29b079ca
db2c25e3fb5b42275c8b3473f7c69264
ef3675b2fb7082026f1d91458f30fcff
90a5f927e1565a942d12cd86012559be
d669476dc15da165ce66882fcee4c675
662dcd49f9d38eba6a32a0fb8bc54fc8
f6036fe234d2094915dd9769f025813b
91dab899569ef37fc9d5d18750dbe192
bce3a6b0129dfe657d5920d9e085d663
1a2622003d3b4851a44064cfd7cf86cb
52e00636c57f544628ec0cf5d01447da
a1d511e410a58c742d6ec12095ce9d73
e1b8d8244be72911d63c00e3fb16906a
a46b34c088649ecbd4f009c83237134d
b964852cf2d1fce0f3259ae8e492f9ca
88bbef516530413fe5b4e8143516aa14
b446f2df398f29bcfa93ad5fa069d9d7
afee96a7e3bbb65c9c2771bc0d301835
2d78b88a7b96f5c49914438f1e14631c
f161184f0ec0cff8b7765aecea2ea73b
0eecd15acd418021c3166f8923404302
fe9601ebd3ef7f3fcdb3bdb710390f78
6c0529c58d7a36c490b1767b56255bd7
af782406867fa6d88cf26c53e09cc9ab
795e15276c83ab12ca20c8cea6174d44
2cab5282d98a40bd40f83fec70a289bd
9c3ecea9b0dac76841f647bf251d732d
8c772e99b5f3be58ceb5f5015cf4151c
e1e60fe7094dfa76f0f37e6131662b39
86030f831f511a5949cba2311fd0f1f1
5027f0c2159ce4f0e56436dbaf87c068
f2e5b230997f34674852f8e864117f8f
50595262acda53384bba131f4aed03c1
05404ca623e9a5d9910ab317a706be18
5b37b83ef8522611739459c699f02734
1c3f83441746b05584f9ead07644a307
37c425434654a5fd8eac3ee3c20c4d66
244a63c62f240f05977a60c9ea06ad12
b19471cb5d4209fd1f02a87a678b7a92
8b9bd51c8717d0de5479e73e8b8fe18e
9f93b524aff862769c87b754d48f4c8a
0315a0731d5aa94af587b8393dd5f559
8ef6ca4e3ad7f61cedfec717d27dadae
7e406d845ca34507e80852ac6ee701b6
0eb3653315e6afa4f41ddb7c4f844d1e
333e2221092446d31e8d48c628f3e9dc
c5893c7239a41b02cca6e09baa1fd965
08583151b11f6249322be618b4c5d2a2
74b0f7d1796013596b5a3585a65ccd4a
c93b014bbd3801b46109f0293da8e41d
9a7d5c758b774954f45178d0584a6519
0263d4f54bc7ad3169de06167e90cd8b
9d4aa2c9b93bb065d1253222f673082a
fc8b08ad4f7b89d240f4e0e44c4f7859
a45b98beae4023a251a4f86be066c212
f4a264a8e27d120b624505836e103194
8122dadd5c956818e7935eace10acc81
ee1014b7316cfe02dc7e8ea1a4f1d50c
9c156b0f395a79348a1874d585dc31f4
b5b698e0585d6d7bceb4f067bdf3a2d3
7ae59e2849aee25482cfbc05df3edbcb
03f75730b8c546e8b76d6af433bcee03
ab3fa915ae55784d8e9fd64dad625330
7158afec91a45112e7f3a8623e81113f
b7c29f3883dc3d8380c932d6de0d96f0
085cc522a4e67590ce00b163a99b5646
@1900
e8c153c5ec5ecfbf7252a488734103f9
f49fcd9f49f3d4510956405d87950c24
7b9dfcffc78f4085c300b467e7e2a27a
9dca04eb78d2a939c66c0acb3997763f
8fdef55f07378aed6a451cdc46f41fec
407b022c021457d8c24d17b75a4524f5
94fab0db4d0eb15f49422e91510ba58d
38c02556816bc61ef8cf60575c2a5ab8
fb8aa665767a4e582331b7f8c87f55e9
62f653736bf32cfd86641613ec4c65d8
aaf5534590d0545fb663442dbec42992
eb0dc3228100e50fad3e3088d141e0a5
21d05e62eea827013986e14422dd9b1c
92cfc1a5be937f42b25f0b77d7c44f95
f4122afaeb91e0a1a04632ac436bc165
b48b9ca5de12f2c8dd12393256f416b8
42334aa8466178a3136bd036d0adc8e8
a1c3b60ffd96930f00db307b6ad71836
e6fd7796a669064b4465cb7548c6016a
5797bb70e46cb0323b789f4d5823cb3a
7032e5a4cf080519314e20827979e315
0036e1d7e124245ddc50422b7c87b376
67f5b537f1623f03c9477819feb18485
21374ebc1bb659bbc3e37ff0cd4984e1
b8dfa04bfa7bdff5f2a086e44273dcec
c9c01a963baf5ccb1a0f4a2fe3a40fa4
1c57079146090adc76639309c04a48d8
022ba74f7383a81612f62cd9af6c880e
0920b13eacf28b83a2eec67f3733a43c
856170e158262bd84bb774c6757ff3d4
9921c943c328c288196a97a7dc259e99
e2c0a8ac2f38ed8788f41b90260a3d4f
8527d1a36268f68deae1b7b294dc85a3
e3a2a17ad640404c760097c68f495312
9ca69d7e1f856d649523ebf75ff8d6f6
6af649664e1e88a01d09212f9775f76b
727425e876be90f58647a95e31032b88
ff4e0efd0cf2c668aa2590eb417ed996
0f77e20e8e135675f5c177f6134becd6
8db490a715b126f77254e602c0e81e13
8b9623918efcddc8809c7b2ba369b65d
53e8c8a3c4b34ed51354c5fc94a591e2
be79b2eb20a9ad4e54da4e3aa0583edc
6973c76847eab6680af6fad205ddfeac
89aeff3e1ffde039fcf7acb8cd3603c7
f1d5a9f22aac6caa50cf539a8d125500
ed900b75daa7b46e2cf3e174219ff0b9
7a874f1a71ccdb6a5508308d77bb9f79
238ffaa99922c06a1dcbe23cfa26b2ee
c933c5e9f7e75096cc1ae76c7c40e214
0a7ad27cb72f36a8c77d255576357285
b550970d89e01d2cab77790dd9a1e6ae
3507eaf2f0fe2ee18c325ee839fd7d46
eb78c6a8a84c081ae437c2fd03ffcec9
e4869aa8b29e5e4c0f8924854cc7f987
6a7fec240ebe37e4a10a124a0e56a3f5
dc14d0db41caa8e66a9caabeb84b5b1e
769ec967e4be3809a95080326dd90deb
c5d74e393915351a43937637366dc3e4
f43ee0cd982f67ee672063354dd620fa
aa1385cb4720c91185c1c3bdeb7764db
6d8d47520f9bb51261eadc2d085acf1f
3fccab998665eb5a2c784a8ca27c5f33
d35cdedc9624db1e3f32c16ed06b95cf
fcaee81e3b51637509ce3158d1f937ab
ff2919a1efbb089eecdca3ab5faff8eb
712dd32ca1913a861b1ed48e2f5ae9ba
2cbf378266586f4753d58a497e1577d2
4110687d9830b97900b749ef1360384d
92c9acd6b64cdbe8223fccc452edad12
0a020606a0da043055a99781911193c6
bb226ee10179e2e65e17ef94b499ff0a
6a615db3de0f0a16dcea490afba53954
e3a87ce5c5e165b6541e3b257bd22191
e2c0d99bb75b3089d63d5272aeafff59
95b8d89aa9b2b97e73ed45398878bce7
169e6fe76b965c0267050fc6de52260a
b672808eeee05be806189aa389be000d
1964b884566e1bd3c915b30ca85542ae
0399993afffbb734504f1487f17907c9
062b9d52df2114bfcb63f9bb7ffa4a91
4ebeefc59c99c0c1de9c7a8664574c6f
a9816e655162214db30636625978bc86
383dc9e0dc11758ccb54be62465e5211
63dcee3d23ed1aa50bfedb4efbd2a2de
72712693c7e5ee453a6ff25f6e395540
5c6ba5f55d6e34284569ba1ac9304de7
3849d06b950e74627eaed76ec5b4ee16
d1004b64d12fd5755eb88ba78975897c
5efc5f7693b9ab01e38acc64de123da3
a3d7933a412a360be4c35c403054f565
9cb9d702d5e64d325327af9e3402407b
405f1f3f922614a11f160b779ce7f253
5f1b36a378b169ffb1185142185aa4d9
242a4da2bcae52c28bc96dc62ab1c5c1
69b57922a7ba92006ce6f3b3e6b14dd7
d3c18214869f673064a9c36b798ea56d
75dab064d8bece1a5b79e3694adb6e7b
38dfec94b5f8e5fa775fc346f6994d2c
565a785256b98fb52cd3726c9ba945a8
738d6e9c93c4001363d71651f93a8210
c827efc7815978013d26566e8de7fc89
b79a1b5b4ea8a2f68994d73f3c239b12
4218393b02a681b8271a2c09a1bc3267
c96bae6b8806ea096c5c414e628b34fe
5cb75a6f3d59c9bcc0a3049d9b858a08
b1c7c3cc2573b362a6255a17359cde89
a0d7d4d4b7b3be5f8c60f01a8463de78
445c896dce435c826d41d69e30eaf809
2ef7203ef77bcc717f5e1414d5cabd10
5260792fa01c9d6828100b53189eb6bb
2d740f7e247b416ce44075c06f575366
7423bb5223ac827ca52ee8e45c56d154
b7cf9e4c48746c1f05527b17d0c0b1a8
8e574924d302fbd1f674d56b618fe34f
7c2df4daa1bdde7903b31dc85360b9e3
ce572ae6744a7fb162767d0c137b18d4
1912f47657e1f6aca38b4fd8d9772055
491746480430dd332826743ac85f99e6
d1afb66b10200668230dbd14ca76538d
6b80fa26b5d973348bdf4197db9840e2
c0871a2b8fdd08f9673a7c15baddc0a2
cda55d04dffe90eef1681e346e34b683
1318f9b8c9da44450ec5c02a1bd5d2aa
76455d93848a6f9110f39df1b9ffdd5e
bc212e43f72af6540bf0342377df0a20
8dfbc69ce733bbed70932cf7fdb437c3
cdac83e66690e52319127f1f20d61f07
934d63f7be96d83259bddc08a94d4032
f5c0401c7651fba7fc41b549d0e25b85
da576a0a27ad62cae2267ba6d1e90fbb
3a395406f3b65399737f5311de86ea20
27bd4d1b0fe2b2e234dbbc52aeb20479
ec230ecdbbeb8bde882c9e4ec1451c5c
afa6fb028ab327814c54f687cd0ab497
ba10c700512d2fd23c790df9629f5ae0
a17b40c0df220bab1152ba9f75413f12
1af0ba087f1b36fc2fb573bceeaedffe
748e4a27146c22b153693251a9b89bd4
7a8ac76f672cbba844afee544f966c57
6e2062a3c378b3d8fc0ad6cdc393cd50
1aae49cde8c729575427eb87f00ca7c6
144341d2a67d2aa26324f7954aa3b5ee
a35fb4df6fff00f790192997eb170a66
e1788d6c4a682cf1fbade0180494e98d
90f2a584f27cfc5224da7286852d1e6f
1b2912fc03d1890685584a726c902e5e
8e2b330e7eeaf7d0d53b7d4c65b46044
3e11e9cc27e61356d969b1ad1dea6856
79081b7b5abe9abca6315a8f799a08ee
3dc810f0241095c244738983ad29efc0
6e7ea3129740b3ae409bfb8bbc807112
f86bb368ba74d2d82367847cb33a4a16
15f3ff6e665a6c6d66401020704cd765
0a0f492d2e170d3ea6d172e285910800
86320403920c5a512ad7244253c32373
6da3301e49ad05fad4105d7b8749a67c
d0860ee79695f8b99bad5e56338bfd06
e24ac4ee850fed455ff7a9a0f7165708
f68cd29ecc15f097d6e1cbeaa3f086c3
db11da9c9aa0a99a8479476c3f28da4b
e3b624d77e3a18be2ef5615c3a0b3f8f
f76b434e6099e0a640b7718689f0ce68
b678db6f9a12a650ed9df24664c07488
05f725855ee168262f2776fc3ccb9183
3cd715fc2921fe65ac4fd2f9fee1db57
b9fb28a4e34b0d91caf1b6048090d603
7bc3b2ff5fec5b055ddf2f6180d7f7f1
28e4491b2047233292aa97e9af6c0d07
67bda851aab529fa81413c54a950046c
8eabbcaf9e67d8bef88dbad938086da6
82e6441d109f26b3bf89e397bc6678f1
0381e7cadf3094a553e81370193eb442
1451e4bb96efd08d8fc09a513c20d9f2
cc9838434529872510130e70f5c5956a
60877475ecd24520bf4455b23d87f86a
3878251a0ce7a4347548fc6edc1fdb7e
b4b735289b2f7892d6a7f32e19b6917e
28e492385dae08dcbf26f4a80084720d
1f9c02e78e013b4992245a71b993a595
c3c0c0b343f0bdd8f947b8954d96a506
ddcc1881d5b32574d0e888c966618399
@1b00
74f2557517cf06e399a68455a8386142
2565d6885e3fa114de62e78b52abe613
0e70525cb0df4ab40d23c1e67f810400
a2b0bead7613489ef9cfe9f7773b9a06
68ff113457d471dd259cf2872d113e23
1c5904c7610d1b020fb59e41452a691e
18c88c7ec15e9bfa87dd8e2695ef3736
69b14b61812ea053045182b6f4d012d9
1db87d1916d31f0b15758d98281392b8
defe95194ec1eebf0a49cc576e8daa50
022ab5892cbed8b8cd2568ce1862f154
1a7683e3bb94eea42f7d14451fffd14c
395ede0fcc0d2e7fc63ae0728193b9f1
75d0c82259ec68ef6eb51672a92f2c0c
7b6981f730c73864105e9d14e604b314
e1eca47d09e5054e47236d9e3d93cf7b
afe8d64a7a64d9c52e6829c62ecb523e
8ada19a186149e8f13687967abac2bc9
5a36e7a05e7da17054bdf215e9a18d52
96fb62125122fa3db746efb58c3ca6d1
f440906bb2be8d12f73baca2ce3cc175
383a1aad57bc3f22d0746309a7d27002
bad603cfa8e9ca75eb3f47866e5d21c4
2f0be43606af57f30a00337b61afbc54
60d58bac6a28b7cb0fc9d13db5791b7c
b85dd25b3613f0a54f27b6e81dfa7a83
30dfdf84cf4d46a148ea8eea934474e3
d5f0b4a4211ea5b57aedefa826e41972
bc7f0b8ef64c0927d403140c53dacc8d
86b94d6cb522177583739578f56ddfbd
7999bcb8c4c7cceceb7ca1c02188b959
45be377828da3cdaa80a6a609e1fd151
ff039bd44fa6bc47f194eef18959aedb
f37ae60fa998f50ddb0d4f3382640760
f07f2fad18db73aafd1bed1e89671a4e
5224136a6aea1cdf7e86eafa7b65fe54
fd4aad6548dad48a70ded443e201521c
583112a6f7f62beb774cbcf5c6ebe08c
a37da90a17410ec96457b5eea03b2d53
7340037eee172d4adfcf0f87d3aeb7b2
b1e04fb49fe05c96aec83ce7237f8a82
6b8c068d509f8a4222d31234e5d6edeb
81d26a1bf8b6013c22fb7460f1eeabc9
45e4ec2799385341fb7b52bff8a57d44
0092b5d7a62325ab3f8293e203f77fef
3a3a9b58d44e58aa40817d776ac8aa7d
f9bdcbe2a6660dfc8623adb131dd4b4b
4067e22a2b6879fb0f5fd2ef6eeac03b
15632c442b8b28262aec892b9af8b1ba
efe4dbf41c69e8d6bf489f1cf5f37150
dbae793bb2594ca1d60858163a02cbbe
73ee09f1fc888b99158895781ad3298b
a0f4309dc1870c06cffe20ee8c6fae70
544fa34674a10ca1d39b64c945220348
11f28e90dc6e0bfcf48dfd3c779d3ba1
bce271f554d7a99ce4a33352016de301
2433a37e5a336b8a8d9e33b3e0fc1c32
d73b5eec1e5e135540fa585ab577d44e
27d7c6572449d864ab30f3caba3ffe15
bd3374b4441f92c9e420f8f621b34cdc
af53d6eba268b2dc2e4550461aa632ef
8a8951e963be8ada49852c9996cb1a2b
783c9664932a13bb945efa8e87a40cbd
411a422bd2b49a4bb69549a42c694f48
6fc3f8cfb86316c43d3c029ceaa537de
d5d2030c65a7012b8ec29ef993777660
e8f6cec6a1ca5fcd62dd0c3cbd1e61de
d9ea4d871501c9c3e0ee09e62fe94541
a523e798469cee7fa1c29cf682c2c8c2
f3710b947234587ccb341e33735faa90
06c1a1cb88ac69cf36fc5de8e0dce2a9
ccc1ffa6c3b210e66664041dee40161e
0233fec2890aff7879da3541168b2113
58ec817c1775acb16224a9466da14a90
dbfcc324f7eeda6695eb72acb7a5e9ed
0665d067c0981ed8b6b10e28b20e5870
902d05efa1eb33e156a8b9b23afdc0b9
2f88cc6faeba08db1e39350dd026aca8
be106400ea786cb38b9b91cad21cfd6c
0d763abb77950b12b992617bc1d01721
eb43bc4f8b8ac741a15981f20784dd36
813ca8d440e62e40f5b8859b6b7e5b7c
c54eb0c8b872292db87baf24d061bf0b
6b95711c400152e56f92fefeb25df43d
288ceb90019c6b3d0924da3331380d6e
9223f0cf3da06a99a2d0e10e9852f7eb
9e969adeaeaedccf9bf706d7c3879cb7
92583bfb76db54019c57ae5e54d09e2d
b109e9764bd78e52fb069901a5f1a2b2
153103ab4d00bc14158347fe119e970a
0afa0f814a51cab431609d662c556824
0a646faaf5958d4f87cf794f867ba45a
35fbd38c786a71a0513c524437427e66
26be83393a098819e65017db7a4d0296
3c9ca9cb0eb90e7cd99d7d9b2c4ac314
843ac6569eaae4119151b8c845b9338c
d26d274fef448abee2dfd391dcb4e618
f7e995960e7445356d62066c4d8c118e
397168345c01aeb9b5198bed74de8870
6ef030455bcbcf6799ba6566c2865ab2
74e495014b5333427d51eb0cb674596c
ff406d817e870b126a1f1268a73e0cbe
a1e641f4054486aa9902c1d944ee779b
d82dc10bfa1a71bdd2394ef37906b324
da4bf31c010d1e191390dfa431f5c535
249e4e51418b3bb184b6331b9884bbbe
f6f0ffb8f04d823fc941f542e1c873ba
9b4cc9ecdd2eb49ee875c591a89c89e9
f6724e34dd1c1d231a367b041ba660a0
f052bb29978ee573298d3daaf79352f0
2e05e8bc96c10cb7d253c209b7b0f964
891a01dca2434aed3cf773b5044b5657
0c36a8e7e5d59338a191619ed3fd2b3d
47b214227cd5ade0a715be4a8558ee2e
02380e8282dce9af321fd51daeade297
c31a594ec9fbdc4df69d635c87152ec1
cdafd3d340bb9f508c5af8f86382cce8
ce5846f349744bc065b7fcfb7979cbdd
1e647c61fbcd07bbc088ac1efd4b5308
39498da76dabf2b9cd3091588ddd1fdd
474411dec6ae5617e1b76a16bed01f3c
71101a318ca523992778b68edbdf5d90
cba58cc465f7510ce2a76a1e2022bf50
61c47eabc547e1fc9f4919a068c1be7a
43c2f44b62d7d2acf0e8e1f19bd45993
8b98fa07927cfb2e5b9596c6e733158e
e122ffc4118ccd9ad516d8af659ad15c
120891e8ad06d9ebe772560af7f85a70
2b89ded784142105371d067da54bdb2f
aa506b99446cab5ea7934afcf05ee53d
663ca7920c898b3cbe9411e451318e93
32c9be6824819e18ce9d7bc73c7867a1
8d3d720bf30f955d6f71282dd7539208
fe7e8670ce93e7365a11fab03f05f47d
c6e1ddaf5b1b8f9d88608073697a7af1
b22eb48bad9f647c32d6e2d0d62f3eef
b7411e7fcc5f5df2b0ed52720f2a7115
c89540b0344059e47623ad8c40850338
4e55922bab83446ed5b0a100d3499745
3b174ee3d83f8e33624fb716e9646e88
4330718749d55d2dcd5f344ffbd243af
559208cb4c776aaf93da11e2b0d53a3b
e795b7cf464a8c1aa1ac2c24dbbb5e05
c19e957bbf9b4f900c524792719afd59
acd7031c3d1511330d7e7d6dd6b8182c
c39e5ded4d3cdea0b529c0d1f423b366
20b0a1df00dfb10cdd758291895db29b
0cd08a70ddbe0c469fa54ffa69e60e86
c473311bc3f9eeb3b29b819da5e779fd
a8009548414092697853a7d5a0cf5c41
f893f714a6ac7c8f7fce1da5537f1f8d
ad001037c24249483daa5e6b2849affb
407197f764b33d4d04d4ff266e8a4313
e34c123ef5201894f8ebcbe6b59f652e
22e38bcbe10a7c9b7006274ecf27eb6d
381c2786f60e959bdf662f8e73907454
1a0af73800b9f3f704e49c3649822938
50f6e6b60367ec65169defe082759bcd
378950ea967e8e6405441f4da6b34f5b
612407bf2da8196f05a664dc161da8a6
fba1ac80fff9d397f19b9961b979c15e
251a60e1738018fa01694d67ce7fff42
46563cb3ad371a32bfe1ce82241181f0
880f34013fda4cd887e06c9da668a33d
bb97827cac41d38a005c5f59b41371d1
94ee7826523d03417a002a2c816e9d4d
9ed37231aa490df73741bf65eba2ecc6
d34bc8d7943a8781270ced5a41318c8a
4f65b9f200b3a136735ebb10d1be077f
963f28dbec917d95f5acef6d1e411eca
8785fa589cd42a9e3a9bf8ee413306c7
b0e1c7e032edf75f8c66b82a2c2f9707
4d846927ed23b798f6848ac8853abbfb
cd2d9ccc383f92bdf09b2a9a6d5f539a
84528cdcfa27dfe9c14e5dad70e4c78e
6c51b518659ba3d36017210400261191
622bd619c44f9d5cb3483cabe6bea865
abd214cd6738c65783c955362e92c0ee
68438c5a7bbed2304a1155e0e69ffeb7
e10636bec8b5fb5852c3eb250de69875
352b2f7d53ab4f0e0773db365052ec8b
9f5a9a922c916320a44519a80b1298e7
3654272ec9b1e8d7989a1605a59b9aee
198d9c29b675004044890e17187323f4
0fcb88f35980945d46f7351e37904e3c
f054640e35e08c0b9df9129ea1f2ea6b
2b74bdf4bf0f71b7eb5b3b3f746f4e3f
85d298afd47d98f887d0d0aec2685336
11c09e40ebcb84a5d7d8a2e862db450a
d687799bc5ba56f84c309a6637e82dea
5057af9fccfa48cb7c957699a879c1fa
7a8f51158a4312d99676832231315102
810a9ce30ab27a689d03897754ac7abd
61766e2dda2a6f253e84ccdf60489d21
eb6975982a47539756d66629a05c9f92
3ec3513d732e9df6caf0efcc46e95134
38a91cfdf3f3a954225cb2c0517ec0aa
85075eb8397fe3fb8b9e42f575f26adc
6bbc6d83d276a74262046d5c6f87e649
1a8c574bc35f3583c0e4357d33b4769b
a58c114fdefd6a7ea7a69fcba60ac8a8
2894a49b2c877867736e03537d28650d
5721bdd52ea4da32aec964376546aeff
dbb8dded4d104a824e1af454256e0151
096775db274e8832daa19e41660cbedf
48418b3fd6f40536a9472976da8f883d
17387c299af5d38df0c228beaea1cae0
cb286e59cdc05d264a59f470161cf1c1
b3bb8d5f5bb81fd88dff323771fd2261
1e899c9b2255ad2f95c57b2de3e5e8f7
ce78d95de3e4de2ff899ec270d022123
8f9569194fe402480b731b410fc8ac80
9a6eeee88af0eadbd56999bff8e1e7f9
8f04e56e801203d690469ab8b224e7c3
29b15029a01139edddf0a74a26333097
c07cdf23f896305ee86e8bf21a3470c8
5ed517096bc313a4c7b9431aa7d230a4
4b80f51528863281a9bb276302a296f7
0c6d180683f2a88845f597186d9f80fe
43ad4db2d59816560683f7025cc93e10
bc4813b9f05313ccc8a5b68f309ea8bc
96add63d592c0017b4a181699c5042bb
9d0238da9c4ba6bfbaa6c8382e9d7cf9
53d155e380519d44de1220f6e6202dc3
8f1e82220eb2ddbf6f51f498c6fca145
739d7c1166f9b49239e190e403bc3c05
e11e2b91c2e5914c20f960dc179baec3
c69f9c2cb1d1c3de2ed15a6310d6a9e7
7e71460ddd70733b3f62c4b06945175e
686218e3235a93dea35160020c3fbe96
328be70ce9b55293208505106813284f
cedd099c8d4b8349f709a653f6328fab
8cf7959c6f388c855bf9fc350f8834bc
ec57610803cac48fddd0f672a9b1761b
76d930144b6bfbd0d354f33074b12180
663fbd0e70af24da835be1d76fbcd6a4
ee9eb56eff6a2038d314487fd1a8570b
e5d4e50c74ffd2cccb51618c944be626
797acf3ed17de032f94a73a4d88c578a
c032921c759b66e247ac937791eafc4f
f21c673d3dcc438eaca55243528f5451
b3e5d0c52c515bf784fd3ef3b38f2612
3a729fecccc90ad576a96d2d3d17f891
ae62b10995ed4b81e4250930b86418e3
a04a12b62f3fd785fc87175ed4c9faea
2364062654f9aff5f51e1f531a8ee0d4
8b257aaa81a29ab63bfb9e5c8b7a5da0
ca29658d7f3d9d3d1e1ae3917b645c6c
ae6fb6535c2f644ea5997fd746a093ec
7fb718d51204d2b6b5f0eb27c74db3db
659a32ff12a362d7b499bef165e8a7f5
3b6ab0cce33900f6d1f0d696418643dc
3bb55206e7c7db3003d526a669c44674
1e14584c5270e1da5875647017b89ad0
4a7c00e74c71e761582e6f0ea5786096
2ee028716719361e7b1b910e27d3d3aa
0f867fa8fb7640e6cb71df857ecc669d
df6abdd22c28c66bd89640ff8bb79b47
dc370ab77f41c7ea6bb338074727e172
3a70c5c70a0ba8f685fb75d6ad627008
68ccd10f8d1c67ea839df34ec0691720
f8fa1e359e1dd21f335b26800b1f044a
ce2ec2086037d688b2da112d74121c21
2fbd007185765be76e7d2fb4fa6871f6
7dfb8c298e497b5e3cc5469cad57a372
0dba3bc654942f0e255e296698b634be
187e2c4826c1c58cf2c77b80b29fe033
a44ec20bfe7b9e1c9748e19f1b23607e
d4d60dcc74418d47594f3a44f4d454a1
4796c8a3f32db17c1cc0d549b92bfc6f
58f20477e768f9ddf0fc83793a0cbddc
98414722a81ccc52b2fe3ace51fc0558
cea90aa41e3909c51089eeb00e275bb4
70352deb20357031a14e7e681dac6618
2e1230b5ca11840bccf012f8b0538fcf
953ad4f879561e1c27015be3d27f860b
91c9256591bf2e4074c20cee234c1e6c
1d14a2a6d180ebd1b2fe8023008a12cd
7bb76ed34b95c5bdda5845648aad7176
246e1228a62e43833f8f82629fba6ec6
2c99bf7bc6298127c8c4d776ab57e1be
431d702343ac9eaf18c7cb8d2ce22372
6cb204f54793c133f6ab430312c03b37
1d746cb9f0b93778b81e894a08fa160b
ed86145895fe08c5b7eeca8fbe23c37b
7896369601fcec71b08bcc4064f2609e
c3e650a39bad61f8141f0ce2e5e66598
bb1c0bd7ca11dd7a3f1ed8587a259b3f
19405ea2c99c81196be336618dc5be36
449a00b4a056a02a88e4b5ddbd4ea0f7
c2e06eee8618994c47fe62fd276304c9
86c99dde7de187f8f0bb6159ac545c23
2fb5da699abbe87a83c58879d3094d19
f67e4aaefe8d4b36348313d8cb5273a6
8fe0fb4cdbefd09c5edef6ae22fc3e9a
15873798a6ab63fdd9525d5b86f51783
e9bc2f9fc050c74e6a49964768861167
499f3570ade0e78f822d600f0ee9a2bc
fe292626f991a03f3fe3cfbf5800a4eb
327cec3d4474ad2826cc6d0c46fa30ef
b14212ff1edde790bad81614634730ee
d752d53ec435fd19b4a013fc144e5258
e4baeed91c347bd7408b66d2dff21bca
3c0297dabc3369068545d05f34268951
cb6ef42a758008b886ef1d4945cb45a1
0008997b864e5745469accd8215c0e0f
14df4d98aa95578b7f895f00b2298f5b
b54d02ee671bb82b842766d6c8257e8c
5ee269219041946dea781666d183332c
41e120d9817d0a6475f2a25ebd33f586
321fdec3f69d1a0a9cf88fad7ae3cd61
2dd860e3ad35cd04ca7e3a2a5c076ddf
f55ddb8f6fdb021ba585597091fa1301
4e957d4fee35e83de16cf3a1cc5471ba
e74eabbd1ecb15ac946883451b488a9f
0a029c7b2bae535ae280eb5934f5dc54
46b993c10574dbb85d781cc0c544b9b2
1c67f0ccf7dacc1b042bc6fbe650ac1f
f51444cf8888f5bb659d3e710816304c
fa26f3c4f37b3d1fe56593f45a6748b4
5b4b1d8a8bb056b544d9a978bd1d7dea
b0100418ab66dff0f258aa7fa5f83726
f33672f10297b2bfa72270acfdcb9394
e22774f1ef1020e89d1ad2b5138db576
173543743458ece8cac3fa81d2eba7bc
c68d5ac974b53d73bb762b159d71fb38
58b911901634da4eea694594f19ff646
361c5e6e35dee91913037d435b016db0
c3f117485ea5f5b268ac39a4a9c913f0
e23a0701c6893e391c217a313e907aac
157b4a730a2bd040810f0e71712f2fe6
798b8f7c094858a705e860641b98b3b8
961334675e55b6b750882611c7618b42
86aa32fd5f2fb5745db7f2626323f1ef
7fd458db7927c489de0e56b43c919ab0
6953a73b95d2e7682d1d98630230acf0
b230448c166203f308d265a374ba6052
b8c40a0c96a223f48bdd4a49e544f14d
1ead91902e2ec29db5f8d205a2977a69
9a76e2630bc48ec8fc5972d38c700595
159eb7e1853353e6f58533ae63bf4743
8fc13c958ec67bfc5125fba62873b15c
6331604321d4819d3e7efa31db6f09b3
c4596825898f7aa4b496a712253d0236
38e921ad603a21d65d0c97e7bccd0753
90c39a5398ca88b659f7966d820c9edf
3de5a31f767b8cbaabe36a0519b5d47c
cd7f28045c8caa24d0037ca7e8586db6
93ccd64fea09c67512991f4dcc6a8abf
6ace1fa94401e7404e585e780aea24d3
4e473de6e58c1413a207fb84cd20b94b
8cf5604dc1fabec7412648727e029818
b3634c86e664070a04a0bc261a969fc9
ce29b5d6d488ba04a76d6750eae04166
7339a43eca7d0c3b48cb317f461ae204
1107cf078b49f65d122fcea4b54a2095
b7d60d01545ecae2ebdfbc5ab1264f7d
a770cc33b70f45081935c42d0596fdc0
0337aa0499e3e3306c4c3e6b48f8d129
8ac25640df27e94ef919cd1433ac9c58
0b4aa8797ab65cd0b2b79f4597ae60d1
881420ccbee8bebbf5593943b1481835
cf039179e04e32f4862a0b234d98506a
03a9e19318294f83ed5372189f03e42b
eb8ef35a01d5004056389ce6e06e01c4
4fa30d5b2f8be25f8c0a3dc96c8c6a56
4c5ba7703ce7c13cf6a5ce095c75c91f
1b96c27c50cfeeb49328422bb1593134
08b384f3acb18dd87eb3ec308038fec6
007375769f152bd494dd97328cdac40a
76cd6fee217e15bbd8a848b167f0ce35
dccb520942e2eed794ec1831a8f93ba7
40b4d141dd4b2f51531e6802391cc8cf
0d114f04761dcb987a0f026883a928ca
8cd64e04d879daec8056742afd3da982
7b7f79506c3047d9c811430768dbbf07
8f3b349d93070a71a9dd05439cef091e
93cf5010d8b8dd64b4a39ab15b54c70e
67e3e7f37ea886db6a9049ac4f60ec60
edaf2b6f00167f7ef70d0355efd27d87
0c770bb3d0caf75012f93aa5321138d4
736743fea0dd3e233dd799838ef31cbc
b6780957673d043547eca53f0f0772ca
5f27cb792edf98d86c92649886539e26
b8ba747464eec75f661ee2c2f3bc77f2
72015b1c77fdeddb317cbe0742ede53b
5fab2cfccafa9ee835efc141416b14f8
a4288b9af301c63284de98d5c43faec0
dbc0754ce91bceef43dc8a265c332f5c
246b4a7fa9061a501fe7b73d5418b276
14ff46af892e3ef3d7a0de083d909875
3a9807280e3fc83e5bb25ce9442236d0
a14911376489a3cc1cc10d23de3951b4
0e69c5b942db5066a6a7cb388893bee6
48dbedd90f4316022b7ce1e3859ac3b5
d522a22dfe8f46cb35bb9d98948c747e
b4a0c22430273d9a0258dc55271df85a
0738c342c2a93cd19e89770a5ad0124e
393f2a60646acf68d20a9f23ca836e06
320e8b4e384357d68aeb3eda0e56ef4d
b4a0a071d0ec1faa311a352a9351dce0
9bbb5f7bff2e6ca4d0b2e34bc88fe78e
65fdf54e34c367a4f0b6257047de4b4c
d312112f6f8bd155a0cad6dd2b347ec3
5904c8ec3a192a897e363276eb745521
15d00a7dbb123918ed218f263404dec1
64bac57f9ad20be6d23af20e105a2cec
bd42cf8fee30c1ed4ee86336fcbc9e89
4d3b326cf45610040ed9570c65d0d229
d28fc0a7960b41a02ca674d8465ff1e4
482cf41c5575f9f2bec7acf64100e04c
a3d71330d5d7d5c6aa8cfa51e7e2d544
ac99d5c7d75a5bfacebe2e2c40aa431e
c0aac22ff1ecdf27ba0af841268c8bc9
fab871010031aae5dede82d7b17a9429
94177e405da6c26a0e4510b6685ee79f
27fcd576234639253bf0ac855986d612
9201b25e91d784c322bae63639da1f12
5ba836ddfce64cc41047821e352ffaa6
465421a0578dc4698703b6899190eac1
a0993473b171d0f9e8a1cd4b29a54b73
2e4dfe984d0f5929e325626d22c83b1e
c5ac9d11820e4485cdfd15f4865adfa5
a349a1e128505214f453688e3d33ec00
33cc599042415a6480a481cb65d3c7f9
ae74b7add080091bdb9c13d698384e7e
f289dd3368b6cc9913565408e1499cd6
65be419669910cb1e6c9c184e9614968
b971cad098425234abc6e85bf9f40277
4974e3c3d56ebce9adddc5561a38101b
3737d2b76486f8b0f6dc8e59275f6745
c4a910d178ba8f639e92fd2503944971
8a25685ccbd57c6dabe371a58df04d1e
0f3036c8a191a780412ec9e58920a596
4f723deb4544712c0cf34194c8d48f55
32ca9c491f61f275ccb94f9dda83955e
4fd773fa31eb405487eefd3c60a5e588
ea0f8ab2fed143206817b13b48a71192
2da7a8302f976e2dd0b27c9f29bfdaca
3c701063f9935e2daaada2fbc6340d9a
9f17cdc34ed8a6eccf97468cbf62b536
fec2951fca122041c17da493c24421da
5c0af8c940ba133cd93b020ea8eecaba
01bdc2fe588523169b9b979c3b3b8a2a
5468a5001292499d179ee9e6af704467
af4979a57fb726fff41e3be439f64f2a
0ec2db98aea29df013278f5a5eb623bb
3ff63e83d53d3bf1023375ac01bc0acb
9ea2f22a9810550b5b6312f741f62bb9
01882d62a7ac96a65665b84defd673d4
2444345262e91c1bcf10b53e13d3c488
b2a49c7d89cec1891cfb7b2be0e93fdf
32eb74dc56dbcc4c24d96cf950cf3b20
7cb81c5e91334f687079bf12e90692c6
b0feda90a940f18ff8784faa63d5067e
d263837d552633f8e98b6f131a93581f
307492a3208a74bf95595ef56d89ef9f
6b2e46c9373d3330c741d281c2445ab5
78fd7224fa17792ac34a258735d9aead
574ebe43f775f3691545c75df59a66f4
7173a7ec919e5ccf976c085f5d4f3b5a
1350e64e0b53f1332a9752532ce80f7e
3ff1ae1728c3584f9cfc86ae025f8038
843f9612c15185049c516db2a2caf95d
3c7705a5b7df7099be21109ea1c7274a
b92f1b00ebafee89e3d5d0895492cfd2
b4da73f0765921a04357c6a9bab5d43b
2f7ef0f4a4b7b184428ea371683eb5e0
4201155d1c03f3464ac29939b50b5837
c7b0c19331059a5eac4cdd2d25247de2
90d6848d1ad0cc5a7443ea5e0710f17b
e4cf94ea1424aae512e8f75cc829b230
7b9c265b7b95350bb9cc2a8ff9674c74
4c7883df5f2ebfd012d4fa8144fe55d1
e0448e5721575b41ed844c1fd41570ea
f1da065de43b06b37f885ef13f8c842f
f8882a7a58881193655ee48069cdcb87
1e1d038c43b707daf5225e89395937e9
deea98d5493f3ee4267c22a4797bbc74
d85090e40c717837803804e97e8419d7
@1e00
986ed402fc451cebd3e10e43d49d756e
120a0421e07b1260f1aa03f41e2dc8e0
912437dd4e6b7c9a7900b96976e53761
0703e63ad2e6d585bd53bf2d1ccb47f9
1db7275bf8f2806630c48715e5ad4a76
05554c9e57145d0d3915d59371e350bc
e5a6f17c5d4ea68d0b230307bc59481e
91b783d70a95cd1d3177d64c1712164e
c5f8398e6682dfe6dc5e03511e3b9516
bb0d267ab92f3be501e4e1477310d93a
9fc6ca01f427085690507a55ea195cb5
4f76dec7b87e0f2588c5ac2751fc94c0
4ab72c5af932572118cea0a5a6e819ed
a5d113b69cdc34602fcf7ae52703a965
7fd1d55aa5a2e32cb8b78e36fa1e355e
16dbaa5193fb57b8721d81ab1220b8f3
9e1db6558ae72311300e4962d1b6a803
e80c9011a64693b64ee1fb723f0f10e9
6956d7eebc1491fe4d22a7d96cdcb27a
a23ddaad96b10cdd5e6fe2e027767582
6d4740f845ca0f452579d853b9844e48
ee8b80dc9a05b463a28d8d83e13f071e
291fbaaed2c40984e917ce85d2439d52
253a5b5040af52ee8603a775d85a9c07
7cba5ab45a4d9230fce1fcc4ee2e5483
755e46840fa992fee54c7a6b6ed85b31
82c18732770aac1a4e977559d6e0c482
f410b620ec776ba61a23caacb11ab02c
1e3ef78f005c6a8813c2d47b6098a52a
a3e96c546537a6b7d6cf2e2699895ee2
e3cb1c297c02abd3e76135057e11fad9
a0c10073456f2236821a260470fdc03d
8df4bb5ffa03d7e599090ae6fa11df2b
e88af087e1e1cc1ca1fa830002849557
c071610c5f5064fde617596567509224
461103dc63980aff545005d3788c01b7
6e98a94f6dd020a71a90872d18549d44
f65a0e05c2d20eba6e9d92cf10616324
42517796f03247cb95198c71ff639849
e446e517756bfb45be7e55951403ae96
ae1e344c6f236c86dfac0421481fcf52
77e2339717b44156191c3d95c0f31a24
61dd92542a617ffdb4ccdc9a6dfffe8c
4d08f0e8728ee8ca7f88ff0d843d3871
5a6ff437faccd4b047ce03ef16aa5d70
0f5c3bde8ed8ef24d9eb5aabad556b01
6eae5b5d0600f320b2cd68d6eef1db66
5baa80b7bdfede558ecdad249471c201
0d4dd5a6072647a57ba8c121a67d6028
12ea8f5a67c5c00792479ebb9da54105
bc743694a489547cea316e75e1f04754
ad6535ba98074a9b753d074410dcee8e
53a60aba7707d9b738b09e1485d3ddc7
471fdb0a262ba33013d1fd5b7acb7e7e
62d7feb099f3211f56d147630d4711d3
1e739115a36b8642791790fc17003c26
c471f40b7490851f10f21f4a6fd9fbfd
2a5da8b2ec870d549a7041d6726dffa1
d1a01ae71c6791b9bb6b1bdf346ea9e2
636083506ce5f3cbf3bf0f553f9ac1c0
2f6e6efbeda9fab1a962333f884cefdf
71ef268648a1b29f67b12db160f363b2
0a4ea072adf611b127d9070b32d329c9
631d80c0d93526fa48fa4a4752c61074
ff43d8d1adf39ef6829b35996e123765
99e0f30b4153e47cee9987437f36bc2e
f5606c1a63a3c39664b15c1b2ed3d76f
70f1cb59037934707aa22a04e1aaed90
482ddcc779bf4cdbc5be0d855a541dd6
70d089a4d4736b943926b2a44c46e18c
1d8bd02503e21168d89f8a8fbdfd0f9e
395023f4b5ca994b70d039d7e73d4533
ce875f9c701da4727b5b5201d1d46007
8c9276d0478fd633dfe99fd71d461d97
6c96e8073d48470436513d17192054ad
29ff506ca6f40cca93971cbb5865c704
9594553b767a6a2e41a86e5367163220
4b287f841dfedde93538ccff4b56bcf6
13821d934a3c728dfdbb31b48f11df1a
0e28db73af1dce9d560db87020f32dc4
b529cbd5858c69cc3e2215f4932de3b2
f86d91aa45f6af1f28fceeb4a1b2f45b
4cd4f0a561b6503890e1da8b690021fa
661a481beeb4e6ac822961c7a0e36672
010dd2be5c93942f4c986860277a71ff
d927b2d5f82a2d80141d137535ea93fb
bf146913359bd210c653a1a2b6c5c557
f273e09f3fff6561fc38c05939c4119d
113b2bf7df7a123db3174f30f337e270
16b25d9c8f718c73edde12cb492483ef
054c228205832b258530f243606fefad
c94046134cb3296c0df843abe74db3c2
2cf6cc3e9e5c5e873b75e4fbcf5ad110
b4cef003f25e433465d817aa495d0961
8fccd1f38b515fdd1152669473e14f0a
2805e2f1544c63b4a1bf088f93db05fc
881db3c9dfd1ee3a273962d3154b29e4
7834233e6a1973b580e73dff1916c3dd
e9cc1e68742e65573b2a99f5bf658d88
a88189cdb58179b6ba18de2fb1ff9e3d
0e9c03bf931030b74857a09787778798
7cd442333cf62be2716476f30cbf556f
6d413a04b863cb9a1528e920aab8144f
165bf61670037aa935e279f7e21a1ef9
a7663a705466ede7cb901e740325e504
ea37652a9b31d0866d1ed9ca54c59ff4
0eb171748d837a3c3ad61fb8d2851f77
8d50e44960d9326ab3c648c177c5a690
46f021188a5587ae042978e388018820
7ecaa98165d8684ec5d2fdd19f426025
d6b61e04e5eda1c3c5f7a3a0644a0715
2a2e7548796a256b2bce431e49cfc446
08963864353ce03a50c82c2df59ed94b
be60c124a15a45b25c61bec372d01ce9
7320684b001e7d1e0eea0c43d87d046a
3463f20a5523420ce43248ff4e235ba2
449a31f173c352130e037522a3b1bcba
a14685de46a69f75bc5b617b3aecc0e2
0a040dac8548c7a80835738cb380d9bf
aa64e052f1bb63cbb31f045e04c1da66
d617bf8c3ef20393b324cb8a2544bc60
95c7d537b4d04b3c68af62fdfb5b807d
2c9cd189c1960f1669febaf42ad20c1d
a737c3b2ec6a2e9db612f870ab59e0b1
c9cf86ead6cc47dfe3afde95a2f79ea7
4e324f1a1788978bc60200b9d59e912c
507378a35c87cc3413a055ccf3e5e417
49b1d17332ec647fe60f644968ab257d
f4ea9debb03091d38cf3a5939066c7b5
de68be2b97666eb4c1cb24734425a651
8bc448d9c75561e42a8530fc0f9f652b
cc52ecaa38626ece94b6d51ce972b9a0
353654107cafc7f3724dc371549796f1
14ae930f9fc95dba9860d951face7b01
ec12dc8cfeed9a62c465cdb8a65c91e3
35641f203029e27299515ac3bf4a2652
570e332198b7bb51741cef6ae7c47235
08b8de169f1d5e6661b72d828e8cc1be
544220830839fb1ebd2ddcd3cd0593e0
f17cb4f1330ea00b1592a6530e12ce99
7625a6ed600017cd3b8da03bb19667f5
644466eb11de23f05c96b065718a21d7
ac1f896fa88964341134ec4b6a176eb9
7d07b5bcc146bdd2c9600cb6bd8afb05
39e47242b40f3f5af05a8c43d167de55
d77e0e9587fffe76ae80546013534cc2
314e543218b0782c0cbee99361ba0f1b
b72423d0bb68f1f15c9cdb2969f9b510
6e961ff98fc2b68e37661cd689fc379e
6c6a4849a9b50369ae69782ab9936f67
2cde2a6273ca48693eee293e75fcd322
0dbc23bfbb312288713f44866aaac2f4
89913870e01b09ef7c6c78ddce78ade7
dd0f62da857640dbe71494abf0e06e8d
6023e6490721d3fdd98c186ad242fb22
3bcbf393e0716f4e43de2f469f1ad70c
abd3d90c9b4b4a74ac53fa187f06ee72
d759d39d67a044beedbb42a15427464c
630c19b184901c8d1af2d5465a7859b9
15b1545876f44c6a1e6b67104fcf4e8a
c565024b290e9d1b76f8543012a7e2af
037244e2a75329c968fbb3c253cfb650
075a05cd9aaa35c6e0247b4c57560db5
43509bd32bf5cebe8ae63f31eef590d9
183ccbd20eb1659508a92aa774affbd2
4f7bba42c9c408557de6e768efc4b834
ba60551571e8430993c9f0eb843e2360
7eb522e1490e87c68bab7b565089aef4
c6d82671633465a849bc1519014717bd
27e601922828f3caacf322c12424a001
3c459ce918a00bead45639da8aaa13e1
c5a6f82156f454931ac4b878b12b07dc
7876908b2ae80c2487c443ac105ce944
8ee7dee4d2c66a9ba7fe6f0f61a97517
aa6116a01b2f3a317fb66ceb2a50696c
0d24b74b8d57f6846082ef79156bf6af
7e10d741e9ba9c712f2dec7b66403c4a
22afcaa35be801da82253a4a1f44a5ba
adc376a934cdc421bf825db672b71896
b1d7f3b7b672da990c49c6b55195723a
49ba5188715221d59da82f000db8b297
ad7cb7a6b007b867f1d1db03925fb621
1892e0309e3d96b1208d96868c5d8751
e64ccd087b5fa7a6a4bbfef43cee4dff
ccdb2c3d7266721425868b37b14a4e2a
e0aa521fd1227f351369ef1d49c6b11a
4acf33d85409e901695bb1ec6205e7de
50a63cf26cbc46a5c90c5022ddcbcfe3
1b25c358197555030c6490b3383ee493
bf89f77c279c215d847dd68d85af96d2
4d781f01c58ec7cf4c36724c0b7aa2fb
42088faa71dc8faf3fa9610457b3b7dd
739d391a0a1d93256b809a7b2cc186d5
e260fc24be81afc55985d45f97e40e15
99ae3784a399fb5c19a319da75f95229
5b20c1fa78e13d6d788d1b07b80ccd6f
1bddc0df955799886ac9ad8b0c3e05d7
6543f9c2c392ca53c2288d7e6703238c
4c7ba0349ca709b05004fd0d29fe4cf9
28faaf53fa088091e8e83db9aa66184e
112357de045ff8195670955ca69bce51
fa3585cb692981451ac2b77d1cafc4e5
e8fe8f473afa7b5c7a89f4270b5dc860
47fe0602f62e439779a2f91b75f37d8b
54dbc10fe5df3b978ff54d840ee7ca1c
682866060e34fd0d5bf27b8784d8ece5
29dbea132ffaf27031d3e8a867aa935d
f34305e4ae8ca2a4a743fdc227df2ce2
a1db98106c3a887df5e402a664c594e4
c4304b1ecbcacc4f24f212fac8d12a0b
ec8915819e5745085a6d235336b97689
94acc77e1c892b0f994a01631fe715d0
8a3d4c20b03ba86003a1077931166b3a
bead268bb581b7aba817b3c27472de27
b54bf8420ad6af87af839eb36181f9da
cf02c569173b1270f7e0a66716a91a70
9872bba33ad3aa44cf3d951bd80fa62d
d390ad05edff78bf3a2691a3ccd3ea8f
4349b87404d426a7c4d84e24672c6824
56cf4fc9b06e32a47d4a8981776d2caa
71e3f059a931685d5c4306254f42e2a5
5deee900ad23655680f55fa9a63bcb57
20015d37ede4e0f5236c9844493981be
9919cf9ffd47d1daedd1e55bab2fb007
3ca79f21ce59996c1fca62f621d746c3
d8e7c370062db6ee3a5597fce64e93dc
16538a01b95dd16905838932053d04dc
07f7b7b9c53989d8acd6bad40c33df94
28480025539a656d37886ee76eb8929f
6f1de84d6e46b8ed269cf5c63bdac0b2
3e323ae8a84c3be4ebab54a323e3cf6e
ef00a66643cf00c3f73e2bf1c8b6bda4
8b48cd0bc4f50f4983102bcb46d0dace
4526c2f52f9706645119961ff02cec4a
35f635ddeddf07591a6fbc88ca358e01
3021d8ec6650524886366f6262d84712
3f8c67406baaa26684cfef1c93f9c888
104e816e2e48663823135dfcc6958f21
bb804029c50f20fd24d0f1f23d89171b
1e671d0e634cbf0267c07a7090e7d370
706f2e6fc04314397b0c0d69d6417584
00ef0fe53e073b04eaf0cd112095054a
c2c438334ef2cd9586a2ee6e22932c11
600e1cf8da9b8072c20d27f2709db787
37b51aac24225a8667ac68b11adcd747
14843531827837836efb86133f91e8e8
39f1b738947fb6bf8a1b9f2a26fb1d37
487a0b260d31911b5e1ec1f41293d5a0
4c71437dc292fad843839c843d51617b
f84501d812f82ec94575523d5520fc65
faf4679a672f9f9e9ba8afcdce1ce2a6
bb2c76e0160cd5c771f7f8aa526e6b9b
c59bf1b2e508ce8856fddeeadf8b5566
8796eb1b013b1306f7da839a7a3f84d4
fef1b9b9782df6189685d8838fdd274a
60217fba7876f7c209f751b37a2102b1
599767cd8e7693cf4ae07bb353334b8f
e528de0bfb29514f0c1c7185559e14fc
eb0caaeeb0f563aab3a6741aa123bbc3
340dfb2debc374386eb08e12b8db4a9f
1d4d495db8c6cc6908b924e0254d3d2f
d218ae0d1fd980be20cb7ddfc25f2ff4
8cd7ae13043a381ef85a8aaa8affe864
9a535e157cc53b550badacb11bf91caa
b48f077eb512744368e64fe6cab591fd
c93072ba180b1379f18059e44213f210
e5c71a26639a3e089dadfbbf356d3d4f
834907828143ea6464397c8dce0f6a04
c86b1723df80d9df81b05ada2520fe33
d2077ab4b01083e1f691eea61c9b378f
9612d6881686a005728834e70239d70f
4672334fdd2869ce1762afbe27b0d99c
049d24a5bc6c7e474428baee75effd61
567980e8e30f71612dd4f2b10276e16e
0f093e9c08291ce46e8c8a58e8c02e43
dd520d516c4b622c9bd8af3a54486f8e
2c81e21104fc334d743161943d3d4090
f78f1c3677407a02801373ffa131f7b8
d9a201458ce13ae18dd94dec56cca324
c4943bfa475288049a2fc1f53a36db86
6305814cf0d60cca517e8fa42a03da09
4d143aecfa11e507327138724f1a9a64
13f2ca5b0daa32391e9ef9a165fca107
f266ec6b9648a98967e81cd9eeecef1f
f8936dedfdbd8e58ea5e00dce63439e3
5d5f77f7a27735d372f38020d40936d8
52c41f2c6d0be9a8ddaa463325daaa0d
6470827cbf7957cfeec612f448b6745f
94ed43b650fdacfc811791ce78ce88a4
946c73d68fe4cfc7aeae5026bcc23e42
ec4ed988373937ff3b16ef8144a231b8
00b175b5f7f63604abb3c7fec643b24a
a7eceacc1b448621ded5dcf631244b78
eeb06e9a76127db9ac9e986a719a90ab
96e643033760d22812047c64bd76c8bb
b6f3bdd7174d3adc8a6e008a7df71a86
646217ece665d587824b4fe2bd25e894
b751abfa08046e1921f650ff8ee4424c
51801ed980097b133ddea1148c1771c3
bdd1f30c4e19d46bbd2d3f3f078c16dd
02773db7eee54a3cbf93e91886174795
c293e00d12991a2e3602cee665eeefb1
dd8384307c1948cf9fba5101855cc7f7
4152433eab289cb1a795caf3e60aabb4
b65008cc3af6cf16fd531f6082e86aad
c45c502b49a71c2ce2cf738733df169d
da2ebc918828b66c47a20acb94a2af77
5ea24df58ef17e92ad4c46308c410c9f
05d62e04625d1ce97e4236b2bae083d1
0b50b7d1c13f5fc3da8ac2a12de53848
cb0e0ea4ab42cf757bd6b32ce0985031
432666459ba2d19e5b7a4c3d31f2a534
c40bfc1785f7f8525339c3f88b26fe3e
0f8d5259e5efe57eb4e5a4b9d194ef22
ce69efc6e612d15ff8ced43f2b6d186d
f765656d6195acd39890d80a4c951560
7dac3b5ff6cc1a9832381a7949699edd
1553dd817094b715a89e881e9f847a13
3c1f3bf2a77ae72351a0d50113757690
3bfa67e6706fd4eb4ede362a0671eb54
36700b3c4754956033ffe10e9396c3c6
65f641f26044a9b6ae6555b2d2ae1234
48a32ae8a56ad3979c6a1d4e8aff36df
cb2d9e97ba253c2028b8de86bcc3c1e4
2a982e263afb5a09cca923917890d099
40967ce2308b95b8db34f7e696ec2207
8888bca9b40a941cee329f5854b7267a
591b09e66da66dcb3a38c5d98318cbb7
f87954f1fea89da6b39570090e3ef3ca
7ab4b4b7dea18b1eab3e034cab2d9107
72e17e2103b23f6697c3c7e9e7d3e90c
b6b5a0ba7463b1e574ce44337b95c25a
8726b893c6e13813b134070367858d2e
4b1841680c67d5e381b6d3ca36e41b35
0d74fc381d6c3b88fcc7f606aadb3539
f74845f6aef6b1c03509496dec678764
634f2f2f5c8529d833603866ecc6c72f
37ad8ab3b3e0537f4785fa3188872f35
317c293fa26113dce403603294393205
2834342da968f4442e9e18bd0699f431
ec76cf038874b29708069fffa88ef97f
16d06e9c4849c111bc6ebc9cf0e14d96
f662e863163499a312415432b9a1012f
1f2cf3871d8e88e87cc734c7aee9d940
2f18625b64cf51bfb1a558c3822e307e
971d6ac473781e0c571987d57ead33fb
badcf9219a7896f1ac9ec6a8f1711906
11c7abe9831bc6f470a08921417aaf9d
806904aa3061115c6f12385ff7db4737
07d8263514e597a843739fd4f67e4a1b
2024f40dd854599e12a9af876efa840c
3b7fb1a32285d241ddcf3acbe1482fa7
71539dc3e44e07c92a6da93282f58f5c
9ce7f511d8b2dec1f62eb586f643b83f
104dac477964ca9e0437b29b9b3db531
05e464620a40a64d7e59b64c2ab36e5e
b31fc9a9c506588418a0203c48d9756b
a863436bf03cbc46507f7004a4cb438c
8bd1435e439c3b57c6c05a1ee9b8bf9e
38653779b691151f5011c56ad105fd46
00e6a0f74bbb507167b9ff577b6e6fa4
4db90c5b2fe4b5aac9abd6914e690dfe
90e532eb79527138a612157573fd90b8
1af87527183ebf862487e8054ba74cea
718458cafa0d3360ebac33479fd92ec7
f55963d7961dbada6c08f03e555bf994
a3f647ee6c976a843b67819c1f2df72c
43a7d716ce45f4bda39d58c1631caf37
3907fbc173f02829ee94efc3793292d0
1d6b79684261211f092d4df067982948
65baa0f0c4cf6ab160b29e3cb00a8d67
09d2ea88732929ab234b12dd6b2d101b
1b0e144fa2b93a74a4572d19e01ceda5
5480bf05b6a9bf3ba517cef28b4001d1
90ee4e80aca73530a6e69ec55a4ac8e9
48cd9ffd3dde1527d6ce28bbd5396f72
b2f7782d3922aa1b6d825ea4ef2dfb50
feebf49ae89aa5cd28cc675c52066a99
eed5499951d5aaa884416c778eb38672
79443f551d7e4d77940516ace1888aa0
d2fe2417241f671fa28349921a7ae806
ba46abc6bb3b245652f40cf0d77a9a72
500cd7a0ed09ad4d5256f075a61711b6
6c754340dc07fff2460aa8f9cee2ede1
475e4499345bf47e064c53208f8671ef
553fd94c4165e93d0d439e6ff2c40534
f074aaba5d6ea268ea68f213e9677dd9
f642da09e5ebc2aab304f13739edd51f
a3e4279913b94f4015a387fb78f98d2a
e93f503b83ec6240f5ce61b66eb71aed
14c2824645c4a24130731b2868dc4956
22cad78013daebeef68cd51cf644fb2e
40293b8c7cc7d9b5d4ba47e3309ae901
1145428203511facedefe59e6f79f9e8
615782cefc8c3421ce2f2d875cae3113
cd5c3496d156079e8990984d485e8e8c
2643a86827862f03dab602c42d98948f
056e4448ff9a8108a041f29cc74ca285
274070adf722f2e922118a9e7483b787
b88536bd30eda476e8e4d0b8389fe975
d42a84648f69799be44abf164bfb8b8f
b4f0a00cd3d7b9176f18826af45506a2
a9c38fb91218779712c5a3cf82bd688b
c0a990766c436cc1a4a2df21b594c0c1
caab625731667f6ee4f0a9ba1e3069fe
c00acdd8b20c737c82ee09454dc63020
e7ff4fda73383aef653faae7e1197efc
c6f86dbd2e0c93962312b88cd6c3b972
381f1b3f72c98df9462136c69bf17032
9ae1159e723d536dd016be3f2c406873
718a399381b44fd2f6bd2ed3cf5f7e88
12171621df89da26ed2fd07402160eec
ffa7032a8d196282dd7556ab03afdd0b
d91dad7c0f68757febbaca832aaacbdb
6372265fbe9547b634878e881939970c
59348cf2a9869d8545f2181650dccc84
3dda5db410711b6b0bdac07e78fb4042
e5f595e851a139edd2502801fa218982
711fe5b545eb83f5c56d48fd0a993179
dcf499b1d6dbb688e776f9a1ecc5839b
79ef6495e001b42b69fd9f103261d64e
b6c01fae9c9841b8e2c445be3da178ef
9de5bc25435bf052a7fe86439ddee954
79a5c032c8eb0e47002ee6aaf455928a
e0f2772c48aae9453962b1462301886a
151e7abf5c3deeec77e641406260e941
fd30c6852d5affa7f3cffe5cc3be9e2c
c3fe1e4c0b83532fb2f5152f3a8e82b5
ae542e7961bd7640c031de579f94210c
52f60dae1a55067ab8a2b581cf4ba766
9cfc8fd38db4919ec4ddb7758b63e03a
769b12919b84dbb23d545dc7effa00c8
69089a7e574c1f86c1a9f4fe768ddd5c
f33a3c61eeeb9c2052fb3209e46ce48b
58f2f2691187eda99bd6a4aa25bb7948
2094339eae97e47e09106ca36ee31c56
f0e1f18fd16c045d0050e7686a8e0776
72c95b8f04b05b41b243d74af19c0d62
98ae98e01117c300b4e672501912cb40
df3b2b96a357e97a77b06cec71c29dd3
f3172dc93c3561cba9dba015a1daf3af
1e3b7cda2fb53329e6e39fbbd7c1458f
17de2f40a2246e525f645ae5ee4794f1
6649645263e64efd013ea5a4abdbc63a
213ee76ebe02fb95d9967f614bd8bad5
700e56bd6977b8468342ffdd66de96f2
9616d1ca6a291c8ed99cb5ad3658028a
cbba4670f8010b918f12315e9756c793
ffa13d0af8147644be6a536729dcedc8
4ab37d3f58ccfc0a76ab200910f4d155
21648a436a21f4918682612ce3e0d3a6
557556e0945e2a9a4e373fa5ee69fc4f
78f13776e168fe6cf1c7b24d55cbff62
9dc6a0979c565633900d1d04fbb1a58a
e18a72a957300157e52bcdae6587b5c4
672aec005454e6df23e2b968ad9ccc8e
1e84728e7e1c5325554cdb292b7e2390
079b98cd4a544dfe6068b78595f12e66
4981e8779f243c0b24dd7f4e601d7794
44506cac2c73c227ed389533ec3bc052
8c24efec04ee6f28f33bfe3722220270
2a95f56862475f16b4ca90e858bdbc4d
49de72e7b5414b0e36e8f9dc0b82b76b
7d8778c37db3a64d358de3627c34e4bb
c9a87a541ee702f5865dcdb5921b47b4
01e81b608952739c587b2b4b7dd01885
521d0ec0fc45a57219739d602562023d
eef17f88016f5cb686d554fc7edca5f6
a31038cf2477a54f9b11fdf64a92831c
72db5f54b6910adfe5f69c78b61b8f7b
893b923752423d91b95f5200abd5e0d3
60b488cf8e620e9d77bca8488f12b9aa
67f99edf94eec240219af2d5bc09dafd
d35999cbb5c5449aa578b6eef1faddb4
c682f9f6156912eba48608e0cc599b94
24ec64914e3277f88bfcd18159ae3d32
a796f2c2f6bc8fcbacb78b62f94187fe
6a0f0ef280da7d22dd816522d7c061ef
cc155188ca65a3baa23b7bb3296a3818
c8a68a307043ab8c86e3138a29dd389a
9bba7461268869e7f6e1a898de5495c8
fc7d77d9d37f9a7701371fbd4de414e7
ac88b011949abb1ea44890ba2376988f
544cdb6038b1fca0ec0d7044c623fdaf
dc6a587b01c97713332bc5b5b6a9f86c
1f93e6578054f58e94debc5e2789c12e
cadc449a43f934355e1e04ee849ebbf8
6d3d027affe99254b796743cf3695fc7
49d3df49dcd07c6d800f05e0172f15c2
141ea7eb9d7140b132c6a0b29a3d5c08
0bef3643c754df84d6705e0db2992097
05570e5cb1a3a88c227c958e1ace3b59
ba5608ede546d4fb97c6cc4a2ae1d6c4
c98c30cee34bc2cc7251995974604819
fccd6ae17eda53a1ee45372a8bf7ca5f
5483712e003002449baf5f1ed1aa401a
10d8e41fbe76aacafa9b413e5e92549a
c3b78b0435b60089dfaa68e787f976d4
33160b5c64cd83f4acd89601b8f93f9e
a4588810cfb64b09b866f1184bd28cbc
69c479357af6a02d8b0ac580d674a77d
352eb38c8f2b9b0fcbb531c4acf049bd
65a0c3d65ee7244afcf179273e85a215
e61d1b335f512f70a47504c2f43a1f99
eea0ae7d664484faca4c422998a6e8ad
589ce18936f200df466e44c47202999e
78577763389d5c09ea4a9e60d750a9f8
d30db54c2c8360cbd65caa462d8b72a7
66d725964b934823d3429cb6d2a31bad
a0c3b9917daffeddbc801850945c8f7c
c102e4fd98dada468210a73461fe3732
eca428759091a02c89687e04f13a34b9
ad6090728845fda81df8ba15e924af95
fbe5ddcc266eee0ae9b59584609909ad
5e8c832de6d37d9f2338539a525c065d
fb3f39f5804e83350ff8ccb4ecf43e2d
05d1fc20eec5a48ca5b4728aa83422be
03223237bbbff541f2ba7baa5a25278a
e64d3d2b175d53021f10f848d744f3f9
b327cd3513454562a9fdf9d969b414f9
ca6efe4049cab0b5054f244652ccc03c
70c2ca86b999e4975d25aa1030172bc3
6bf7d86d540f3a8e7e3b02bd26e4f5e0
5c23cb395e5b2b9ff6c456ad3eeb4805
0f51424f671519e1e4e22b63501f4b98
844f1538e285d94db77604ef6143bdb3
137f1c6934c0ee30e7b9737f9442bad6
8baa001fcf6350b7deb4282acb020f21
8335d9500989bcc373238edd1c058e63
a3b3149818c33fb7e01c80b62a66564c
f379ed821ad7d2e6c1dcd22d70a39554
59a6fe071f2e0ff3cb1e2706ca41d3f9
a7843e1819e9f3306db9f035fcca79f2
bff129e4ce9647cb30bde1964aef369f
065593f578f8ae0bbec314c2b3d21f06
df8c1cbc00857ccb7f51b998492811c8
15bd9764d01dfe1207aeb7c8117fccaf
2c6bfefb1f74f784cb09a1e257e173c6
0bcf0d2b8c41beb56d382e150fe0878a
df154d5c2f2b5f886e6fcc59a34a2132
2f5f5c4e51c5acd49097a5f08ee56b15
494a3098aeb4668171d633b342f01b11
5e46d7c4fd122f995263362654003b13
23345f13f32ac6e397c8a932fb1a8ff7
008c7ebfc7a714142589a7a87c4ba77e
0c4fba8dcd571368c1748630362e12ab
1f65855be545848e23322bae43cbd457
3ff9d4a7f2de37503eb89bca6d819281
4ea118a640e3c2deca77fd22898a2f65
1564a117910f858e020df09df987f811
4f6aa6ae8cbe1b3dba9feedad1154ff9
6d29880976da2258ca931e447d7bda75
f73296a13466acb27c6f4b986deb43c2
b8a685a9e9235be1eb261b5c61586e96
8bb2bef5ca0bffabe8a37710f5c90d79
79bd352df94a0d06b9bde0267397a666
5a5dcf622b29b9d75db5d4ec0f4bbeb4
3e239b6bd96a842961942cfa41c58e2d
70d60aff33e428a22dde85b51c0d67fa
253c4d8881122cc9627517eb4b148ef8
e1a85e01750d56c563e40e1b1b0aa309
ac0d8e7ac3f97d5226d24b2b87912a5d
bfa2163f476a7a33746ccd6c49a774ab
34fb3585b08e8508a159990aab5221b3
73b02fe0d5a9362c0d0e8dddbff953c1
de036601856a6dbf8f360f900b30a1d0
0f43e00ddd5a978419b16d6e238b6375
28ceca145e153700da7f7e112c788c10
be6daa59f9f48486239ab32a6910dd97
38d4268ab4828a01f7e1d2689e0a27bf
d47ee69550131f0f006ee66dd2b014b6
0da7d699a8b32a7d2ab669aa3a44b9fd
e6e98ade7085dfa0febf944943e05286
f336cbf5fbedb1c58533b064e0a146d4
5f1585cd7ecc2a458c5180b47af5f2bb
39cca1211f95fc478be6bcb09fe396ba
9154b05a7ce4255bab5082bcf18d7af1
4fc99f5b2132d512c30e39f33953f2f6
5736d545e432fefa9007bbaa9646eee1
bc7028d8b678ca305bcb00eb007a93f4
8a984e4e4eb9146204fa9b549350864e
34053b609587f300467fac1ada4bd208
fcf61b3f96fc196b9a8790de30d1d96f
3b9286c97ea5c91db277985d81d25898
5f97534f9c53d06fe2d79d5db48d9f16
1660e4ad698c3cf9b0918935a55ce70e
0dc447389edd1fddf8702980fc1f3542
fb15d1339dad211ff34c46a2eff6b3f1
93b5d61f2fd8d69c5366a5e388ea12b7
2b7737a38dcf4929b280e2b8866faaf8
3fd41f37b121479fd410aed1f8c7fd63
990b8e4e740f629e98830ac98c7e6e86
a31e6b4d4cc018f3d48a1d5f465ef594
69e72be1f58b0217f0780945258457f5
15c8150d60676d3a697286888019bc67
2fc897792834c68107096e0cd6f3e791
535114c47b9a41925c04fb1f310ec5bb
a5487dc06d874b70d01e65e83c3028ec
70f59577655e86b86f2ce1f3ecb1c720
5f580a48593fc291b10bacb0fbb96b7e
7fc1db163d600c60abe6297f77e14173
067035be0cad08c05888fd2c6dd6b732
18aaef878c9071e175702c5f9ec8f23d
3341ba1f8407b6d2a127ee0e35be9928
f140ff887add3bdff9d3c060bb8efe9e
096c9af9b2890c4d6aeb133a5235e1a3
0407baa50dc2e70547f54801326db061
d563625126e1c93074a12a4b233c51ce
d266e26b0f9306c4c9c6cac8cbdd8cb9
1098fe8468fea1fb5352887e3a84068a
b9f691ce8a4518e2b37ef15965d57bf2
307b5de9b1b0f3ba5ae199fb3136eac9
dd0b51a140807c87d79d510e77b55c89
8567272ec9e6c561fa02c6111f6418d4
b9fc2ce45ffde057fbe5a03ffc7a42ae
99c62069ecc0292593fa0b115dbe6a4e
d1c1aa209799d8e238340c81a6749d6f
ecd6eef2ed3ed15666b735e6d6252cd0
edd1b59667e415a3e5941203535e1d7c
32f0ec3905c5e396ce5287f8fdc634bb
23d5663bc6ea18ae6d7cafc12dac1f00
018cc0ea33b0cea6f1d53336fa2374af
c7db4192f1ad1a18609ab31b072e076c
f1b1c6b637cc084cdb14eb49e0752888
0ea0ab2a4a4120bc7989be93d5ce1594
e78e5afb6cb2b314ba0e0340084cb1c3
291d1faea7072a1cfdef097ed1aea3a9
a4066269e9b7414f99d8721cd7d91c58
71be107dce666ccd9c79eb7d97466a50
c317c23db869d3768734496584fb07ce
3c8802683eba3447c948cf5bef63475b
b556baedfab4614763a7b83afb7f5dde
1a32ef919de0c3e160337ec20c07d268
736b556648ebc09808d1a634b13e5f6a
b11116bfca703b98b8d1b1ea0b911539
4f993fc16482779ac1faf7377ec3e4a2
dbcdef9c1201536fa60582efacfa96bc
789d72c5434c3f3a555ec495f3499c67
4e37510103600e61ca75d41902141ee7
384156d8934b3298b8a2a5f1a3a3ce9a
c6af327b0232a2f2eece1f40d8c17886
5d331772f49971c0cba440cc5faf3f14
864aa05527e54c291fe46ffccb9ec9d1
de4d142d74d8db8a4c5e2ef60e2ad7e9
5770ab5f90c2ed9befce24a83de2afc9
5005908a31f24cd3bc07be3a9c2ad0a8
b16861a5b6c43c66038193e3750b6a8b
8b69fc5f5b9724be02a11ec648100639
f1283edcf84e1af238f2be3fd55f69db
17979fd41081b7c4e57c144eb4a6ee09
076044f9e6d8037e6cfdd42f5217fa71
aa9c4959dbef0ce8a774ed9665c3852a
60b2530d69b8de90e766e10aec806e45
5ee050b13668f3147c27ecc2feff3959
5fe8856d6a94fc1b5580f2e3dcc22c69
ea477f54733c459e2ca3cfec52881efa
2f6c0cf15b945f3f585b7fbe6c1fdd4f
1dcc870cff274c9c91220ee23e043314
58d49c7d0fd6689de013923d2e74f0ab
8086df6251cf4aceaf43696b73ff6579
a04eb8c98d3ea93b789394c37b75c155
a66d2ed58ebe0c04fa6ab473ba7dc2b8
40d894df989a6dfc352a5358916762ff
90c1a5dee402fe088dae90c8ddb41834
d25bc4b78ba6d17a6864d93a0bc19dce
10c428d84e950376962f9544e87127ba
e801c77946d8687e559064f93e0a1009
59862f933f5ae6d058b689969dcc40ad
0b12c78c6e414ed80c8bf9b7c3ea7e88
bcec708b484a2c601e312fd9a2cb77ce
bcfc44ad8d557a830a0a527f7ecd2596
15c7fa0044b8df15a72365272251882b
4f6b903f73d0ea42296c76f2ef012dde
5bd9e0fcb9e795db882eb50281018e47
e57b45efd64748da17f0eaef39aa64e1
c076f1c4a6d0289434d17438005b9f75
c521c1b706cc4db6397a92b42c18ec84
89d36c1ef1faf85454cc9b8d0e0b49c1
29d8c360e164e2bae0bc5c73a7893bf1
eb3c17c635875af1602020435edc4a1d
c5a69e82c9ea92f4579c8c027eebd730
2f3badd36ac41470f57a9f52be5009bc
0f959da7c8d94fb60c408dcf4647a210
08567af211a65610c6a86a43f8bac3f3
81028f8a029d80eb71ae3f799d0d0b4c
361623bebe903a5fc527bfe175da8ff5
172b33367ad8bd772c08981fc5a02ab3
8c397b41b251a284f7549f54fc1ddf41
9bc7a825305a73311faa49b2be7195ca
b23d40e319dd00204f5e5e910be03fd7
03544b65075fad79b400b21a84b79116
3b2686a9c418b097de4dcb6e55b6c81d
66e6ca12e44d5814e2870f9eef2a8932
7e9d87ccfa5cd29215892c9d7085f2d2
a63e110eecd342741761d9dbd35d77a8
0e3678412728e14b23d7018cb9aa8081
2ce9c2009daedc25e63ba83801a5f41f
235d9bc7df07b23489f0bc7c4290f5b4
c3de4200422c3b48626edf48eaa0f818
1d59154bd218346fbdacc13ba23dce94
8b9c8d9adf942ab1ad3b0440473d878e
406bd2cafd370effb33b3a7014470caa
7e0db882a2a51c653833cf7d7bf523be
7eeff5c0cf4b3066bfd5a4d2dc542c9f
7b48ecbbd79fcc84af0bbc7d7bc474cd
1ab8f6c8b5eab1c66488152baa6d1b7d
0e52b5dbc1a3baa9fd2e627a26a11e62
e9fd170fefc78e5485b388730dff4edc
8a2b4506e170dd002aa4c32553e958e5
fa6a4536679f48012feb5d1df888bb86
b6e47395081f6460c2e0ddb49d2cbe73
9a877a241be9affa73ca047355d0fc51
f614a6b11668817d85eb7ff2c0221926
05e540acdb20de97cfedcd4d1e65707a
0429fe841f9504eec6474931bbcc635c
ccaa933d5b7b7ce8b7eef7a13230e6bb
e69269048d8bb4dbd5f7b1e60f00213a
1b2ea4312c46066f428afc03f5a4906e
8f448df5ae9bdb8f15a0796f4b86f860
5ff28f712daa9dcca9942a012c9eccf8
f3ee9f7177d720e8b8483c19f35f1c1d
c93a93b326d2c08b15de7d206e30e91c
b9fceb36dafb5f79387df29168afe0cd
72820601dca792ee010e6f8a1ac2b635
fd81e3c493042a91744cb973e39c7405
858bdd5df17696d8d772af1f894aef00
d920c90f5d2fdd8ca2925948c4564d09
f192708dc5c77f2658c688578ab2e06f
c4f634b8e6519c2fe1be0d13c80446aa
91e9861453b383a93fc4d50943071d67
3eb7ccd6aebb192524dc67dedea7f749
64bcab92ae566b9aaff2ee3531dea8ef
06ca10852b82bc4fa71ba0b94f3041ea
165b8241f4f1d19574d7b4e2cd50c755
870422f427779522ac04097f55888cca
8b52548928a982c1d297d5b5e6f7d2f5
dda5f0e140665366658038eefddb3897
8cf92ed70c783feae6d2bece4107361f
b51ea9820db9925d9352d95e62cd959a
8517589917558488328dac20993008d6
7220c4663ffa9e048d3fe6d5bf4ad502
551524d1f03694704f22cb8bd4c74236
87b90fde27716e434cf86776eac264e0
36d765ed0a8d516942f541553a85f267
1100651f389b03ae4163efc336f349c5
ad318c78c6a2f6ac101aaf1c0d1be781
108c4f33de76d426ec5d2c42fdb283a9
a6edb9c57086918b1f4ba235a647192a
10961c0e440884d05e3c156374518c80
b16af2c25eef1f5c997d923872dd90b9
0549b7499d1df84df076a00944b7a8d0
87f6cdcf218cb7de5feffb82cc85de1e
8c3c72f2ff8205917a717a3438b5f910
5578234ffd36bb2ed75b91eec128c8c8
3c457bc8bdb634fbdac04441477a756e
b842c1a1a10164264536e11c8a45f743
5aa5e71914e613dc3ea358c7f50a4b5f
c11605408edb769920a6a5b51a811893
1ba84f1cbfc71d29318fcf40010039b1
32cd9516ada82a79ca4c1e111a40dbb1
dc826c3aedbe3ce219c3c440528906b7
fda30a65fb49c1a6f413199e7be253be
8255aa54408eaa03ead905ae980c7477
1050f03c76d5fed97ed699df478ade21
f196bb049cb0f8440d17df3a10738db0
e4a39e937b22cf9cc146d9bf3850c7ee
59d76b6937cff97663b7b754854a5976
b8b7e6713d37afdf443d7093c3fa4400
1d43bb06aae6444f5ef983d31206ed71
efe1f3a445e7d9e236e15ffb20ebc8ac
71d468a17e9c4927c789376a39358cd7
a8eb924a42cdd96962b66430be494d87
ff2bddbe959481c0b4edc14af756bb07
e98b1f5867ad54b52289a6eda6c7b5e4
e8a3ace7436b561f37c9e336e505db6c
9dbdfa5a707ac278e95880c2b1381de9
9673276bfd9db6f8f89fc29a9df15b4c
66f5b442801d488bcc3967cd54329a11
d4ec41062b69283945402f23de310b19
9765c433658b0ae1ae776d018026dca0
6a0a18f1d14a1ee243d122c854797a34
b69e2504a0de95467a377eeee206a0c7
5923ea9d25f57fabc4f056625249b212
c9a04fc7c92a36037d3d5efd7560c32e
0e175beb706a72e4684695f93014ec86
330730b48c7f1997f7a58e648fb3bc7a
d04d4283f012d3926813fd6aeccc266b
65157a6aac9e6b371c5fba75569ac1f2
d1fbf18e7576fb2a833f2d723b260e2c
b5dc66daeeb1cb42c2a63737d1be2956
d9e48b5622c19588213bf75f308845be
35550f7e2f3c287e556d25694ef54c60
a0f8f9fd29a1b176c64daa133852a4cb
3491b1bea803acf39b2cf95c14985a7d
8007db03c61fc0ac327e2039dbe6cfce
233103938e894e2c99e7e03cfd8ba22a
a095382e8caa8a96953c71445da6c17f
d5dc0a7a9992c1ae5f193d1cc7f9b25e
10c826b2a2516ac5042d40f64b3d070d
acc5f3b9b2b81859b50d4b09f49edaf0
53d2301d27e3617756ee5f71cd8daaae
7ac6e7889239272b9523fcf5978ba812
95d4242625dc169f480bfb533c52ad0d
fb451a42732d07c66a5a7f2b7d32dc14
d172c29a862880f40be5587313053663
3aab62d3b471b33cdcc4fd476ed213e8
a8964f17c9975506a4977b0852283445
e789f05801cf05bdbb7c88669d8038a6
6427e9c162ef8011be4e54145a147c4d
16d89ca9cb7acbda0c6b659579f5d2d2
1c58152fb12cebeb5db3ca871cfb7779
a83f4fe7cde11fceecc7419df2edc30a
60e6306d103251a490e922395ed8ae93
bc425d16740a10bb348f6f57f1a93661
9e4de55ebe36399ec230c054f8ee8b8b
2505c5b37fe5db3ffbab38970958c8dc
d2c17676e27ce034896bba42facb24ac
3d9d5f6bbd5fb4b5c5c7e094318c7ce0
7834a16620ed837e6af22bf5dca82204
fae0e6f381195aeb2913c10d64560502
b87066599036fd4070e0719595fba5ae
a41dc29edd22e426a83dac6baf4093e1
d7f658a53083fee7439eef88c110df85
3f020c5f7ea27e28bf24a821bb813de8
38b6067bf496a4f41f0982a70cabe877
8992065855ea1ba3ff8b67e8dd98fbbc
53c04e0211cf4b2d944e9c5c2a0b3ce9
8abe359b8ba0707fcfac06b967b8cb71
090205f3e3edc73f0bad8000df6964c6
f0d7cdc172e683cacac9949b2cb3efe7
78d598d85e7deaef53caa38e12e0d1d1
7bfc4386c3031b4e7d67389dc23c06c0
47cbb9e31a13ba8d4f022da8f3034ea4
ee1d6ff7180cd409237a4506b78411bb
7452a425b25bcf5bc13a30a761defb7a
cc6393262dffb4fa079f07a957db0997
0cd299a04a8d6d5d4d4b2d51cd2c29af
f961ccf4472494be53de6b53ba73bd80
8d30930c13bf3a43f776ef03a51c25e5
5d2c711f457ef5591b576511c02393ed
3191d27776673c8f38fbe7faff1e9232
e41ec9265e173aa8ced2da9468bd53a4
4cf985f593bdeaaf3273ba82eb165fd4
76819d666816146445a10e49e9f91fb0
9a49a833ee7c00e698e91d833037dd50
afb6fab5b8d1383722fc04ded36f123e
8705f16c2acb8e91eac56f9675234d0f
8c9da076c9932cec7a36a2204fd6f742
da2ce40e899c6e0da569028bb8f137e8
49fed38ea6b18efdbca168ba24749720
a026e063ff1f4ae16d3f785e25ad1f24
03f5fad729ad809d8c8fecc8cec8a24b
c5143936e44e94208a4719e1637551c2
558010161c0d6252851d2fd0fe5a493d
18283d0864f9e71d84d70415cdc4aaa8
325660eefd8d99850c6623df345f555e
694155f8f4197513820b0c705916e213
88a83a0fa2a2d2a7610e1ff84723a274
a656d48150989d38b74bbc7f57e53377
a31bad274cc52ba4a3d2d677829f1a47
ae7a89bf8633a05fdb744fae61b14088
ff5d61f06bbe20974fdd8cec1d57a7b1
d16fd6056f70841ed3bca82f6dd009b9
95979d2c64e1f3cc5e01c866865673d9
caf209db7ceeeceb5c1aab0fa84d8da0
600d9a4501245a0ae354485f2c9b2059
0751182162320f250976528026f5e78c
3e2ddbab93e64bb9b4906c22ca5d9e85
154f914a84e8ff9d759d13ae392ed090
c3c0ffde55bd181a4fb73ce74f59f1b5
e600d834c22f562c1841ec8b8574de43
67cf95dd13c5a0e86a94e3d640a0a065
077c2027b200b50aed9582863c338cd0
a57be68d44b2efe7f414c87330241195
c590bce68499e60193fa55f0125ad0b2
08a7b28f97ef1d4ac1e82954d2cc5ead
06cfa888874eadf29cf068a15f24608b
791c632989129717aed6317fece884f4
12ed1f243b0dba47a5ef05131079fdc8
ac0cd3320f76d90511d9827cf9954ccd
f4d9b1145b863e4a682398178655d63e
9251d90041e484deb7fa5b8ddd0db4ad
cb28071d320d9ff5e251e48e345f273b
eff110f680b08286ae7252517d3e2ac8
bcec253ca487dcd555a92ccbd372c3e1
4d432168479890854a47784d535e2107
091fee9e57237c2b72b75a0fbd05cf1f
8f8aab0d4d5fe77e7236a1076eb32425
40219abab1b6008b2327617ec473fefc
fc96d046d72c2020e2bbc3aaedaf3ebb
b766aabbb69c7a5cc9fec25d8094ce41
a752956d3ac1453194143c39450f948a
a3bfe8f5f80ac4f21760dd6d18b199c8
5c9723fdfb2f83bd7f3c356cc7cb84c2
270e8584120cf2caa253153de2a4ccc4
0ef0318bfd2ab1396dd37e3eadda9178
e5d4fc071673a339c6813519c9bec25e
85013deab1b3ac56509645a1b56c4fd9
5f2cef02cc75c5d688d20926c008b406
bbdfa4ba129879e770496e3bff5df6a2
0d69b45bcaf92771ca1b5c97729bbaf9
16580803e2b3c3c83fa536f06f1e6fe0
9d5fb08664fce7b03219bc3dcf62e10b
4c2c51f5894112686d360e6eb2fc5431
2570bc5b897010f9ca80ff22752bda2e
8cc7412cf03b74cf0f5f9a91d83ae033
43333f3675b3f53466c0c1853cf72578
13ae8c9c1e345a92147d443e575d1c51
9a715373dbc021b30392f9860738f16a
5e181f252b1142fd19baad2818d491da
4032df5fb194ec409bf26d45e6995395
b5c50c15899a24c9bcb03c1498d95c6b
31c0f9c94c693b1c2326b73be94c6fb2
d96baa3d8da6e1c87b7f7ac4f6c26709
e51cb2cda965b6e8af2d7e7d1eeb70ea
a027c6c099e8627e456b7822d9812d19
d85c91c755a7c2b85079052b4cf95505
1d61d4d2fdaedfbb3954de865dfe02cd
cec9722a65fce09554dcdfc011088058
89aaeca8661160224265e03b89240d3a
4ea2a83705f50ec4477cd27e34efe203
1c7fbd8b04c64d2e086614163dedcefa
4bbb5c19fd2d5fae834980e34586629c
94134795ccbf468567574d335533710b
837a826ac9f66d32b76ad8f440273444
5d08dadd243c4c26bc55ab84d4ee44ab
5531c8875b326b444b778505e9e6557e
f72fbb4343e2e651023fad221d6a2313
8713330c4b3c5382a0a4230f76834e13
24abbbd39335ecdb6846b0b2709a70ac
15efdeb1c1a42ab5d872f94076be782c
848aebbc87ba76de18b982ee11103bf7
5d982f3b4c5a88f843ff94f9b867e565
65dad7f8f909852ffa09057dc32c8a85
a719c3be110ec424cd3aad168cb3c34e
12f3ef858e8355403d7d6f76a49eacee
3a4d143ae441387a0632c3c6949df914
6c139d9d2207c396a6e9d51d39796b0a
f1f95a37791cf91cc439b157bd99a18c
83696db9adeede134243220b2b45e546
16b5c10fc3f816f391640096ec228370
84b429e0926387b0399c43b1df2b46ff
8cb0ae2ef9ad49ec5c7dd73dc8eb93ee
cc8987a414aa7cb059399b59d5663677
d984859ae5fb5b429df14d782f7fd33a
f3e0d07a5682044829e4c398f2e9a0e8
a3bf956c99bd320aa7611cf66eaca2ee
c9e367dbf208666aab5c7b04d08f822c
cfb5d118d4ac948f4638bff381a76017
2ad548e5c7e2cebf85838b4411f866f4
073ceba3c575a82f5cc818ad928acb91
fd02597845f28c71275d460b74cc7d34
a6374bab689f73f18ff28bfdb4423069
87332375e736cf315f82930fba8fba9d
a81fa8e6249668c63ecff6209751e098
6a14ad23e99420954ad5f827b3a09742
e0a0abd5236ea7517b35d775bbc4d417
926b231d721ccc98e6a461969480ad46
e0bfe31f1e2b0511f69423f5e738acfa
11f063faaa0bda201d316cd6f606a480
fe3d10be0bdb0ce37105720d0e6bc19a
43276d28cd7d46ff9de078d2ee9b7e33
d9cfa67b285bd6fe3b398a6ad2035e84
311197cd9d8f0d59b5af320b319708f4
bd8a44cb928de5d1dbe81a9835f900f6
e4fcc3b06c75665befe295a702890567
0980030fd94cfc0fa61c2042edd01a9b
d4e1b94fd2d94774ce382b42119d28c6
4898a3b6abe432dd4c7b94d9040aa9a9
b456af1537bd71898e864df6cb528af5
8ffd10395b16b13f77536a024af2a145
19b354c9a44d5c6740553a80a4b8b90d
63830d47d8fef72176fa85e1f245b944
791892975d1bff20a889cc1db315353c
32760fdd481daf1b17fcda3db9b35679
6ec8a8962c0832fdf163f6dae16d7d04
9a9b6f59164ca571c69678aa202c1728
1f9896017c833f87ea7d1d5f3363959d
4ffee65aeefe2a3789599fc9d8b8f67c
06ca3d2607c3f02cc8fc1aae85638863
02b2997e48bb3bf2123df72da0655b9b
5c5078333653abc1e8e5940cdd907454
71c8f3011a0b0c59262fce5f7ef834bf
71b6c942ebfdc069f0dc0eed3cd8a4c8
750249986f561142e9966aa1fa71c5c0
36dbf4a3ede75cd1db4536f054ae3909
047b7930c11ad418787ac9aa02934af0
a99d140eaa61093e2feaf494988582ab
cf3ebfe3ec391e2d660863cefee46a5d
ac6857ca4e907180ad2d8f6812ff38ab
7926eb6b5c44c39928343e16d1dab46b
1da9460bc17f24b24505df8726a0b3ae
a908d21bad3028f872f89c0e8800fca0
7e712d16406fa048699300091e5dc243
46798fc92b7d7d0d4328d74c047df038
d827060273fc551b5159a770ee547646
ccdc8346b431bee7c625e0ed2aa54f2e
70a9c783dc4b48c8d8e2e3114974a102
b0e36dfe08078144f805a4f3b2751c3e
a7ad1511433e7306544a4421b0aa3e51
49d3f4ef4c851551df52058af599bd09
cf1e8104d0ba193b79bf70013ad2e930
bd277a4ad872f8f5aabe0de924400b22
35f83fde67591f25cd111ca671296d3c
c047b69242afcd68d66701457d25af35
38efa680ddea288f1ac90b5eed114edb
362f6cbb60059c1d8dbd535276090cab
5b477d0eadbe9b7b8381bc307bd939bb
dedd887353737a1199ce6ca1cafd9dc6
88269b7bfaeab8bd7e1c6a4dd82c49e0
ebb6f4910ab26b9ee79a04fb7ee561f2
32ad80d964816ac520b1d3ba88848d9d
70869f8b38012487b7383d3c4d5eb0fc
1a18f9dbf00dbdc2b88edef81f0dac9d
377c9b98733072a9a20c41e0edab4c17
a37854683d58093e66b4e8349d7254b5
b312ba0ca7f478b50af575e171439f5a
623f72ac054fe060dab72b1803278c0c
efb300b4ef708be582f2d9c3adeee25b
cd8c7214bf864e9887eca5db53f20598
0e85ca1818caa7e4d7cc1ed353460713
07d2a6a99b6fa569d9f0db495d004142
b8bbc2717a79e365a133cad3131be292
6dbc12cb18e2470da969419259bd5988
6930a9deaf8bf3255936bdb88c725cb2
4d39090dfa66f5e4f22bc464b972b577
a5fba8b8eb73016829006f78f5d0a07c
650fd9d8f001205c594b44b1308357b3
b49c203612c21e28e60977e143c9cbce
85341dce0c759d297f198eda3da16201
e5329389aa1975094e68c6fd5dea9f2e
4b5bb1178e3dca5a343d84f0c946d5e9
19ea209829859daf6ea657aab26a0406
9af8afdf323416c6873771cc81ea47e4
8900ac0d6ff8d4eb5735bd4cbbd84485
4e45f9a8d02ddfb685d7aec59a2c976d
36ce73cf4dd39ffcf9185b4c7df602e8
89515532230db23fa2a8975ba03f10df
e6251b1dff469405013c74e4be381337
f5f6377793ff78a0036e360937d65547
914f45b244afa9aa819fd3d7628d0e04
9f215e2a5997cdfa0a89e898312bbd57
d0e991f4ae4e486609782b9020a0753a
e09649274bca4d671fe96d4889b5ff45
da921caf1568d58107eb29027d87501b
9244f14205221e4b9361f28c493fc4a1
b5dd6c76fa2a1aae0b89a0abfbfa4d91
af780e6e9fe4ded5bee8bbc9fd98e2b7
3608bbd0cbb30da8af03870257a74ed5
b72496c895b7dd7297b7d43ef1c0a091
03010e45c0d93d9e856f25f1ecd3e7e1
bcdfc8cebc7b5e46ba0c7e0b711978f9
0627667243fcba4989fc1d369dfa7430
1436ceb6d35ac01ba0b15f5f92523395
7065503684d8f35e486368b288be9cb3
a8405b091b90bef773aa73ea51e9b7b3
5b52f58bc9a7d481f0046df3adef965e
d29c14240fa0fccadbac3ceafe7e8dd9
c059d905e9b9e40af43fec913e70e21b
b7414c0319636149846d25a29fab9145
02684e2d2652d5b95862720f98be3629
a03f3545cad159ff1e59b994108fbb38
452cef11b496a4e26e5b70eefa7d8245
eac5ef03b55162c6cfeaaa4a61405800
6a536fb33387f0f7aefce45e5b825846
43ce6887dfc7f63c4744c9b4d8aa4474
8d432a41edb1532452b136e2845f6f07
df7a00ae91abe3ba87fade91f94cb8ea
1b0d94fbda3af9e72d82d7d523066cf8
f8477cb65543d640b6618c691a917839
fc82976a611adfc9161e0b16b31b1b06
a99b484ffe3557b51db08617afa25511
1edfee1c10678a96e84041969f9ace9c
4ff20fffcd8a42fcf21b639391a55d17
db299c105e912ac8f761d89b23bc2c07
c0fab323aa602bc3af765c876c86af92
99cb1b695aa59856db3a50c083a5221a
cc7e99d8b09c99b444ef52f64fcea05e
815746bb568100474589932bb6511fa5
ce0692f5564e9568bda354ce16686aba
949e328b69469fab1f0e5eb7c35de084
93bd67c5dd206201c18d41dd0501c885
b207366a08bcf1a92199e777c1e73dc1
0bc5eede0d99092bb09067934dab7b10
95adaba38287b9e48944c9023783379e
95c7519804629b5dbf95992b2f4d4e11
18afa8a6d3aa243b5d1f91d45807b5fa
806578587d637f52e34040c9e0a6cd7b
d53bd0e4a9aa426d9dd7f3132677f49c
f22f7cc166c78ba1133702fc6efbd1b6
8f5418b62cf403639ac02fd7cb9affc7
5865bb03b7ae5f6bbe16cfd4dba9474e
aa3af152e9b0f8b334b106d14791d21b
eea4ab88f81b2a007c8a39640c3b84eb
4bd763db51ee782685d3074565a97e5c
1eac407eb3bdc97e85442a03d777f1e0
040a847eaefdb729e1c82ebe5223a0e9
8d82cd48ce8a74a25766896ebe716368
4047abbf70f4dc788e3d3194efd11c11
5165a8cb06d9ea6481e79c50f617ad7f
d361c9bba48ce347518daa4a253daa46
0356e9d8a65d1e2947c8934b281cd77c
e4a5c1978348e1ad4062ad1ba1d09916
61a3ea0cadb2ff10851e2ed171c0871f
a3f88796a51f59a19a47c5b7c7e42e79
b9c5d84dac3d03ebce9191a39b4b2bf4
d11bd437d4035238bf0d0bd34e4577f2
aa71d1e161ec0d2e61a1907fb02f649f
8d0464d78ccd09f36de7a2d4da79eb29
c0b8f50f8ca24dd2055980fd207133ed
4efdbfa1db46ea006bda5bdb807fa6cb
086de7521591dbccf9ceb05163f47262
1a591460d0e85947a7bf76365bc8b555
dfefc776d32c6b5e7a5ebfd2e2b2a1db
6c55d396c78dd97e2c3b0301cf252192
96c2d9e8f659a3d8ca8613844a918339
9ff724a60f2552728f61c1ac12eef697
9e69933cf01240415582f04b051076fb
528c3783fc38957396ffbb180dc40faf
740ab129803ed5bbe6a45c19caec7815
72a6ba8799637c6ac1c050a090d2167b
f49d1c644c1cb9cef403d6a5b992d2f9
6c14072988f4cf67704c97ffe4bbb674
a51237529fb5d81c16b5f7a8d8089fbc
f7417b17fe9e7bc3b195b1ce4b8617f4
f6807d987dadba00c903957860cb0f58
91a7ad31411ff8a64efc9aa2117646d0
5b73524783d4f2436230cd9d46410684
2817e3dd1da6713e28d400279540adf1
6623ab5d06b9e24410f8d18615674beb
5bcea0728ad28f61d02b58f63d932766
6275f4c592a01a72db9dd3d251587872
18f78a0e1561e3450b0fe3b7e660c405
7726ac62b01e6cb39cbdcbdfe476b12e
fd07ff64e4daa99c0c9eebd06389847a
5cecde3ce7c80d4594a19fa15ec24d6c
45ccfd1e4b1437beed44d96b55892d97
99c8c26a5521e39e243a22222db54ffe
e196b74359a7c96fa04ed5cfb68e00d3
3acccceba0a2f5005c7ad119b1c84692
a0940a30c225ed3c9aaeb037b73675b8
7009c3ffa41a17edbf88f223d7a28c6b
0ede5a74a72d50b3f8c1d557b3cbf947
6f36bed8f68694ef21a834581a2fb782
0bbffa60e0f73d90bd191b41717c5dff
9ee4f6ef53d2b429eb0d027e8fd506df
6d7e28a1bf0b130a97ef91551eca4ebf
6bdf47237dacf04a6f10d3869b1a1f4f
1e2a64cb17585449f83f030983ab8108
acd5e51412f820220286b892d01d305d
c9251ed4fff18e9809f70113f1e2a643
f3d5d7299e8c92c2d24addaf36525c2d
a8db146f4a5b6390aed4bb10141e11a1
27707812b8fc6019534a2374e6603d1d
3e4a337ee24bc08d101b9d4021a28bb3
27e05fe7c803f98445e315705a95a76b
5667de3fe110bcb3d511320559b9cf51
8d04e14bc10aae4196d60e75c05285cd
eec650ff197e6cbf906820db227c0290
af2ff890c0f1b35522516168ec0e8bc1
eb2b1595dfa54c4746e515e54dca568f
d66bb7815724b7a9137e4a4a32d62dab
6e43adceb55d2d0a8df6f558bd1a6753
d08962eab1c5288212c0ce9567c318f0
a8c6a5e9f35950b6220db8c87fcd7bfc
4a44dfd49463d203513906dc104744c0
0b4f99d85a937c80b9f18793f8af53c3
5ab10efc94f339dfee5e5882bef71b27
eb44d883fd7967807c741b83b146444f
bb690e5d63e536e03e3a5ba002174813
bd73d92a383c3debe07dc03194d753e1
3f94dd4f78c91ffb0627e2d788436ead
c1b8146ebd90ea23fe239f34da9d3660
4f67fb81a3a0330fa17e6aa27e9a8809
81d97af3071d776de5a73c147248381e
4066d9508278a6191e97a1db69f4893b
42e41f1496671da02dc530d7bc1f4bd0
54c08174ed2707aae84cf30a74f5b3f4
5d1b2afe61de7e2bdd0dde4685a59858
72efc2e3ee5518bfd4b576cc0122c6ca
bfb16b4fafcc9e3b7d02caee0192033f
654ed1745c558868fbf39fa2e3f8546c
c8b27382589f52a4e5173edcc9c6ff13
a63477d3aaffe9a1131f38c1c812a4b6
e9153516cb67e04bef8aefb67cec3e7f
9809a9f91b4572433ffa1dadb777fb89
1a439dc0e71c6438a70e498cff037e28
767e78ca1981332133bbe0114b0ca3e7
f716e89493801d4474be16e915e3b905
08ea974d2cd5051d194780336cddf1c0
ce4453f84a81875ae3ddd2c07494cb8b
23f9926992f5e0e5d4afc5b221896662
3537a5710fdd71514076ecd6b47a1fbe
e3a2c490e3b59595d9194805e624a97d
1876506e5be1ca43febf0cb72e6112a7
cd5f606bd00d5b44b70e107122f8da48
2eb24a19f40a2edb4c02c8c41fd79579
64a55a2890a86fdf9abac181cb51536e
adbfe458e58cdaaeca0ec82dd7694ef8
ff7143762988cbb21c050f9229bca8ca
0c240a6ad2cbdb50deca8e94fcfaffbc
3cc1e99ce8a5724a93a665f9b09a7ab8
43c6e95cf62a46fd65f718a197c7daa1
f783bb2e3830e146824d076c0c962804
9f76c5e4e1c17598326625df0591c817
2c27ef409c1ce369db69104b44776bfc
acbe33098d038cb0fda3d52904c91f42
7c9bbab37409e3f24d1c637a917c32d4
9ac142242b54d9cb88a2d96d1294331e
d202a1db40d79818b4f67dec83accbb5
b903b9694956bd54b2ffce3273f75ad8
f0784ab9982bbde9948bad6e5f8345c0
ddaccbac686e53720188ed2d25a17add
d41c40726e0f8ab6fe7d46d8fc035fed
92c1fd55df18d4c08e84997af0206fea
54a110a8d46cebf0a4de29c4074d31d4
ac55b2afb7b17683e768eb3db39dc492
55163c1049992ed77b589e115ad4787b
a79f87f7e9a9159ffc24e4abf036301e
74e739c694db6a095da8e2704b6af390
a09d56fc6bba531df293f6a7f237cc3f
62f1e102d60fce92e4e96f902f206435
dc9a1bfd4a0dd8dc8cac4537c989fc64
869f079af547fdd9b3b6862d975ec637
0369d6ff82ad34880eff3fda3c6bf06f
c65440ed14ff2febf013cafac17a6bfe
ec215ca11f1b583cc5550ab769b04de5
0e028b002f196c47ce82c1ba8842290f
b7a3f22f44a4abb5d58fb669437aef7c
8a838e64bffc9184be0a63aafb82ee49
aee2b17e66e9569961a144273c2bd738
e4f3e207e2787959ac08f8d2e8ca8524
d549dbfa1896f93672209e97175baa1a
80671d9681a7b1de07a5a3989c727c79
08de6cc4be726de313101db7ce8722af
ef0ebd78cd45369c32478ef3e6dc8056
c18886f0ca34ffaa57acbe68a1db1bf7
dd66dc2b0834d1be54977be4b3f6229a
c1806a05320d683895187e96e2dd0226
928bb889be99f08b20140cac36e642e7
c71e9563be34adf9b04177ab749af050
0caf1adffc2dcc766d528dafd543f2c7
2df0fd24e88521cc77fb19698df3df6d
82887bf49f45b513e08ab088f8862569
dc06ff6d60ff211f09fdb4b81a085496
ad9492af6891245e42d8ed4bde6f71ca
86eb78d888f8139abb36d6266131ce95
05ae442fdc9bdac73b54753ca0ddf19f
f2ec89af3a4117b7d9c0a53b42d7a5d1
001343320ac03a335e5e871fb0d3f5ff
58d982a4590f5ad4b59bc53d1d1f61e5
4c3da3e49f8b5578e6beabc45be303f2
8dc30617a1ba349cab0af3aa08ccca37
7dfd357ce79ec8d87b6a98279c029eb5
8cb5dfb234141710d948bea5319724e2
68879a7703a8ae2127db599ed29f63ed
1b4c83beca32b42c6a0f479173f8ce9f
a48c9af9290d868e302e58624643ac05
38615c3520ac8aab325d915fd8e35d05
0dd9f596fe813a6f9298590a060edbbe
e7911012473d9fe87b73ade482f8fa43
1889046b9119ffb3949c6f2c0e3e56f2
0466845ed02eaa6a19290e992434677a
167c8f95cd5833a5eb021d63e40feb47
615c915f22bf420cccc746d94be70b55
24e782c1b01491edcff60bee661f1ee8
310e73aa2cf0917ce58d784c2d60718d
c78d54dc19ffbd87b943e7a2360fdc56
a521d79bf5a63822e0b044bdb39cea57
90c8ed2c48954e8589a8d927c875eae8
2c8941a2c67a3770eac4a3aa2019d821
a2535816deaa8eb714583fb8477415d0
c79fb63a339e41fdb56b418c08f4b70c
4973cc2a1201877b008468888cf4a5dd
18c82b6a07154cec14f2016c0ae1248b
8287d393d808f4c6a84812db64e390e6
24321b4496b36818fd73ec4b51ab5d45
9d0f3bfbd4979c0f7762c4bc60e32e0d
72f9ef8382144bce98135d7ed929ac8f
d82d57bb0e3d1919d14e623548a10d8b
071e3a417a48e635856e9efc4585baf5
788fa6aee765bef75b1b7e8ba5e04ea4
605046ae1bfdcee0655b3f28b651e814
ab7ba4cb3e20e8993d445cdc3c4d2d04
a450af4a48acad5080c57a3731ed9687
7befcb816c9e8ab3bb51a387e7841537
d03fd4dfd1ff171aefde82ef3cd847a2
9fb641982be5cd796ddf7b92d3319452
1971529dba3fbec1d397df3534954aa0
b2f5a5bc3d32088539110de9144ef8cd
9191e3c0a8951649780142943b1abbb6
8c5c027907b3df49f85185c8751796df
3b089f8c4449291b1a3f049817dc4d74
47c00bf140a2de10ba70c44ca17cea47
d7d3c2714dc0185ce6938bb947c9bdd5
e5cef5f9130468ebb54dd898f2fd8e29
25350c26738f33f7957b2e8b197b2622
f5cc48bc2d659cf8a77b54ec75163329
2af2d2f299be098f486aa98b0a700d56
0ce91450679a96f9b6e8e638ee5b0370
74d98dc1ae880b9c7ba018c758c52df4
bf4f136cc6a23e62d0443f8d29e82483
c28f04fb34e477eb3efb66a26426ee89
9b2774262598ff7084217df26ad484a6
bb2ce6d26f8a7c28bd72a0656117cfdb
19e8fb18bfb6802c1176e515f28536aa
5e93d8437dd9e2a85744780b35e15526
65b2cdc4d517ce88cee176799f69118a
5ecf11b1250a4d17339ed2739fea54da
98374f01ba24682da36b2aed8b312a47
40672c98235a4c72413817a5b32f2dee
7a26c6cda469530af81068069089ad6b
7591722222b89be9352a9a0b724449a4
f7a101bd3005c11ac7c13f3674db56f1
f685545a6e50bb8d2d5a8822333d05de
88a7583e6cc951e2d89eefeb9e8c320c
2be699da5467224f466174b53a3b8c9e
91d1f1b04fa7368bef3f04fc2fcdb754
9ab7e7ac1f2abf8bca6d3484b02aada6
a4990f1e86d17451a07fb05fb4a826ac
be9d48cb2e4518714955f7e3ce98f5c5
02bc6d0fdf12b19d05136c0f02314eee
a32fbf53501ed9fd8478b25f7f5dabc2
fa602a16cd4f8d31dbb8096695501fb4
871770230c3adbf96f2c330e92f36896
1880470d39408985cfd72ab92a0012f2
22ae9e17345dde588766808d3461121c
d8c2c6da7f180b80a6f077809bf426c8
1e031b1539e3e3b03fa1bfbe467f4133
cc60c343515df91f000129bba2ef39ed
8700087a4dbaeb53136b9e59a38274fc
e073cfdf891617aab4ccfc2a76352877
4a43e084117d4368974ab3f51c4b4fce
a60f17619479d474a9277bc0cb3f45df
379d817045f252b4bbecf62ba52f7246
f3ab77daf69b1579ade2a09ab7015ea6
40e49706e1b9a6b70ffe69feb883dbd3
690ed8bab45b3e479d2be63d17bda1bd
d6b959a0af4f73c653dc6563ed4c6644
a18e6277147f235acea9864784797851
974134cdbe567901af065667b018d0af
9b2c0ec72902733c6f1dc4e4ed529d30
a4ec20dab468dbaef2d8242cbab81e6c
60e7fdab0c0915251986fe1873361b87
55daebf7355818663dfeca891ed8f5d9
3040917422cddf7e64a580ecef88ac9f
9e365bc5198d4103ae98815544815172
2fc130a3363e038af3c146890735f3ca
0d368b0bfd060ea8a043b8c0e0de2729
8441c10f718bbcd62b3538e0c06585d5
cdbca9bfc7666f7064d47026b0536c1b
68aee905c2e2ca10906e2bf9900e51f3
91bdb41e63f631eda1b16d9c4242d7a9
5a08adf7cca14d5710d92afb71207740
bf81dc19f820d09d8fb27a60c1dac96f
a6f01f9fc02721a9c96333065a93a745
89cc8623fef797a160c1011b17dafc5c
f6f81f5e726f7317469781b0c582f519
4e605c789ffb39fe4125a4e4920a145d
3450e1081283e0c2aaa028913f872013
2237b414836f884f589805d8e94dabc2
8d39d5b6888f37b61141b04b3b2be538
1d120acc8e4ac45394fc5a2d81506e9a
eaf0930f405a81b41a89d763ee5ad412
89834ce9a5f54b651751f39c7f2acc59
f7f3a32812c6e3ed76ff90f7ee7e8354
0e56b479fd5899c4a7d0a68a198b9360
9ae8981149dd347d8f8d67ab1dedfa7a
d099d799a850dd288d8850225ea78975
ebe770eb67079f5fe54a3e44d9f39347
a66e2f4432f5f3e6536fb1cb2030aec0
782293d18156e0fcebe69fe6db8f5651
7862cd52dc2c9137f866ba01f232ca9b
e49786e5ffaf39be38ece38199016d1f
6ddc56f4553d932a824c0e20e1f8d48d
3393050218ff85dfbd151748ebab15f1
e8f916541efb43a8d36bf128b4f37aa7
f3240dadc17824630effcfa6d106cc5b
566dbf7d13d2632f71cfbfaabc1f1b32
851d9f4f0542ceae715b461361e5bfa6
c189e083869a8edf4c9209e514ed5af2
32634da8f300ce81c68fc2cccc597474
63fc66abde3d3ff3f5b4e89211afff3b
ee536bd31a2923df0ef4c1246f561b09
7c21a3c4ed3d5c862e0d63f835dd2e5c
d771ca68faf8c982f31ea5beaec46ba6
f9a1ef4a2b690d00416451ea794290ab
7e1abc0a3632b21d4f2b1f1a75f657a9
3ce779475ba7443311e83820e714a688
758281051dae9192e7303cfe1e617141
5b8c2039c6d30e14c323446c7fcb1d4d
11f5d1db69b131510fd5f7b3caf00ab8
092688dc872d2eac2bc14f2e89faca7a
a7a28d55052cbfcdb4e2108075addc83
3d4512f79f85241d89ff20e5cdcd2f45
c7d4b429db98de4136885bcfef88fd49
a522a1049a011687431ca61f550c0d0a
0f32d99e709ec306d17c28d61752e249
33043b7e7c022367e2f89db3a71ebc51
a5ffc60d5a27bd59b984e7a71ab4a47f
2f0df37a46bbdd00a760fd280ca0df68
d353fe1554d317ec62ef8b4288887fdc
ec7f8d03acadc5c5de11751acda5268e
7aa542c85a4ed9c7bf08dae16c07b7a4
391c0057ed61f0174be9bbaae72a24b9
31c4d6cb4bb2d1ae70dbdb1d00b5d8ee
9ed1a9ab3b2e95ffa6d25b6cedc3cf19
68d4a9cf232abc00583271f1ce00cc98
5e5ac1b420ee76f8d71d9ecfab2d3a16
4abc5ea0892b7a1c5d254121b8e5b8e5
6d631c09279ed777e03a84e073b751e2
ea338a635303a9f4c4a0556203d0f2cf
e993aa066702c33c9e945297ab212bac
9fbe939e50688b04978a685a01403d68
eea5d0cd20e4eec57b2ab4b7b4958406
2d78e0780508d8203a7f52e85cec46c8
9e2967fdb42c68d8c6c092559ca95e76
22decff75d3b690002cf5bc894c07bb9
b326f8ca01348ae9096eae2769c80645
f2dc1220b89c98ee6eac4b425ec5c318
5263e64f4173f85332cbb973ed2e1fb1
dbd12d165f21bc770b880451a9ddaf41
6c1f192415796c8694784becea20b9c6
31b6d1b2f7565de62378644fc52f8192
85fc3a490477402385bdf5d54bbcc700
85dbcbcb36cf2d3578be972f8b7237f9
9f052bf8cc29b7b5a7f26a2e4e33557f
d3e8c6679ff37af1041ba589194ed25d
57cbe3b5fff0fa2a51544c9c15cb6d20
9bd18ae6b0e793b59af17e041fe144cd
99da7a6b6710d15af1d18a4eaf65acf8
6d21f0f4b353d60d22a1b2af159550c3
1b3d038b9142b2cfb09fd73257c49b81
e5bc0b3c162512bc9efd4635d4901473
7f4e79f002831760acbace3ec9041891
718ca3aef198f13a8e55033cf1e713cb
827cea4a662a82087e332b7824666f7a
487f988c029cadf29f12ebb4f2f7c82d
d1acc8ed510f87415e8129a91eb80b2e
5b788ec52ed58fae7ec6f3c94bdb849c
7737b4bc6619f136bf845fd51f9989cd
879a0489cdfa21547cbbb3336955bf4b
39ad15fcc5dedef2506c291ea43b6b05
65996078ce8f7f75c519d1e4b1ba0ce7
440ccdebca4e336a4d25754f7b26c1e5
6fbb70a7005bcb8e33d65a2d6c1b603c
73332f436e92680cf07b72547708b9ce
7d01f2db38c1140e4caed29dbba61857
c1cb4b2f016ae40a1a32809cdab9a0d6
d611a0568759a545c8c616e9c8806832
96e66ab76f59da0008408c9b4efe8eed
25ce397d9dd1a973c4ef2d2b166f38b0
0dec8306317e20fe9e2660d6bfad19a2
e677352073cb417b16df45491c7ca148
a55faa1fe4981231a8243e336be3f1ba
4391e1d26319426b658221f7109922fc
ec9d6cf8e44aa2e09dea84c6cb3a70d3
d5ac94da21da5440a85e8a1e5916a876
a98d91f208c554d9acfa9ed3199bcee9
dff9c7c7ba7ca1e244409b2e5d5fb204
5e71eb1fb3e82baa1b8b15455adfdb31
6f3abdb14358a5d0daca63ea23750065
c875b13707025a40b63f11ae0eb92b97
8a4041746790fc6acf67c47340cdcf4d
a1025e50a64577766876fc4615cbe044
bc365fbc658c9e9890bda1234500d5dd
f82492bc9e005284cf4f539394327b74
3d14e56683dfe6760985c390d73a5b4e
febd1606498c7d0f562eee847af98d41
9fe4aa3f88621889391e0f725f6698b4
a0a915e1ac8ad22acdd374e8f23d0b08
47b4bbfdfb8771975971d53ea6f4a4f1
326fb8712ebc93ab9b063e31e40693e9
0f0b24e62898f3acdc0b45a42bd5db3d
e8bb5f56d631287f66f2b2b3e2d4f521
7c337d735cf055fc84322c3aac6e58e4
95506ccc4fb472070c018d5ccefdbff5
1dfd64ae8de1a10fed5947795077ced6
3de4980289cac4fce0f9f6b2be807936
a1e7a71abb04fbef39b292d13dcea7ad
b28dd16d235ea3016bd3dc269a8c492e
a1f4dbcc5ccdd0d369abb192657c7d7e
f28e9a4fe6b946fd7d0a6141cd7c6e4e
92542f71d81a8281e8151734eed34fed
20b452ebd472b1e96a591176459abaf0
d7c17afc1af344f6fbab6dc79c9d327d
fa4b881c95b2880d122b1027fe6d91b3
5ba17e2a92ec1b9760dec4042de003d3
2068d02d8bd019398e1642afa5812235
46d5d6e2e06dbca78cc0394a38559355
5c796ae31aa4af41973554be9352438e
0af24ca6cbb42c5596eb57736a629f09
abf40d8bb35bf47327cdc2fc0de361e9
77c0e3f763aa0767fdecddd22338ddc2
4c4ba0d4a8d7c934f22843d3ccccf381
be41a65b7da846b9411f0ef7e68fa6c9
e0981452ee84a690b03190bc98b3a3fa
6e65ba3eb929b5c4a4fe8eda6dad89df
e760f7d99c1e6da9018bb67c65d0cb07
f385c25eb16a78122cd25c961025c493
743d3c648d67df6664bdf725af872032
aac8391f066449afa8949e50337c4be3
3e18cd5f93e172fde8bf88b236856a31
dcdc316cfe41b471f7f4db021f792eb8
d783207270186545b091ce6cda77984b
23e566465adc9f4bbdcadd153553752a
0fbb0038f5a009e591f6c1689abd3303
ce40aa73c5f857c2879744d412f292a7
a33922eb84ee70c99bee68350855364d
1c490a09c43c0aca73ae783aea2185b3
3794f9b001cfc59abe634157a0091da5
323ecb0b87f7b6829e41dba66716fd28
f1b120fc02714c9eb6b31bc3f7f64a34
e16c0be5b8dea61336d1476bd181d16b
7dbc2ef7e87e78351df6c3098ea8ddb8
3e74432440f78869bae72c63abc441d9
02e5a6d6def809ddedd8309441a4d8c6
82217e7c58c6ac73a6f31fe6901778a6
0b72b5d31063e9ae858bffd3ad6195c8
54a7d9bab4323f9983df852ea90b2631
cc25e485ae8c67d6ac3679d762e8e361
741aa27e29ab499978295fef5a461116
b81f79d463fd5e39b5ad99378d10cd10
c4818df7af3f28cdb80ce88d1494f607
dfcb7053dff8620c3a21334397161f54
7c1b6afb31c46cdaae982006872429f6
b88c0fb143c65b66ebc8afe7cf51f229
aa377b4d3466a39583e275edf7a7d45d
42111defbea62d6425d69ada5ea0aef2
eb760b8f1f7126a40a0a502b92839dab
04923feb3503a91c58e281c6635b6343
6352529d7ec2eb2b1d7589f16801f9bb
f7860e767ac0c66ed2473d4830962405
69f0f451524e9e2668cd4392f2def2f7
664cae4ca1e16a37f1346447dce9a88d
2a51a89fde70a3caafc4cfcff9d06452
b84f748cbd9e04874d7e3691d217600d
4d9c47e834d5cc89bc5a499a750b406e
da4f507a18858c6d89c1cbd1ce8e3616
d93fad78543fd2455c6086f029a658a2
4098c2c97ce664ac2d755999fad22ac8
ada1daff6b84392547272776fbefc37a
57dc86ff26ef57cef62a53891aaf7103
1672607eb8824fbe1c2c24d4de2233e3
86e3f6481ae7cf1064ee835701c4e5c5
79ff61fc5e9b140ef30e9b5604b3ddd5
8d1db246f712c68029231cd7be3c59b3
cd9d60e7067f6676d4bafc64f9159dea
b281afeeddfb3ccf890a50b1b6c93b94
77f141f475a9d90c0fdf1ed8d0e0a567
7562a67c4ccc6b4847276d6d0afd6df7
7ba06121b873a8a5dbd85d85f097c3c4
8a3a7ebaa8d0f99320f7cea9bebdc734
bfbc86b1f7590d745a15096af3030142
c72e0dc4894d128747fcbbd7ab53f3a7
46e535e77f80408e5cb297016edce6a7
77d30c4eaab018e415b2627669a9c0ae
7672443ff73aaa63fc461a5684c7a43c
8da8d85f733933e5ffd6e4af457e329e
09035a9e088f144eab9e11db7a7bbec8
a4ed089d9c8e40febdc962e4a00067a6
d2e28c39abf286e115a81d971e742c81
60ddb13a47186ec157ae9ebad70b0ddd
d6a34b03ac7c44d9db6257c0a4bc91e1
26ec56ef9837722bc1d10bc535910c03
e556265ece1b392faddbd6a95326a003
7fb48dfeddb55cf49cad6ffde836ec36
0ef8433ab680445e97ec9721a0a7f9a9
a6cf7cbedc2608255b680d94e2dabbcc
c1f957affdca72365aa89a2948f4db9c
5100cb4f8dc99f630cb57a785096acbc
28f3dc095c425c1bdfe249ccb446d574
21029c4274307c7b13e94b65ef6f1d77
2f6e5624f0e98e72a68f909137d12b07
88ec62169038f1d79a4ec02e1a7b6ae2
c10b8daeae022bf6275f0ea11d936a42
6087ca283e4dfebf5e10985d87ccb4f4
db19d1722d591d0a4c0b23b7395ff9cd
f4c09ca2af181218e34909f38ba173de
01a0ecb3d684202b4e6e53454c177fc6
53257c6888fd038dad23c7b0373bf31d
985369eae49dcfa8265734b4fd0194ce
d6315c364d2e03e7523ee50e2e958f9f
2b1d1889ac5a18c3ceb8a37b9b202b72
d3aeee8f7eae224a820b7808164709d2
2e79d69a8e2e989211f71e688b563376
c51590b45c70b146c7195d061f8301a5
e70426bbf175721dabecc6178cedaa9f
9dfa58577ae967ad0158f082db9a9d6c
9126be0e73d9e38b5002538eab87b4e2
f7bce328c4b4ab008bd33fe669199134
a9f791ef942ce65293d71ab46eca28ca
d3ec2025ebbc8065d85d128bca8ebb24
8decb045f55f7f40660ac18c196d8fe4
ae2dd19f704edbab3c55d74c9b6fb169
c31589895575775a6545a260bd56e11d
cb41d3980b728b564b6180a5a10a9063
0e7c98260b9f4524c0892c509acd16ae
cfbc317bb2986f384cdb413c0ad69b0c
68e3b86d3c0b7e6580205f42b6f18ef8
d422cabd1a6cba27ec12b60054a6b36f
5f9e44998bd6de108281c197d1b9018b
43a3401ad7db4a9a11d9f4b58c7f5329
3abac62247eb6bd1b5739252d76a48ce
ac5ef141fbc11cde9b1732fb5591e84d
48ce0d1cb4990a7667dfbb55f1a37138
dd9b523e789e16d0ca7136a35a9c78e5
2e722d85c3a18a0474a53080075dc5de
ca59d2abd15f021ff3821e6fcdac09f5
8b31c9a46354fca3c65986768521cec1
e92afaecd72861746e92b50478306526
21c2b19ff33d17b0c14e4c59dd427c49
b2b80b2f5ab70b758a2deaa1dd9b9f3f
e9af2f33479647f0d8a74a638d70f9d4
930f1d54674575b69e3777f7a34f58b2
34571b4cd9aea40e5dbcb152036eab6f
3ef44f75e4526f257306b391b7d50f55
279df5b48498b0ff63c06d74791bf624
85477f5148f1bc8de7e05c2c249d9d95
29d0dc0acad384181bb64f0b2ea52656
086fed312286e2538bfacbd6b198e345
564e55b06ba60d6cd66dcc5cc60c5732
dd8f74a8d4507949fdc6d1db46ad9966
282f6edda23d3e7878ec3a833b0a1842
76fd431998ee25604ae842251e1e1dc9
0c08f5a35e4814d51ff4742e9f9628f5
735560cbf7167d230152c2335d1e17ba
690fd67d3fd8cf5f6b8df38148dd6677
106ec545b400da114543c6d9abed6742
4d75be08b800904964cbba7e7c185570
6683ba58e8bbe5bc6c3c858955caaf33
c229f92caf6794aadfec4342e6e3aef2
a5614b603adf6aba217c35d9a5a41571
a100df7e40fa3f748a2605ce58e5aad0
42ad382a7d4f8004bf2a6014d64438b9
1cdc1c107f229b10f78af0902c444ba9
771354e9ab5d02ebdd52ec3c4b0919ed
475b8d4a91c1472691e5c801fb70c14c
bd918b0ac2a0597835f995950c7ce6ee
377c6394ffd7189517ecc5d8f44dfd93
65dbb4c03327b397167d2105da01bb23
6f156b5b8fc2efe547152ff0ddf6264e
080d192ef381ab3fc61e1bfa0ae62b75
652a65a0f45f4f0e4f589bdf907d3c1c
bf4335624865c07be74cfd8d123fd05b
d316531a12239cf2f2a5f0b91a4713e2
c0df6b694593aa0abca599ca945a54cc
1a9cc4a2ca7a16f58929445a03731124
125be48cf154d8d1012941673f0e88b1
b07036c4aa5b02bf618731ee7c1bd0b5
8aec29b954d76291e1e8125a036186dd
178bd9b0f24f1c962ae7757473c8a0d8
65f821ad22a54d3bd0db2c4c35694ae9
65899427fadf9fdb9e8b97bb356260ad
88ffc6d413b80dca252d26bbdef3d7d0
5a5929b2020b8a5e4d1106817c8abaf3
1b48febb5cb041fe3accb398822b1302
fbe86dc7bccc6cac16a76ebeed6797bc
662e0f08618651b66306e65b8547b98c
dcf189c4a3443e5adb16d968fac6bae4
751947dfaed35314fbded36db1f474c9
fb9e3244a9c9b322ef2ee554c84a74a1
0372064e06a23519463126c34e05e7e6
69edb7f966c434c66273edc962e82f84
fcf7baf3c9c332b58b5f2f5bf37e9da5
71b7de282bdb27b4509fb76e8b1a5b12
81abb1ead138c0a758013f80ebda7164
b0ff274ee8c17207bfd30f8bdaabc3c8
ce9f8b7acc29b73e12ab4e6559462a7f
05c230aa498f144321d403143bff8582
8099d08d87738f2616cf3db864a13a68
b629ec10cea76978afa36e601b161e51
c1a48b3d2ef201fdc3c1e326670f1c7a
f41a8d374685d2acf8b2542ee9c5a7f7
2270453f093b6363583879c7a88cc4f0
0f6f0721760006361e3e6fa5c43e1e9b
090baca0e15ecf0332f82a1089f2f0ed
b70ee9193c07983483f27e8575aed7b3
223b35a0e6cfc78340a4c0ef76f3f047
702689a7b7a88b75a092a1ee899ee7a8
4369fbfa11bf082b45671113b37c2909
e904944336b186dd6b3bd7be0618b9b4
4386e393c9ecf53731645bf73e293114
905e8e24b828cec793e7c58e027e083d
e90980a3cdececd7886ac0bc6e3693a3
be926805d868dfdd6c71406a8cf2b7c9
eec0445631f73de87e30f2ea7fe08bf1
6b74e897f63602d8dbf4c99c423043bf
ab60204a7145d1b122172d2cc64d9490
0747e69e657282b051c152a234021431
0a3cf4eb3e7e28d490d38915230c9cdf
6dc56daa00318255ab23a0708c4ad4c8
2e191c43295b712416a9e92276fada81
7e706006853181860d700691c8de9b02
be2dd9fa0f6574e8db0d2d6ee604cdce
abfc0e6734de682697b7fd2b0529232b
0b044f9c71ab2595b90bcbbac8c9ce2b
bf7a1060bb73eb5f2eb5092e77da8e98
8d8126021459877ae3b7a5bf3a8a6e0c
92750d5d198e3f489d25c5518b11355c
c39a6c4812ccf0e45bfb9943876033ea
49d5f3e2f9cbce65740d984e5da89f7b
ec0f57df50e9911a852be20f46594341
988742cb0bb409845c174fb3a61d6088
e4a1727a92b1f11677cf44eae5dfbadf
5dd21691a3004805d1a235ceb7abee0f
eb93b7a512a18c40ac9944504f2d9edb
3a786f4523d23aa82b8f69b7a95bf880
7f34baa34b4382b6c36e6f38834ad7d3
253631fcdf89a465a050b5051d607ff1
59b59d8c1bf2f3d97c9ceebae18ec94e
9178230f8cb6931aa0c72a3d8c36972a
9697a24997c3e85529ab1dd212dec9de
8643e2d732b29f6b5882a38936665bd9
98b8a35905db381749a5fb73344ac5ca
3431cc0fbf2e338cbe9f212fae20dc9c
98976a789fe28b0eedcec969928a133e
94c34d50513cf06229f57376c125796f
8975501735aa6f479c0ff550e4b03ea3
d229d0a3e09c52cca40a3313274f7fef
611ea728f3a7d0a04364846c96063a40
8b963ecda9eca40f5e774713d273960d
194073f2cd7b4171290df7dacecd30e1
d15f24195a15910d9555f1443feaec0e
255c64c73de407b9427af551377f50a7
299512414eec9041745df046e52757e0
a0c8bb5993da5fb4c9441dacbfd05421
35cc99dcb44fcb9fbb5e9a8be4c25105
af1e0b1bc3dfc85576541778ad0968c9
369796bee5ac06f84317749de256f514
0cff3bf75607c2da473c6ed8229d2903
e2de1ba9360748557807679116b5dea2
6dc9e826c975ce6272b5261e011be8bf
ef601dbf9bf46802805c1ebcf53f3994
72292c096f842822caa5d0e81110d870
8ad6c308c6e25a26d72617fac767487f
0724a0816b3abce7a0d0b1d334c6224c
5c80a9d4ed130e492f4d8e14ee1f923a
6470d199b1b943ab74d49f9ed75ee227
5c12a73fad0a099dd17ab209e42b5262
d8696c671bdf46e86c4e297606e08892
34f4575b3029c0a5d890a42ea6c36ce2
3ee785f77f48a38921c70b22a085672b
995fb98cd48e92625e99cf8030f8de49
e2fd48fb6f3a84bfc1723dabb0c17cbd
5fe3241cb0d8feb78c1615757beea571
ec93e5a58784dc7e92dfb53e62a2ee16
49d5a1e3b00220fed5ddc55f50929bd3
0826e7cafa133650f022732a26e5adac
fe9c79586c7a74845a7165cbb96e8a76
4ae03e29871db0d9844c9fe8fbb1baff
a5ba2f160d0fbb4f368e7c67f6c1c06b
0acb6ec6ebfe4a1edacd4f99e3d5bf49
a8802d7cc3d0a5bf45ba2b786383576c
206369bd79340db9ca082161c1afff83
eb7d7c0e66066a89508bd3e7c84ec562
ef4d664350ae3c947ab9144eb330f635
d02d7fe3011ea435deb0f2bbd88ac5e1
48294021ab564f528d23941c1e922003
8aa71d3843f626d8a2966daa3871cf7a
828fe5f50a7cbd3034e49c118b06c303
326abff3d274b73731850e782018d5eb
23833093f7b4d1d82d79ea0f5f0f2760
06a0c06085a23a257bf8ec1da77a7806
546078bd41d9fa372c9a607e765568d8
ad9836a76ca40e5725575cb66725ff06
768db7d838d0c7bf03fecd29f348b3cc
da7f17390e9dd1c3abb4529d30e69506
3750cf6420808d6d10f6340808eb50f2
d74e8f40ff295f90d1026da64c907c14
a188155e8dd7f50274a8dd7464e9cd04
e54c509d4c70caa44f71f5a58d7f6100
99e0320dcdb817c393e8e3c74cacdf61
ce7b45ab35a672495d5bd9224c63b6fa
30988a86dec29a238f73b0fdef2800f0
094a71ee4a1631857897c39a5a13825c
fb213797e81a99ffda515327f16bac71
4b322e91182abc9a77aa79e957d7a6a1
c5ce17805e94a542360c38dec0c59beb
1e0dec09f38545412fcb5d81f4b48c40
718ceda5540537128ffffc574198994f
859c6fa7e1333e6d41336f289489b4b0
8a602c7270e17ffc2e8b6f326429e48d
1786610ed70ac39e47a46dee55fb8321
b77d84acde9ea6c22c0a904492bdfa74
78b9620c56b96806853a84682cc4c2fa
1733c6bfbcc73daa8c75d746b667b5c1
4d6cd889bc51d4f61546aee91351ba38
cbe08b05fe25620402820cccbded3cb2
b1fc407c29c78aa88d2c2920f3bc8290
f4c1eda88b2d8d6db23c43fcf3933661
06e93ea759870fa3a1c50b14e95bb6c9
723dc1c143e0b1bfc612ef805ac56855
5173d3e5e4f6cf82349c33c18733a8e1
fb5d45743f2654d4bf46e0bcea0afb25
0c55ee33437026d19ab9cb3ea85e9084
147df0159a4c253be3e172254d7a4d7a
d828ddb0c930dfcf3570365aaa7d2b30
986ea53f4832ba9c1bb41121ee5de71d
09f3661e00db4dc17a5a5bc7f14bf026
d24087e31bd7887efdb534591a239d72
074b45d9d20b9c441cbadf518df4cfbf
302ceba2c92a7648ca06b2ae871e826f
547a4a45e9964fefe7e763d303453127
d71dbb6b91ee85abcea6c037ab45564c
cc6ee4831854339c459a1a6a856ced2c
0cb4089cad23726536084adfea6cdd96
55292d0366c7e6e54e9748825bb8277b
9a4ab20859def7e95c4642de125acab2
1b4f5de41d3c5282ec38159e83cd9784
af68dc4f3065001f09f728e4fca6e780
7c2da3056be077bc2f906ba072ccb035
57d5be8d465cb62031961223b86879fa
3604625a5a560bdac59ff0fa77e74770
d87fbdfafdbd3740f9561c8a4fa08cee
48904e14ad067e0d97137a308471177b
efabeead0bf86aad291d3f9971597e7c
26d80c20ede4dd87d111750640434261
33fbc1a1b71238fa0aa22b6ad4f6ec5a
cf5cda4d5728d4eedd3ce69f8ee917d1
91389d550e2375f0ae6f27b77762ee10
082b188ac657b9675c6a0fc16543f59e
f00674d8eb7777adc4c4f099675180f7
38a3e40267df3e62883fddb0b0c60610
39e6f5cde47b7f60c12a14ce292b02eb
a97d8f3b8c85693083b84d3c06a5c2fe
f2b188731600537624d3cb138c0b85ae
b7febdc4b310d7773f05be993f3f878d
c6fcf6bfc846ea63c97719dc5c9f9e11
08ddaed36fef8d61dd5f149cc6bf85c1
3799b0412fb73f0c58920500886812cd
75af018dbb98241961584eac7d4cbd5d
5f043ff9d7ee03e54c5eb0135937538e
3a3b99021f19c11edeccb5749f313a2e
cf26522be2325844041b49e31b81c086
3730c0b726dd8fb2d683b5c8614ce1c6
464b8b19df67562ba56903e6c0dcded9
c8467204ea19231a7f544c163b2ca57a
ad7fb80679c49797d041f17df76ddc92
c236ffc12d4f2e176d4c305bdb56398a
231f42db62ee369ee64636b39230f8c8
d7c2b79b08f03d27fe9afb6c8c580193
6be17e0e2a8f1623b2c286df743e7d58
e246e06e966db29fe32d0c592dc0e3cd
f7e04d90f78f3da46055a4f0d95592d9
222830d8591b4958029d5aa55d1fef41
7fbe6e72968a00962931663d09ce493b
e599c634b17586fbccdb364566b0c69b
66ea25c9cd6c35054a606044be685601
cbb2e800f3b1a058702fef94bb49b24b
0034918cc9673eef73b4a48d2b90e851
93a0443c4ef471bdd7dd2168cfa84f0f
ca2c4875abc8dbfef9f24e1777b8daf1
eb13d037a8d226d6853ddfb80a782958
060b1307816ee8706f0b00edbb125562
3b99f1ed58e566fd4f7b9ab0e8778c8b
24735bfd377033081cb11880d255cfd5
85af40fe20773014a9e88a03d8fe5027
77b57c8959a3677fad5428baf424b23d
a08adfc9688a2cce1fb61ad8c019f692
e7434a825de1c1a1129a2cb34bab6ffc
a12e00353820dc1cff775ccc9cb01234
cad8ff9be73ba9f33d10878ecfe2cd54
e6c575b3e13f7050b14bcd5fb7373861
f541c845c1b392f368e00e1e6ede8501
d0a342943b84065352242ea7bd82fdae
035a156aa2920f650df9f02aafaa2d7d
03f72132967348c41c32ccd832c4d949
224690e997932a19a183eebd3281882f
858c11fc64ae82798d7360c755dfb478
fbd759bfa2463c56427858230910757f
f0fcfc9c50b804d5b0c8a06932dfad76
9b57aa68315cc72c4cdc1f0843633596
b6c02fa0772d410ff8215e6d4d356077
eb16ccfffd5a5084ed5abfef1b2d4fa1
7f8f3509f0d6049f2c7bb1319084276a
bfb1a23b7780c8a711340bf127f208c4
ea447bec43f305a05983318b0bf99724
4affa1c98d54124e54440b90830bc4ea
f1059b0ce22bfe78a3a661b4a14d27d3
31bfe6ca7ffb732a612197f92eff3e4f
25269cef56b2f27a4f6023c207e61a8a
41bedc5345966b5be979ba0f94320ba8
65afd8d6868d8ca2750450104cbeb5ca
bd1a2d43569e9bd25e87db8f4828e566
f330c236b4426bca639e2efec5892db3
54c9b9af5ee7bdb6735bdc6cc3f21ecc
a97e8fe00ddb01acf154e6581d28049b
21544c0d096dac95fb2568bcdfe7357c
771e1d69af874229305a79a100403a1f
14f00be0b45b698103b4499afc6f1a0a
2fa76455bec2986628a50a62248dc175
4b045a489a2c3453e269a51dbe169494
e60a025b219c40e6f5f36281925e7f08
0847a69b285c6eca49cea8266c39c2fa
de651f3ba011fe396f65a07635213de8
8f8ebeed86a20013e014d69cd88dc4ab
44db67f4a736046e3452b951d493ec53
de308ce08bffcc2bf1fb45e272b204d4
81712398831396c2d8905a693762efa8
47be09e61bb9ca3ba5dee7e5e4e2fe6d
32c54a75cfc57abc973422c1109089e0
34137388b4fa85480d4184f2bf912e77
8f1295a802853b4d6cea8d48f4a24d47
9258822ecb4a4c9e3a89eb27a6778dad
1deab8162b1dc810ef628f1134a3a2ee
1c5ed25878b4b6872474b59fd5c4c7b5
0b663a51f10c6af3a2cf5c02e8e568d7
5cb31b26e4a6c8e88a62b26f5be507e2
246f0ea4aec95da9443ca66a358dc0a1
b00a48e6b57d49e76284b871dafd44e8
873e8dc2fc4ee46833a43cd2568d1591
9ea5449270e518ad735ebaf2835f6e0d
9a3f3399cabc447781860b9f31433388
27ec82da9138f0ff01d3b17612509d30
378ad2aa19b0a7b6638d163a697e1183
f5a5770aa286e5e4b89e37c0e975a5f1
57db02b902ae2be3d6dff9f90284c0b5
13aa0c512bbb8a30fc040e2b371e6c64
b1c6a851ddc2a1bfaf900ea9d90b5cf1
f106e5c47089f2cad96c821278d8e6ff
6bc82eec5b7f697b70aac4f827b6813f
1575d7c02d932a53191dafc2edc5d2e4
ef3fc81336b9e0e0a3fa03623ad88f08
9935ecf463fb5f42eab1c91ed71060a9
32f7fa2fe10bc02d54ddb7c977b99a8d
f351a1a902425dcec3ab823dab061aa5
e191a5f93bad191c7345d13b8eb1a6cd
a50eae7be95800d6ef83307855168e29
83e4a06d7e77167cbf4194904f558c74
09072cf25a68c1fbd693e0fa10e32326
f23abe04c00a0cd68e856fee68d2241b
9a69993d9e95df881bb7ea64eb5bf4b2
9a35293d400e462d974c67bfef510b14
dc179f3f06ebdbdd924a8861f61cd999
f7847040e49fe1f10181acffa4b98458
e6a28cf9785d56545b8ba5e2d3058926
2023d17f1b7e1502f1c5f7b43ac9c3f1
61aacebbd501c2c0c73af9eb9760fed3
6f45565ffce904e95a9dd04c866254ad
0b48f6c51b4c625e317f473f25e2133b
a68eba0b07ee877a1dc24cbf4746687c
c7db5e809e2bca1ec9d11c12ab77d79e
c4ca94e950ef7b5dc2d36f343779c676
48d44db3982a0bb44ccf6a1bd97758ce
d5c53c10364a7fbc3d8130683a3aa30a
1834d2a012fb9f571591983496b3ddb2
ead664c11f32eb6dd7461f0f3785bd03
f8014c48090a78c7016b1b33764d51ec
682ec0681e84be14f1c64e45b64b6b6d
bef6ff60625ab32879cae8ce436afaf3
1d0e2f6921820470e7e4f542712e871a
e389c200b4d0d21c6a690fd34e4b9ed8
2291c1838cde3d8866c7a018373fdccd
130ce30a64efa9d05e56c5ba440b0516
f3bcff80515bb46752e6220153c34406
de00898e9d6cf4ac50266cae3f509898
2542e887e0761164907d02c4a5b767fa
b6278262e0014df9e15b79ba5499d967
2ef3b3ff3f6335f48378e7af99ba4a34
847db21cc6bcf65a9969cb6fa13416da
99fc5a22eaf9b346c1569b8c25dca4be
c251447700193dff2c6ba42254b683ff
1be598d2245273aa31449211439ff825
9bbe1c239e0712f413dcf8d472293a99
3a0b5ab50c1563aaacec24f90eb4cf0e
4211f5dcb845da02f3a00951959f1340
42791af91d9514ebfe31546f846e3147
b65b2afa7b0b464ab82f2c7bb862f452
45262039a53241920f2c40cf956d616d
67ac18c38142c8ff304064ec903a8ac6
254f8437bd880eb9b32e683e76223ec5
7cb21cdcc6fd505ff37621cf46ff4cb7
bad9e5b2b5a2b7916b224cee67fc6e9c
205ef4ef7b33b6dd745793d240a2d45b
a4ce33afc6ddeeeee752e3ba00e8aaab
ee67de01873d0dce3a794ef37a1901d7
42705be7f41c72376a20de13fdae9f58
d841b29d9fd0bcba0b97f79f16ec6d12
a956bd7307497284a0b4b1e5090abcfb
ca9a9f9eab7420f94d9cd72add1152b6
5eaad73af9cb56290ccd4bab937327c3
e2ebe1889c7be1b99cc78517baee1239
c45da141bdd3e21eda185c19b6786457
4694912f31636badff3692f597e7d07d
d26df5e65dffac868ca84fcbddb66203
182cf114457b8ac6a3c316715ab2457a
a1013f7b1e7117cdec49441b26208e54
c5924c1ebce37d7e4693fe6da923afdc
af0ee43a6e0cc51f817dd4ae4c52dfe0
8e34abefa1d95809739ce183a8c94df3
e0522604c36b48d6ee9feaeb4f77849f
7b4ba9309761955f141bd660b2f6ef99
dba0cf19f37d120b474f0b3479f95e95
7897f268f66bb79c2b9339f099cfec07
730949bf5e2a0e98d48c810be4ff8ff7
eec025e79665522faf47047c6d40e3ec
343d9310ccf096e9c34d2bf49f8efe49
16955b96189c89c7624a57d167ae6fa0
6cbcdf163eb8be084768278419b736ef
57378770f3c01cf23aea74fe3d2f2e38
a653ed084c3b8207a6e2095fb1dc4842
0e269198e387562651aedf78c45e5155
a13c4eae5c7a3598d6a5b105bda6f7a3
92d92c91ed68f88aca8381ab4a84e90e
2bb86f0efc8fc6578f9f740966103bd9
802175d5168d10cc0872c3b57bb6c03e
1245a2a5e57be14a48ca4237326f1b24
b242e9ca5b6512586ca0be84947479be
03f71082696ab24a64a7da898e38662e
37dfb74015a95bf2115a6b7471048b7f
585be3ee2770d54d9d76d1c94404f721
cfbba2efe0352fb640f99d88a5cd1cce
1614a7ea9a129cdcd15d64e5b1ac1d01
74bd088bd793088316495d057475f240
0d90882dd5ef4cc70773e579e41c47fd
783413ffa69481caa665e0ad2f7a4113
66525eb3c8d3ffded041386596e5737f
c7fd647bb2c04c247105c2b7368c63ca
2748887e0fbd96ac0480bfd39ec4c1d9
32d9cbb5fd6327dadeccbf95274dfde0
b2a80ab20a8633b838f7725587a40860
43abc996b494c30418c76ffd5a04e603
e0ad4c04823b53a194f7a0a3c352c77a
ff1636205d9d2c483a91ff5f29dd27de
3ba878c50f0a77f12a8b1838a95b6baf
68a18875927cb7113828503d80eb03aa
690c94654d5ec32e14258383477ccc69
1bfeac32b675e0ad3ab6d306482beb01
463279cee62cabbc7cbd09b6d4fad989
9133b9d3f016b47c847382fb6a0dce19
3945d4be9044c85a7cd2e00185236343
829301fc10645e76a86064c2b30646a8
4a19c60f3069524f2a9d3d481aee90f3
b8cfb1437ac1ccec890b7cdcbcf159e3
7b468188703f7e1a15454875811ce501
6bb9b23bf6d3a2843cf9d6eef5a141bd
10620ac4f0286d4e5e134a8e94ba76d5
f4747e672794295cb2e9a37fdffe7b67
08be76dac9262b1bab40e23af60fb945
323c0239f09259b98d5a43b7c2fcdfb6
109cd4ce7ca202485402d2912c4ce997
d3d5710d0ec3f1e2d3fc0ade198803d6
0f10bd9e96ec45658a6329c9d822081d
d9134a8d0952bac0fb47b59fc0316582
0f233a50cde3f23d19c1ffeab65fbcfa
80c515ea2e33c1106b81db2e62348280
96e60fa3f61d4890016288727f315002
@2700
5b9cc9b82d4918278f04729f04093be7
9861ee9294a003f808e0844a613c9873
afb8deef4b70c9f4c495fea8e29096c2
541add33afe9c2ff7a3a4ad65ad6116f
3bd9968e5c583e6d4f5ec23987760f6e
040663f92f7104817c35769d4c36f448
726b77ad87809a222b8371bb985379ca
9833532ac84eea81459a887d30bedc18
c73a76e02192ddc0d0ddba4dc9d10871
0fec9e564514970fdd460535569554f0
afe44ada613428703979945db33d9f25
e5a0f5f84f74e3c76093a4783a695479
5f0e8e71696a16d5d866cefe164f877d
5cd1c9b8f74fe8f7839404dde9f63d10
b202c380d66d91b755f660e69c867438
0301f854f69e223df151ab9ceb279812
8497cbc5b2eb45d2096df83045252c3f
82e3a38e420be2ec14e4189ffbd90cc4
2dda7150a76fa0ab07364ba3d16f7740
2a9c36b05abe988e3b05eb7f7cf79e9f
f5ad4da67dc9c7d851510310ba5373a7
1553a0d5c751058c39f01a4e1ff22803
a77673988cf5aa2024de5bc58cbe3fb3
e286909c292e39359c0bf8205b569b05
2df25bb24a160e8257a76e8123445b4a
72bc360ffd8ac28ad2a2b7afc30b4875
b41bf63ef0b2d6d23b5583ff4ad869f6
c5bd70914c7b907e4af89a20b90819f7
c2ccf882755f15a119904ce2d83afada
167dab6c0594723f2b82f080b5cc2779
d4b66cb6a0c698a236d31efd912ad97f
2acab7939567c080cda3c76080770a02
70524176325cd43578d45ba357ddd202
e3f7b5249627df3beba58ae466891f26
4927c147343f1f1eb2a1f2c1c738aaeb
0efa8975e73c3aa9aaafd222c60233ac
f1ca0337119cdf522225c4c1327a5d6d
b0a5b5cde01718d5b59bcbe95f38f240
01b2da91e04521f40db2407d5ccf039f
7008419265904898f8cc5241eaca27c1
32ae4e74561f60b615eb3b9039193f87
593307c05d6525f5e541ac5b0d312ff0
cd125a9fb19db5af340ebc261aa0b4aa
c00a3b76208f20dcc2dbc4e05e958f0e
40a972eb15e16c7948b3c096710c594c
f1df8a08d87018bec3fe7869df0bc234
df06c903d70b83feaf6282df3b71d6f1
58eaf28ba407f390f8ff963d3b935d2d
2f8dbf0198d20a9f57827fcd31b7b5eb
c9e43cac53d7e3f4f20f6aabd6de7080
1880b5254dcf8329a954e16893da3ad9
4b1a91756f40b0cc3864b34775d86f98
da79695b132bdbfc87912b2a7420e6a0
89810519d8a2430bb8924a5b6dde13a1
18db8b777c91da6f715ed263f3059414
c2c8a79611c79c0954b143115530817e
c79428d96678d52c076f62afb67fe821
41f26439adfdf5bb0929f017d26d25fc
8a256656e5dcf007d4edcce96d5798cb
9c49ec4c8acafe98fdc9a7ab44b91d76
65ee0f427f9d2b710daf4abb14a64a84
269eae4ac4229d6d8cd146b60c09bca3
4cf9088123eaa97db81b20ade91279ce
e31a4ae8a13931166935c13237cd8e93
56b73e18c1bc497a89409f6639b634d7
2f98dc0ce9c268aa6e0321f272897392
06fadefa63d77f26ec21db5df2086947
b0ba68d88c7f1d5de65910697e8e52ba
3fd0a78d89ff18fe1492eca0fafdabe5
9e341103e295106c52f5d6848ce0a817
787578992d7e0c6ca877fe3f720d0bd1
59cba831bce9d8908cca7b73d1f4a22a
e08c91a2160e135f5d221bb6dc117c1a
0619ac4d279c9f1dfdefff996331f07c
219f85ff206c581dcfc11f5c1c7f3f8a
41867c9d123e7fa5b45f97df6910d67c
93515c399fa64b3c7fa44277256bdcd8
c92dee553c619d7d332bdf8cfafb70fa
a7253cac1f81f3e8e66ca821729787df
c87bb87be2455b952bfc10096755ca27
4364e18b280a020b251833887f1b7349
71765225a767b560f5162a731341e557
b4bb0e94b80d2f039fc16c0d008e5edf
95dfd0ddb4980074de8398a9b6fae5a8
d4551124290a96bbd1f3a06b61f1f4ef
739942cdeec6f7e06a20cfc7b25000b2
08fd1188625cb7b096fa2f0473d705e7
f8a35da9cd2db62eca77d7702bb6b695
8cd54b8de33213bf27d4e0b92fdc87d8
3b8a9f511721e8fc3d1e6eab142e5b39
ce02a2cbd9af4d3dc133b5b877063751
16764268cb8bc49d03c03f2f665cd7c0
ee49a46d2d01c9bb5b00765f5801a880
a15c9be5cc077a5fddac82daade44841
e850d45c4ca9c755c641aa19a1f053ce
0cf7da5314877cbf12c89ca07df4b6bb
dd0f3001c7c49020ad34cd78d42c210b
3a332c51093fc93a959aec4d6b623e07
f80c5632f86c76d39813a4317284394d
1ba3b7aa787d15ae088dfcf1058dd065
a771d1220e91079bb893e7648bcb1427
88e700b113df774aca27059fd41ae6dd
e56d44f2312b45c34835bfb2d45ab28b
0061e32c06a780de1a7b3c78c676f376
57a4f205ec41f5d85f40ad4216669e57
0072191992b09235953e434d6ef6f1c4
8a4a99fd447c34718ecb57472c0f2158
9b7c8fea5f59f3b8db9230bcd87f9b5d
2a4514a6fd967df085045c95903eca31
8a8fe10f340d4387aee1d62940f2eb04
4f9ecf9c8fa62436904d3708d704b27a
465185367ef240b804ae59b5b2b3a7d2
e3914e187c16e0c606e323b8bc56d1a8
13f93e6af3b385e3da18cef167df2993
6b5fcf7f9f0b992e8c4d89ae0312d69b
bb02c294f167e2eaf7b7531abdd198cb
a549560b14fc998cfd35ec33fdbf1198
cbc1c87f7cde61c3ab0465c5f54b57c4
cc4fec4181564101ba53fe90b51ec8cb
2546efb817beedf5d63d2faa9967819b
fdfad3f8729618e1fc94897680fc3f63
0129bb75b935c9c83b2f0bcba2c9169e
aced59f1c4a24cce7885bf946b36b22e
e3e32474f61463cecd9bc9d3296d0eab
cd0d5c294f9905c5d29369b195d6cd80
40f05c518d6170862f7bef2908a5f29d
73238cc8f6549d9ecc17dd1e3aed290a
41842265acd813602627eb90e52ab06b
5cd577639ff1fb630774b254d3e6b243
245ddae20ca968fa04227a3465dd28ee
10804a8cd10d1460fac6a370ca53d969
bac0a689817005d904bfe8025220ef14
d4faf9400fae5b4e171abe38cbabcd4b
d0b459a66921359cfcb231fe3414f41e
6640b15bfeaf877274c6873bff7583fe
dd52095de5051ab52d653364ac013bbe
a3256e78181e33f73d047f122b930d52
9bb1cb7210c8edf5bd430144babb8748
7d9d4564240a4aa3b6e702d98c263966
f7c0c3a085c8bb76ea653bcf32f30309
2ce702bbee08ed76c424bb0debe6124f
888cefad35b12aea83fbe5e02f1d7b6d
2af4ee55baa49c68411daf8ea096e5a9
ffff89264dc86c47179e2df4bb65b200
5ee3f444a3b2d2ceff8a46f409ccad0c
6f3e6389b80c31f50c17934743d9cc9b
4b77dceb11f1dce8185e80096769e805
f104b1b36a96156f373f27e1963814bf
a8ffaed04672cd2567623fe5302a1ee0
a6797570a333cd8109514deeaf4e0a93
a777d0d9e4688a428ecc104211992bea
4c0b0cd2088c6eade0c064dcb799b535
9c93cc95183c3b7182af8f51d4e84801
04edc20553bb115bd5b4430eadd168d1
2c8afe60c31df48960a71df5cc13c3a9
6119fba47fb49576b7e8c3a767a9e4bb
e525eac0a0b1ced778a8dc530dda404e
1032fd034fc8ce600842d2832e5f57d6
348b1570a0d8e32f8a36e43c5c68351b
c17d7b5a4c09baa74b22f2f2c3555dbf
355b9bad5e7f9971efd35aad8cf372e8
b8c5565ab7f75b771578774e50459be2
292b637d493005e9ec4e7f74ff40cd2f
8cc6930a9dca05e20377a5e729abb532
65e4c23a7248224f0e22cfc514cce79b
1eed322d0204b2540b11ae53a375135c
f46e4c0beb66cfee45cb0c6d21b6682e
3d813577e04ebeb6efb2dde0dead1005
7ff14350836c8aee949968c6e876d421
bb8b6863d3ff671d621f0edbc73b159a
686d0af42d10d3c1af23545097b1c78a
1f74155126c50e1a278049bbef714542
6ee4d298f0003798c96fac7f48d54b80
d5dc067bfb2f4ee0249e57c27010be65
eab280e16ae246b60eec82645da3e50c
04810a95f33e5e76178354005329d9f9
7efaa4fbbe16d20bc9195c92da2cd898
1fd00dbf80bc3fb16190f8ce74aa6b67
f21063cf71b5aacc54b078249f39dab3
54e9ba433d8fd96a2e437615d921ec21
74b2cf28acdcefa1781b55554b69049b
beae860cf22f6e47188410f42a593b9e
83239b94b53c11bc7f633ef9834e486b
26e95b7760babb8bab3c3bbf33d37a32
4b14092aed0c856a0da245504e64988e
9d4f30ea039cc4c6175e32cffb88cb6e
b5512d41dd8400dcea56dc2be75be3d4
234969a720a7f059139fc67e46dabb4d
e777e4e6aa6ab5562f2ebb8ba9068e00
56b5da96934d44aef36c53a99829751a
f1e368dc8cdd7d9dfc923df51fb24594
ed604578e018d8a9e5fce3d799d07a72
6e39c5ba68a2daf1b1cc2399470de4fa
269d56c146f6da42a2d0932eedd90cde
9c61d67ef57bf593a482c83a7eed8027
d4362d0830e7c164b72d1df963a36bd8
93662e7f997388f073cdf9d1af6fe8d5
7c871a66aa4aa3e8648bca1076129bd3
77e86fe226f31dd4803b49e38962c152
9c45afd87fba1beba6e1f51db5b4886e
5aa94d4060d780881dbf855868eb8807
05d946774fe941862891b9adb67fd894
05dcef2b989163bb677d33a932c6db52
b91caca9a0d15345ba7677b6f948f48c
edd8c59be8e73245661f902eb05ab8a9
0ebede9f19d315a215f60b805dd2302b
3e36e3933c03b147ef06dbe4b50fedaf
1967f8965b13b423bab03b5b2b3996b3
0fe2c1c8117665ab74408db5a44eaab6
f9c8c39b1e6c226180b78d27e1cd3937
cdd44feb12286437080e7e57c63e8244
40ff3981b37788ef9b2b9e763d8b3063
98d9c3030418ec625c368bc3bff18c63
541cf9e04208a5b2cce0f1f013618c7c
66e43ad6e6dd1012e290c11eb2db95de
73fb54944c08e2a95f3cf740bce4aa32
ad55e309e62be3740a838abe7ed0caec
2a171a6428fd4774e1e372a9e26ef779
c5abd0e5d662b2fd6054ebe653841c06
1980ab0dcb33dbd7b91defe44f02f2de
2133e099c58525c7ceef96226a66c811
8475dc247000de2805745c864adb44c5
b5067f135147fcec7602682ba0458000
f90698e87f5d41215a471df1d9e362ef
ed67950d0508c96929a3f00bf87364b7
31454b5804597a522dbf2fb37b631b5f
d6e6fdf62aee7933946c0ccf380bd92d
86039208152642d4b741bceabb4d4d19
0c91144cb2bab41b7ecd4dac2dc7f466
2da2a4181756411a9f392e29c6898038
2ab4ebc40e142a86d34f7d9436c20ab6
93a38ea630e0e0b205b717d2d13523ea
b8bd46863df3cad7b18877c0af2a046f
5a3455346df6490d723bfa107161ebec
16759e0b837be7888372aa71658f6ec8
8e9b9879a08ce2047e4d5474e71374d1
b511baf48a0d554a8676ecd3335d4330
e409574711c00d5f3984c751443f2cb7
0eaeb95c7b048f286fc7c42093f68e5b
b994a38720ab5a18d9c3afd010cf5b9a
004c329d4a9fc09f75d65d10cea5c4b8
e32f26d7fabed8ce7295f7d0c45f24b5
dd76bf0932d91c66b027f48dc2e7dff6
288011396c517e346d7660d9988d1694
8c241eb9532c79fb2be05c0fc7dd5a13
3756bf151a5c0b773e3c27f2222d9a16
a0b5c57a5c780a9c5950b5c0372f19d4
b0bec92f31ca099ce310b1f1c870fb83
eddf393b6cf02a3e505d4fae616d3d61
5f04a6ebb3773e2a4a226929c5bc7fbd
b549392f50ea17d8b520ec769be66baf
073b5f368a819e32d3f15c15568cc43a
955c62c63fe4e903244ba9f0387563d9
28aeca0fa225cd519bb268569ecbf61e
d2736021a03b6b3860b0262946e889a5
1f898dc4bfed944063ca304512c421d0
dc01dcd61ec00ad28632095dce7f5010
a570746c9aaf1a1c5c5644ee34bdd530
08c4ad804ea7840a97f6f2dd89abbcc0
b03dc8114ef42e72f8a9540b0ba12e2f
96cea1098225e78d5064d0000ec6437e
281aaeb7e0c06ee7756289ffe1f38efc
91ebceb93847266772a3647a9484e916
fb7611a5025f7d85ba670c92ec933b48
8607348459f927d2d83b04011c1323b2
d4604718fe7284e3eeb86d56b03e69f8
673efa67ce099f79d8cb0ed70c566710
ac037742db27658bc92f46684e0696c3
5e6c56d500b22a0bd39b55d330e8f7bc
1e1349549df8300a4fb35046c80659bb
e99304ac312136cf2af04802e07e6cf1
988d1282761a851a39f6d9d64936b1a6
b166fe02478c36e392402cc646098399
9d77784bc90dbffd77107750270410f5
9a24a7ecfeb782a7ab51f0b768a90664
9366a45383c610036c8c780cc20ea007
7bb7c861d30f035b4d8c9317036f7e20
c55ec631951b0b2cf0987c2acf498066
88111b364b4bc1858d614d50756b0245
f1b7bce73c0cc3bbc2da5f053b5af5eb
c6f759d094046767939dcb42851347ad
08294d5402c22f0cb8b1207ae0191c06
c5a7561f1112288b9ac7e2b64a664b72
84d7be72d6f5f1baf77a871e2a509574
a6582b5840fceb964ebb88b34c02dc10
5cd2bf1ecb74d7fd8966aacc04661ad6
89e368d234d1633601239a10540b289e
cd73e2fefa5d2c785702fbe04cdc4bf5
0dc406e32ca4d59be9e304415193c8ca
d492ff7329b5c6c2e60375b6c98a5a1d
35832ef08ce3561bee85661fc33ca655
aa6cbbc298ab0911484ed086a4a33e86
113b3144c2fa30cc43e6cf8551c3ec9d
f6e52738d3aab14c3dc7fd7d1080e7a5
09f8c0393640c0cc11fc7795cbf6e98f
bf65feddc2e0ee9991022abea50e3d50
6dc02f92f1e26f741023ffb845146cfa
e9d999dc4f34ff96ce6b09014407da4b
2c460e6310db0ea5a531b5377ef48eac
d22cfb6b273453b099eb1da5f35cd296
38fbb1333409def593fadb89101caf63
2df223b966539b6e96547bf3554ace62
9229b8aa4e0f3a9b49c21165c6e73e91
29deed0f9e169c3fea5a137f9bf85bdc
fb30f963afe168bf2e30a3ca947dccc2
10c0c99c32195fec2a2d50f26d99d7cb
bfed26d60a43c4635d97e38cda8e16ca
90944668b1ce10f0dc817493f05f0daf
7c1c309cf1475b5dd227217cad87bcfa
c5c225442bac692d28322d76d45761b0
62ce6c0a792317087133cf61c802e0a1
44477883f766e0a02ca35a418aac264a
6dbe5c8d214d6a37d8173711404feffe
116fb91b83d5be0b30c9f5c5d814c11d
05a74c0fb3837d9bb23552f9ffc47091
2a37a9fb061dc3c4d43d53fefca34658
05dfd7dfa8f81c90b0f5df64b0e3f468
921baddb4a6de77f1b71104f646cfb37
76739d0b8d28aabc5dc5010ef4261931
9e62a588b17d6c842ba39bc8761a6750
92b1ea7993e6157a42c23b60c8ccefd0
caeb8fb3694d861cc9b4b2a29570035f
ced2fff642223e2243ddadf8a87016f3
8812e6af44365df649e68cd871b0a043
49b8dade2df3e6be4ab60949f13cd82e
c5f603b1411f727a43316bcfea380d0d
b3b86fe724414de7a6701fd16b3e5ed7
e8a85a1aae175afb1405da8be80e1335
c51ea0c511650cdefac1c0a6f8c62290
603e5dd70b98ebdfd8b84503cb8d52ee
0e578bf1729ffcdba81540265354f436
a52f6dc2ecadf8af9ad0cf5e8e793529
8134c908d901fb9c388471ca6bd2c794
b5a18bfbc42ae0173104c8d7896ccad1
9e97a38d82e27f63b9c0a4e4a0f36122
0fdca0d91c29361de16db14d1641d6eb
a747dcc3c4e1918a1dd3d6eb8808e144
ce5aff8b07aaebc2af8d4f53faffdc0e
aa25d590b3834c8e10adab1c3a5f7a1f
f3d08c9cb466906b0890b5d4185b7d0c
72892e6a141fd6570e43aaad846dce59
507f76d66ef376a9408cd6dadb47cc87
2b8925ec8e019154db1b2cffcdc5965d
d515b518c799aeecd2f9b5f5aa510291
121cff86f9a543a8c12ff377f0a36301
35e2a639df6be9abdcf1a44f797baf2a
79192fd5784b1e0398a185c883780218
e3a50993ab88b162431d68dfe9208bc8
945a53b5a7ca9a375dfb5096a61eb092
83374beaf1329eb162fedb728af63e95
a0da0479dbadf01fa4cd96f7e92bc92b
8423052e9e68c8804d2e80e15e1d1617
9c23a5425700b732baa5db073eb8e176
6b7b6130b274d2497af72c8b24e3948e
3fa3c8124047d3479efe33c61dc01389
668d469ff8d94ab557f3b9b9c9e2f550
a950ea07d3811f3b6774e7bf096889f1
b2bf3b4114deeb0e639b3160c2feebda
33bc7ee12dd18d3d34aa0e18cb2cd777
57aa07114917ef4e087a5d6809faad64
2288b99d350fcfaca144b9c32a5bb4c9
03de5ec2021e4cb1c2a05bb584756eab
73fb716537ad63985aa79c6c1d23e5c7
b23166cdf3a5de90011754d808c02265
9d649cc236335681733c6fe196b81fec
19d1a2741901c2b43323b5b4b7726349
454af25d07fdd6d30038d583b71305cc
65fae39106714306bd4b20bc16ac7931
1521ba22ac0b34a80bff609db525e6a1
4078f646eaccabb2e9635cf4504c76d3
565c4a50cdd1af0ab41eed76997817c9
17b1e7464eef8f9c002d029f97d158bd
70d98cfe55dfe68450f70ed992b48649
a034c559278cde15a845d0a457a70d1f
f467c3af371e4f878dfe69bea0bc2f38
766551b8bc98f118bcf31b7c15dc3192
e52b6dba410805da4e241fa548218016
900bc467153d6dd0fcf9d76b0c4614c8
5593e54b36b4b6169045e90ba237acb1
22010a5cc00c9b332d51bea0b6836dff
51a134df1ff57799f2a387ee6b3acd3a
abc71fcaeec2300b90f21fc0d92d5075
73c9a7e8fa4aa9fd67ade26b3e884d64
d826af654f6e5fecfdb0984fbd7821a8
cf3e51e724c1e33e2ee7192da2dcf1e1
52a89dc1720aea6e5e63270651b28b79
3f5b3e60a270366aa4e66553dee80753
e0ac06c6fa2ca311b41f4a6d1536389f
f1a6b9fc282ea8ebf3616dcc9bb24e7f
d8291bbf1cf7ec9efb1ae4dd19b3c5b9
8b47fa13a805c58cccbba6757296e1bb
fff4ff580a9b1f11090c32fd1ab35429
f1e4e57e8a228b4232bb4889d448e3e2
44c6977abe6ff3d307a925e40cdfacd6
1d51689913074c992cd52222a29757de
cd925fa8f79b3b8b6c9d899f0d752684
2397f9898d6fc94ad393dc5a2b8004a1
44870fe6a5e20e12824c214aff37d868
c834580b7322ce20b646951571dd9b27
337c637544d1adf261bea35403fd76f0
cb43a55f9a3e6a063023821d8cced9fb
6da81559f18326fa70e7dd084548bb44
b304e61db55660d8a84752ec42a3ea6b
61b045e5ea26763db78e2ccdea46cebe
110da745780d09f98e56277de1be17ca
996c602d2f234dace0c5a2691c9af58b
7800d4e7f6170b87eb3109031b1ae21d
2493f331920a7a1fcc6586ba53f01fc9
1a970ec34fe462b8aa703a1298ad477d
a8697f80c54bb3eede0629676e72673a
d9e2a7d7da4cf7febe70fa736e551ee4
692bcc99890b85d4a917364cb13620d3
ad7d5791e87b6e8024b51d5571cef69c
fda5684c408768095d45aac9aee4a62f
08f69a00aee58bd4641c457ceb091a00
573fc11adb8b16dc138d9d943fdffa45
dba9710d063ecc63126eb95d9a231b06
998e471d9fe6cb6af7953545376c089e
ead18b51032cd7648fa3047a8def369a
043c49924e9ee7bca3d73f8ed049d0c2
6bf43798bf4037e15841135e992f9c2b
d1294b749252e13b072c54117f6a4f33
f6b0628f76b73fc89b9ab5f8423b7070
4810b26b62e58912cfc929c46a742b32
6a8a222462cd1224698c6f514b02389d
0d2c28aafc451c517d6339ef8fbbf362
aa2e157fcab1bd0db735b349d4c9383b
7fad68b94d7d019ef4d11d8020bd2455
379457a656ea1d9696fcf0d2c1446f38
c024234a3edd64eeca761e707e7b3455
5b306b1b355081f5ed52f7c22306ed03
41fe537791cb1fba63af71f01d1f9801
a628443c2481345ec7296d99191e52d5
897026e5fd94c94c7c6917362fbeb4d4
99400be4ff1b7c67477700b6326d066a
2f0fc4c11e0fbb4261d28a233f3c5629
255e342701b49e42144d787145bca979
18f1844093e413a0aa87b953fded1e7e
53778f581220874b4481c444e03cb1b5
1308fb8f3c1e192c5e8eb929dbbd6ffd
e5f76b9bc7fb9bcee3b1765c00262b6a
4cf1c6d162082965297938bd74070849
0cf4cdd3ea691b3c0d382212eebd1b80
5241ac25bc988a3498d4b969742a5166
c914743d358f6a146845663aac34889f
12e4171680b90e853118500578c1aaaa
28bd7ea4c389ea27be9f68ea2124e3f8
83f30b32e4596336badcb05cc90f498d
dba799615fb49ac763f4155b2a574ce2
264f577c527703bec64329182413d9bf
8a526424b0f1c3785fe74e1a13489f3d
2ad63aaaf96dc6cbc685f2065bdce4d4
20e7e79e91fb0b201158bdc51cda3310
2ce3f2084ccba58b52dd064f1435fe4f
2a6f2567e402ef6648064f6e1cf479ee
969fce5139724b52fd6366bc89072f06
1dc012e20c2ed605315ca75fb947b143
ad7f3b5848618cf4d05da158fc7a0080
356e34973fb2b70296a6f87bd9f535a4
4556755825002bb4715e89d20f14fef3
af17364456d17ef40613213bd5ead863
96917ef644138426808d59a41fe3ef80
881b171c5198eae41aab722ecc4d2532
879f5da1aa746e6dafdad350817b6c71
28782fc8a135c45c3428da47ac636966
32c1e282fa4e97498142ce35c5a11868
7d2318a55090bec6cec0a928a92ab19a
14d3e4c3260e66d6b80e884bc85b33a5
aee96b442dd9c8278db08319feabba35
5150ee49bb10d09e2d4b2fb7d767ade2
edca38a212b32a07a5f218cd779f6bdb
87f555c24de0f37a48d3da325c6ee782
f28dee669e66bd33c048bc79d05d0783
24d6921373ffabf863e743de5c25b975
0adda9b7dc84a892143355cb66680f76
396f6331b97baed4248c451fae5cb005
f7869b569d04e7abdc5cb2cac7ca8413
69b6f4e729e0f78b9fcfd0e0ea16ace0
f34487a4a047dc4ecee4bf4006ed10b4
603d6565e22fd0eb2bda0f0e6a9e7357
407471c1b98dd7e7d2e0fde1e364d921
ad50426fe10beeb172f917a52cb94119
f1e3c4a032c30c64938fd181c3613381
8793b64ee7deada8b95f959aa442f326
aa6d2eae3bf81e1f93d82e0cc03d4d45
3f6d49afe7b72ee8e5d6172363132d89
ab83f77b5d7e92e5dda09f70fec511f4
50af784be5a0c5a514798237413ee8f6
611ae24d3d73a47310ac985ab17e1a96
c1472ffe9c35756ae5af82c12087c6ad
8e6dc96987f55cbcaadaf4892a587db9
9292503741d4c4c033d9cadb3cdc3e91
d4a050d4f0f4d72dc6f0caca487c3a01
969a71b96e9bcb62b9579419b891f366
bbe6f1588e58660d61229fa43eb05474
2fb0c152529d19ef661c4bef7b5e9694
ac181ed6339b4412245bc5ef708baf4c
80e9415d2e8d27c36eec62f0da87d349
32711dca246722774285d9d0736ef6b0
776651627fc990a2f7a7cb5c801cd2e8
5d643ac517f047bb480a47e66f69fd0a
824d3fb7fc3d0fdde9924fe24d269c70
a2796ab698ec66692166827657db8f56
ffae4898e84ef14695ac27495ee3ab77
61cd54b8fa1b428063e18df403873ee8
159581c20cff8417e5666166b258819c
a1676f4c7d44891649fd739c2be72698
5d15ace69da1f83645ed16b7a0fd7e45
ebb51438fb33ac8fa383c7cbee20d95b
4bd9feec83907bede460cb7ed76403c0
a9c938b15cef6276cee3eb21e1ee0cd9
14ef481e8f24b33db1c29b3c0559c8dd
1285f996902fae3f862c37536e2790b4
b589ecfc0f27a13acfe8aef1e6e45aba
40de443f048ddc209b255aa326347239
346ffbc2a153064a8438e1d50ca2cfab
569a5ce923102bf61520341247e36ae4
a29e6f7b86fca5a931223b0b163f072f
77dedcd8744fd617a676c14093f07185
93a113b0f21b66ebe7460e80a34e372d
42d40d5aa0050197a8a0d1e206029602
b3877a8dd4554117b38a2a1bf983b866
c1b908a8e888c2271b128be15a1cd3db
05d87ffc6d78a7fe6f5cac7a51184c54
fe7e9a9e35844e481303fb76ac5a91ed
b9ddd5df5192f15b56dfe55dbb938fd2
fee7dfe2ec32c191b2c702692060d9d2
56b65a353a17c2f0ca2d30c1745121cb
492bcfd6ba5708b293adeb4a02ea1203
f2a36f910c93de69cb8b4749808dad0e
e1b0b89c018bfdec161ef631d39fc946
20b94a8ed403e43313b7e5cd7e1f4a44
797ced04240b7a3667e1ccac1fa876e4
0c1a64f151cef50c89687dc905c93cd0
5ce8f4b43e316f84bb9a13f09a72bd53
35f86aaf023a107f40b9bf325a8d673a
cb3a9f8b247779833b54cfc5fe11af68
a3c3c544e94533307d0a8ca13da0c92b
accd80a1e8c10a7fa2491997bdd13458
e1bf7332be87cd27709d81be58a148b8
1c398aa39e5caa9543d0b57a64637198
b1cca9899130c2c926877db4326eef8a
169e4f13e1f2afc40e41e74299e8e7c4
54f3804997f6b999c38e540f5243e192
e80d14bd04034abc6f07fe4937047d49
dc4568611d9a6e72bd8c4bd8cdb299a7
ecb4f784d453bd4660782c2b1d303a1c
54a7a5c6b975f2cfab85a7b810435771
fa0ba8e01ff640c0789e43de00467fa3
cbe45d60c5bb83e2b8149bda0422b436
d178e486e4e3c02f5550f5c69b051256
82d71369dd9dd7d21d614776f683630a
aea33cb9dd366f971146aa664fdcf904
dec12a5c48ffc5bbaa78ecc5c9acca18
4cecb7268fb8f17637a79778a7580048
99e5d8dc0687dd9eaa87935bd2a6a6eb
1f6973c7d7c8ee6df7394109c77d2855
10ee76f4811a9767600f32036abc7a74
19f725732b24e44856a16c491c4d2670
2605544f91992469e633978ffd9f1fd4
aa1a50a5d653b8ad719faf9501fa2886
60a5785cc6d25a8166b35519788dd979
9ba746375d283ad0e42728e3cd131041
c529de63b44df2493191b54c53c03c6e
7469919e2373c2e38dfa7545ec3ab72e
62b397bf76d038ad0f1a949c9f3c47b0
7ad60d8e91f2eb2323f3cffccb407c7b
a103c32e06946853e1ba25e28e256723
f148cbe9abab0a7ca014419c8e0c8777
eed97e68218da2dedbe0fd2ecbdec2e5
9f7584626010f1075f40d96b1227aa07
4d472299129e53041245094c01a0930e
d84230021082dedb76c02b380f2a64ca
206e4ce122697cac806d0f1abe6f9e45
43f764ae8e18cd7e3aa45ff0ff47217e
82fa325a1d403f583b6f1fa36da75e5d
0c7809f44464e4eed5c1d415d984c5e3
02621034e005fe904fbf8e9636ef73f2
e496d2c6ae8c6754d64dbe9fb46de73b
13d16d5e7cfc699f3733ff42efe25b73
0a13d361dc5c456c9eb3f98b94afa634
2826cba5e2231955f50e1f6b89000d9c
2e885c71ddf8ecfb891786bb21236e89
6ad5ac0fb95c056fc7493a2714dea5f3
db234967f818eab0feabe249a1cb8c3d
7520d08838d93457ee77ca8409ba72ce
3f0b14e3a6196bd66d0182b6e3435914
de091a447eb92559b9f419523d1fc2e7
fc6d777cb68b3fb9c6564ed07a77ad2c
741d89626b26e66d936df99820e3dcf0
04fe627dc1f4b6275ca52e620b238e51
d91693482b0bef5e159958eabe253cc9
54f0df4951908be9c5fb89dfb16831e2
c40c3e97fd930391f9c26790c40ac5a5
d95d1c8400d1a4d4f5c8c666dc8af547
9c8b229926f93d64c84b265d70e193eb
783fed72e24106e6ff7cd5785a0c4304
e2ad76995129e4d9174ef16549fbd297
c92969406c1107d447e2afce522be406
1dc407bda429d778cee8f16bf8622ad9
8df10ab116436884d3ec2c60eceb3640
2e40d74695808b669096850770be35af
dbc6b530bb215bdc2554075e3dde4035
33fdbfdda110ce9f1e028fc7cfa05afd
e1229732d622402f69e13e048caffa2b
8891c3f97f8dbd2279ed367e2689f5d8
6b291eb38a28f496c5c38297e5cc0b6c
593bbff17b47704c72263412ef69d629
bdd55b66ee6b2901963c13af5d64dd5d
45ffa9a9b4465bc58175eaa38835ba68
20d542b8327b34ddf6b85ba66c85434f
be7df2c132e92109861b22cfd0eebbcf
04d02afb822eccddcc461b673dca2536
1378d118d6d885c4412e2490a5446172
f2d1e3b327eda1c55faae97101db29b2
6fe613b7ed231c48e02e373598fb3da5
11db0b0b0e3a5c5b9ddc30608cc5bc3d
6da642f3b1b23860bb28820785416651
5eb7db15915246798f2d0bfffa912b5a
efe068577d1860322a9f6f25d33d4d9a
146cef28f0b4e15cc0442858b55b83ff
e156c63a53f5994e59beb3f879104d19
4e072ce5dd9c6dab800ceb9851e1978a
1bb745babe7f6cb28f404dff1759cd2f
9a569a092237652d25dfc277aae6f896
03a804f3cd832a5e94c900b5fad1f51a
4287ac0bde01bef2fcafca8ec8777c3a
9bf5050f74d9551ea6d49fcd96fc63c3
ab5ccfbf505fbf6c50e07dc082e554db
81d3200fcd14205ca85c648d9184db76
1098168c5f4874b2d38f98707c632d39
e2d1a35ae4f4167f2302719067139516
3bca42624e8d032ab0d38df514e39e4f
475f02ed76ed0a7b791d7c0f90a62b98
86003ac80e71164f69d75f1270a59a07
3448c8d5f20f32babd4951bec4539be5
2d9ee1c10270a9994d17481b43cba5f1
9c270adec2a756541046d0a1182c691b
b4c7e0adad67e6a93371d9b4973c320c
1c9d2324c6b1189f99cfca96a7df88c6
@2b00
0000001900000e2800008d947fffffff
00000019000013c90000c5db80000000
0000001400000d8600008737ffff4988
0000001a000010de0000a8a90000c828
0000001a0000c2570000c257ffffa743
000000190000ace90000ace9ffff3d16
0000001b00000f13000096bd0000120e
000000190000a4c90000a4c9ffffd3e4
0000001b0000ccd20000ccd200008b2f
00000019000016cc0000e3fdffffb376
0000001b0000afb40000afb40000e536
0000001a000017f10000ef69ffff72df
000000190000bf1b0000bf1b00007450
0000001a000016140000dcc4000062a2
0000001900000d9c00008814fffff923
0000001a000011140000aac30000db86
0000001a0000195e0000fda7ffff3e96
0000001b000017f30000ef7b000067fc
0000001900000f4e0000990fffff62b3
0000001a0000111b0000ab0a00004173
0000001a0000e2fe0000e2fe00001265
0000001a0000ffab0000ffabffff6f58
0000001a000012a60000ba78ffffecee
0000001a000013480000c0cf0000e100
0000001a0000197e0000feec000059b7
0000001a0000dfe10000dfe1ffff772a
0000001a0000a4300000a430ffff91a2
0000001b0000e82b0000e82b000030a7
000000190000a82a0000a82affff852a
0000001a00000f13000096c2ffff1fe6
0000001a000011670000ae080000cc27
0000001b0000fd810000fd8100005648
c89841fa40c01ecfa9824fbedc0cfb76
c1ecd9dd174347b6d3c0ae2cb941958c
e6096cec55dfb03ee9407b78b9b0e1ac
19fc0e33d9e34b22f6c930006c01809f
767f49f98f0e83e867a773ea1c341975
835c156e158b06ab0c7c7566dd88d882
791c5487a40d4bf93ae82114ea5294e9
9fd0e3735e30fc3b4cd1acecbfbed39c
3054869a9a6f4b4461ae8e50d5e5818b
0d11f687ca31541f85fd555cc1650489
24bef3d23e3fdfbb24e1a9be7c648c34
fd6c6724a8a937743262cd1b90b80bc4
9890b5e991f4f9dd75c9d54db3880899
fd0c944a70a5ef2e3f123c755ff38b28
7612ea064e8b5935989d49bf94302259
d4fd339a218fdb7f5db689a7ee36bf7c
ce6f4469c9dfac4d4f3b3fcd4b7e45b7
bb61093359b2a74cb373e13d0b42184e
9d811c008093112a2af74d47418d2e28
cab2df9c0883a80c2869df18810ac4a4
c75a34c003e283960e8a51decb6609cb
011829d7dbe41949954c73e2dd11cd61
00582373eaf88767d79cc02ae4b926f3
893e64cc0b1df2dbadda0e81b54ecf4d
67b640fcfa49041d1c4dd66590cbca9b
a00b7acfee3f143292b7062b4074d8df
e966a7a60a3b161f28fc9417ae09675e
659bbed9bdf68801ecde66e8da10257e
205ff4c158fd39b9accbdfd5390c3198
cae5dbfa55f9925474e1e0ca7fb86343
61623f189a28bb2d32555b71c0966025
84e55695a04e03cbdb8523a5153b880f
96d3a3ffae78d56b5c83444eebaf50ac
642ffd4eafe852668c4c45904eaec517
45c6c000761010c1a27eaba11401b551
69c591254f235436b10e021ced9712fb
3595c2d79e212b0e6c68235a6cf76aed
3d0570ca53886c430bb24b25fe3db6b5
b5361bfc993eb7556b5b536b517f1ef2
df9c50acec9fd03dc49f78a0cc0c876d
1eacd3e4e7da21ccf2d6c9bd0c9b5059
01f11c24456125fa33e3177afe729fd8
cd7ce470c29b8009e867ce981f8784b2
82d931ac38874f30faddfb5177397551
49594c22a986ce8ffffd9650abd9aa41
a5657a0da4e7ec8708c3365cfa467884
b7e7a2389c8036a19bb62435826792e0
5fbed0886d3c59d9c19f4455a4a50045
1ac51f17431eedeb19601d4c284b5f20
54583051f9f7dfd1b22155ccf8a4da63
17069beaf8c59ca8854485daff739694
2d326f6d992b97b2aad745663deaf683
e3ce330fd6c074ad0aa59bea559df83d
9567cdde3d42329c39e423a73cadfdc9
4b7f16a579b101cb4b8bc4b67f4deaed
4c25dbd80886b753e3eb5fff75bf50ce
dcc6fd466cb4cb9fb6a283e84a9f1865
14af8c044d26b1ade57c05c85fc50858
72c39700c62f83fe0053cc77f539c8fb
7750bc545ffa87141a7b8ad96031c97a
4031ca555074071259edc1cb594eed1d
823a98a2d70f0761f7a12990ae0ab504
328e2f2f7d7f39f762deb87cba921394
7d807400560bcec07652b2134f0de9ac
10502dd311c831fe7016371c242a52e2
d80bac97605669a6cb723842172b8a1f
eac681ed51e879b76fa6e2e94703ca32
a98121aea0a2f0d4c82f8084340d1703
b5a0675ffbbd3331220dea439f1d9fc9
3e72b326788aaa80045436acfdda13d2
137cd4098a9b31c79f985ade6df5de64
d9115b1c49355d0f5d2cc10ceab112c3
79e1e54543637cd155214944253663a6
39d835ed243ca6a94836545dda07511a
b4f4d383bf60de9c891e4bd154dccf01
90b86b1d2e19880d9c25135e33f84553
e2c6c5ac576aac6e0d2b155d363fcfa4
9d04dbcece45d8b13cb07dacd87f00e1
097afb4db1da859046c52f8e23b453d3
a77fabfd4ef5e3db742de21f9530dcab
7af4c89da8df5bd8e4107f3cf5e19644
d0cd888c1c5fbc0f2db12b762fbf91e5
1865d9a77114cfc5d1aee16f7e77cd51
18b55ee2e82eaff3f12aaa707d432c27
ef5ac6e1978cc2e7aa65d2f13ea2a922
5988d4988e5753506823b1675a40e55c
fead244be225747a720cad16fec816be
2ff4736dc9b0a4ea96982fd530b616d9
beff10782b2f09fe8bf3b572add78c60
0b4a6e28fe07163e68c5cfc49fbdc300
e55be05bb36e158135c961e90dca05d8
e06c62fed0eea83d1c76ccb22f136936
734fb88ecd9408e2f42241f44dc1a7c9
073d34bc748aa3edefc153db3d07864e
4d07a1b76b82fd449b4903a86dc39cb1
567da972cba78abfcff607e9f6f3f604
213aea2dbe21e91b5bdbc58183f77b71
f3d2b44241e0bcde78f155630d13d920
4f845960a0bf20ccf46b715f2647c5aa
7da36d274f2e3cef1c97d0f60932b776
bd3a80d9167cfe0de0895d68136c1acb
e9161bbe08895344b0b387654990ab06
7beba245c834adee95f8d3284180b9f2
fab90715c8ebe72912f2f0fa1a1aac9b
a365b7a45c6e0e6f0eef4b29552bda12
2f4a1cc72f2a961bec02309dcca4ac4b
8874dc113462dc0736570c26f345349e
88d914aab8b33300c05d4c1c3b270147
751be4d7a25839dcd053ef0f91b76c4f
e4a77bc4c64120497324822fbbb1c2ef
99227f3833759b466cc6e06a318fd2a7
2e1be76811130d4d091a754ddde9eb11
8fda059c5df04ffe7e0d710476ed3496
8bcb9b47a58485fd4cf313f387ded57c
f1f26fdf4162af7e4f485a8706527535
37ab5a6b2f928fa79866004a2d56591f
b5bb7fb34f925911060a6c791ac69717
577e6e30c12d2495f921e967c5350542
85174884bda96dfb8d56f0859033ad83
7b44ab19ccac5d60f67112a361821ad7
b0b29721026b0381ed491f7b66dca4ed
f1812821e189314b9daf70b7f29f0d27
0c0078caecd5a683e38dbae25a09d3f1
9b29b698dc222ec7c00022d56d715899
5ec578fb44e371e6ca9c833a5175cb2d
fb21f1edf1e8dda9619a9ad45730754e
24814acfab9db17e0c447acce6d57f92
af8560890d61415818665169176d9da4
a7a489017264b1b9d73ed102670c5f3b
82236ecd06ad1728eae8a776d111e795
18c07053b81a6bed1d80a6602f0651fa
d417f05633d73e442aec20e3e19f6b58
7a97290dbc623307545dbaea575936e3
be04d64f69e0c02998a9d9382d5e0125
32abc1f5c0a43db0fd66ea519f170ab6
b852643e6423fa9dbe13f6a7699c3b33
49508a5cfea1a4d8b0b0e713d8fea22b
d34c1d19c154fba165951f36469f88b8
297bcb96a9080ae3da02038ed08e1181
ad3f13f6cb18685a1154a09a7c84f329
7e48448b2fa4aa454a1c1467ed0aa89d
a401a63b8b0fa8256708e05afb25ba96
f8858d8847818db1cbce8bf7b348cb4f
9eb13515fe883f4ffad4382f34da8419
68eced84ca082dcfae3115098fc3d569
88218eea5bf8ab53b8b1ecafbd907620
6d6d430660eda49cbe352b5ae3ba78a4
a19e3fe600339bf7dbf066c916e675ce
0f7d5693f1da10f45ed6310262d613ca
a75218c163adca09a9a6cb12e2ad7744
3edff6176d12096a067a361e071f5210
1542b10173b39119c20eccdd26b59000
4258b1175a6b8a7be44a7b68a8dbd57f
289176cf6e9fe0304bfd330ca6ce301a
e7772542ca2cf36338c66588eb6fc64b
a780b3beb70c1639075e18f1b3003e2b
e23805b1ad36427462d4cf2df1bfba5d
748c420ed7107eeaa2d78acb69d58a7c
e769670b3de9624a2327b45fb0cfd7e5
0d3c15994be6b3c2775ce00da45c6109
c9473d3e87d90ca633e3213aa0deec9a
d1551fe248de665ccb9199a27b918633
e6bec501feb528745102d5c3a086b9b0
c90b385058e6a4127312e00e43bd76e4
810cfd47d257b090faff829114ce9766
ff02c581f3dd92a02db5d915bf1a843b
bd148d738e70015cc2eae23904e38100
7a7e2f0b465c997105b02e67e1e8b9d5
331d54e8b05b8ac0c32d2fa18d0bb036
b1fdfa0a8b20075c02e60209b41d494a
585620d08efe4244bf4ca85f219cef7d
6b2d974dddb57931f926c7b7fde3fad5
e503a5fd1e13731731a66850d026ae54
f365613b8dbe6a3ce71e2e892cc468e3
dbf52534d456c5fae43652802ab115a9
6fad08b6fbd094ab8d447cf9b13469b4
5ad335cdfbcb71fa5da2cda735bbeff6
3d181dbd75e7d3b9badb5a5899ab174c
a60c1bdb5db88c3917cd61f7e9a238c7
d8cd5205bb4f0207240128bec016bfbf
3b6c263c73bc99daf58a703d0d512cef
c3aafb1a5e063d4bea67657712302faa
99b46b301e8e9e95e5f466e423136174
89f572ab3986b58a0f351b7dc54adc65
fd30394571d6d220a3fc25ce2c97fb92
96f76f4a76a82d45af121ec69f17864d
315ec56ae7b4596687b6ef347d8f8546
43cfcc691869dd83cbaae449d23fb871
cb0aa925c1909a157ab93409fe71f481
6c519d5dd67f9754632fda032ac8e5a5
596963ef15676c59308534cd44912354
945ceb07ce567b1f55d970269c23eff4
95e3a4a7ab09e0ada261c21d34efe558
09ec9639281d87a43a9c17f4513b77f8
6797caa0ee8027815f9d40c5225309e6
c1b3026cc370da0b50dcaef83b5551b1
c17a66a21443cf94768ba1454770fa5b
492a3d8f7bc0adb7578a0c69e60ed519
bba2fe1686ef2b9df801eb5452d5f665
bd8f1fa32b82490db4899f236c64bfa8
cb9b311afc28bf12565c80c333786ad7
d45b77f0cd84311ee6468bf8d1a04e5a
b64bde03367aa34559ef8b3f23d586ba
37570c9565d35a91248c19dab0657b9e
7b7cb55572ddf48ba5aa3a4497de8be1
f510069fc362c0d7280b656222a79997
529ef559f5bfcc4bbb6c68601f6ebd57
bc20f0edb2a88aa56703785485aaef60
7da2c7c07e70b4173fd8cf4c2c8ecba6
8718bda4d401ad18286b172a464a03b2
7e1768a98bd70eb043ab0fb2f00e489a
7ec7c4e565175a2531a335db7e1583c6
6e94528831f2e5f71ed3b04b018bbcf6
b14e3913644869111f4eedb3033f18c8
2650c905552853a40ae11324f90533f1
4c98e53685f0bf9cdcbb73d67686b8c2
dec31ab8169e64599a830f5e114d8cbd
f4ef86cd1842cb3acf792faf67c417ea
d502a0afb746ab3b17cd7a5b0104db5f
ddfc96ae5a2202653dc35bd8d558b6f6
892856895c51bde6cb156748bee19ad6
1fc52e4095a3d96dc860430dc9a0a333
89a529391ddb73ef4f465d71a347eea4
a05dafa11b67cf2aacbae26c17f8075a
00b5ef9e7a2c0d0ce91948858c82f8d1
63bc29ee2748be5dd2911d94ee8c4c63
2bbcd232249a71a2c7546ce64a4852c9
4802f4f74c18d40ff44a68f01957df41
229884ed4692e31509cf0bba8bddb5b7
7e8404c1ff28c215bac9dff7c6a35e27
aac72ea0e17c05e860e04615d5d980df
b8064134d52b006c3007e64947299fae
0d4aa7eb6f8ea9bd4959118c251d6b96
6c04161f2dcd639f92e7fe14eb94cab5
7818b4495f9f8c59a06b6c9d658e264f
51331b080fca5e8a225506bbfa4d20c1
74f012d21681fc5139fbcb61e4788bab
e1316cedb5b0bc66f9c7b1922fa1818f
c21182690b05d07902a88c3b57b483fc
e57299dcb7c13a4475d0e3d0a8d61992
b64d8b912648e90191dd76b49190e8c9
0a75b0a294fef8cbd543da22ec50818a
52d5722a0f707f827e96b93841cee670
f226dec2f3d2a619c59756311faa8739
158ea536f2403ea789f96da22a0a68df
59306ce9633dedd2632c714c6f62c9c2
fb5dbd9345daf2161ec50e4b9cb8310a
4063ddb98d2d07ebc2c0a06186c35735
da20824566f76bd956945967914f1fe2
3c50a89af902a881919c261dd87f9819
c340ce98993d87d9da2251e1c12766e9
9a261f996028a63a537979cf7c4c233a
c7438f75afbb6be52e25100611c3a4f2
db86e46a7eaea20a37dd8c759febfd25
e81942b9c0b06a93bf97d87615999e20
0bd1d236a07ee16fd12b46f498902b0e
f6c19bd180278740643f8263e76bd330
ff7100757838006679beeaed500965e8
ad4bacab74e7db866f9adfa0a5c4b91d
b09a3507ddf49eee7ff5fefb546a3563
561d44c228a52982cc4c049fc35b64d3
bfd88d1793fa42aff10f4a5c258627bc
663ee693422c4d294ba4b21bfe5639a1
ab9c58f7ed297ad1f15ab59bfbc650cf
090a982bbef5a01c5a2075abd6e07557
bbcdc546888c41c88041880b3622d2e9
b3756635f1431c090138366ccb589475
5e32638515e90b12d361f89bcdbe446a
6ae826f82fc6be32f1ba24c4ddbf3b32
9be2a8ea208ccb2c173062ab5c0289a3
2ba749298f08a2262b60b6c36a51c02b
0a7a9c1f39106b0e00c644bbef736d50
e7fd8635aff96e8254a59af62b62f926
785b1f934bf419ef0a9dbf5c2927dd68
685ff334e301990abde935d51fac9753
6f190d0769cf421dcc68080039b8044a
d897b761f826159a2abd1c2a11ce0f42
76f5b7409937283e0682d7e61befe796
44201d4512ed42ce2b9046fb2536c01e
98c952c54d9f354d0f02ec01b39d8266
4d20090b23feaec610ecfaf983dc8b59
bf77f6a6b8f82fa508637e82217ccd72
2627535309fe7c2834e783d94993f265
795c2beaef1e5c396d6d3392db9c0adf
906f081be128442c911e004223c9eb6c
e2deec9506dbebca3e5cd4c0cb351b8f
b2d4fe8890b7fca388f03dca70e537b0
d8e4c858c8ba01c56632d1acc62e693e
0000001b000013410000c088ffff44b6
000000190000c3f30000c3f3ffffe9b4
0000001a000011c40000b1a9ffff9949
0000001a0000dff00000dff0ffffd669
000000190000112b0000ababffffb1fd
000000190000b1120000b1120000e042
00000019000012e20000bcd8ffff2e13
0000001a0000a56b0000a56bffff3747
000000190000e8d20000e8d2ffff7f8c
0000001b0000ff0e0000ff0e0000ba89
0000001c0000f63c0000f63cffff2c0a
0000001a00008dfd00008dfdffff4b0c
000000190000c5f90000c5f90000ce20
0000001a0000f7bf0000f7bf000025f5
0000001a0000f0810000f081ffffd7b5
0000001b000014d40000d043ffff1899
0000001b000014000000c800ffff668b
0000001b000095bc000095bc0000992d
000000190000cd020000cd02ffff3316
0000001a000016880000e14fffff87f1
000000190000b5950000b59500002f3b
0000001a000018290000f199ffffa926
00000019000010450000a2b2ffff9e46
0000001a000018d30000f83b00007126
0000001900000f9e00009c2c0000712e
0000001900000e5800008f6b0000bd24
000000190000f43c0000f43cffffad26
0000001a000017740000ea890000b3b2
0000001a0000dd4e0000dd4e0000adb1
0000001a000015ff0000dbf5ffffcabb
0000001b0000c0640000c064ffffe178
0000001b0000ef380000ef38ffff9043
8fd2a08293001df2e1f98d51a6dd1bfb
ebc6376aba77f72c3c94d06e128ccf26
20cdcd301543a9fbf4786e8e92979b6f
9891418409504234d1187123f49b5c65
d267cb6b96710086aac8c23e68c18690
6463ac6d81d44ac83a51be48b746bb2f
0a8f7c4c6d882242eb3ed32ad6028a6f
ce7a255937407449d043665b9e22ae80
964342b2c3cd58e03639ef82dde2dbe6
697b583259d58b0d2ecb690c1c5658a8
444ff8bb5fd05386f2f10534f1aa2de8
b43b8f0914d11a6482f97de109fa56b3
b12f8bc8a8e34407c24d4e9f3d25d4d8
3ad6dd20a6bca82d37e722b684543f9e
9187ce490fdb8f6a885200176970f454
e79edfb638b4760e262527c1e1a3d99e
87fc51dc16e725ef4e98409ee4580b63
4503978c67ddc67ee6e7aa5bdc8ef934
5eddcd5f56425e2141d9940010c9debd
d6167e0692ae8a6e03a24663bae211c2
027af1307e590c3425399f9f81d17b93
90cc3c1aeba618049381ff8ab2e0be04
805bb6f3553aa035b72985ae2d91f418
84289caa3594f847cd976d90e7d6b42b
a204efe552e47e2fdf205d0e4a36f688
20a44a4dd70ea40ee1595538ee9796ca
472cce12c31b4abe7f80521c9ab4b67e
47945ff9876548bd6937cb748f959bf8
995531047a908caf9ceb141b69f7586f
c63070c03567b17b09b389eb833cd82a
3916ca90e7ce37078dc21e2f3a359d28
f199857ffb73800f325cd0c3e53dd4ba
bde851378c6d66b8ee1ec17ce74d9250
5d472b6b021f4809ea54535debea7709
21f175d28e8041efd71992a7c63a64a5
888d3ce2c5a8f256a71dce5e7cecb00c
4620d2cb5651f32f3ecae3211fa29565
62ded20c65b0e3a2b55ec1e2d33c1f91
faa6c0d66464190495a112f60c2a4187
c98b6f06991717e101b0f514a950697d
c9074ad03e8a1d853df3d50eef3007a8
a855f17f13b0479f895dbc0459905f97
6e5370a0421dc7c4faf6ad66d1e93ee0
d1654d1530bf2da534fecfec30bb5d26
4d0a9d7d32d4aa927f58bcf810381158
de818195c827255ade03db2ce42b9d8b
a5bbba0d88a474cde4ad0c372c11f295
70bcf903af3405dbc6eb1fd3c8f431c0
b6139552cdfe5b55ec146d19ed1b6110
30ca9cbdeac98880343a3ba755ca4377
e84258798f643b496e79fc1c07aaa92d
9c7a012943e8b14c148ab6dff7c7dd06
6441516c956cb5cd2f63d09835ed0acc
53092bdaf8bc7197a800c7b28e310ef2
2c91aa31663cd33168c46ead99bf9eec
f993b17a51a9b6b7ae1d5517f584d4d2
4b19a3c542057ccafda31c87f913a6ed
d4a1e51e67f6afc119909ae858ae7245
3663094388397f0dcc804937f36786a9
d461ccd635f90f8ea18edface34882ba
3f1fe4c6f2bdb77612598edf85ac9502
5bafca1844f2868321c28d6f5370b056
a2ff006c32b478e5dfa9e1755647fd03
e2b963eb6ed1ab5277cd9b754a26e6a9
3ab99f2e9099bc947c69cef7a1501477
08b3a096b09effb9919993bb7ef85a1a
10e29a2537e3fb2cb3e5411bbf345bb0
c2fa2a041fe53707233cd7852400dce8
cc00a03a57511995588c8d0236898cd4
5360f831b555e4ab94a63e7f63e65909
aa8a7abc8d5ceec3337ea38df2f51a20
3bae1eaf0fe3f41c1fb2dfe1b7f42308
89334eec6b10b89bf479af49d77942ca
4d2068ba6b86fa3a15fd2a83fa8fa906
96af70121a3894fc19bb6f89716978a6
f53e1602ce8ae00b0124fc47e305e25e
03595fc56329f84d3e804f2cbfee3511
67e6de4f2a2269716fedddd8a12d8d3d
d48a4ab86932c3c099aa2d79bde13b29
54c630da0d0a6f96ffcce1af1cb035fb
527ae3b3baa57792f1225ef61a1c7a69
b5d56715fd0304513b119e2344f4d583
4c7e87922bd5ec5e4eaa8088e930cd3e
81319d81cf39f55a8f648e7460c2da9e
f7bcb712945ae59e39f2fd5bae4e2a13
e40c1c56e336595f9f9e8ed6dfa1132b
15c854bac06cb88d3ac29890af1c2152
3f6d5607db0b6c1c20c433bd7da32f40
ba1e896f22ddcc7c2792c808de4c7170
382161facefa0bc24f2a3ac8aadf9b61
a3819dbc3c6f79b04dedf5f18338c20b
7f11550549b7915b7e60cd5db46d0c48
af20568edddc3d8d98fcc5ec023e5382
fde8263933a2304fb66a240328e24566
336e1e9bdbbb6a323c74a63249df8a67
8594756e823446caf5a265fe19050b72
9094fdc9eed78eb21a898da8d5bc995b
866451f37169a8f98b66a08455404adb
6a3a5f11034f2cfd9f631be5df50609c
8675d90b5f4b83ba840d9ce771150e70
b00536780478996c59cd3b762d71cf5d
a1c3349176fbce7c993d0b9c4ed2bba6
31052e3b61f48a16adefa883f7d07e78
8937fabc277329e419a6659ef355fbeb
e6f6d69c1442f597072f3f182574b7cf
04a8b51432b48c05994db25827f5c352
87ea5c5f0aabcc41d8471c8e662faae6
918a1d6071cc7e10266dda9370bdd46f
61c5cc03a71c7890ff01c9fe7533e414
2e8ece1460235404ecd354ce62eea78a
9cb9abb493ceb2b134c46ded9c0eb178
48857304a235b3e7a8b64d63ecc80827
fc82898cc712333d5ea4f5891c2fb820
42a0c88c97f18e80b45d1cd1b236bbf0
7b7aff18ff53b52ad59958352427ead8
d5b4e361c685c990e6e9f175509852cf
6037b6b87408a94585a59e522a9cb074
17dcdfc39895253e13cc9b6b1cab3bd4
a35fde5509ac5a68e54da4588869bd76
8a5fce04b8fe94659cd3e9a644ead6e5
4ccd62438a70effb95ea1d7db1e3a219
b9643345c13c78dfc0d08e1467844ebb
65e9dd4db1943023628ff07d7f78ef0e
abd67bc48966ce1bf74c4c048505a719
cb616181a332a7eb73f49d8f98506ae6
08b8c587153e5a1a51f488522ee384a7
5834a900b78a7170d46de6db91242ef3
8a6d9d3b1ac883d69db083413fc6adb9
0f3817edae0746fe10365184101837a5
816b052a888c58919d44c0e66de62be1
f705485e6aee3a84ecf260aeb37d095c
d359b43ec3da200fcde81f021ec966f9
4ec9e92cfd4c940647215591ed2ab1b3
c36255f8f57f5b07479c7946c74032a8
177e3a95702a9c45c0ea5b505b2a114b
cfc3b43406488422602e7935c8736424
2b5b75b64cf30d693f9ccc8111017fc8
41caf0dca77f7676ed302088e2d6e757
1a9d099036c6eb8424da913a82800b50
50923199c610dea75a3976d99a297dd5
96dfee68e59087ffe25c3c75aeb42460
beccaadc67d92ea79e9429a183b717c7
866e132b7715e0b63d78115c0f00ccdb
f759bda42c8094a7cdc4b1d8f584fd48
ef93e5aac41e6326f054e04742165442
d72cae6177e528a06808a42b492077c0
d674f28a026c39b3c7d37768aba4b3d4
9a2e8c992ef4dfbf6609c80d3a36714f
0b0987b50889ed1abe4fecb116bc4e4f
4aed39a2aa6dda744629e775ab63146d
416b95677a7ae728184adc0a9cc54133
dd0415aadc8436cfc498e1e284cff0c5
19ce9f1edc62f8ebb0ab265099a1e25a
a23551b4556dec7a385cb930a1024df7
3401edb294f59e395961cee2b0d87f5e
ce394f85ede8c2cc03ecfe6afd39684e
b1cd12c3161d827172d2315bf37e126f
2eb890bdd17b5d8a8eac05daf0b1a073
1f71bca86dd995c4176d95d68ae6cae3
2925d42bc43416de26ecf8d2e77c5c29
2a3caa56ad2f9d396b26ea64202b4f50
0918b4f828e1e5929efc4a9b774533c1
588f52b0f446c9ed6054a6679c5dc6be
e165c8eda863ddfa0dfd00299ba443bd
22e1eb38dfae1f7330473ee7706d8601
cc44ffe79576fa03e1320ef948a64ad1
eeb83d37a8e3dc5f7b95fbc8e67c9735
43f4423622a1b501edea3065c96ab9a5
94c0673d9d008531520a487650275698
4ddefcd989a9050db27c591d1f064d63
53d919e7031c381f4582076f920c3b12
19ed5efa506124da3e1822cfd6d9b907
1083cb1819f9e8ee829eb4f62b753d1f
e742bbc1637252b7755adfca8e6e5890
0b52babafc70db2d090a90587fe891c2
a6dfc7367fa831452f53c0e1dbd828fe
e59dd72731fe481118de1bda88f62d6f
b7251cf7958811568ee289b3e3ca050f
9b915282ee5b7bca6dc72ff726a45883
4f9ced04e01a473a3c9ef4949b7f71cc
b748b44d88458b79faf5d40b1f45ce9e
9a428eb3011b1c6a24e6fc7cfe8af0a5
786b31fe269519f518aa24e6841afdcc
83dc23a5cb70c0a6117ea744d5dd845d
cde3693ef036eadd782db2500d54f29a
076cf8e7c768002892ce19cbe9be1d68
00d88a77db6a1c8eac9f24530037753d
c440224b99f97a94c4eac142cd9c2b8f
acee44eea1f4504c2e8327bbcb058ff4
6902bb1e0caacb95d79e2a9a7e206bf8
c11948c2999a7b6ec13e4e845da18c5d
14c0aeaf5a1fd8e480e14fb01fd8788c
d34ca710e41eb2ede767cc6e68984935
23839bd83ce7fc6a1435a2143f45da8e
04d9c4b8b1de6987c5d1fd927b5ffed5
6cd637819219ffd8850b6bae78aa84eb
2e1d21fee7e9efb2b029fb10baa5d9ee
579bd98d4b7aa90ca197b91456ea329b
ea05086bf55209d48c23b3f91c258b6a
ee204fabfb57feec269c0c5dd7b3fc8c
da18d513a1a5067ff5e5de311be2292f
e0aff855b38b9804dfd201d9aa454ed2
805552063a139ff551eab5987e18ac85
78624fe9fb8b2095730285f8e44a027b
616d41e74e91e117e91dc21290c96bd9
6b414e7e4ee4d3e1134ee237945e4111
b1259ae4c432e395769b269cebff4717
0bf58b02e3b01d155b328a4c18408600
becd202428ba08053f6d81d9bc476764
2a083b6fce0879b07ec50d658a75b20a
eeb1e3da8b0e3962e40f4800e87d505f
b5beeb775e0472845aacfb3d220d7e2d
6964022bd5eba7e8142f1636381aa44e
a722de7d387e06c01cdab13526779558
5ca849f05e7b04cf82131bc159c9cd11
7a30920e441853f3c4c4af91a87aaf1a
d46049122a510cd55072ca2ca9eab760
8f793c9363f56427f2c3e1037315f42f
3e0fabb6dcef1aeeaea5b948c67ee80e
1a86aede1452124a761b7200b7d4ebf1
6f44371052a16e26285eab6c44ae5a22
fd2ea44356b12cb215e79c4246a88682
6fc823803bd55c6a74ee28ef811cf41e
4c3d67d4e0bbce7d7cc0bf55208c7f79
8ead5810fdcf0e89105b8b6c24d780c1
0d0548fbede1b788f8e70884f77e1140
b87d6e3ab36f87614a7ea5cfa880772a
47aaf043d64a9a3ee403572dc7b555fc
53e7027364245a19161743b60a499225
c9f550dabd45c8a94e3f476a202290df
8ca76d59ac734ba938c94a3346c36132
a520e01b72747ccbf1a65d03e32ad503
a4cdfb61b5726fca66e445f9ce542941
69b40a74d0f48d091c86b8dcd9cc9388
49aa383640c898f8d6b91551698edd2c
608951046a06e9d0de1df5005e905d1b
569b512661320f7f2722b8e1dc779139
83e855a41c87361539590af3cb0145eb
eefe277ad69fd124a586e50cf046a718
6e2f03fd19e5dcb01ceaa02005d24dfd
a2bc20e59fbe3086b226046af89c011a
a443af328ef2a7c351bdf9b0bd6c9911
de9d60a1af186c9f3b2707f36944815e
b80c22e585cbde59b121c9452b9c7264
25f2d2856c950f1d91e4c72a8ca841dc
e7f8a42801f920656de608c0ef24c058
f5100bf904ad9c09b741eed83716d347
7b8a5079310de877e596cc54d86daa57
6a6b53790a96c53fe293e277d2327733
e2f798a38161090972e71980aa5c83a9
6156aa070e30331138edc96731d74e31
aee9f9e0ca2dd8f1f8d75c32dcac1703
f3f1244f19543de03c23a724983d4f14
12d6170dd7b6dae649d182b659e78636
303d2ab796065ee2f9968bf77e9971ec
7f62067b5a590238c9702dabb765cc64
26bf40b0e560695af21c8031c2348fc9
61900b9298dea2f9c6203af4a409f12d
a91d570f4ca6e9ad4e56d76d8f53f798
633bf97a04605211d3411ccad779d111
d809d7dadc3a5a796c6009481a1edd07
1042a9a211aab45fe08e0fe365583ec7
22589d7773f363f67632b6853c61812f
d308f64eca97a51e4047e447fab736fe
efc39ebd202e96f9ee73edf2d8a8828f
64572a8d596bda72ffa27f9a4d8cc6b4
1938debc0a57be293fb553e6e1f519b8
534d164c350357b92567802f1268cdb5
6feb2511a551cd20c8aefbe3bf82f202
fed92db0686251d54bf4824d06f798e5
da9b91ffde0535a0790065deb384eac6
536bb98cac65ad169ff8dfa1e8e019d6
aaa4cd3343ecd951a1266d43a23f41c4
f21880fb16acae684bb59417ad89aba1
206c10d24eeee329268f3ad76bda25f1
b1931166a1c1afa047c531268cb72870
8d09dc92acadd99b3c42a89b203176a1
a6147db9752a6d6ecde25b06e207980f
0d20c3b8248cce61e0e8c675a6116646
6b5b8490b6c6ddb2c6813c8f0ae1c604
88e815df95199652baa9c9d6c04d575b
f29711ad0517b625e8ddbbf1f1ede190
c24e7449b407a751d67b081eee4747c2
6202d9b85bc7121a3124a5541096eac3
0c380bf3880ec9e79a1b8d7cbe7f8aed
4efb5dfb2b887f7e3a55859a5326a961
7ff26d9aab8499252e96185448c1d99c
f54d659340b27e740dc9e5bd26a8a3f8
00000019000011620000add87fffffff
0000001a00000cd60000806080000000
00000014000019850000ff3100013e39
0000001b0000a97a0000a97afffec984
0000001a0000e1aa0000e1aa00004966
0000001a000011610000adcdffffe717
0000001a00000d0900008257fffed080
0000001b000018930000f5c1ffff2045
0000001b000014140000c8c6ffff42f3
0000001b00000f8000009afb0000dec2
0000001c0000eb740000eb74ffff09e8
0000001b000016d50000e452ffffbf63
0000001a000016500000df1effffbcee
0000001b000014650000cbf2000030f7
0000001b000018eb0000f9320001009a
0000001a00000deb00008b30000004ef
0000001a0000a0790000a079ffff638c
0000001c000014270000c98800002564
0000001b0000e60c0000e60cfffed5d7
0000001a0000171e0000e72cffff3ed6
0000001c000019430000fc9bfffeeb5d
0000001a00000fce00009e0800002b08
0000001a0000d9820000d982fffef009
0000001a0000de4b0000de4bffff4c5a
0000001b0000e9680000e96800014c07
0000001a000013100000bea400013dab
0000001a0000efd90000efd9fffeac3c
0000001a0000188f0000f595000037cf
0000001a00009a5600009a56ffff1a9d
0000001a00000dfd00008bdeffff9724
0000001c0000df010000df0100003aa0
0000001a0000e1e00000e1e000000450
89057007ddef316f6aa0c582222886b7
2fb57b9b6da8da53e1a2f0ac5f3e0d2a
0105539863e6b343f2aa0d64c7e97034
2b0977a8fdd79dc60e2aa49f118cfaea
ceb692af0850de5adfd011be7073581a
6d6b5f0d80f3250f1b85ba498e5640fe
e4c76f7651d3dc5306f2ae12d30b8c0e
3cfd8c29d351e67cbf0c1b89e3cfe943
59baa543012d687d93281ea2b459debf
6b19b8a60302aa1f8a71faf84e1cb4e1
2dab13f6f3186785fbffbd1b5b4c30ba
1145713b697e346ae6c6ffa3b58093ed
4f717d16ed5800bc190b9fab219f9a13
cd6c253b97742ccc21c73068d9ac33ea
520397d2a9b1f5f90768626bdb29c166
4dce2b91075e735fe65b0e24dba3e110
97e9f2060807f564600bd55ce8971770
f467949f7558ba98b17abc9c3bb41efe
8bad1a635041f42fa34191ce1f3d553a
94df5fa87d46579d6e7148fc612d45ad
3fc4ea13f7abc6e6efa9f454559c9121
a886c2d9aa4628168a200ec36b0e712a
22200abf7fb2d35b3bcbb9511f7458be
3d941ced09471becfb76297dd77bf551
7ffa8e1ccb4c4fb7aa0853fa7a6323e1
de910e2cb25dedfeb06eafe57443df37
c3a49ee42d3f9a865026193daf938d67
5133a9caee1058fd175678e4ae775fd8
abd1ba8ff61269a6cb06b5e42ba39e85
c0d9a1be0529c27a12d10a287c36ffd6
eedab7c4ece95ff830255211403aee52
f9e7dc807bf93504a1365cff474a150f
8cd14b6fba07ec7c248297883dc7a710
8f0a1c34f88528980637750ef6133b0a
5d72388080d53e63c226d37c87b4b16f
887ec349edd6630bd1b2c6dc625ba2f9
347cf830582af32313d0fa9ba84ddda1
ce85b142e3cb8b59769d97cd503a7fa7
530318eeb4a934acd075e7d5cf8a8215
747a05a5c60ef7c5309431b1223f8878
a425d4a8f158cd3f90ec068e2f6b06fc
7e08215d57fdb55c042f0e59b4e21b60
6abe989cf6888f0c6051190454536fb9
2540207b075822ed26d1bc42edd8c828
8f91c40fc12499ccd13d6ee7e7f42948
3968e25adc22d7ef99fcd2b89d75524d
06592ab1777582c5490c1314fce2b907
e5778332a9dc2478ec847b14a1b8704d
d04cfd870cfe83b368b2b8f3258a4b55
fa67ec36d75612b5895f75ea3157b9a1
5d263944d66805fad8b1b8187ca4cfdf
5cb53e38b76c26e235a1d936acd50a55
865ac61badc9ff596d5b6b2a5af4df4e
adf01c49f1ed800ebd61dc99c3cdbbf6
6da48244305c3851000660b853dced10
e66d7110ca262ac5624864a574ae6f89
e341f89e4b33aa81c8528e19ae4e5afe
86d46af38c335cd8e4ab64eb4c78cdbe
ab738572a23023a6bc6874666cf08a13
56c90fd71cd09ddf1353873630203ece
8946ee1d07df0c9be6ff6b99f4d19e1c
76d45d34d66f07ae20fd557f438c6ece
dd75d20f50304549f8778b2d65297f2f
8baf926f7d17085bccec70f78f3ddc22
eb1f815a4f4308bb3bbf260482f5e488
cc5b1953b1f0253d10e8a0b93ea5dfcf
340091880d71badaceb9ed525675d788
f75be8f330b119e513c668fa9d4182d1
6098799f872d07e0673e7c2ba040ae0a
1b3ec99aad256b2fded4966520b86082
c55f3700e8038f15bbad585298ceadcd
6a8595cfcd2cc344287665773006d6ae
7aeab9d71af798e2bb0ca7ad051ee6ce
3ec0a84d5084f3bcb3715db042a73c0b
05920185b519c6192acf178b1be41d4c
407b5df47587ebcd1c4a93428866a885
9c7362de01d8c8c1c48aecde53588623
190c7c054b9539a8c2dd2f980ccc7d05
3151ec0ac6b609da018203919f586f3b
7e075c06e0b4c7a1f066c7d440285014
7ccbf5aacdf5c9cc3cafde7ab9e84a51
b78c70ad721b154d9e6e446e8dfd6aab
689a02ea54a9b979e7eac93a3569b0ba
6a0a92a1553880b2d21d8f66280ca92e
14bf24fb4e0ea3730e128f177501a8ab
acb0f8f4a61a85c0d25ec2eebb770cad
f6f53ade1ec5bbcd0e4ffb07aa244f05
9cfe3f6a02f2d57dd8ab8b12fbb5edb2
5fadf858fbe266f172c3a10d33aca033
3d024035ca29665e326371308af21813
0716a489065a715841301bdce5aaf03c
2e6e7a705d002358d248e3d629aa7231
ef7fedc5dd55f68e41d45372d583a480
c013f0cdfd035989cfa54b393adc5c08
a46b061dc325f772f388565a49123c58
4a2e60c0c176ad8f657fa91d873555a1
ef552d7265d3e0be25cc04092cd74999
37361e7f82c67defbe78fdf3fa11b8e5
352fe5abe3bedbe3227dac6d55799f52
b17fa163706c6e81bab959114a8f91ef
96c4f24465e2a656e0f82ee7efdf0c86
02eec1571a7889d064af69e793528b68
05f5e50ddb6e58735846147ec7b78ddc
eee9848086b72865014566689a4116ad
f5d61a41261b119d271500c8f494c035
d2f974dfbd2942fe96e7a3070f1e47ff
43a73ed8b8f6d270239fb59808ae6924
de36109936a6f69b7eff22b6d3ae2224
dafd29d4573beccfc913cf072450813c
1e7ba0d8163abd0a08720ff4fe8d0509
3cb04729c0cf1b02572f8b3cd2903bb9
0aa5ce8ea35cad4d2c115ac6f35b3ef9
ec5d8f39c6101ddb417d6878b80bc62a
531d305b8e259626811f6a0d2670e130
92c760d14d05c24f4cb8be8b93ecd62e
78cfeef6751f042a5a52cf51e8450a4d
eff3d24efee26f2c5a7500c230683dff
6f4f0336c0445600089ceb25a9d8e39c
238c829c30abae25a6f79ed5f14518bf
53fd69844feec7c5994cdee98a8bcdcd
d8e323aa64736f204e9182563f3b7427
2ed205c240c9c4681f40a584ff7bbb18
12c2020ab0a4de1d6572d097b3cbbed7
5961ff05d94851b7afa75d9076ae92c6
4b3060fda5278e34c8a2f338e115e50b
08ba9676c07edf5051ca46070f88f0d8
e0b630665407da2a2c6a4384c9b861bc
c4d7bbca8c377d6cc66cf357a1c20d5c
df4ecda44873d3213469a3d21336d158
37b26cbca4761d20f36b438ce2abdc47
65e382d03ab5386118d0fbcaf6347819
d1565d4f06f69fef902d60beb8129eee
9ad92dc8413006398dc6dff44f4707db
df3c87333228ab5ceebc09a4373543a8
5d638931e5399a63341a8a1b522761ce
3200267d908d3ab9974cb6d42d0b11ec
07ffc25cd79aa565a0bf168ae152d4bf
50d44e864434efa2efa3d1bae9efd454
66636f7a383a9c54a0804403938b0f77
bf5b3fdffbec789f483dc411ca7aff94
406d707bf9d12067c6efe834713e00cf
0a2d85d392b44f988b203f7e0c53f067
c20bb91508dd234415d9e67e91449183
cce882cca0c8759473194399c501ff91
7292c9a93d99c87552126e5715005d4b
5fa21181be76c7c1f24342720a0cfa1a
5d892442cd35e6404a780628649bab1d
82a347a464f85f1884614a37a243c2a9
b84550f0c5c78d562fb3ee7c6897524a
c3c517522b6dd119aeaf9174b338747e
49730e85f50dd323b0d959cea1c597ed
fb38e70d5a0ee51bcb92d708f5137205
452c807fa8da21c3717e7b4d4d1515db
3b391e1f5df7ecd9ee4b73742d916269
a1e5ecc7bd6d0a475f65b99ed548266b
878f8c20d432b724fcd66dcea64cd33f
15b91318c3c31bcf7ce4c623d79182ce
aa2f1400ba3f33ad1cc18e2cef5f4b2f
9614c98deb82c3300e7f5f8e202dee36
b1a984ef6beca6ccd2b581b83d2f9f60
063fd65a4c0e9e6ab2c45b6b1fd92f18
dbfe25d58694b4155a90344465800613
b922d43f83a260348de3cc63fbdad6ef
e7a649f0c1230ad4391ad5fce509216f
5efd578f28ef62f155bcd9f2b36b7546
165cacbbe1b8a9511a8b396a153b6cf9
4f5848ee9b7f3adb42fdaa1b2c36554b
a7b7cecd30fd89c51e03a904437f7639
6a317382711484a715e5b0d60d2730c6
7f70d8e0f94c16f3a0fb2f01da2773e0
f151d65c320811819b14bd213b30b476
3373be8129803f2a7736d5b210e9fd3c
1144381617385860fdba3695f59786ec
7b4c441499fa1b20d03533c8529ac945
7fa10402de0a4c5feee28caad25c995b
4d00e152fcb87118a2355cc3e6067e38
1481b7372fb9fd7c1452e1c27c0cc524
3f594f173723732dbe3ca4a01867158f
0e1f0acf9d01d79b60a195baf249a055
b23605fcc5843239e7d1dd6e46928b93
02d4fa5c2bd653b606d290d4c5cbf8f2
8bfde083ae5a9aff56fb8ef4c58e71f7
2af51b5aa23aa056bfcf49117b96aa01
1ee8a0edbc2997e005378626299e6fd4
3308c26fdac4e1e06a1b4522cf5915ec
135aba63468ac2e9757746ff5bbe9f31
f20f4eea742e144420c7f7cc9ae053f0
4fcc5cb780609753bff23934ac0ffd39
e6c5493d465a4f8a7a0b51ea1999b90d
eab88bd2ba7e39ffdfb9b8362b34b8a6
8d292c5c09639e3fd441f793262cb2e7
f271bab81422f04363daa8f1942cd9e1
61a26d8f81093c5471dfed0c98ac2a82
760ee8b48e955f550a0ceda9ed74456f
3da8b5baa7bccb52af946e279cf480ff
2f82f77203315b6fe2719023b06474ad
645343c1ec21e604e168533a58c6ae23
6c89d202138b92fc1a2e1c8b0528d7eb
fbca81b7a654a167b2e3ef5ba24a204d
1ca0993dda4871601635a217fad73b40
054419169f84ca59e5015aec2b4d4123
1ecb1e5738b262836675263ac0a1785c
0db85d60c0f8b2d1836507e2f8850911
d7062d2bbcee1d0666e46ffbe376a379
18f97fc885809f9bcffdb3a25b76a445
e60e5d8cc053d4c9111fdb8260dd2b33
fc1cb3d8cc65c17fd8495c3093f42da7
ad55079845195e9964919cb18cb9e6cf
09670328177bf97aafce9df6b46c603b
b51f39685b8f94d63a5e19c0bd26572a
f05e4d37d49894e36bef758fddbe1537
40117dfe784b41e832b396fbb322fb2a
ae57bed7ff31c4d52084210e44555141
98ffac2de2f8366584ae52d60ab83cd8
736eb99b025402c91d0ce52fa86c91d3
66b248e25cb32c253bb3c6bd8b51b67c
f9c34833c2af9fbd96d801dd50f7210f
babdfe9a768e56f6b1f7e8f7db0c0385
331c55e7bf6f18118a5937a40720b4c2
30178ce08eb8bcf2304356a1ca34fe8d
50ae471bf128147b804f551a975e746a
da1d540b5c2359cdc48fbd8f87857431
b003652a7cead967594ed57088c4d3cc
6bc43f63a65aa816325ca9b59c811fdd
144b654a643c9e7847b4f5a2cdbc4be1
f5912a4d939fc5dd08e6979049a92d98
dbd2bce65a1b8ceba1ca32047e7e6d2e
d8bdbd54628412c0c14f02f0b790ef8b
0bbb64e79795de57add137a7b0655d1a
3016693afeb56317f0832ccf8d9d4fe9
ecd719eb59a476714aa7c7657dd4da1a
3b8e074a934d3f9c0ee0addf40edb946
9275e313fe0e2062c406aa37ae19d645
b71c971aa66e446ff0f15886c94f9854
5722e77e4b1a465bb4f97b8f45df79f5
e0bf620ffec2325dbe9e83937223e2b5
2d68ce30a076ac642d1d9c96adb91bba
b5bd8ea23b7423d104e55fd0a6f37088
43d370155a78f1400105626651c2812e
e0e88ae07cba49dba09d2acb6441f47e
0a794aeb8bcca9417dfc1a89d8e23bd2
c4670711ad609d608d340f8a6086fa16
ea579d42888b968fb9d1f177e0487778
5b094cc44d3ca8d880fdcbda442294e1
769b59eb50024ca2cecfed621f34c4e3
e5ab9ac869d773c16fcc65af0abb9af7
d83a10488669f77448b9e524b13f68ba
311713ddbb1fb748c0de021c49a4597b
6f2e4a72ea9dba3352205f7a08157c81
6e82769c1d7435091e051d4a1d7d40fb
30473e9670a6e363389015198436cc0d
fb59ca1836e7966919056e7cbca1c512
84eacfc29a0cfdb39567fd2c87271923
d2a0431067e45b7e3d9c35796b3b081f
e97f63b175826ecf1e49fd4792754005
edf0a2ac68f7c6473dec9c46f6e0a304
94dc6e5e44b21fbbbdaf3e233ab44778
84245c76b96aca1932f3d3a8909f45a2
de6d1beced9043fa2bdeef02d4827905
7ff3ab240e45784dd1fed0d3bed9d943
d3c6d5f2cfe32abd5991e140d85dc999
74e50830f9851d6324d653f3f238d75a
6c76c2f8a73b87be871845ebd37caf80
db4adc3790b82ea5ff868464109dfe11
c9241dba4b62bb014967ffe7d1c2f2c2
f9babdbe44b426b43c1a492e655439e9
b44e415dc12ea7274901e014fa561fa2
e41093f295fa119a657e06081da4d86d
c7b736d75008b66296d578cc75ec058c
29b521f70c7a45753964924ea4822783
829c51a48c9636da55abdab6a6b63f0b
573d478f931c52ef5779acdea5c0f1ba
ec4fea15b2a03645a5bcd5a01925baee
79dcaf16a1eb4982d1f055d13b773f50
5937d10165ee04fb99399a7a282ec870
ad984e149906dae650827576844d9279
7733ddba136ea8b95620eaeaee20e95f
12d10ce57a74ce706ef60f7b85147fe3
8c9c94419c25a5985117c9821d6ec190
0110a09ef93a98fb37918b1e1346feca
1491b99dcf168e42f2e5d5a8d46d872c
05521c9b8220ed9911e58504273c9e07
b3fcbc17e3cc9d60463e066ab6346cba
df3b9861c31e963896e13758a651ccf3
7bbb4d698c9f5cf390625b09573faf93
471d4e1edf782cf10c8511dbfa187015
ebe7f42cd10acfba285868c6988ded5c
9bf7b7b387fe80256ae233b7ee59d70e
aef28ae44f2a27732afb0c7823c12901
d6606acdbb2bc5236b7169c278336a07
8bbff5846679dad182a80f6b075287a1
0169924ff757b58b0556a98aa0f9e751
f00dbb295b9437cd38f20210232e872c
70bbf6b39c98efe7763492133a36ebd9
1373e4dd48bf27d7c1d2baffc8c606d5
625677a8f032df4d2c3521ed7b4afb62
386901c80454ecef8de0b923f8bdcdee
2f44d50cfcc61e72060f8f73edb0b754
2a4f2dfb3866396c0bf824dedba559b5
0e8e50bdfe006006234f50016820ee6b
f50cde88c5dfe68618643fd650694f80
ac87c2d8b3f2ce58fe4a852ef7544bab
af83000fe0328e629392722acb8d03bb
0b210863455e856d2a2545dcfa4a558a
c867ae7456d73775265bc466a50015f0
3bd4211e38fdae9a5906b59ed2027fe1
0a7d7af79dd9fc5505200364ea7f11a0
3ea416261b85aad890ec121b0af41a23
400cd33fa32a13aa2b24d4194fad26e0
60d4f8547fda5a83bed82e3a7b1f2fea
af2c4930e7c2aae7d4704f94401e2730
cb9184c179590c47020e0f0747b5d13d
c2710bc2244f295ca6564ec562c421bb
05751a1a9bb6a4619babf1149ae8084b
06253473bc0c31de68b015d4c5459296
4036eccd92555e735ced7ffd76b0c5e8
b9ac753b3faff88fc670ffd0544af12c
c2d226a274c8de456c7b1a4704936bad
2a0c06f5429898bcc055370bbdfdf9f1
d1581b85df62e2b8d4d72689d79ab82f
4e72f3015fdf88f6e041ca99a066ffa6
382c3cb74b9b405772ccd807eaef900e
7b74f4708aa513432c36c90234a80bb3
2014fbf4bcf40527e2dc66e924635827
b45e1e030cd643f8054ed82fef82e811
a2d53aafc0eaac7d26d7837ee91f9df6
946fe99ac2a7fa0ca1ccd0dcddad3914
4bb8204b437e7d9eac7b96f3522ad392
d5ce4bdb2c6f600a14cb6f09ba6a4a4e
c408b411a2311926807890cb3cfc589b
877a2ffe329f9676e1d8c325f5f8e493
1dd827ce87fe899106c9f9385592eb1a
937734d366fde88f245672f519098783
414e5466c059b18cdb19e7b3af2bc4b2
590e945d1b0f1769fb70a856859052db
92587c886cf420576d87dd549395fcbc
48909e8b5e5aeaaf47277dcbc5a34b5d
35ed0da147f6994bc926e97e1102862c
f7be68e8d6f6dde47ed0fedadddc453b
88607c935efe0ce641ce9cc6b80fc4dc
3ff91b9ab3a376036dad047067a96543
6d68a1824282703f86d5df52ce4f4b6f
8d988c95a38639a1d3c53913eb538234
75040eb1720c836a3ab3c797a26bb22d
895b58930789c6b87af17a6e0656fecc
741568ac70c19fb1c618668515601422
7f0c285b68dd23fed8c58cecbffa48b2
79a1d7f727e2725db0ad356aa1845dae
2283a61909ed09fe6af4ac2814cae610
1b5fedd1653f70cc6c38d1d1dce99f20
ddb48a02cd88500ff58397020fc25d4f
3e52a61b20b084c5161564bdb81ff6c5
5a8408bfb5f63419aa89f9da9e02ef01
a7a4905bd6b02766a1f6ef3d6bfcc089
c0f20858a62b7593659c919994cc39a4
bb654569fb2de8d642bae639e9f84cf9
90539f4b42ba61a61a009e16471aeff8
4f5c247c36fb23cb943680625e6de54b
a325b8fb1fec2fadf8030c6623830446
184cc1367a46daaf88f8571a23d85670
3ca63188689e1a74e5ecdb4d90a6b2a0
ce4a93dcaa8dd8f0940e8173f66584b9
ed45c7f467fe65c430c15bd4dec33c7d
13939219fd4c99755a61edf1ba3680c9
7a89ef6640baa5c4d896222df09e049d
54c3dc70e78de256a3a4e44b933dc492
f69b093b066f45616129f09725be7627
4d9f5c6b4cc88d0a8e6563b88c6883a4
992acb49e860889426837a6857ed97f5
69da101b4243f7adc85d7721dea1a1ad
7c84246c4a468b8b858f19e4dfc815b9
a331b8452895ec50af787fbe765d7f2c
287b3ad70b3a715dad12628f15d50385
0ba9bdc48455e943871ae484b81a1d0f
261ec30196a544ab553ed6905fcc6695
e099e0fbff0878ae932e6e82c0d17c92
3b249eb1ab9e8ac6e6bff78b29a81592
df8cb65ddccde4f7e1194237f0fcf58b
a937d0e0eea68004636a638213969949
03b8924dc66e1f20a5300d6aeed3fac7
e8c488253ce27005b3161d34e3a2fd2a
8d8e98f63bfb18f3ebf3ee89aca56072
9712e401db2a14ed36a5560acab57d3d
f148d18eadea8370fefc9fae4ed8acb3
067217bfde502f99c137265c4e5024e7
67ab87faaf3dc7e3bfb2c3d124c98a02
5d3031bd66fa8fc3125d718994e48911
b11b0070f3014b904e6a80f527803019
0f5aa554250d35c589b6a0226c375ec8
d0f15425d106d96be893dfce2f1af92c
10f6a519a60887f0e965753e8c14cfba
72025a7c045cab627daa9850cdbda9e8
d655afad99f7e900f0602b3f209f2fb3
753513450d906e87d7fac5faa0b1d75b
dc9f4159523bfcc64a66c5a87cfd9aed
cbf993624139f3b5f759d08ad6fa28b4
73d13ae7e19a1122cfa1e8d074e7b8e7
ea22cf6a982703bfa1cfd5830777545d
8df9ce90bd8b0ae004cdf5fcadf7194e
466280cdf392c2b7b167547e0f5d2e0f
78fea6a2c1175e3627bf22e7a1723d46
bcabe63d17498967fc297ac985afef8a
047082499594dc7e2a1074d0d6bcfc52
5bb469b5711f745301d375966449de19
7777b39cf20e81b0cf762a4a3ef67a08
ca1733544058096e0ae4fa4e45223dfb
1c4c023d8dd1b5c3804597b6b01e4f03
c2ed6574027363eec694d5d09adbd519
d3609857d0ba1eb5bcb0901f25471fbf
2f7f240e79f04e648c9670066ad6c9ce
cc99a064442c7ff81920c7ca658a19fe
1541fdc9d54b8990e543dda21a22fe65
06b86b95b2c10f585b614fcaca36ac84
6539d1b17c00147bc2cc43e4e3aed55a
5511ef766d05be48fbee9f348ff8be7c
f5690d2ec5c153038ee7a0c4f9c77357
2e2a291021e5198916023ff826598f80
410b65721583e7d03f81e89adfc1fabe
7e59d271b086295ed8f05f47dab1d6af
70be5c5e77784f28130bcdb5ff0059d1
c0a7c28d4946e0a3e5215cb4fc7af725
40fbb4cfb20765c55194dfd7603fc2a6
bfcc98adc040761f4689398be40c8e4c
b30f76fbc45a119be7b1ffbc64e45c51
a6de12e373ce391a6fcc503538d0228e
ee6258c9442c4e6620c508d6dd281cfe
225c7d7b8a54e2faca39f9a95e23b953
5b2c344f1f262ba0afc9c068be74b0d6
859da67c5b11c61837f29713e3bcde35
19a35addba3837284c04a51fee5107ed
2db69a6840a6d6102205c8f777d0d8bb
01bf15b9b1c03340d2df338ecbf14c7b
1f56955f8ad9898f67a822e61246dd22
bcc1dc16ef38b4156be8369108d03638
c7e3a011b32e94ecc84e1d7faff4c707
df96f08b91cbdd5a343d27d036b62bf7
0c33c492c375fd6f62dd9cc6bb8fa221
28590d0998632d989f9af20c346b0a5f
83e80582111ea6afbe55f07c17a7bfd8
cb872c5f137bfb46f2ac9aad0d2111ca
8acf151f28abcd605987fc6735b50e40
72e6b45dcbcaa818528cfa8e8257b42e
f8f5e0499fa0d3e75d99e709a2fab387
0256e3934ca637d96b2054a23b0f53b9
2f4f23b4aa9195e7151d07a44f9a788e
b192feeacacd5917d9a1df924ecba204
df1ec7a08e9b44c2498384246bd8f69f
dad5cd091c46814e2e821d903b921352
604d79f93c2afded6bc82a853d1666f1
64f6a6c917272dbd20c742d48bc8c841
da1ff7adbfa9b49dca46c8f8e811eddf
fef9f093f537ff5a811c7e0d985a96c4
0909f7d4b27ced6f0baa1c35a57775b0
f191eaa109b2506bed775e1dc1c5734b
9c8f6d62786341ef645a94104d859dc7
cbd20a7ba0f91ed9c3848a7ac959278f
53eaf4bc609fb127e6297a99232d2422
e152cce9b1f113c198c717756d280e0a
60a7bfeb6c82cc1b46eb59509a70a329
300ab4a66662ae9f6eb3574df6a5d272
4bf90e7926bb989a29a7a0a21ed98e18
34d33f04ee6526004970fca021423229
8cebdee75de7127e6b187611b98d6adf
79737da8b3d743845b62dd23f459a362
a9b3258a8214e847a836af4bde2f69e5
6ea533b8385e707b9af192d577af65dd
5a5b1ec57f2a1286cbbde2162de6e3a3
e7e8b55bb23f821f6915bc97ce938acf
97c5e6dc2040c254e85b27e90e238b78
96455d07781f42d2df1094ddd0e57645
fda4612936823fa63bd14529e69e063f
fa525f5432317af284212629ef4f4c69
7486d6c571c283523bb5897afad7483b
9dff930764ec6948f4b4cdf983794beb
b75c44caf2b0bf24ede78947d6a49173
c1c4c28e48d2b87d94fd11e73b5be474
4ecea584565eca3d4ab9207e8a912467
cf033b2fdfcfd154ee5a588829438fa5
102b3e5024c8b24a59468361b63883fe
32cd4c7b29a31046ce1606771cef17b9
4f4c3ca1000ab3a660595a66ed9be36e
83651b69faa33b87b09f560f6ede577a
61f1049348066069c8d0d2fa3aba94e5
b00cde87f7fb05e574b9df9b908e94a0
2bf14cc2f1064924c47c6de13f04cd78
059ba0abfa04d83b02c9c3b4b151bf56
02c65b9e6ce67ef6860628da66c3e1c1
3fcc1903a4764f75dcd04d736d850656
98fec370c500d2bde595de87d04389c5
1ddd9a5303bb0a1c9479da7cbf568f33
462fa85a1896cbd47cea9161a2250169
4b8d6a9aa11a35d8035742779323491f
67fdc48ea09a778db00e23a37a114e48
2e425343102b6278e3e83d9b3d710e70
ecddddbbe7989e46d6d165ecd539bdd0
84b6eadf276572d21a7a8a2262341e67
94099d699b641ebecae087b19ea85e6b
883fec87e0684739015cf0661c1f0765
69f95db371d3dfd0a703abfd679fa230
fdc3dc804cee006d4b636922baef1f55
38540f59b5cf8a99109ef0d961ec4354
f44ad44dbdaafe0f278c639837c5cc77
b29d98e03573fb18b6c6a6153f69212d
9b1a395e4485e86275ee2adadb9c5c30
1884075a19e7d462d216c313bed69b1e
8dde1a03d800375a49eec97b87e53e1f
b2873f448b8c41f85f94c9811803bc30
d961956052360565c7037cd9579785fb
741dbbc03b6a4ae7656fffe45bdc6e70
8105a6820b0e88b42248edc9ae61d4cf
c61ab9fc9c36da0122e7211f376ca30c
0208d45619b603b40fbf1146258524d8
ed2bbfa58a0307bcde024187e34f15a8
27221a357920a545220dde545a846baf
3e2293af2fa6463a5d4f57b220333b36
5f30335a47ef7c8eb5643f8a3d4cff68
4a6613a63448a3d861049a3ed2962687
e0de06da4eb1b60a835cb53783d1e8ac
7722b36d54eb6c7bc2d6b823d60874e1
d088e40669748d0d1c2fc4322eb73463
68d0ff5f5ee8720f24ba90bd51eff797
6c07d41a87a51a64e7796ad7ee1b1a37
c713c6d3af5cb72dd0ea9ea7cea4dd8d
3acac397bb273475eca803b140c44875
9225e262ea735732b0be21f78dc070e3
865fc2e295c53f177b4726b395115644
b24e195431a44e7f2c5cac5f4d88fadd
c4a0863ddaf69841b7f1c5852a0b5fb7
33c55675065ad6e44b58ac89832432d0
ae9317b36c572f634104b92c7b2d4df4
a9c15ecea0078e32e8b13b4c9560b31e
1cf8fd06f28bc5f5f8d43a54a7508d9f
1744a995e5ac13daf433754e74654da2
3ef398c36fff8d0ba160ac8764545cd6
9cfccebf198e4c371cb55cc68b376dce
ac6d36754465f38492388ffeb62e737e
1ca48f98c1f648ecc67c29573ddeaf4d
984e38ad58b562acf984db17a2de15b9
c087ea62d76fcefa2973e8b4fba2d858
06168d2785d8a8e847c916ba60d9b1d6
6b5cc106d43e07e0438d9d5a608d5af0
8e6f1799b5b52de76178f93a428f9530
bcfebde98b83174a99990e724d89944b
ba2683e6c9d42cd8104cf63286d351dd
2f967640f13334703a572bcdd9ee9219
206c29611c7680fc0995d5bb0b070c66
adf3b76627e61d4d72086231439f884f
d71e618c29dcbc7cb081c3e37f6d723b
411d792a2a69412b54e25aed66e0b66e
c9f3252e48647cf3b666e897743a8d22
2ea299d9870f8639f945b8817802e733
fc8181ea23c15cc8e7f877b3a1281e13
9908111fe9ce2fbe73920df4c5418389
fa6d57b6e903dd174a49f68cf82c3952
5605cef6135661b761712d17e08b8cbe
5f03e93d1904f1971c51b4ca86ac6916
a14c1e45ec97dbbf3015a4fa17c59ae3
1b6c16ccd57af212945dd23611d11f1f
192c3f17c0442b1ecddb2cfdb92776e4
0fab78482080d1a754d2f574484784f2
b1baf1bbd49cc08f61d2cb7c0b2b9192
7627fe61390f1b48f6fa5cc4f9c896db
bdb8609761929f0cf17bf7b55c97b357
2430d0ebcfdeadfddc348febccce68eb
8eb20dd3561b72986d7898dbb51a03de
09f66f4743026f5e68e56f3916ca4ae1
c8265d2bcaeba2f709fbbac8097c2f97
805f4511f6331276f15ecf449e826343
11921748fa4a04bfc3f8e93b9d946f79
15328e4a52be69b3b0d8f7a731003e0c
53e286428d0711418a8ab5b7c6e935e4
284d76fa59e9ba58354a8d8393fec11d
3e171c385fec377aef7f90e76d714861
3723a8b2a2d304a5f05a0f1aac7083c7
6a2b16aa781a85b628a8a6898ab6dd64
6861e6f95065a416e9e8dd41e93eb5f6
0000001a0000f5e80000f5e87fffffff
0000001a000011600000adbb80000000
000000130000142b0000c9af0000aca9
0000001900000fb500009d13fffff599
0000001a0000170d0000e67effff80bd
000000190000f3630000f363fffff269
0000001b000015f70000dba600004564
000000190000117e0000aeefffff6d52
000000190000857500008575ffff595c
0000001a0000b3660000b366000008ad
0000001a00000e0100008c0bffff6326
0000001800008b6600008b6600009d6c
0000001a0000afa30000afa3000075db
000000190000e1b20000e1b200006148
000000190000162f0000ddd600008fa1
0000001b0000d2e40000d2e4ffff4c23
0000001800008b8600008b86000020bb
0000001a0000b2540000b254ffffc568
0000001a000017360000e81affff3b20
0000001a000014330000c9fb000021d3
000000190000197f0000fef8ffffc92d
0000001b000014a10000ce4effffd699
0000001a000011f20000b36f00001777
0000001b0000ddc00000ddc00000478e
000000190000baaf0000baaf00001650
000000190000df570000df57ffff7b3e
0000001b000013e00000c6c0ffff3fd1
00000019000016d60000e460ffff2fac
0000001a000014f00000d15b00004d57
0000001a00000f5000009925ffff7e30
00000019000016810000e10700000c8a
00000019000016b10000e2eeffffced2
bd9a8204f7496859e39c5652f432b5b3
485ee41c4b08bfe95d08fdaa8f54499c
82713e56d135401d6a1d16c885f711ac
1eef49dbdbe21dfc801809ffc00199ce
27cdf7c760cbf85c20b845b947447202
f3a55e4e3e119caeb4b06f3b5c67e6ec
18c7b9b449f8e7b87f04bf100a738ed0
1dc8a5a8360a7cf908b5a5c29e24beeb
443da8d012a108c9c0e418e7b046d31e
86c080a0539a7bcf73aa76820638892b
5e35986277f1e8965aeeb5739ded83c4
a73ff858d0db0db56a87372243b4b829
7016acdddbc0adc6239f3a91ac586e5e
3c71fe4ca77b0cf80a66ceb2f60664be
c56aa349c36bde09a9fb0d6628387407
362f739c4672f14df22b26fcebb20be9
8414073e51f3d7826d931e74d208ed5d
bd69775781f533189234a18c0176ce21
f38977d239c9a31a6cec4a21616f84c7
f35104340a28ea9ccb3bc99b15a9d689
738a24b2fe1bca2cfe9be54eee115d54
65757022cbea19ae14c2892437e3d61f
7f5ae86ce96b34a431f7b0bfecac2d49
66001cf6651353161ee1c9e6d321253e
138af0410a5b60996ee4701dcb7ca56f
fe5f31d0f68b3593200853620b4c6363
89a8eaa2bbf3f551942aaf640d08684b
a2981bdad26517cb5118fcd42f0ceb22
b1e802bc120cbe3095f3180980231875
2b731843d456685de5243b179d05dee7
234e3368dcfa4281bf50e622eb6a936f
51f5c85b9c3fe24672c46b6c5f8b0f90
acb0313ff50cc0fdffb41bd77a45cd50
ba58f9e13dc14d4981192af3c071c7b7
f969758acd9edde308aa5698eeac7a3d
9102b8a66fae090b5bf38235cd0fd836
a3bcfdc577bce056eeba27a53d157bd3
3a183f50a9baee661da2af10f32071ae
646a158b1f7091345041d3150424e600
c3dffaa4c0aa2d829bcff7970587df2a
be876a94b18927b5d38f2af0b626a897
207ead5309adfc5a0b63165f924846cc
7e298b4816fb7782cb8a64cb45fb8bf7
cf0348bb2c416efe2b932c6b7a7817c0
4ecc546a17c7a82485f5223f0ba5d87e
ce652fa8e5e4438bcce3526deb9883c7
33958c6314114d6626758d0491ec2e8d
50eb19d61e10ab1159a1a2a36adbdc23
064e1549fdd61962862d1bd17117f52e
b2b15d48dcbcf37cda21a5a75f829ab9
a1ea58c5d4b5ee0119a5688f6739fdc9
ff2d900d887df8198dae8597ee73ddc7
afe8363237df9ba5d918f14123d62724
46cefa3286b595cc65db35751c43bee1
29811f7471266a741160b2e80b52a6d5
2a14f07d569656cfb8e9efd92c8d9dd8
767a88b7697ba0a89a66a388c396cb18
044769d61d35a6ee3ef6eb1f477cbd25
d1921679e74ac40a856ce7e63169c8c6
b6bdc6bc6a9669d395e02bc3bf05bb79
21ff83c4d71d8886881d9925ec6ade66
5edd04c9b5b626c4682fa76c0b2d05c4
e38c866630e59e9af0b1838428928598
53ea72e744a356a0f191864bc6ab13f1
78a5663727f0eb362d2244154da015b1
6106ffc276ccf1a3be49eef9db09f318
07f70b86f496ecc000a45d25b797c758
f0d19210709ff4d7c76e4588aea69396
9f77db0a59d4e15c70e3925dcc5d4a2d
5dcc9bfe4ee490c960708dc878b34fa1
f5f4162a145bbede91e09d5358722359
2ee0158c0423df3328986bfebc1e80e0
91c4d27f81c73d82c234a46ad1bb01a2
584bff2f5d88965b4a3e5d6b7f2e4219
847bd01d2b6c7bd0abd529b03d5c3aeb
87e8bfa82ff3c24e9d2a16ec20304e82
61c96628fd53b5b6e036a7cb0ecf960d
650907ad543b2303f6b373324f26eca8
95fac26080658cd60f63f462dc625a86
cd14c0baed73bcefac333604b5808f07
b6ec10717a2e9c75b6c6c507ccd6e5d9
9e1de25fc9576789ab117a8696d12457
b98937deb6516fa91446c1c929163209
34055f8bdab3bdd701f08776567e35c5
7cda230bccb0709952b21ba38ebb0fa5
502458fd286fd3cb18fb9602f259ca5c
1073c9ae4c496f4e4b8f7c1a776c7c9e
38f72054635655915194062558000ffa
56dd7ced0b98f675d5b1cc5a63e8b5b8
c4135f9e7ac0306357ff67a4c7b8dfa4
217720b3c1c363b6824585486145738d
45fa25e3752bd879adce3475cf520ee6
5065179284f7ae37612253034dfc9ce0
384ccfa762e4cc21d25610dcdd7befa1
6f53e55eaad82ecdac8edb152a557b69
b76e64521b8298b2e0413cf7074c2b78
77043e0a352f836b35c58106260db16d
54ee7be04e987e00e729f74e29bda8d7
8389105163e1266cec7ebc74bb0ddc4e
8144298d76848b0cd8cd6347d36e65f9
0cf92d86b721a64e223efe6e8d01f878
939c1512073bb9b7cb0cc0cbc6325315
5974d321283fed7a498be93ea5583f33
d81db6cc7398215adc0388310ff95d64
19742f075f5707d043cbc3d891fe5223
958524b59d61748cacde3731fd7023a6
baa888dc02d67b8d0c5b5657a4e183db
610bcae5fb4cd2211da90ee2342f851b
74130e7374f38794402edefe2d7a25b4
e3fed4f4d9e7446ae8cd1e13cbcfc513
ce3aeb41157cddc1be6e7ad3f550514b
7ce16e4f1b8cf34f9901d6954183dd8a
26f4026d5a55beffa7d2aa4d54b93bcb
f50731b69878215ff3e5da4ef4356748
12a70ac73dcf18acaf262539bb74f545
baca69a2d76bcd477f9cfda4290f0bec
38e6f36f8240b54a27979efc915c5d38
0980de5d470a81378ff5b2b25e415c6a
0495f9abcbbb0777b92c81c9e18abadf
d489f9c086a7d757acc65b42cb91b18f
46b50d0b50db5d507fd4c831924a3009
13a8f932cbcff80b279c25e78560d7b8
4afc33136c87ac25de934c1033d10618
72c3567413245f14137a74e36204c48c
23f4b02ed00b9e12bee829c897334b02
e1b79c4631f3d4dc4314adb8211f6750
775875b056d732f8d1d03e312d10f666
740a4c31dbdcb0d3f5d5d83a6ae4eb30
b35ba86ec57327a17238b92f2f3e3b53
ebe7c42a8454fb1147be8a3fada5478e
2ff32d992d62fe0b833f72ac088f4764
f89f68a36ccd68de9689e53a160d9777
61ac7ffe4198008828ddb892a2249380
8cfe388680bec675c05f3a854e912c37
b137266ae786c5098cae583b4f1b68d8
10164c38e13c44d9d038e63f0b897cf6
c910aea205ddd404732ec5059ca298c0
b2e8570f6060bdf3f72aa3bd8d67e062
82dd6371341fc5a25fd0131316494a49
8a8d2b702b718aed2d560ea9fbe3d437
2995f7b4b36adac054cdcc65e99a1760
cb1ef05ee47daa6796e3de4d4bcbc2b4
61e3749ec2d1b8b2e740be2d1e0581d4
d852ae1daa18e4ce827fdf465a4cdc09
be51c2c475fe041908276bf013b0cb98
1acd379d772ad1fec38c0dcc6dd45869
ecc2c27d875e36103d45df6201f89c26
34d700ae3b650bb8f8dd5a2507f0fba3
7b77b352a2c8b04429c127f981331357
46ffe8b406dabb12b81650a8908627b3
5c93cda7c4d73e0fd36f6932231c2dcf
477276b902bc0c225e85706a9f093ffd
687c237cca8becd96ebad4992c3835b5
98ce19e8f96605747e8dfeb9600d471e
9409b26d03043178c1d6b453c18abdbb
21bd094ba51af121724d9f73d31674e5
08b977a3c0abc2926390781a659146fd
2c051ed836913dc099fbeef6162a6e60
d1a63b3cf28169b06f09b60ec15d2978
dac88679dab7ede6d614fc0d0d5bf76d
574ac41b59564db0c0b64826d922cd6c
336bdcd324b7196c3e748a681e1d899b
eabdc7b99a6e71e38d13b93ea64fd677
cbd3bf1740429a9ccaa0bee05962b7dc
cc5a8a8d23dd5f2d8384282aa0314d9f
4682fadca680b3b56d56dd44fe9367d4
9dd17edbdf8edcd2bda54a4b0ec7adb3
6e6bef60e642b065db3077eb2577be57
a3f93aa6e807906032f0ff9940743be0
7ef212fb9b4224748f0a82f05e944ec6
ee2f0c7364040de4f36f72b8505442c6
12cab02c3dc14326825807dcab16862b
e847c8a2776ffb66cd17a718f3afd325
b3b286dd54e2a7b9fa453b540fe0f28a
bb32eb7189a5c351090bbc709ca64cc0
f310399491c6b5c964693fbbb8a75013
8597d5269da6be1b371e16c058356147
9c1a904a8ec7e00cbd2113dd027aa820
8ce0c97dd981f9c33be651badeeeb035
e32f080728c9614db20c1b3414153a97
1625172ae295dd0ffe8a1b4655d49054
2063c14a535834042f8bd629c985d0dd
1588ceb87fc2266b611da5f0aa5d545b
d1fb9b40dc75e1bb013a819b901d62af
8242f1f64af69dd5c8355ef11143e902
7d7ff752a8b0c785800df88128121b2f
a8d29e9429dce064cc3cbdb9b329db78
0374a310031409922e682de9a995409f
1f88167dcfc5f8f64f807efd379c09a2
1124f6ac864f55286f04ee9c562c8aaa
315e0d6c774f345b8e3c9b48aaa7f732
4dd0057c70ffce1d461d14e58abbba86
0000001a0000e39f0000e39f0000ad62
000000190000165d0000dfa1ffffdc1f
0000001900000e97000091e600009218
00000019000012fb0000bdcd000054ca
0000001a0000ae2b0000ae2b000047c9
000000190000c4010000c401ffff732a
000000190000c99f0000c99fffff39a9
0000001900000e0a00008c640000ce48
000000190000cdea0000cdeaffff6fc4
0000001a0000bc1a0000bc1affffed4c
000000190000177f0000eaf80000284d
000000190000a78a0000a78afffff2cf
0000001800000ef2000095770000c06b
00000019000012fe0000bde7ffffafc9
0000001a000016eb0000e532ffffb3ae
000000190000137b0000c2ca00008f60
0000001900000efa000095c6ffffa9c0
0000001b000017b50000ed0fffffe523
000000180000907c0000907cffffc969
0000001a0000e1d80000e1d80000ac3f
0000001a0000924400009244ffff91f3
0000001a0000c35c0000c35cffffedd0
0000001a0000cf2e0000cf2effff79b8
0000001a0000d8f20000d8f2ffff2ffc
0000001a000010410000a28effff8979
000000190000c6390000c639ffffd002
0000001800009b7400009b740000c272
000000190000e87b0000e87bffffee71
0000001b000017460000e8bbffff7a23
00000019000011480000acd3000061a5
0000001a000015370000d4250000769f
0000001a0000e7eb0000e7ebffff9bfd
0014ba67c3ac2481cdc973fea0084bf5
24a81257adb023f8b0f23b8fccd14888
9a28b9e7538e662f183022f85aaafa85
69ecf340595947599854ccd1e7c9c5d7
931df82cd3152a0d8ea3a1057dd74600
5daef9eadb911f91415f3b402609f2cc
fd0408ad9d9b5e1175aecb7f16e10395
4d78ad6045f16a0ada3a79ef9e6b2f67
5235c4af24057c3e86f3b4a9acd33db3
7d4c5912680c3a4614f390d059192641
7eab3e6b1be4a4a5b24d4e797293fcba
a150a4c03d73e01509a8b07f4369c5a7
fd266bf65fa0de1284ba79f402c70e99
521fd5a3e029832a80bfd66602d40cd6
a9e64e5313d35e669da91ee828366dc0
b3379cb405654346d269e44b21091ef1
b2aad8b0f509b417d118c8bccab0a25b
725d9084715f855a38861f5a3474e65c
078b803dae9c2f4f9ae8741e3270387b
59835d98123cca49bf96cd5f8821222e
4ed53c438c995f6f23a1714a361cb4d8
97ee530994d57af2aa90dfaa8ebea934
6581c6a1f46fce6e59fd644b0885f42a
9a872d98bf7d128247147c3afa4a3311
132ea29ff739db3c9fde2528c08eeae2
a60e4c6f2afb2415ac6a0a28b6d5e23c
07ee1de9d7286f37a2a5f80a7534fc7a
0c1b67117e28055494c50544fb35bca8
1e026236391d5a3d4ad44d7e8a8c3785
72bd5834c5cdaf4d1a448658c22f86fc
ac75a6cda8657322789a8c62eb70465c
19d4b60197c349a6dfd4e403146fd8f7
40aba8464780c156873e384835b7daa3
feb081a9ed0fecb9e32417c495f231db
7a251d4ef4ebaa5e91acdd6c6dcee47c
0bebf1302abec62bd2bca22b683788b0
fce3e7605e0cd0116b0e91d0a340df24
52f0731d354960585cfacda32f30c36b
41c093fc85e88dddba5a61423637f9d5
ffcdbb06ed96baad7f111cd5da026fdf
5640c9654c74511788d1c83b7f86807d
5e89f0006fa3bac47d7c06c2ac7cadb1
4254ba00ce365f752801729f53c33685
f8a61e37db67eb3703a2ce5df781469b
5d8bc74d4c35c572bdae9976f74aef41
ae954f72dba201b41ab1449b16dd0f3a
df700f17b52e8be6c4b2b9d0e230b339
5f2740c6197c6d0a46251219423ab0d7
8c2d958a3e13f07758617581fe456b4c
506edeeb3a6d42866272024bd64cc2cb
d138b61da2106ae9743d160433e5bf54
2930170318c4dff1e45cc0d33c227c96
8501eb221f78ceb55644871ea7b921e8
494ea23b567567df7ca29b518067a919
7803c2b7a0e13ccfb698dfabcb925796
cb23d876f99ecb653226621e741f72f8
0c19ff0c1cb5946df4150f0dc523956c
463784a716a6d546001faf5244a42bd6
fe3712be04326210bb8ab082b882c415
eacd0960ec84bfc92a709bdc8e985898
ea2c98124a4b713cf4775a732a6d5741
e9dbfd04d0735a72a7978c27fa5ee85b
01d2ad7f711907db0893999eddd05365
05a916c4f9cff9dcd856aa49808547e5
218088d1e37aca7435ebab94c07911d3
d9c0c22f76767b3a8f2c52a7993f1299
3fc95bb8202a1f69f749e3f283bbc30b
039721609658df10e5f806e51cb0ab36
5cee6b19841ffc29cfa152dd54897c69
8c874bcca9bea8f446840e9e9049f6fd
6431babb292e8dd0da99b03f3b2c0f4b
18a060f4008d2bfd284f7702b990f714
e7ec680da888d888c176e05e6e4ff39d
c307e94b0c6c29c599878e7ab479a541
fb7f03e0df9f8c923dfae4978dcb798d
e413a81248ad0321081966941370abf4
2a60056eb04ececc2eea4d50cfc81010
2beed4cdb9cbe97cf586c60cfe3d0e0b
b880e28e6d64aa5f0d8514f9f9e655f1
33625c7bd8ccf973e8a206c041d26752
95027e7c8b093e2c363e2a902c715370
e0be514ae3991b48fb1c8d45c0d90982
bc1c0e4439ba5c94d33f36076e7e5788
21a1271d95aba1b31a4dfabd4577f10b
f56661840c72c79727e66ae70b878c2f
532723bfcc73c8a350cff3cb684de4d3
944ed81cd77a379f897d2382879a61d9
26dc1675e53c1976ad729bb35d239685
666465fcbea47e0a7d5543d2da5d527a
8138e52082e546331a4f4f1b39922ebe
61b9432283229ede3010eb8632e44d54
7992037bcfef2826f34a0541216a2396
39b7a6607208b6b59c7ccfb25dade4f6
73ab3e09469231021c02b093e13d367e
00c0b28d218baf276a6adea70bddca9f
8e9c9a4b366eee0ce3157eef9b332756
767988411816dd966043b9c10a7f9b45
a542417a6e859114ee00e25f39b8a6dd
b8c7486facf30a806769de08ba1479e2
cdec829119f6ddd90fc5f38e74ac33ee
9b2667235fb2f0b9b6aa6d548efd807f
f9258748aaa69a7c9fb3d4f93d567af5
ab39c21ef1bf56c9e57d694bf55ce553
d7422be0b55eaf0b2d21953984f4321e
3f557cb75d52f55b275796f776cd3bbf
cc4bacbd48c00664e406341129a654ba
c795e81833f5ed84a8cccf26d7852213
96793c2c982b87cefcf394f166750e8f
368e212a9f647ee57e8841fdc4eb5cc2
f3cbb4d1564664591d4b37f8bb7c71bb
c2a9cae0cf9f3aa4ff8be4291880dd30
c95ecdbbe71ebde0d6c510a202e58b61
a4cab21994ada60225b6c9f0c3736cae
d9af3a2bfc5d5fa73f3a1c483c3202d2
e6802688024e73251899b1a033a09df9
1f82087b978620531ffe19725c73b39e
0f5df5c7d4f140858dee3ea9a21b8397
65380c0479404baf7a2e055bd0ac491f
aa878305e8af183ad9d4f46accbcfb8a
bd722ba38fffdba08e88d51e287afcbf
d17370421e7c79ef77653c04c4ef2ae5
6df3648a101980b33c84634e8ca56419
903dbc106eee38e7dc6259382aede44c
5f5539fbf8a7aa34bbea67aa34831b9e
7d54cd1c146f2a7c53054338845f2003
2b1bedb5e4fa49f9693660fada855259
9abad2a62b66fbe46c651bf86db4e7d7
48538c7a050cb07e1e2d1983a5818a3c
8d0ca1d8373d36b4a1da6f21afa6174e
e262258809ef3f6b4a2e282728cb804e
5d27e2489ae90cfa41f4058df6ac670c
3d9c217473eafe4dba882e03502329df
080390e4901a135c9fc3dd3d491d2a0c
57e0e9cc58820370a8cb3e330d04bcc9
e93c3d2529ee678e903aba0a9a6aa4ff
4177f921bd547c00d35ae218d8fb5a6f
87e026493605c449ce238098f2a536c1
179434fa158a9c0eab462fe8221815c8
48bc252bc2d86fdc2651a52646e8a345
e4dddbc983fb0e6909b7a748c35d92c5
4383ef65b9f3016bdfa0727a49207b31
dbc208886a21417e1e82df46e28dd920
6773c6df7946d3738e2d8bba037c1d24
e6a610c1e556dcc5e4ac05d1aebf01de
fafc2153ec29a9203793b1d05c2b1a9b
28852f85d5d65c27252632e42f073329
6761dc541a82f1ac361c1c50d63351b0
d0c8ff12c77e38d52b41e3639f5a4f75
8c544da724c04dfec5b9772a6c3189c2
c4c3506167d37a92d5115bd8622a9946
cfc5adbb314081858e76309013d52e7c
ab6b1fb3acaf6aae756cbefea0694f26
9261c1f5596ca7f39f6dcad416adf836
c96968034eeb7aae95c8828ed5db570e
c982b0afdc6ba6128eb0e2f4fac5a315
11c9bece1ea6843c3c3829c1d65ee4f8
e10242132279e3cc1fb164a9503f361c
172b339f5aac59da1e14268770b3ece3
dab2b0c20042c05551e585ee09896899
aeb84a37392541249a24aaf69a284228
e06113b767a12143ccb03605a2f06037
b9f80c9d8fd92538dcb155449d0ec20b
e0f3a338d9a1d37905e3b7863c0fd23c
d999dd8ae1bb97a963513d051aed6f62
2789fada12dc3bb5990d1058ce166d12
37810e708709cb4f4a4fc0b16a64bc8b
7b230416722ad434cd4372e38ac1999d
3cf576f2aa8b702661e52ba835913856
5434ae257fb4c84c1a51915dc09d0464
006b63fdea39bdf284579b31aa6d4b61
2b21aaa95ce73796b190696d6ffe7041
a63607dc04470943f155465445a06e79
844bd95b99592b27dcbb9b6c2cab7567
8e7d927dc1d3ff50bf008798aa6fa0b2
48b55dd5d58003f7f0b0e406e4dfa8b6
3ee75f0be28f9cd2baacf1b9317a1b22
72b23eae1ebf836a61474997028db193
45234e2e4d90848ee8e47877241f789e
467ae0a89011ce6a6c7866c80c56ef64
fe54ad93fafa965c249abcd9436d3cf9
8ee1aac00c984c89dc7c0e41b45f730e
cc467ca4bf3555921e3acf68620ca184
f656279903b6e21d5ee8f0104d538458
7d67ba5c9fb8225410487097f3ec7147
7937cc7b2d8a3c334887bfb04d9f5a5a
0cef8382df973979fc824b6adeb9cffc
1b4d28cbab8ad462ec08643c72360cfc
3cd939ca7714916f40f873222b2a3163
20c1e4430ae7abeb323598b678ff92fd
9cc38925814bb1ebfba949dbc6202072
17a6f31ca123b420a5c5888ec6a65ce7
14235ae57b0420f5ab2d7cca57b731c1
0000001c000016580000df727fffffff
0000001a0000e8c80000e8c880000000
0000001400008435000084350000a018
0000001b000018080000f04cfffe8a44
0000001a0000e4b30000e4b3ffff1a69
0000001c0000e3b10000e3b1fffe561b
0000001b000011b00000b0dbfffef503
0000001b0000f5320000f532fffe4a8b
0000001a00008d4900008d4900003812
0000001a000011bc0000b15c00007a96
0000001a000016520000df3400014cd0
0000001b0000ca910000ca91ffff3edd
0000001c000016da0000e4870001e1bb
0000001b0000101a0000a1090000cf8f
0000001b00000d7e000086ebfffe6b91
0000001b00000dc00000897fffff1a1a
0000001b000016ab0000e2ac00002621
0000001a00008db500008db500012769
0000001b0000dcbc0000dcbc000048a3
0000001a00000edb0000948dffff47af
0000001b000012bd0000bb62ffff6a74
0000001b0000c27f0000c27f00017379
0000001a00000f14000096c8000075ab
0000001b000019970000ffea00016898
0000001a00000de700008b07000174a2
0000001a0000aee60000aee6fffec59f
0000001a0000168a0000e16600002a02
0000001b000012640000b7edffff392c
0000001b000017a90000ec98000055c1
0000001b0000aa9b0000aa9bfffffbb4
0000001b000010f40000a983ffff1074
0000001b0000181a0000f1060001cece
f31c80c9507879eec270b5ecd3aadc9b
da3405d0c468b5714e0a4e2f06f896b2
3fae966dc7d0cd78c3210624bba61e67
1625bfc39aad34dd2a8095ba1a4104b7
f390c94bdf610deac331aa7f892cfa68
0ed51b25ccca1f79e5615ffc6541dd74
dfb3577556c3c7c9303332f7a56de319
ec738a0518e4e6c7e8b133951eb48f01
942adc442cd5e3aacf2b28e784ed10ea
f421ef601e26f734ba9caf6f6aa3030a
9bddd266e51db0de897064d38ef0c54a
9cc4f8907eb600f6cfbe0c6c05ab27e9
ed911a700ec1c5d4ba3e2bdd6dd2a478
b1fe44964058555f39f16032c1b3b15e
d82f4f179efe8f7770ebd59ba36c74d4
ae995f7a9a74160503edc6959f581569
38ffaba7a3727ffd0b89d502ea04ea5b
6365154b67f0a6ca29375df2de58a3e9
a82a6320603a3fa3cd163d3460e44462
691b82af9e6197c91b11a4693c5061d6
a748a32aac7dfa9ac8a22156be38f076
bd64d495eb75461e5a552541fdafc5b6
7bfec975c359b22a53340c1783287338
36b58649d02251f8d93b22ae6f2c6668
91f7a6f0bf62da100bd61b43ed2bc34c
99464f39ef478f824e39a9e67af762e2
57a8d1c7dad02f99cd83f2fb0f81c0a1
e48e9c52f43c28fd15b424846197e179
cfb04a8c7853181390769af4816153f3
18c8b8b2f77738f94b41b550d4760754
680316306adba1e8a8bbdcd09648d7ba
394746d6b71e7c4821b1758e85a00efb
830491cd1e04e9fc4a86190e81dd34d6
5da871092b52016cdfebc9b3d33a3e84
393573efa7912ab803fd47cbcbb47f94
97ffee3d41fd97676cf33c13c5d60c60
be115f8e82f33aa1fd74ff807181ebb2
9c16dcf82be7558df9b2a3bf5a1dbdbc
228105507da2bb75367ee7a9886d3ec5
6c2b98f92827bf824c84a42d8fabfca5
df7686d1e524385abeaeba899475a5bf
022a1ecb9ece5796ed5fc6098f1b04c9
223f31d06cbc696493ecd2726d20ddc7
2995771ba4960d8327b57fd944c63125
0b42f27ce81d99d35add4fa815782040
309ea7686cc82f586373c994a7f39552
d36abd2d9c852eefde99cb48684b31e5
f60831a00b544afb08b1cbd9556a657e
299c94fa480e2bfa8b76e95d88c25f3a
792e6b790fb36fbd34bd2830d4478abb
5646c90e683380efc8775fde555370ba
20d4b945da32b34b1e7d3d94779f822f
8cf2531bb1e912ff30b14805bd205027
69370b992c2220fec674dc55ed9e9809
2d60a6355000e94ab0793d443b4d5ec4
ad44156feb269db10d2fdb229982e51f
78357464d54c83bc9852d686ac04e811
938ffcfd3f9ab2fce6f66bec7e099aab
4e3d48f6cdcd31a999250b03eac530a9
d7e130859ab5bd7b9d29fb9660a7d30a
0c6a369fd09ed30b65902787990a09b9
c30e2a70de1109677f82192b14672ead
d45c76e331a638170a76ae435ced5509
ce292d960d153bff8c97a227fb6e91fd
f369f404033e14c1413b18ce8ac0bbe0
dd27aa45a4b152543ee22ba044f69fc0
df98d026fc94db86ccc1e3800fd0f916
c3473555b43390735cbcd1569dd81b6e
3b0b7c37dcccbc2dd695ebc9fb979cfe
f3a2bcc79c1d67390855544a5f0ae4f3
2a4ef7a451f009f365280f625fc47642
d16c049f74960aca8d3e8daceec0a5cd
3464df477eebb7e528b9e5e63627a37e
5e6e4e188cc9a3b85fe068d84356ae88
f20c386d51e026b8ce6d62bf96f20899
f8b73b7705954b2b87b2037b766b053b
efb893147c85caab41d3c82d6e32093f
8270c230f7d17372d90ce11045ec9165
401c9ebe4aec35d937840ac13a3ab024
cbc5766533f32ea0876bcbadfeae63f1
d748614faceb5a0621de24151065662d
202da34bc10c736328f4bbb072a7f5ea
28780765fd2ba18456277dcbe532c140
7d965030a1431442cefe0615a5a025e7
12912f9840ebc1444211ed4ca2ce1ba1
df0a319b4f575a0bd7cdbef57bb4ae18
276018990731d0632ea45532724d970d
daa95dea803b4f237e4db63324bdd960
0e04142e92d172119420c5f4302bddfe
fac30d2510dddd46f5d68c43b24d6f85
c2b304c1c04c69c95925a3bef9eac288
1764de9c4f5b3158f2346180b3706fb5
8e97b11b86794f8eb1425670bffabd87
45d5e32eeb436a8dc5b0b24a1fe2cd1c
468b441622dd9f63b7b1ab4f2aa46a34
678c3519370397d2199d8795c649f146
5c9db853e0ace482e589c325c59f960a
d2f78e6f40ff9ce0f96efdf26d6af4bf
f2dc6bf8ea304ff72babf7d5ab05e02c
0e03165e056d2f31d21ff1d3e1e3f50d
e1e0e190bedba4a49e8adb58761fb164
9551e70c2314dfa6a269f9144dd6888f
c60c22e4cd847612745a3b9734905d7c
047eee9fe25df4d3367cc87965a12206
86b81845ee8efee251a98f420e268bf1
de09417ad75e276d80e1e6444d5fa812
47731736361a080dafcf91ce5eee8b95
d43e4b0afc3e958b3b83cec1124b1de8
d7719717e6e78a3454f532e90d0caf2d
fdf9ea7160cf28436fda55b95bf15b26
dcadc56280a5bb56efb8d31b6f9cca27
2d044ceb8649b223d46bd564c491d3f2
73744ce8b3d75af58b92b4ad6a5cb248
247bcb0c5c6e3ee912f81e1979ccb309
9fcac308d7c111569fcc4ed115045293
f8425371b359846ee1623cd82dffe5e6
cfabaf32985231a0094867af1ff6f2c3
11c04d8a5482242ea5e9d33b20238f26
edefc9d2f49bd0d0a4489878a830c053
38aa643ef22fa4eeba390818be8fa45b
f63db10b74ca77b4a14eb1c3a2364e85
35643f9a47c2eabf89cd2766fd709b03
668a0435017ca03989b359025211cc47
32ddfa157f870cd611c4a6f1edc698d2
f585587b3572df6f39dcb3752dbfb4c8
59f37df1da0a93731473bc0c1b447f9c
9acc7cf2fcee5ae7a64e5c16b32b602b
3187393e51274d09f3683c28375934c5
0bc37efbecb41ca80ecffc2d24f12256
96ba1c62decc974a66f7d1e8756bd532
b021640521d2a50fdb2ae757684a140f
742f6b779928243edc87d9681f7af9d7
b3c852d19e8c48a6ea68f998b4b5def8
a60dbfa1748d77654687d862024805b3
9a71e61b6e52b2050c942947e1bbb793
abdd2e6810d55ffea7c5e2b0aef39c98
324454b6d08d41c321d03f3d3618426b
6d8657fe766f24af799da880711f948f
05bfafc25ed3a9d1d74023cd83d0c615
93384ae704feaaaa8528300889193e7f
56746a82796f1ee86df1bf330441098d
1a23e57b4c56a35a2f726c9a853a0a9d
272d992be5b66d9a17878ccb7114d198
dbbe4e99560965e7006d88a05605f154
7017f513abcd18e8e0624dd45bc75d01
a8f56e8df204148f4045d5639cebd25c
48d5b206d56cfebdd0517de2441ac6af
f9a9f0b530660a51f9a3610b75af9d99
5523e4eace9b33edcbf561c387235547
9235e53471ca23ca9283ba9dad4425eb
ba4fd4cda78a5e5c542892295ee0d2e4
afdd963d169eb98b7b57d90644f8623c
ba33201c8cb0b972696ea3254e82e28b
21d95f0e4bc06a593f2a0da06b46cac7
4c1ba4e96b5774ac339e58fa6dc3e324
9702881206c900fef51d291d04689d5e
e9b9772f68dfa74d6b98b861f0113332
b2aa61fd5975834f06fdd0c4fcf13e69
82c0673c5a3627ef39fdecb63b2f668f
b9bb1b6fb00b11a78a53830f56ac56d7
4e91bce0584de24bbbc332b041ab5ebc
4285e84af3e408d064bfeebcc00a3b31
5e564934f4a427876b4b08879a02d0b0
f5f427ba4efae4b5b4f4ef6b42263f23
35aa36ec1881a852844146fc332d667e
ab6b16591de02d8896fcaea711c763eb
628f61e65872c239718ee99a5f0b4c1c
44253589a175cfbadd087483ef7df0f8
3c46b992f4efc58bb9b6e1f47068bfd3
3910545a3302a63eda3f1770e51324f2
6bf3b4de3408d806f228a1d68d125aac
9958aff1f485ab07d8d281d1a7b9fa41
bee21dbb9429c80abce3bb7387ca174c
be43022b74366424577b40f6e7f62c63
3bcae654e90caab5d38770a27e7fce7b
0bde9e28430892be047a97aa6865dae6
705f27fc54088f46b67746e42ca970fe
1d5bbefff61e3bde9aaa1f0f7246cb7e
f4fee58a844235b218e602b8dbf34733
0e821e5aec2b5d258186b68a6e5d7193
89c9dd6221bd63bdd5debd1b717597e3
a2da77d344d35b575e3826a1eba9f7ae
ef85c5d28bf1dd845d273572cdf96ef6
a34e3fcdbd9199846a2a4203b940bf2f
d9a79a659b3cd991032258c5bc45ee71
2cb8fbecc73fa3bc433441a3aae0094c
ac80661538ba621c65e59c8d4ebaca01
8014466c03c286069b149e59ca85836d
5b2f253ae92be5143ec6ea4654fa1c31
44e0b01e2da6be84ce4b6e2a8ed1b1ac
9d47ff47a17d6b726b10b29d402993d5
eb88e74f5f396800f1e3d615214978c1
6dc6df068027bf1fef183a3d710053be
b3bf667f388eb429d304704699816ed9
b26b25e943ca805e05d677324d0eeb94
758058e840cb32a68a676e5bd8d21ffe
18037dd153720fc7ca8ea80a0eeabf22
959e920c2669b8a100e003b03463755f
7fa918826e17d4efce10ca8ed5a04ed8
007208656486cd3115b316d4beb9caf6
03221af7438ad61cf23aa6a888be6d8b
f2f21044c1b629b0b416def8735adff5
5a273dfcb31c5d5d2115668cea419f04
2112ab79d490c47f8e950f7549e782fa
d176af0fe6cdbe4548224758dd286338
65f30ffc4b37fa0b4a43a7de8c878b5f
e00b39f2474c6fcdbb2fece9452b9af4
22d72037da2e37bd82568b63f3d357df
d48f2f6e0156b63dee82604070ec5719
8eb70dfb96b8cf33460eed666fe82262
0eefb5f64b694308b47e150c9d27f257
b78b81a8a634add49802b11af9236274
d66e441457cb88021041427b79f5a49c
d30e32567db5d9070e63f881b1b372ba
6d6a8d3a798d0f5ba5fe242125c4ebc1
119efa13e86797ecb0f39ee1674d954f
a78ee50c7f46574c14126a51cdc9fdad
583044790e2454821f09bbfdda6126c3
a76f94baad1801534270288e9211392e
b257220063838a20f43a3cb5ea165293
099d7b6f0d5ca988d344f5cb82e84854
653b55846bf69a6c7e1d8f32113dbdce
98d3db94158069edc0c93a491d56fc09
8fd5bc51518a2e1dccf4c1d7b5d52f1a
23bc00454735caf2ae1f25595f56ae51
59ef9ea7ff7ea82a261cd60a57bf8e79
9e9bdf8bef7c09baecea68ced7f08fc8
b5c2d5e2054ffae8c4972474e2579659
30432f3573a9c413c100afaf73cc72f5
907923158dfc8cc166aead743248e5f3
c34740ddf9693356a29a95966ac19d61
28cbf77576f8b12a6c62b4ddf48cc826
e257c6bfa82fb532578daf70c6af9052
44c2c143345d64fc93d252c389d7937a
23c29efb2f2a3d361a7924cff2b19c66
9fa7cf755540ec1a82a4054a7584f399
a717578cb1e8a0607e8339d3275f06fe
027fbc4766d15826471837374230fc3a
15765fb975aa9a71cca2de894e0ac902
a6fecbe96b1ce4583b306b947ac8ed1d
bb557005d01d7d9e346c596a7b951330
4a5078b957e1937702d077e2b51e830a
b8f3ea0031f35e4b1a4aba0dc9e532f5
73393409a3dcf46afaf918da451f53bf
edffcc0acc2fb9cce45da5bca357699a
7a848fd0a62d9072ba95779ec3a38b31
4a4bb4e5fd285dbf9d7f74ffbb2db045
1f8fb79f5b78fc0fc6ed63a3b81a6ba3
2ae08ef0b48786d1a73f8e5a06f0e702
89713d18be3936769d2a907df18c3ad0
4dea9c5f3e944598a9784ba8c6167921
f8833cce598429a5d51d87b871872268
d417ec1c63a33f8a85dc16acfa69707f
5fa6655cebbf93b15e77b283de9f4842
14fcd5595cba7379533035796ec9d944
0a549332c7c15d31bc924448f6973896
00db4bbf28a6f7d8adf13bd1b1dfc302
cd908f4b4e839dbcc58bfa302173de54
fe84721cd78217f6dd83eab1e846324f
518fbd1cc94c6a4de344adfdce71188e
0c3df1c3ea66b5ad3adab95198ef61a7
e5573a247df9e2fae19680517f8fa7b3
463d749cb275b606dc428d324fb92a33
e10f3d62d65e69b1bb9633d11156db1d
298021643a524b460aae4fb9cd98c426
54369e6cc3999bc73e848c3bcb1cc83d
b246e0072926b51ae2a9d2a451810381
cecd134a914f596e77e545bb0bfd9123
8424d6d0e958389fca2d6c781f7ac38e
6d239e2fd147a0091f4813b9f68e01b6
177850379e675be0554460a168f43605
a0f8ed9a001ac7b1e2011692594ce977
ea04196dfc7051a1a817ed3115041fab
3727b201c637ea098e6a7dd89c0008bc
8b12564633ca8839520e05e7fcc23c1f
8d35b7386672280689cfd31b3dbca5f3
e2de326e1e643eded760555493f8d167
82c5125b71034a804904261e07bf15ac
6736931de9b363a14bba282de90e87c9
c528607e36cb3da1d8a17e6265cc0bd8
43fe2827ca4ff2646917b229f1be6808
00d7b08d6483e70f078c6ad019ba86a0
d88d1b724ddd97ca8074e201148e13d8
f3e7fe38c1e239163b37a00574805607
56243e46130fa2262910afe52e1894c9
07910acb53103a646569900559006a38
10917a0ba8d5e836816e1a6ac0b22645
d9f21a374962e1384f34ae0e7eb9c966
29e94e4b997832f2aab96d4bb3eb6b53
ba402bb567b025902457df597dc83bc6
25e5eda37177331a8e98ebc8d0b9c42c
9f93d000da9b8aa32d0a971610396f5e
7c96301d14630f4583aae9af8c720c63
4e0ffc35fe85bfa9adca8cad3af93326
84dca2822c736014dab7949e37a7a0db
9b6dca19ca982f86dfa5ad55a13467e3
645d448c5ff0e5fb7a0acbd04ab4fb87
f38972abd64105a484065c6347062cd4
2ba867000dab6bc7f8fe9e4a89d02aa7
e56cdc1e5026f7610957f38106e8fa97
e77d03c722357e898b07c661d9ff091f
3be65730c7b85c0661d2b411062b4876
9d1b247e051800d50c568afb5b9bfd36
5fe5fcd8410879c5f7fe1538df35b82b
747736858a2cca284b3aff5433c85730
46de68b785020186b52b8d3f731cbc25
0e91dd9be95d0895cdc448f9eb362726
4e57b2c08840fd9f97792446a9fccec1
dd3c8b45e5e3bba84e1ea73386c99baa
5fea86553ce9b2795ffffb4c51efeb7d
e3f714b0653ac1cbf29c30cc510cfbb3
4f97efd0680ee4327786e9c06dc4e868
f77673c78fe41a44b9713a2cc60babf7
547b11dc2bfd73744a61173363e11436
89d66978e98d234f068354ac8d6639b8
5e4ca38d6eafd89d8e33c7fd7c8221a5
6ee25f0b18dd8cd5490ceda3f84565c3
6a7cd7e19ca88d63d032c06929fd7e24
a12f3c0c2bee6c862c1eb7d58e3939d8
70d89d1c7d832898ae9ee606057c72c6
05b1463a2cf82381efaed7eb55b0f4b5
1badbd5de4331ea27e381ec26434d32a
46c7f4a31b5c70fdfdb0780be85867cc
9bd5a6ae12fbc009139bf35d4f159572
ea7b6a49497bebbc563aad2628cbd064
5b5cbfd02d08fabd53139ae5b666c0da
077112d5e0639c490564896313cd53b9
8ce718f03ccb6f37230105452abf6c2f
563abb8c00e589d5cfad14590d9abced
ac9e6e2c7302db8e151e0a8fa8232f4f
0160ebc24b84b1d5a5745050b3e06110
71a1620a31c161b23501c298eb847001
981b5a91462f7a0ef125071c368fc101
116e94a3e7466b1628cebcd0ea1bcea9
4ef65cf34202df6b388e6d22046c896e
73bb07dee67ddef25df9819c81a7e427
98179bf3aab913d5b3a76748dc416edc
b4f1247ada6d71c9070aad4da9d28489
ba45e2f6b9f612ea05b69f379a511253
134f5fa53c64a9759e3878ff8905bf11
8a0ae6eecd70fccad11caab142d026eb
a877c88c446564a76f231d61881cc0b0
b2c7a6c6be1ab6065fd242ba1e182a2a
911f36a551e20e0231803039dba1e866
e3c31aacb778523e9713fdd0f1c92604
b4ec9a20e5749e43387a9802c17ad306
8c42031cc2a0d49e9939df207d93eba2
a402dbc5bee7d9b91c9d30c7cdf27c0e
05da9d36c4fa68737dfe4c1414e9a607
775f96e38464f016a071c84b115bdac8
b5b427f0f3858c00fe6f7986b027bfca
c6cf3cfa9f8637ee76e575a942a68973
05c1a5cef4378f0b9466566996d1b3c7
38f7074755817f55d79c1ce69675e35b
b146f39ee80bfd08fa2fbf535869d390
b4b5a3d1110f18b53a20473c5a359250
6332e96924b89dc4a774f642514a455d
f72c7ecb975afa7117df96ac7b92824a
1091beaccead5b7c9bc1aa962269308d
e08255a048e911459da8415d832f8af8
e09dfba3d5f7a6d918c14f9c77371425
f022a984381ba0df82315b2cf78a5c08
d3584ca988a5de9692fb13e96aad9ca7
baace28fcf6dbce03f0eea748eb0f000
103ccb2c3fa13631293225b2c3cf1b8e
dd5ca172d3888f6d491b1cbd4904f677
835b4c42adf5646f9f96c3bc261e2792
21b26eb046460f16e296c77e0e561eb8
59bc07cde92eb59f310706b74506ac6d
bdd0f8b75e2de98c7d765dd980ed6a1e
dd2dc00494e589787131edacd945f279
8a1d022ef52380b07a7afeb91f3e46b2
34d6bb14a9273cfcc897c932e8c2cedd
782d3293fa4e0d35f10a1a32a23b0a7b
e6a8a6adbd7a4acad1dee40746da6c9f
dc9eced0bdd86f3fd03286c16bc58db4
50c444e41289c7a734500bb977be8fc3
3e744d23ec6e747bc8ec9d9a97926aa0
7f68e57b931cf70764b7e72fbd468e46
0089af158688d97dd191afac4e9b8d96
4d40ba1d694ae2e6ecfec9c627ef5aaa
6ab3e77d2bb2b88381d537432bcac86a
cb7f0b6efddde5294d75603c091403cb
9242e34af321f72e8c03fa27b64e02ce
199bacc97caf4cc554f0a877b42037d1
4932235a716c30ee24b4350d3926da93
570b998d7ff11c0b804bef4419e010ba
69cffd3c5088933ae671161dd925f438
0c85b92ca2dbbc9f1c9613890cf63060
eb8f1b9d17448c4f4bc6ea9c57f20b82
74a2c86b79a21b920fd8b651cf478e79
856b1cb36a4f1e2ecc5078d052ea7295
6c9f5a679e14c5f8c29567529035005b
cfe6b5b43fa86325f794c6968d7a8283
3681791186d6b3cb5fc03a6e6e31f89b
d8b3efe303a9a09e7b46da7b1c7de925
65663519686b6d27b838310e3ef5c7ee
175504f731c67889b2afab512528ddb4
914a7d48f66acd0dc5afab25a2e46b93
e5231f1a12c34154c7399e472d06106b
1830cbdc854c6ced4ea54a7522bdf892
dc1699345eaf4bfd9eddc048441bd0b0
9116d7ac040dc654b6d8dd1ee54fc85b
8c0c2426087a9cfc9d57adc91e98ad6e
2a3f9a659a7f65f5e59697e3bfea9041
0ee5ffdee0d593cadc6841c7f1a84f0b
acef994486bad5a0607c6a5ace7ace2c
89da46a1edadc9ea6d90b006bf546e8a
c7794c4e520c41ee0470bf27127266ad
315d97dcfeffb50f3596de310e3351ec
ca66d564f5a780713b478833d5ee327b
c31f3a9fa864303f882dfb6adbeec7ca
15277421cd18857dbc7a60cd65017e70
f1d95952b7ef4408595194eb51c9bfda
a9937083d906ba64b1c8ea1d33110634
9eea7cb9aa74589cdc36826ae0fe59be
c516b7507f18a6ddf4d84f9510ef6231
cfe00758825077ab629de8a6a9d789bc
048dd339c5b60bbf6d40b85d840d6106
2c9ab9201d3132e7ab74bbc38ea5b220
e359dc908e8d429914a3186094cca173
e00a2331a3b0563f8e5541fe46bbfcf7
3e4b417499586d104f72d4ff4a285b4c
a7de93f61f594c7f644a977d59d2e53c
25b7b100f431838fdbc59be9aaa94993
6815487ce24b3a40712ad538a8ad28b3
a1563e5235079dbfcc693298523f580b
4e62c6fb513ec530c496fed41a2dbde6
fb441e3b8daca6ffdabf8fe32011e36c
32a4c0451c4afd5c8d5ce5728353ae11
9193625bd840581a461771c3de934b62
85dc085bd229a2edee07e2de47b4c866
4cd57806018eed93777ca8d2c19fdfe7
ec309ba2c6db3af3effefa6b453fad9d
79c010f84528c63fb2f3684d7e0c0bfb
2d916171cde4b7f94d41b4dc0600fe79
a996aafb80acabf96928dec7254771c5
aed7ee5527ebfd187c0d357ec0401b4a
9547b77372f81682222bbfadab37ca45
1e523dc9a94c9d4f5a9b497a8be26305
e859bf4cefc24f1a4b749ba300e51c59
cecd544ae937f1a8843393f991704a59
31772fa28d3f96fa3a569643bf0b8398
61a1788f8b8f5d2d5caa92a1da6af94b
1e76d9806bce89a8f3ec34873c1bf978
bf9af71764bfa35561714c5688c8fab8
fd03981740d3b303fe21c5ea7dd32c9b
4e98625a4db2d838dbd39caf603eacc5
0ffc59745d117e1e6c941b963fac17b0
bbc67d37a7f9326d938f7439f7277f98
1314f26f5886e4a81335ee77cd7fd4d7
73a89b83830217d41e25293a92c854be
544257aace4fdbd38762b495dfe798cc
caeea7583cad76b50887f9023fa5ae4f
700cc53452050f94f77bd636de4f7baf
5288f59f64fe43daf50004b9c2db929e
059114e0c53721909188a8039f745649
327e65a29c6e141040b7f93e64901242
b8e4b0adb1c9ea3006dada6fb814d720
ce106a5f72613081bef7b236f4a64f42
9c305a3421d06db0a139750cdaae408b
27a79f35d2aaa5ff3e64e71622499f30
020d5a2c478ce0cfc6a1479bfe97be37
f228ccd05609781f79ffa576175e7229
ac2d7b7e6130caa71be261988f465dbf
33bba33563ea5acbcbb5ebfbe5a8674d
8001392a7f4e034a41c4675f4a7479ad
1f7c46ae35b73b6203cd008041ba4e94
ca930f0c8ded81ffde7f0493ff156db7
49a09714e2c816692d2364c6bc97cbdf
37664c4db7a7fcc668475b71e2f2586d
5fb69761e7dfc792cbe2528bc51d984a
10156aa20d499b5a1261ff0dde5e5fbe
3e8f9ab3375b8d2f4bdc40e7b46d0fbc
26dd86fca0a8fa1270e328b915fe3962
6963c037bade5046482d837bb1f3169c
7302f84cb6bd90867b407111284bd2b4
1e11a2b5ffd3cc5fb915fb5751812a86
c54bbcad7ffa9e0283f4a20ab10f69a6
a0af477c3438b5f931e1b71fbd566a88
8138b5631fec779b58ddd99bbbe2fafd
84d10c46d37151b71c43c499d0863f2b
2a4a1147a1d75b429882fa38acc7e4f7
30a7400aeb30c0a5856f3e08d2bf65ca
8d352a0133f00e60b4ee9e6ec6781b85
da43fe401f7c4367832a4619f651a9d2
b1542129d31e06eafc39fd56cf02b7f5
387d0a7c00d3423ff6d16d87cdcd5165
b47307e62d120b0001f250571e7428b7
95f5f85d485c03f72471337653c4d0ac
c226123e651d030998b65b645161a586
6b9d28d48154ba84f95b62a73703b040
e9814367a001319fc4ebff90e3960f2a
696107019bf00d20ffa49014a3ca7dde
e13cd7ce938e55f2b16b97f2e1d8a439
39c6ee67e70b8146e8cf5fd1227df1b3
922004c1855a6bc8af926c78341e98a7
e8bfe2dc0c48a5e349ace9f73b0279da
6df7bfc56fddf4b5fc791d874e92ade3
1b8104abdac4ba1445ce8748a1adafc2
56588cb27d078d71de94a357c4b6e646
0c6d6ce8056a34cda865bc9787a9647a
ba2bbf3aa10ff942a0f079773f328844
9d742f207d2b081dc7cb25d059c6c4b0
2571fe3d9ccf6765415deb94c9d4265e
fabb9272257d0f39b2a1e4755b74f81d
8df6c98508d8d86337808decdeb95746
fc8dd0676475152b1933c3641071a143
a017ff10f8887b593673cfe0d2d554b1
c1e523638c157c490a46dcb0ac432ecd
2d51bba012f4457d03be31ee103c18a7
49352624926983f756623340b0ae4e6b
fd239cb72329ee93fd1db71a8d9e5f8c
884af315e8cbd14b19e58afd21175871
a0e4bc9e26e6aa59c071264fae6b3ce9
849910d6d8a48c317a7b10cd270a8361
1b279c0b4f0fe4e96612745338900165
346620611cef809b7929389435833d8f
c126b02a3aa3de471e42aa45b603f94c
ca66a797cea4ed332b245adad5859722
64c18feb01ac8339671da06371853ed6
6d11f5b9f327ec39c11078642fee9561
bbbdecd1aba29520df909f399a1cba32
62320ab77e773f0b6ef3603602b3417d
7ee95f70d0a718be881c3eb735298c3a
98618398b5354e6fdf96d7cfc38d4776
16d29adf215970f77fe4d0cfa9a4f569
7038f9c7af3cca5d74e1e0166d4c6bda
11623a132ab032d299ba3d3254b5ddb7
66dbab39f5839fd3c982e2bb2eeeddce
4eb74cc3b33789355e820d3e419b2b04
06c689e630205106adf9590abe4146b3
e50581d1b011383b554d61d480163792
82e011737fedccb00a5353453758a68a
0e4e8eac56365a16000d1fc3776a1689
a5182bca710f0531c866ff15011a2aba
2b3c6230c4b4e07bd90af1a7a014d0a9
f925c7fd2b06dc82059d3721f3b5f500
7820aed1bd7241c5fd7567756493c195
8d7c8172b4e2415dd0f7fb122209f131
ff8a1934f59d88a855a1443890d452e4
f87b9996dd986ed03b90d4f0a6b019f5
cb9dca2dc50814b863b313f2baa31c1b
b8adefa7c29da97b2616c2e1647f1594
fd8c34e12b564e22fe426ba71f7b6aa2
0057056f3a0f7ec253ed0d2dda99cdbe
6e565e773ccb7db79cb3b666def6e9d3
a130ab9732391583f16a7f1d5e77d287
fc035031cd145401aacfadfa496eb30b
f8b992bec7ae36058cbeb7a214ca0d58
c0c8fcc452d6f500652756d5bd255e4e
91badd4c59159560fae263ada226f950
cfe1a92f7b3c7dff2ff6f632d40f0ba2
d46a72b300e1f749f7195506d37b9d0d
b22336b75121734097c4cc7969318855
35b2eb1763cf0d2daf9ced970d985c88
b390987ac7f9776023f9e7ec81b17344
4cdab2d768029e940832e619f4fa764f
0b7b63152fa96d0969d33338b8dc403e
70d36989300b13bd32f867a5daaef75a
77693a659480afa1c14da6bad206b539
17391bd2d5d103257ddd882e0ab06990
13f0e10634e99be36546fe6dd65da905
6af83f5ca55cd611373a97470c9e508f
08c8423cf1bbda8fe53661a1e71faaf9
ca4dc2027beb10a95a55aa441a602483
5d4041d62810d8ff23c63ce5d01b558d
f03c3d46348d2576962778727a9b7af9
99c91ac3af9289644285162ea1a49c71
5431f59e14101993a0f341655bfe9390
495e276f554527b2b38a065e1c8a76ea
5371748e392d9945ba946561945a54e7
d4932ed73ec48741fc81e624ee83064a
d90e3b3bce4475c477259a3ad985aded
35a83a1545cf3173a98338bf8dad64df
1d75cc2ed0b5e948cbfb1a78a0f004a4
c8b589d1862bd1f628e6551a3560445e
f669e5f8a8cee359e6f71aa932adce3f
17e1bf4bff2dea2ee3abcc0b017cd2fe
662c57325d696e03228fd778ff3fdf7c
b29956c96e6c55f46bd2b96caa3cebc2
a434e85fc83536102315492675adadc8
cb7d5a3bfd456b1ffeb2b57356348b91
d76599b1de61b95627225261daf66d26
847a05395fb457b3e377aefc5cbe4ef5
c76a87437eadefa86cd7ee4ecb70fa8d
9b57801012439789338fc1041b600e7f
ca94894ad89ce6b056b6b2c7d144c488
f50316b4ba26e74c9710d7652cf2591c
72b2156c54d66bb3eef4ad365f34534e
a966b8987d3a896601099ca1b202d52c
265401e63e7cf186d40028a6d9328be0
2f2795fc34be6f97336ae93300d481e6
5a07434272bbad9dd9023500eac470ea
30afe7e79960a78186a8126a79108c6e
9c4636c8ea47c957f2d75b89f18c7ba7
35fb53ee69bed9dabada2742d69e9851
62f7e30d1ab445d3c741081d99f5b5e8
75098dc0df228c7172de3bd5e1ff207c
891818b6c12096b458144be16bc09b2d
1a607d4bfb3c75bb79e5626b5e1e850f
ff6656c56c9d292747d4a01efd996b14
62a5772efe03ba8f35c4b6523e068572
ea437425de5011bed5ba0ad922541bc0
69ec1c675a774a4d207003cbec3314ed
f5ea1c3075fd258dae75826407255887
f923b411a4e9cb348fd1eeaa58a0bbab
ee77cf80174949d0a4bcef78d700f55c
c0b57b69fd68262029c3815cc18d79b9
50fce5507e5b573079413074a9dacea3
4f08efc1afb39fe643ac49a3f045e950
dacb59889d9f70400a6db93d8288e5a8
d2773f86bfc624de7c2dd7ac6754e433
ab24cfce8f19924d135f80dbe87c5f99
86637df133505d6337a9b002a5e5146c
8b094a96b14ad7f1420b388ee80bde5b
2d50c6b37982718cc2a8020f4233c7d9
be6392cf05ec3475006eec51496fec50
cb138d92d01cc0a20d3e9d099e248a91
1513f333add83c9c8a7be50aee059f7b
d4c436ce94c775858683b99288565a4d
6a43c9fcb9ebcb124f5652f15348686f
08062a59648fbd0b895da304597115da
66de5f22e0c27632dec02c0f97827b2f
7bc4c60b5beb1b4d267ad1e7de61ffd8
88629b1966e23acadabb4f09b6f8d043
15ac778972e8b422051da1ede998779a
3b2f464ca017490e553776c2d4572c03
cb4264fe262b3b5ed03765ffd12c06c6
5a4ad898f759160479dd94c820f92554
a78cab2bbf977055c74e8217ec454b54
8e9c7a9eee907994419b6c20bd360447
3cd4c519e7355169c9d84e5eb8568947
33e7095f06a5d71ad595acd39bc93e6f
f751374677e1162723b0bc81da7627db
d6d1222417132bcb1ab9bdc813d86d74
108da578f3c9fd0c0d72d8d8783a5bcc
a1924a8429d08955798d6c6e428dee12
44085536daf9dc587454fe574fb54ccf
55374f259dc8a4834769a8438ed26a56
9d13aedaae82fc417e92273fdc030b51
3c1eaae23e4ed368d373335ae4edd05b
b229ab7eba16f3f037e13df580b60389
d94fb6b3cdd1ef986809a54d7630ae01
c315f76c642e47467fff1e7092e5a20f
80c7d7a101dd4f33460162887e0e594e
77443ce6d0c336d3eb7162747110ca43
21b84ab5cd0c1f76f19d0403a78db71e
3dc8ede7e37927a350c1e57a5d1a5d98
e076d47d4213bb10ba27b4994cea5636
cab532ddcb3a099644cdb8a82f6d9f68
92d6707c843456c9b53c4ad225ebddac
0408fb3456b96f512499d0651863da7d
80e6474bdcb6957840d070e2b4f627ce
5419be92fc3507e34ff32ac6f30248c3
979385c360d8311e93f805733109276c
7fdf1a9e8a256f11cfbc6e77592aff4f
25ffdea31ba114947a8fc6ac32fc83df
75f83bccdef83b19285ec83718ab2c81
4d28b9b14e3476d931a34eadce6c065b
5c513cef541b719092d19c8ef875b97e
4094a9c9a8f24b72a80a356a86ae4fa5
8eb360b2678af6df41cf5839704dad22
96c6ef1fb935f0eb1187f4e60c0014d3
beda87ab7f310c0eed762980c15d82aa
a496c71b4c747ca098403956690cebaa
a62631bed56f5e255a391bff38d6d14f
767b80e681aae984a758a4b04c583f12
94682e579963ee7eb31b93a31a782257
38cf9756b3021bd542f96c3a9b9a3f33
9bf93c797c50d1909c4b56aee30aca7b
bf76eb40f120a5478193039f3b850064
3cef6d90b87a69aa46ecb94cd6929c91
da9c32f67bf393a26b45516c362667e1
b401090e28e5e0d049699bf0506fa6a2
ce7c5400e2e533c2f125ed1c4845bcb9
cb522bbc932352a0e9e1b9800bbedb22
0ce1efe93c9c3b863a4a7ef321df569c
879e997a681c69fb2623565798e370cb
9b0ca7a80ede6b31f5c314f08e0e0365
97892167d63a786124ee0e3f01f25681
7b4891f3474964c4dd8ab95349400ffc
6add34809ce3aad5969c5f7b60dcd513
7de7cecab4542068b4a747f56355ef47
68c0830c21ec2aa58a2eb23d097af204
fbcf44ac6053d967b8686ca7fb868319
b62edeb5fb72f7b1d32294b015de105f
675cc28d7bf4b30b76085b0c4b2b740b
7f5f26456088ccea288a5455d10a1492
ca8f7195e1145dcaeafc5596daf21532
9c89a0bc2dbfee4c661d3e2c2703fea0
707a086c4b8e513c168333d3aae3e32d
d951de1afd8ef29928f922a231f5bee5
f9bf9617514c21d1039e31cac6a34fdb
eacccf2b39e02bb3d6326b0bbe054301
a9b11aa1feb2becbb82752bda543f75b
3d4613c5bb6d24ca2c137f4735c1bed0
dfa2fbc33d14f4c21b80ca78f9a8b15d
81e277209b692095f8907698900dae31
0ba337728f09c3c54d5ac9dbace42a0d
da74255e863147a4f2fe400e91df2a3c
86001cb0172d54989b026cdc0cd07a45
ec15280c1a450b8f5717bab25cb77697
3f49a1b663cb752ec7a45e230a6d5987
7170736fca1d692efa72fd97cd3be39f
a67773786183d290b05cb9cfc8648e2d
566a0b89687555f069996dc9bccb9f8c
15dec141046ba5c5172e7e9a71e38348
d0fd682a0e07720fe7d3b317aec28494
41f5548043855f5817d48248eadb9ebe
320511d50a9fe0c99274750dd1cdfc84
ff915041901d6cb0d4432cfa9e674592
36389a2085811e44fa4599aefb1391bd
e10514d118d3a843d027276fad256a0b
087bc427d066dd0b954d025c50abf302
c837e6c60a7e924437d45048a67182c0
8488dbcc53394505a56b83250359b8f5
48be3ab96b0ff2b3c6fdcba6130d902a
102920f5947e50e8d4508e57e693acdf
82920a7e16e58b1fe673b5723e434cac
a9e4407d2a1e81fd2e3a8eaeba30135b
6e3593bc5ea064e053c1e0b160a2c571
5c6624c3ed01a75020f0ae1a98f83c52
d1131fcce63289d2b81d27a3ebe91159
753d8011014b13446cee7d2e28337504
aa29a40407b0a94af7e0bbae5ce6c380
8e76167e01a0214b8be8919c1ef57a85
843aa0441901d6fbbf5263f8dba412a7
11d0d99025fa62e523149c563e2869b1
29b22efd187f883efd1a505db5731b40
2ce36a47b94ab06643dc5a0da642efe1
8d96b2dbc98e338b97b8d5eee4c00199
c538f5589b24723bc5e4c01224da15e2
fad6d79f6ebf42aa06402a5f32508809
ab57ecc46bd5c4fd350d3f3f779cbe63
d196ddfa5b4afa93b088e69b0c2f03b3
aaade713cd45df1878253def735b918f
825350674c8420889fcf4dc2bb24e53b
183b407abba3421b680c564b6121058a
ddf548f4011adb86bfbb0eb6d75be914
b13a6394776100be757c841ceb6d5a49
2b3f440bc78e5a6b7930c32a4716fb05
4d0e863b394c8488350545757e09bf88
71eb2c73864da4f1200a435f07bcce84
f1ea7ceb5d9bf0594b4f6a2c9358f317
0e3b746d16c4c8fa6fb2f34b94f8fa20
1d8ed0656861e40f72ea1c0ed8b15cb1
d4d9dd49ac9ab0d96b4b645f056e4947
18453fb0ff7d61f965954e0bdea85a23
581987fe3ddbc3848b794ac5c895ac51
d16d43a29d9a1521a6a7443a43527746
6ff201e90157795b45128f82bf869136
9fc34b2e9aff8c2c798fd2a5d7d1e451
de39bac03bf1be3d7e2e4cd2d8f268fd
34ba19f0fce9cfbd8a57480fba30881b
c09fed191e09b011b6e52c1775773aff
9f7a9db60fc610273d99af66842e7730
2ea55e05db94bd18c9d56c5c62ff1e3a
a6385dad8dc2a290137be96fd5859c21
ad5534e0d590c5c39568a65bb211c457
b7b43dbe8e614ca65bae1d78f696b24c
ec6e08e5f1716268ff02a6e4821b7e94
b7fc40bf2b03e1bef08244be3d092119
8b1b606e14e33a88038070b58ec4ce47
501b493df3bad906d9cf2a7778ea85e8
54ab25b5a937f6fa4182b7ec5dbe723c
3fd4492bcfb0fba1d2017e433e8c1d8f
54a16f085382b9d373addc453e1017ce
b32afee0d72f1cc0d39865923e593e5b
9b4422e82588b2741c4090957c0242dd
13d8a6f790100cd055b51ecfbb68024b
d364ff16b6fb03f640745dfcff428554
bf74202eff1c2fa97ad7297ede889869
48d8f91d6cb688d327459aa2bfa19178
823889a66aab351f59fbd68eb181800d
977e4cf192a55221f43281593a1c5fdc
da5c0d94a2e91dc6318af3313e018b48
2eb25cb2b662147033862c97fd37a2ce
c94e698bbfa817a527bd99ef392d2a2b
e3eb1af5eb80bf461b90cb9c1bd5ad2a
956850e446ee1a4f80101720cb5b4246
4fff96a0b8bf46da591a000cc914f9a0
9448fa698fc070a5552651a0f13b4288
536dd016308ce3edbcd85e9069e16d25
d2f3dd983a3b547da37905191c1c8d58
3bfdbd07dfb98d181a46705bc063a103
3e67d4d7df92cf4eaadc27f14c0fafd0
c2258a28ba1007e94037edead08ab17b
d2667f2ac4446d065a68dcf16d4107ef
5349528a9d517e69da84eb6e10170029
9e0eb566ddab7e75569b1569c6ec57ae
0ad3c99dfd2501282dbb716ffe75d737
cb1917db5f3e1b3e31bdefb885396b48
f9c00af8c79ffa40486a9ca6db575924
6f1fada0f5fcbfe7c57c0ce2a19f493c
552b929e4d0863aa761d55b22aa39e70
27c62a38593fb75dd581784abfbb3a29
3e74cb03e7a12295f90b2a2d5ba598c6
d878fd567fccc1d2d69afabe10bf02b8
ed54dfa5e82e0d2719e293fed315a22f
1739730b44a9d4f8bfe49e81bffe0bae
3b8aa25afe6ac1c38d36122a3f09a3fe
aba1c04d3a37f058a3b6c91437a5838b
fa45a3dbbcc4e713b6f44217f674834e
be231a27c6382116ffefa55c9023c099
75d1960c3fa583604d2d4560910fbace
057456fc46660563faa2a970b53dd14c
26a19a554e76e1858893dbd56ac0be65
3ab6ca88545a9740bbd1686a64c0bd92
4d938bb628dac08347073f63949bc066
993d8638a7fee9a4d24e2ff5ab51e738
3ba6d9b8789dce595bf3b6d30f4eec37
76f7f67a50f124251fd874272d87974b
c7161b226218c9d966db7c69842a536f
614965c9187230503e61ad86aba7911a
fe932257fa8980676f0c0f03ea95dfc9
a9effb200505e21b8cb18f43777d1b72
ee5755caedba6f70d397393d65c0b654
600a134ca87456ce1bab445869571d73
d009f50541ba6961c748e4c4e62d1a17
86083be8b438789a3e32951ef57cb7c0
05eb4da72fab206c1973767509a35432
14410b136d54802b09a9d7281b9eb04b
576910ee6256f8a9ac20f0e07404c39b
431889955a28401d545f23a0040c0f3d
6ee78f4dbdad336730fa65792db49b48
8cac88bb86331b59cc4e8fee3c6dadda
d2e5c45d26bcb82267e7b493e5defea1
af0204bcde2ca7988b28200921a1995b
c3c88f90ba5d2bc4b9318379a2ca86b5
3ffa366a3e772059befc75ba0023ce43
61ab2cea2a19752004dee1bc2ffd7a7a
4bf3d7a7c08a7cd355ac526a38be5e1b
189cc2ed409bcfae06008279d16afc19
80d9bdfb73f3ad68cd0763dc45d0117a
281bdcd4bc12b2b3bbc888a50a6a81a4
be2be09e4d45e752322d020c3d1107de
260f71310c92ad24fd4ac2c901d35b6c
cf27dd7c4b8663c07b38c5fc1013404d
031aceb2357b4ea3bb8d50e69528462e
9341eb264d99c3c42cbcc5ea6fdc6b22
3f6d96b4356ce0374a44c34bd4266abb
34e2833d4b5901269859472ee0e9c2af
04b88393eacecca25bc58e18d8e07280
dc0425355fe91acff9ec1be9a67eef1c
9b44e7c8bf71baad589b2f40a0c017c1
b13337852c1c6482cca5904350658330
84b5a4732cffd6882922bb1ad942d110
5d2653807ebd53395ddd085f68a59fb0
719ae0bffc400cf269df32791f803866
8921fe410512e45442b77794427d3fd7
118db1d5df993c129570edca14e6c0e7
beaa8116fce069c189e4028241253e77
0ed32c66d5f9474153e22ebf755dc5b3
b38348418e94b42302e895e4b9e0a1ea
e0bbbd40d74e4c43208ca5af3b172df7
b56d889211dbb4d18517de0cea5d49af
8a77b903bc312dc3aa5734e7be1fa223
a1c1452165e0b024247dc361b7e5d615
68834c9ae28626554d75b969d478e2e0
64aac8a3ef2ed2284d04e15b16e76448
c04a05b7f61e55a4a88e363452ae7f5a
1e8da4903d2372b533d102f1471ec956
c222faf3f7cd7fe9a46ab5edb63eb13d
791d09f24aeaf2bd7215d0ac6c07ec69
6ad441f3ac46458e5d624544c801788d
66055ba95b9f097b6b95ecedee3da735
cad5ec557daa0ec26665187e2850897c
23250aded67c38986ec004a6982baabf
ab3d887f59253969e8a882dd1ca09ca9
615243bb2f068106ff9798c2f83c1d63
22cedc7993cfaa4e15df04da0186269e
9f910c39f062ab1d61cfe1cd9aeac756
a0dd9f819b7177e6be0500ad70c66010
b0ed3c3027dbe6eb7a43c8cdb5772a44
00e2fb631751d4db830c71960310aa4c
f89a4661a531eeb85b83cb89930faa7e
eb056d21e07ff21e56fe863a4c917896
91a5cb950c40f45613b61b8dbd6f5f02
ec67426c919c74e523683f47e13a3e08
5d0483edc9f103de2270238eda9d4286
b1bbef6dbf9bc8b9ae9aa901ae55b788
8fed74a17b00ca9774602a1fa0a79d14
559d60e4a2e3c8fe429669a8ab866d23
4b0c28461f543d52a15a0af7600915fd
799b546111fd6e191b47da827d9e582b
8c280f52ac785aa7708ac390cdfe9cd3
4b2205e429801685fefd10aa36b97c08
472eafd44495267af1a10283f83e2bcd
50bcaf8ae3538f16f183a595fc77b509
0b79c7dca7c38b9fa4495d1b7d6db190
f01a0a5dfbefd42dd5bce002904c2572
883e4f55b142b22cf5d6b89f65f13a73
78dc59798e046b9bfa7e835aac4e6d36
d395fb2fcf991e83e96ee2ee50f8aaa0
40584c7f8b86096a13423078a21fddb2
b4d064ced4b6aa6c165f639baca19bc2
facc34ca8b41143206f649e6c4f61673
31221a1a864d588e6973b6bb521ac397
9882f5cb89cef456ba120b7528968238
b012d8bfbd60454eea7fdbbf857930bd
846c244901d942cdc0305d7de16ded23
bd860a73ee16ba352f311b35d0c958a9
ec795d5ab78c134689673b7dc8697319
e6d158383f656adfd906893a64fe7dba
370cd0834b75ba4741b3a45d60c47f6f
4130fdeb9675d1e63e2e979d840d81e4
6ce1d9f27fa69341981f33291d92ff33
b8f594535d6b341c3698a9d3a69c90a9
6be9f5df89fbd23fac8388621448cd5e
88d5f67a66d5927e4431f8897765134b
2d75985222c6126b714b570f7ce7f8e8
af493a2d4dc078ed883eecea5c993c5a
7534d4dd4a7dbb55a8c18c3c0997422e
32b3b37770716520704b6e505d985005
8dc4c8fc823cfc799da974f151e8a1ee
df2cd8cc39e8ef313b2f48d4f97e4482
93454147cf3799a96ca8b0d0e626aec3
447256ea84e335626197ed8a2d430b54
b9147abb93f779ac8ada39ad876b37d6
b8dd7c1127febe46206b60c23d4ecc04
68dbc8d7139ebb799150d538ccebb513
979f14070c8a48d625fdc7fed45452c0
9a38e7bf042283b531f3950395d6e245
4f8de92a976d0e0d7e90caa17537a985
fc7f2c7f4b9daa0fa86dda6a3e30c6f7
627bf0017afe558896818a919a1c49e4
34ab152ed657704c7952f72242946528
5e261967b98c641c74379708082fb5f6
2ad3b14130370c9c81f54d24976aa32d
0aa47f139968e5f0f8d3cc84eec4f41b
2a74f251fcd07e69019e80fab816752b
390c5e0c7460a3dad979f2075fe58458
13e31ad47106bb322d630253352c3bf1
85f89cf4e9f9c9f94831f504d41a1090
f17c5a6b4d3ca23ca1c94a4baeca32f3
a6ffd44d60377762ec866019eba9ceda
5a0185a34ffb78ea8ea1619919c36d2d
c63fd507f41f09c47324e8dbdbee89a2
7e12b8e8b88dc4dafbdf264f86c5e387
491c793a296c6d5fc206cbcb5069e696
5b72d04ad435ca01d2a0146b4ac2e15a
41ed9db2cf59bfd161864cb2b7f579e4
74311330d6ef7dbf799ef1b87861af8f
e010f52c45caaf5ae0e2e01a23cbc96b
2c7e20bb084930a9998f7d843af1ca40
f05e2b7d72c5a14e82fc8e35b75b13b8
96b4a25543b0f7fc78ed420b1d16798f
b378304d42f3a8b8eb9122cb17f3a44c
95178da9469549b1014e8608c5b1688a
f301209652be27c6bf15ad8e35bfb360
761998c9d16dfff519008ab484ab759e
63dc1d7715b424aeee77d7da7da64d43
0fb32f06344a71782e8431f82090caaf
6fddd31c06dd0019a038228f5361e863
ac258975817dc722cc55c2d43df8974f
a0404d57eeba0208b2d0fb96c1ccde98
fee8f3d78b15df4d42661647749945df
a08bd8ea7b307b82f9b9a259a92fbc6b
7793dd00f632373844d711266558bdba
32074d7e46e9e5044a1eaaed5002f5c1
7d80707165bd49edf5cfd8b963149000
06f41891148908fee7cd5c81bf27f067
73337cca0686e4e229c3e39a8c97474f
e7464ae6979b698c1804d38fd90ef0a6
79913b4d4a72eac166ac32c316999cb1
051bbe3e8883feed30ebb51249b0018e
045c69b1fe4fb7fc835427c4e6a95acc
a8e4cec77be370abb0b8b1ce163114cb
c996067a754526585d3505bbdaec49b8
83216358e93687e1863bc934cbf3125a
2d0cd4f51761c665b7e8af9897b43d7d
a371692b9e5a11cff2fce80b3100c657
a06fe15640c2eb96df6b539ef8ef7a67
82337452807ec1b206adc401b9238a64
ced9e1aa36acbb93642dfd3691550228
1e892508080c25655e4f7d651087dd90
1dfd9e2290885c903f7e34858938ebf3
9056a5cc9015c5621607289b8be14872
c35b462c7d20686f3655558a2ec1f96f
d1e06c800b118b0960be21cbca276aea
f6181604f80263fb19f47f9f15e889ea
e381ed773d08cb63571de5f8939bfb56
68ff613cec4c56cbcbeda2b956d7959e
1d25e13c6632450789505ef8affc0e93
23b281b881204fb199f9f59afc90e956
2fd481d0dd3e28e841892b3ae27719b7
f2d0d8619381960792f7f96ccbd1199e
4267eeca578d6e6602691f75f7f668db
b041fd11518b6d1d3d04a0affe745a98
681a3ecbacf7ff629c9ba55e95bf9e8d
c70950d253e46f8987f04f45db4eab11
f1ea90fff96ea834e531ac4700a7cdff
99b5fbe7acb95b9dd1bd7b11b56f750a
8c165b130b288c48bef42918091346b1
d3f166e29f289dc6e225adcbce4b6432
44d8cdf65de0644ad27575d99b14a05e
8543498e66d1efec29bcc17baea53937
6d6f34fb64a1ffb1ce277832e90bdb53
d72fcb9618dde16138387fede3dfbd78
3026a968794f24aca28def865ba9d475
69eaa3b9f97c3128cf4541f2c1dff3e3
72187fb9b536da30886b938af3d3f465
41f34a2c5929087ba2d0db88c61dd0f3
074ae39db27c92ecf0121e7bc36d1784
41c0ad0a928ada4ef0a65d4e825195e0
f9ee4b809a0a97236e5e3931cd4c5039
7f9c92f1bb0f64f3f67eea793f5b97a4
bf3a3683212f39ceba177ca7669dbfa9
8afc583f6fcd987ca33e859be7ad6f78
245525783ef7834b270d8dfa0e8c765f
509edfe4f94fb8492de57171ed3db13e
f2454477ac27494e9a6f0d360443fdde
402508246db79a1b46a9a17237baaf7c
f4e6eef81b103600f233858030801bf3
de4f50bae260e1537d42cb3754db0c6d
673e7ca075e0cb7d6fe45ac4087e40d2
24b5ee892ade4fe5c95cb0178e913684
90f605649416e4a2ae0183cdfe33c2e1
5ec50926875799613db304027f7bcadd
6164f2346b71c0f2beb0a8f6b2ab73a0
ee16f755f8ba3013a50126788e79db67
7a4608a68c7741b2f08b56d13a0dc89d
fae4cea7ad6886295cb13347e0208dee
0d1497293d047f4a9421b981955e4609
73cd8ec8c4782cdccd37cd559cdc3cdf
a7e0349a1e6769627a0def1366ac79dc
b740957ea5311136db4ea35b8a07139f
fede4c2ab6f124027a5656b2188fa7c7
c0cb0e3f1e9d52438498e26c8ce6f717
3bba3918dd1d8d838c5901e55a2695eb
7327f80091500370c2fae33e91edad0e
eeffd44797b314e62adc01996f79f323
98b4d4e77fe61d270278c5525fe7accc
b2ee95ef1666330a896a7e34ca380ab2
2af248a68dd8c28a672ac3c5ba651dd5
9688721937c1cee140dd48cdfe7ab253
d4aa26e78db7688708be9ecae83a5d9d
674a17a9ba030dbae7a614a8a201ee13
22522bb28b7200a566a66c21a0248263
5908675f8e04c2d8fd24862a4f5774a9
0536a56f2435908ea8ae51491ac398b0
0a5f14c14f7e993faca3c4e3cfcf301e
c1d20865e7f7aaad68854fda72f85aa8
b613536c8f9284e542687fa7ce4f7948
38a754be30c604c611452e68c74b6c2c
a357fa9c6e0bc36c96f068129205471f
c64b6619ee3cbe1bc06bb4f9a77505de
d8cb965f1f8ad2392d4836aee4bc2193
6cd667b89b4c2044527a62f27a5a16ba
03e878a442c43e7ff8f9ea223685970e
f54d58f54c9af6b923d3dfc477745eea
20d2341c58306b8fff1a1c73094a2287
7030fbd918d1dee70b27ccaf8a41fba0
8b232dda27aeed6792b7268f36972595
335c04e5d926d79ef066d31449a20158
2b2e614ea36c7b5c1b414baeca819641
f5c1a59b3580bc6125133e6cd17a723c
819559f9b08584e9a0970a28862c5eb5
89c9fb64ab65d206b4c4adba6e7a91a1
68af6478bdf31870f0350ed220a64fdb
3497687d159573e8e99d20600bf76013
380f6ea9bb28f8572cdbf83cb94b9cfc
bf8972f2503412a9213d0db3fa12e726
24d368cd6b851d8f5d12f16bfebe786b
9d773abd4a41fa0f8116da5893b5abe5
05b3bc345d22547c364f3e85ce9a58ad
15d79be57ab27df2a3967ebbadf17e91
8b6abf885dfd90e366c7d818be4a4ce6
d4c54c5ebeb0380f85328cc071f7818b
3c9e9868d83a17fb96494525eece657c
b37e10b7c7117d3b449962049398ce5c
33421e15e0ec375cfd6b501e091d9c5e
b763be1700ca4850640e5b7d640ff854
e8e49668661b3541a6f0b012ab241188
eccd4d10db368cbb46f138f058f52a10
a79c2b6382b72229c51ddbea5b7e1772
affd1221c5ca09f49635f8b3748cc1a9
a2af7cc8aedffceadf7f538e479c46d6
53571b68a6d54d3243da90c7c60be7a0
81777344efb5a5911bb46ebadd4be14f
776827fbbde2a4dd6f1b0861f0d51cce
5afa5003a04c9aa82c1428cb368b2858
1c543f014ec68b0b59d868520949098c
2832e8f28b539721492d8f9859eaeff8
ce1daea834698f2444f5f74ff1c55c20
4078117ded750ac1d8f3f6d15af71fc3
912cf491573fe7c526807130f45b1c7a
23fe7a8a8a061d0715f20c81909400b7
908c7d2c1369dc3c30ec4a631fa02ddc
753f37df7701911c4abbf9e822bb95bb
89832c41532af73bf3d410548f7e547d
18b3b201b67b885c14a478a06485a1be
b6f082006e3dd45a20061498bb5c0bc2
6026f0deba26f7618cf05af6d3ff975f
aa5d65559db738631bd2dbd2a63c78c4
5bbc927b8b77ca3c2ce905af91ee34bf
34f42917fa500d50ecf781161e961ace
721f61daf5c25dbce28926e230cd4399
382f00c475e06411a342c33744848e71
8d3e241c572f53fb777043afc09c80b0
50a819ce13c69992d98d6d2bd22dc9d9
fcd018e5c320a93c3e54f14039104e63
984f2464f5ed932a18f29a55f39de3fa
470a240f2cf64b109d2fee32be419089
d11ea83eec5ccff1008deeea40da6cb3
d3a21073d6d74542907892a4d1a7962d
73716e4b5afcc5af9616875ea5c46614
9bdb73b7f611005fa89fcbc0fba0aa2d
cc557767708a86d841270f4c2a7c0423
261a5d40dbea80ec2b50a57b5f9665d8
94fe46aa124b044c39f0900354910341
4ed8d687f9cb847950aeca0aa8b107d5
f40af19e81f9f2a0936e93b335a4034c
846d1a728834a07c8046eb430326585e
0681d7528823b22147c6f1e8f445f554
bb76a2a2ea3594ad023ad9e08e2b257a
d5f8089019399babcfd17867e4a1fe5b
374753b0923a561860f5acea26f8c22e
d561683726bfebe5e53065132a2ac7f6
7d9e0cd6cd47d517e1fda1533a557ff2
365c27b7d07cd63e29af1abaf62fbd31
cc2e8e9205e12c9e2febae25bea5e206
953e721348ee3684aa63d046b4017c9f
7ecebb373f6efb9361b89b17f9482e34
cdc2ba37a644c2935df1666928795fa2
4f06a90353a1ee4ec6864241c9b91e82
252c7e02cbc0f45c66a2c1d986ba18c9
4e71c4a90023d86b23f07592d182118c
6a43497976280818a6debd816584fe92
acc301a480ab9ba94e04e8047e655f91
7acc4a99d79b39db08d8c88e3a1d5470
0c4938957b816f79d7416a43b6973385
01ec5e1083ab83c20ce8e104de604853
522475c3deb893f9b8bf914b5151d1b3
ec75ef0b5ce9d5bd7ed3599c0a675f15
5c892690ac2933e2b70895a228bb549b
d677b0b578afd2de48cebec28e09c7c5
61bf14080c432db80a3063f6440346bf
82e0f0fe68f4064b5f8439e087f9a637
ad9172edb710ca91f29812ddf7fe6a1d
66dd6ee0ec7a8d529772df832202679c
9d95ff672f2a94f66b789778460cab71
809b436cc3714c9a711b38edee403d69
e7826a9a475428e22e9bb7b155cb167e
785c2b4a61719c63a8475ab5412b96ce
0e3a73ea131ad3ca126b401a698cfa11
98a14fc99d11fdc5d1570d9efea37750
17e58c11e115612361e4331bbece4674
2b0aeea672b0338a07ae5b0cb6b5a360
e9c747f32f86603c470b216360f8759c
794a8d4c67250d7659aa9bc68d600a46
0000001c000097570000975700011a69
0000001b0000d6f90000d6f900019d39
0000001a00009a5300009a5300013d18
0000001b000012ce0000bc08ffffdb88
0000001b0000ee8b0000ee8b00008fa6
0000001c0000caaa0000caaaffffb271
0000001a000015a70000d8870000bf62
0000001b000010200000a1420001e25d
0000001b0000ef980000ef98fffffa4f
0000001a00000f6700009a050001c9be
0000001b000013a00000c4420000ff40
0000001a00000d680000860fffffa549
0000001c000013480000c0cc00016a15
0000001a000091d0000091d000014985
0000001b0000f67e0000f67e000041c3
0000001b000090eb000090eb00013517
0000001c0000a6290000a629fffe93f0
0000001b000012a90000ba9d0001c739
0000001a000082e4000082e40000c5f2
0000001b0000ec600000ec600000b8a7
0000001a000093240000932400001be1
0000001a00008a6300008a63fffe36c0
0000001b0000b8f10000b8f1ffff7e6b
0000001a000012490000b6d9ffffd419
0000001c0000f2770000f277ffff08ef
0000001c0000f4270000f4270001f577
0000001b00008f7b00008f7bfffe248f
0000001b0000d2e00000d2e00001adf0
0000001a0000aed10000aed1000187ad
0000001b000081a0000081a0ffff3473
0000001a0000ae910000ae91fffe2f37
0000001a00000d6f00008655ffff8aef
0298dde0d5fa5dd08e27a525b7b0302e
1b44ac300807d7d2826c33a1d90bca58
b154da145fe814a13e8f8a68d24e7c3e
d4c535966b13d58cd9c4defe0cedcdf1
3661c9a12d717c3c59aeb2d6779d15d9
29b8d10d77d46e891b6c2a65f54340e1
a45256ffabd4c5a482517413c7036bdc
7af629a89dd3e70188e8f68577ac73e5
ceb8998c10750b9d71ec1c0f7956682b
bcaf32c7993fdea59d58c101aa2b79c2
e9b7dbc72cba39c4a64bd693c742aab9
9d529a352237c5112a5cc33621b6b353
4374b81687861ba06680c0d03ddbd2db
4efb4867e72e471234e11f538b3a36de
eff6c1073a1b2e6b369ac7cfd6ebaa14
a45051300b78f4b2c8d63a375e3df408
7ebcc4791ded9f20ffec98bd7af9a33b
fc6f74249265dd3c203317c91cd7f026
4c6aaa22077e740c7ccc1448c2103124
8f1c7b8191019142024b3b5d166c15bf
425cee356cd962fa5af55143f5b09cb0
d395fa616d44f06b93a4feb84dafadb0
450a093b7cb45ddbbe1ed2b850f26b52
46efef166d19c2f57f7b1f20ce4fc8ac
63a0b371ce06b17c8631ea4e327980ac
4f5bfc6b7b2b38ffe2fc6d3564e4ef13
46e87f7b8a754e963d7303069ef481f5
5f9e562377d7de7d3f0e8ae66af37851
040ced83d8be236351f175c032c839bf
e967151d92c566b585ce222b2a7b214f
5b57cac2aa353633ea623313f7060563
a20a5e23bbb51e43f7a0946c486bb173
b028e9cec8cb944242d1a696db59be67
9d3630853821cee5f80a52002a990efa
192cc157f7e0fa043d197de01df3fdc6
8183ec236a2ec01921e906c11e993a03
f8173bfe433955824d513d28223f08ad
24c14ea5bfb935ec16323ce3b876ee01
459feb300b521c6c8050d227cc567293
9218c851f0524da5bb683d3edbf55935
c97324020a1afe31df8e96be1a7e447b
34a12b8ed72421e1264f7e994150869b
f4b8d2cf2cdca41f9843f0ba39b1f734
e904af3e8ca8ece87569069ed252e5b6
5175fae0b693b67d278c3c59e6e0b10e
29ff5387ee5930245b2005aafa2c09f9
5b0c211fc459717c49d0eeae3a8357de
a337211108fe5f8fd537abe1a7e733d9
d06f53a309641b03c9fca8d116653f01
5c6d10cddc0db4ce4ce9b0e94d4ca41b
f50bbaca66bb48c8e204c92211a81180
2e6a80bdd26b97cef8d625cf44ce90fa
aa042b97e9a223e3289172273534bdbd
bb3394cd76dc0a0a337f0a1b54550155
d72f5d4aa578fe6839a911e315b63eca
a0fb7eb4359e82a7f38a9783b29f1664
635526f0d0b34e6a3c0580aeee718d5c
9109b5daf999f7e64f1359d9a725e03e
b320a9b34ceddc2768104316508c295a
82ac164d739c4974a6946ed86606d7e3
c064ed73f208563c39fd953f76648d3c
e008a71b14a188d04b1e276e8173167a
56c198e95e9bc28868bae392384f9032
9c8090352fea912a3078edef20b06d91
08e49e16c9c2b1544754a73b4f611f91
793da9b7611f703ca5553e7461c25ed7
44ab33f4ed284635246779445aa8688d
6177c36b5d6c990d3e51ba22a8a92737
0fffec7f1365b6963d6fa81a7230ff47
4c9d3b90f2c08db4c0802d3a2e5530a9
7a8850be8e462f7900cebae49051b188
63de4ea9f3662e26f5ddc2c2437a3e65
5c40be74f883de815ca5ff3a9663c0ad
6d58e9f37ef5e484008b3987765b7f94
a27d9f6d2020d02ab74761304319d392
20d924b3d9f8b03686b9d5e014bf9c2e
2b3bb290bd7f7856502d13e5012fc09a
01b48abc9cd8759cddb00e017c2920a5
c2df0ab9149111b2f54649c39a0826e8
82de588f556f37063846da35216c66e7
35e8d89378f0bd6bb891ecabb0d435b1
d108f7eadbde1f8c20cd3381ac30a7d5
3d4d41f2e45334bdfb526ef66eb55a36
68198eb6e0a0934221349d2f1160adbc
653a08f82ad2529c97c7d52ad427d6e4
0248f0fe483d3a311b19cb9f7cf5d26d
418ced017bf86d1fac9fd5bedc1016fb
95c64d0221cf67835df905b08b38a4e1
a84d177e5147a0c59e2a19792f820abf
7a4af5889ccbd4fce7142d1f37b368c4
9cd8e1c6834ccfa75a9d8a40d70b15df
2e3b8c2ad55f99eaa80c5aa3ad171621
97a6af8286489c1cb67a4499659fe223
117746dd1278f59646b272d3ad53f38e
78dc70173db7e07f41340f50055fd28d
20c00d8e29b06fe8a77da3115554d3ea
b9461fff87eee3c60811299d8c6caf00
243cca8df5b7a3c6dd69880aca6e0622
e05732549a6bb515c409a90ad00567c0
e892a94cbc622836f6128d2c0c36026c
d1c73c3b38e0f3a212ef302a21f2ab25
1d7ef6ac0ec53f242c4b32b8912f0ed5
782e69809f72a0b90647ba6ad8931ffc
682f8feeb32df4ffd88e728d9a1a7f79
9ab125759cf37d2d1039f45d5280bfce
bb6a730b482e7d1ccac490b746806a3a
3510236e5b9e0612188b434984152876
85f0fecb4e3f84e85bac0a15508abab1
33550f685b81cc01524d0cb17b6a4e83
d51f1a14f37894a2a220dd6e3e00eb5b
91da32ed3b0a0958e7bf381d06b30ba8
67b5515776b33041607440aa92ca3136
20b187959b23d6806e1aa18fe8a246f0
47dd5fa4dd73826139c9c5387800b559
fd751795d57d4f4792624e70b405153c
f9250ff9f3ef07bff89593b616e7bf67
e6f1f5067ae7900057501b4ea6413672
c677befcf06bb4020084a212e95b199f
f2b09ec579d9815e8e5a5ff5b7a606f8
1b4448135bf1c99c895dc2127827dc5c
9db3920280365d74290aee71aedff72b
cfbd4602c259c3a40802e8602a0e21ee
c07717c0ffe40ff622dfc164d1790a39
056b78d106efdaff2db373bcfc1f0317
d198412cbc58a43ddc9c2347c1832154
40e42fd6d1b6dc22b355ed239c719285
1779e32097dc961c5fe3d669d9b20b84
9fd7262684e990901a6a65e583ead49f
7d6ac478605982c6df5df51e00ab2f96
806c2dd093edb9528ca6a2ab2be019de
fe4a2a1d992922328b8d5c31c0701cff
db226ac224e6ee815e42d705819e1633
928f6deb04b7a948e43852aac3f4a0cd
14be1c7188434f6a4194199963d19840
adcd9be8b26adb41fc915c1c18a5fcb9
262f5ec848e1252ca778b30ed40dddd4
8241513aa8cb8365899e815dcc13e54a
4d489886b19c42b097156ced458e132a
f543b9a6bac53c0cee2ebd8df6587236
30cc7cd0d815cd7ebfec5ad0b527b7aa
747e676c8a73a5dad356226887ed36f5
7f4de8c69da6e39bd75feb169e560a01
1f22d07f0b380c4178c9357ddaa936b3
a79af1e2a024cbe2277a2922e89f4ac9
51532cf1239349ff076c435a2f2f6309
9137882a6d7c1e79b63b6faf1b8c6fe3
90213606d5a17e872596d87a93d42639
a1d44e8028d5944c91902b01779f65d7
ee95fd7eecc0de9b23990e28ba1c746b
01c1810d2351271fc155041802063dc5
fecdc14154be31610894c940b79af402
f1488bf41aa7029c6b5a43efb9feb915
6d12a35203816f2dea7cffca2b53fd8f
0cbab1b2c39c4b9d4abb6e5a3d482821
47d1377c20feeacc34db352731993d5f
76f8e4f5b3179f4a5b8bc45d00836296
22dbbf70d649a6b966dcf2a1c9bae25f
d0eb3117ee635ab54bc5bbe86ca10ac9
59ec3a61f65e13a1eee7bf8580edcbe9
12366b63fd83473cd5294c846353309c
4104b3e567cbfccbc3097841b21a064f
545a96564a8ef0aabed82c2e052fca46
aa16e4a2e27256348a526204046b9340
b9c696442fc76dae8591c63953e853ca
5bb861078a477e537b32f3ec37722514
cbbd698e7d593f54927b3cea1328cf23
e9d254c925ffe22170a7971c7f001f0e
015b786bb1aa623f8a32ace0b3f92e51
51d1f5addd6a24c24161cdaea8e3bc3e
b43b14fa7dd37d6977073ef270a69e6c
aa5a083c2fba51e365b27d4e1f4963a3
012b2bbd0a1f1d514566c0f2131595cc
6b06c331f7631b1e79a8f2bd8c0d675a
829f271b242e461ffa234cc0df203ce7
a988899b4bef5b248681da2a789694e0
38af43ba5e39475478bab4bf6b1a7c69
a7f31c52f3eb4131116dd469ff07c27a
59ed383bc3ed41ecc7d7034b8641e528
5e5c89087a1775c888ca7d3cc57e8cde
481d090548fc0e081e6f542b1d8f1fa7
ea61bdf095a80f3abe619922c02df80e
40b73b2445959a4ad02cc2f5701ce39b
ff6a17bdd41ee84369f95df8dcd6746e
f46e07f16658572003194a5d5ad85d48
202afd564f4e8362b9a70d4ee8ea0754
1a9cc6f3d02b5f84f942435337f8a3b6
0aa76e358b7564f22e7904d1a1d37d8c
620a6a665426f321a4dd58d3368bad52
295b9e59c2e99c4849ee5c00eeb9a89f
e63db467b89dbd3fe7ab2bc45a0e9297
383bde89eb2c30b7d4af31ffa2c41e07
5a28df4d2c401c80badbb437c5da5279
13f00a4ff7dfa2a56e1627ece7093c14
c5dc2010e41cecec3f8f54c56e9e914a
86937fa7cf527332729a0af31184f4c2
5883be0245cd2cdfdc3d362c7237ba4d
64088a239230ed7a47d1d5eb2a3e7532
1907cf071bb9e9e78128f728e3759952
24f348fe3408e2215e5d3f851e84edf9
51665d4f4259ff5c78671eca7209badf
fca2f16873b6d162b10efe6444c2b8ed
00ef41db1f3299a61108e4cb04d8054a
54a8cd2723078348ed7cad64caffec58
753bdd7eaba0e28d0b3049785ab55477
cde8162af7e5c3e443e71e05a45d1b02
847c68652990520e733527df308fd93f
7b1085e0d4536aa6a556c4c077a1f3d0
1613c48e68d36011c0d3b1a72fed518a
7447b048a010c7e159f10a697805cc8e
2a68425d9f3ceff15d294a76c26b9d99
b4ea063ec8fa22d5df42f82b54d4dd0d
20e686a4a9be29f48918ae37880b7ca7
72aa3f9bb7586eca395d0b0c63cd705a
7aa2fcd61f5bc27276d3fb85ff7e43d8
9758a68fbcde53bdd110c627a6f658f5
fa50da041cbba670ef477e50ab77415c
7be6e0ea5c20d51baca2ed241df69d5a
8a3439b6f16bccc34e90d39533cdb34d
c8cff8b175495afda340faab1e361686
b020cf3f64b2ec4899c894baf85c3d74
5154184013012bc0615d34b74299e103
d5cf0944b25a92e0180f1ffd9b2334aa
5e1240e1b5f347c3e173d72e002e4b2f
b3580651d5604b8c291a0075398367ca
3df807af806fc2db4a9d97bc575d1080
9f3131bc4921973ee5f6fa12b54466d1
346a6152910483f493e5ec81d35054c5
1627d9074247cf9aa7bc35dcc10cd569
a4707ad213911e8b5f055a26f3d653af
b48a594054f2dfb2ca64085ba6e225fc
d7329d3e5b8cf019740a809a7380420b
15c88c28e5c8e7ba91fb6aa9a4d42a4a
c8e04f6cf944c1a18161c15da9d23831
0b7bcce0e4e8e19f92b2738bdab9b6d4
f567119f1bca4b2a8bc1aa2b31754403
f77b5d79506965e069962275af072bfb
80c3af171443e345fabc560800b952a4
8c1fe68e6941ece97cce87e3246a3c9f
d3519e2a3a7c24d0e9aac6e3f1e4cde9
d24cc49b471b2dcafad4bdb6bd444fd2
099428fd767ffb597b5eccee8b503f73
20c92c9e0a6f73b2f383821a050d11c1
f7fc808a0983fe64de8ba174b6c30775
83ca2c087e5331073042ecaa3eeeb3d2
13ebc7ea412b78ae275f5b73fe3233f0
36f1e6ede2a9b785ae1b8313a682dc33
5042d93efdb80c2aacec8256d8964179
3e80a1f84116bddbbcb09bbaea1fcca7
adeadcd664fd709c92fe5464d6cc5e4f
944a2f60d5bee121ff830df7f66c65ee
c9be1922d163497e842b4ed793145575
16d8ce1625ef2063060bca85415aeb2b
1fd6bf17b85b9bc8ba913f2282bf037c
351305e40fe4acd89bc265557c9db73d
b165d888caa7060d5fce9e1a16158596
9a0c97c757723046671706169de54ccc
15fbc29860ad6cd500e30a5b5ac0d2cc
5cd520d33b703f896787775e13d1ff1b
d22964fc5be5ed750741e6bd96ef2e36
acaa09209f497f64f17a017b1f2af076
33ab696fc83065858bd186ccb5fb19e5
4f6dbc3076ee4e2bdbcbd2112a482583
714e05b754e31a54eb19dcb3a961428d
6834cc0fb5eed710ce1067f4377aaad8
8a0eafc6efb3d22e7ec39ab1a8109733
c5c26d87f4758fc061f4ad064d50787b
0c22da2de7892a999d037f2a8ec61d69
b04b266e719acbcc8a5b4bbd4688951c
65b8f4340ccb263af3b7afc386f2a7a3
775e104bdf4b18f49c5520e7ff4d194f
e7434609981a98468079a91ca3d8a774
18d3892759cbbf8af2d4874f3f0465ab
159697e0b37948d7f4d80ef72966b744
607b49cfd88b7738cc60c9b33be45486
9761547750952bbb0b692c40a7e52ac4
24121c75eeda0543b0949177ff188ebf
70473ddf58b62e68315bf17a76d04bd1
5988a631d0c702d0ec4ffd84c601c89c
36c85934af08d8ba1d31de17f5cb4f66
b11e7f091846176d861c1b5d8cb683e3
fa653ecd7dcc796cb0366f26d3af9fdd
b201ae11a92a3b72dfb93c7759b2f598
80d98411f72a2d61b121b024e06123bc
888a9a3387c91705bea662856c41de24
8fcaf49b2ab96149040faf9fc9a64b64
d0fa218d6a2ea432b6b10b4998e5f296
a8577659b09ac120093acbf2a0afdb59
8020a253092774b260fc24d11b9afbb1
9a98ba87fd04a4f4e77414174a49ef2f
e53c3b9e1a9094ceff04c02f0488765f
e3909787e5e1808f7dcb32680da432b0
8af4971e357da8edf38b8e0d03fc8767
c71a258e6366ff583df64009d4b87c5f
b0469fc6b726a64ce23ac72600448f0a
5c86a060a4fa957ea944fabf1d6feb20
8a7a1c7231d82fb93cb291d4a488b728
81c2c76671888bb6881ff5d2d76c7ca9
2d89be26bdbe32a61758773d57f95ea3
2e18050b135ac8ff5ae9678f19bcb22a
fe04c0256a6804bb6652b88a4411071c
e39e7d05026603e65aef43201346970c
504193fec84567d8740a01aa1c803817
931dac7730948342c83d3b0034760ad3
dfa9c65ce8d36a2d09678cdc16c481c5
501bc8a50dc341111536dc9afd31436a
6a21dbd3fc3e74aca57b6312cf55d16c
9ec30ac95ae2b2ae426d67daf2f8a283
580c1337b947ca5d265cf7458af14c3b
fdc092e5883342fbb1a53646a63c1c12
dd992d2833aaa2525fff5ce1708ee977
9af79a9d8a4871bc620188f4bb39e454
83ca979b37b62835dccf83a3e919b8bd
620520f2e351d830fdc9eb1a01545750
2835e3c8a29cb9a3c64c0a75b6c12b2a
fd56723b061466e87f017ed0d66b8590
8dd01b613cfa227ee32088097d272c6a
c9d4dabc4010209ed3098c451286a953
fb7f2314725fb13c16725d996d6d33ea
e144faa7bf078a1eb336ff00f57368e6
22ff6e31269ada1531166155c37a27d6
79f0146f2a940cd2dda94c1ece05056e
c0b3734e42043067dc3151aa263f0a98
3652acb11992dbdb2a460a39e480a13f
8de499deae37a0c10858b60dab154d44
c0ecfdf6f975fef573d5c99ccce75e2f
e7357c1447d7630d64eb37f60b9c087a
7febfe7fb50c4de848f4bb0cb19fae5c
7787ccbc4943ef668e403b6bdaa265af
d60ce5cd2521e74bcd9c8807741b77b4
e02814cdff019120a0c97b16b19d91ed
f636df538a6ce3eccc06723fdd16a2f7
e0eeb95b8f0369e3581ac633227a75e9
a4f920dcf73dfff520a35e419d72b8c7
c273d94f984f757e51c0f0724d9e49dd
e628ae5cb41ff7fd45837e1de22d84b7
1b6e2cdfc90ba79960b2879b02043d28
3d40fb02af29323e47fe75d75d20c4cd
22a78e94e12d23023a51362527181727
c4c44281cb5c42c54b54d4562bd9a733
9e38cd6f87467fd0e7d7ebd00cbce0eb
d1a23f2d83fdff01f15f4b0e4863f8ed
3fdb6adbb8b32487941f7810e25a9b5e
2cc2e69dfa390ee1bb83df6d5dae0c2b
4a17666c3ce812daea384aba2de063ef
3f1ca1ac10871f1034770cb8cc573942
91842cb180a372f95e8ec0ada1068889
01657d83e63eb9a97a799ebdeb27d48c
568e247e9b2804d5548c44bfccf1cf03
aaed9f8dfdb8c9889a4cc08029b9cfa8
6efbd1f7803ca05f4d07d23dbeaf5712
d139d05965028a0080f7e61d6e6c9e36
c4c865aa54098d0b84b1941417e7034e
790ac6dc0b179a7a8c8649069dfcc257
86a52eef228b68caf9ab92e7077f1140
a3973c970833e504fbf51d888babb86c
f0199a8996206efb3311f057bf5b1963
fea154c1bde74ef1fad0f0d920dd79da
815263663af422aedfcde995106281f7
ca4640e6cca72d3d11ff906cfe443ff8
b49977145abb25b5f3e046d807138a4c
d3203ecd34b601c81189e9c5667ae3c4
819e2803c41d5118acbf83f27cb84efa
67463cdd2907cf5884d2c3f171d68eff
037acfadf9b26a95734b2729f52fcf8b
b12d35193ff04f7f51fc28f89b420a79
7d107316b3ae1ab16ecc1809dda7833a
0af2fb0672e121f717fcf4da2044f4de
66cd2f209fdd3e9252c21d91beb68bc0
a973b90abe58e143ce85b8e429e40254
aee5092273520be7006db2ae4520a63e
c4b980ab2ac34ee62ae78c24ea85ec5d
c5da1c3b6fb5c56a4e3b12212ead3525
7b7e93ba33507a8c9e4ad080ff59899f
f8b3e7a56e20d0ef47e4b1599009fc1f
931fd424f733818282ec3158ecfaf6c5
394e000bbd347e2875d17fa9265980e1
aad4ed87046e7f8b13b36195a14a18ad
e4f1317954e4372fcf62ec4a7b822b2d
d25a2cd6238a000aa2cddf798be4cbd6
89ca43ef8147bf21f8ad3625566871cf
6f821d88353cfa426174da808e3a1b9c
6cc68e1f30afbcd6376560d610ef90f8
210967d95fcb8ebdb63c71524d31f140
36f8a69fea5c956ec6549401eb6d87e7
36255a30eb1538f6bf8a795c48bda189
64d94de68444d099f03e2fc6cc8d85f0
1367ad81f226d9f97f8e5fe6b6035ebf
d7e67523f688dc6ef0af066aff433fbc
ca233c1f7135a899956a51dee8eda3f2
da15f0516ceb52bbb8eda910e44fb08d
82476d7e25d8155780d15d7f057d4aad
163aeded055d98c28a155b40e89ba41d
bc1766aa096437ae0dbca3ea82e4b00a
ca65d179bd2d29c362b7ad6302867e1c
46ae2370fe77c765307f5abb25cd1ec3
3bee74d9ab45a51156fc57439f13bc46
8c67482c3d22dc9a3eda15c16f9161f7
ba3a2efbad505157721defef9f9de803
2b5b7edaffdbb1fdfa5367df9549a525
019019052b2327d21b2f76cfe1343ec4
68c80ae5bb1d41dcf3f6eb9b47535094
8f3c8f875b686b11aa2138de46564dd1
3c6e6263a165c1cf6b2a3a0607d0bc89
6c842230a4f540bef65a6f47f540fe2b
d2e28ae4cc7b9319f1f31ce791b16a1c
210e758cca28e1b1f190b014fbc315af
d9f058fa50449cceb2ff2f828b881394
c9c665d2a28c2dca0ebd6c320c7ae7ef
6adef239ab830654c0ac9968b56e6ff8
88af8070d5f3227f73b98791dd822220
207fcbc95c18a04c49bb1e6190632ee7
fdb24de1a779316548749d6df0252f98
580d9ac0e1b5cccae6ac4371739b66cf
ebfc8be3a50b3fb589917242bc2c7caf
10d753a421c2178973c4c41b46a9dbbe
9847b22dc349ecbf4481ad7fc6e0a763
116323419907786464f35d9f46078685
6dfd6579842216bb01c8bed3dc779bd2
c043567b3b1a56321f1f5d82db2b2e3c
6bc9aba2b78d41fc6d3e7838f74e6d19
654e45102b7b3b68a99e179e18339b2a
400f90f2de091d682d6916bfa8bcfda8
8a6d88e8b330b90399d6d6889afb6c69
8e881e4ddb2f9f50a7f0f4431c57aa3e
c7aefffeb6eb376d84548e7028ae3857
2e687e65bd928f94db408bd96e08bac8
93d4ac8f2381c8847a0ebcd037b6feef
248e3e6fabc4b19be5ac7eaebcfb58b9
84ea1f75881e624777f04d2ca880be52
484e0ca3b900f279c42780dffc43fb5f
2f7a7494ab54a196b4559cacf13ca0a8
581bf03b7861b9a97e3a7e6b55625e85
567e876ad1f13d4dd35a56298b80d86d
3fb03df9ae3cbbf7d3cbc00ba3befa91
b84dc08ff88d9beb0885f36c523e654b
a3e34bf3152d432b7eebf2b109f63379
7e9167a472d7de2162511f073bdbeb17
8e04f4f5960de84346c7261b1de7a261
f9b0bbace4f5d096d23c80d4ae1c4221
bb7fcc7b894d02a0423362c3cc7529dd
d87cfb51d94ab672d0a36618460b3e33
12172f7227260e0076d173e3dd30f159
6e2fcd0c945d73cc070d5cae442c8e12
ce9bf2ffe45ca68429542319f5cebd0a
2d86cef2760e748dcb66485a164bcb13
f3877b7ebbe8bc6305b704e84563fc75
1f02e0c6fa89eef800cd86b3afec4074
9325666ac8260dc4ba6f4bc46200934a
ec488539bb8b6246640036ab11761471
0db61efae8eefb0c28a685cca3968ea3
e416f5ad6444705627a510dd668536f6
ab2b6ad727e61e7cab9c87eba8385c28
f156071276094bff78fba0defa72cf7c
dc7f84f0f6bfe6c9428fe67e43a12e2a
3f59b65fcdbd953da72fde6c2eeca0e5
53522ace366e5b88d76301a11f487c92
ebb2d2147c79069fc4ff9fcaa43b276a
e07aa178bda6bebf8d54f0c2e2505462
534967db420e2fe590ecd2e86827f484
5746fb542653d58696583fd99d889d02
ecc59a3eb3335458d25f027a65185b09
bf7451097d16ea55fc273e06ab7fcdfb
2cde411d03225d8e657b28f1463e34e4
0e87b217de1acb310e4af348f620aebd
42f50807689a1567a6727143bb345509
280e771feb73d5a7cbb32d02beb3c04b
03f910e27f6c1384e210e282eef4534e
9c2d6b344dc0c50e5aa9966cb1e484b4
699ff61f50b21eed119af86eddf7551d
d8fbff2d76ebd59a342160368de56053
550e6a0713d4b0e5dc4e2f032e1c43ec
2e13a23d8545ef57ae3cce6037dc82ac
97a667ebdd9d38df9aa8b168b891edc4
cef54aa9d0bd339914c125c16f43f286
74aaa132195834d439bca691fca262e5
06dfb34eee6225788f51ab134ecb87e1
972201edfc41101497c52dbb8dc108c4
92e959adb761064e1433651c82530330
d7080ec3464e657918983f23ca55eed9
432e173c0c03068894d2cf7ddc748877
f64dfe245dd33414908065e599e3b709
98fd5591bfc3e4e8a4169fa76543a81d
2a28aaa132821a8f6eb7d2d8b2ba57e0
c7de93b7353a32757dbe964376366fc2
6302afc0fed2eb93c256797bfd58cbbd
5fae8ae2f3f0524ced1c2810d1193e3e
75f08cbcc47553423e64ab59e1bdf0b4
50638f562b2f8d03381c9b8ba16b4068
1ea9e1b54a93ad4ae5ce9e0b8f2bbf82
7561cbb3e4f6c38e53531fc533b41970
f0d7d4719710c688730e85ee79eda293
7c6abc1d2df0a3d26872ec81a9fa5dc4
8db0e81912dcd8c90145df4f12093b5e
68545003b857fbb2cbf56365faa532a4
36232108f0eff0b1cd95921c5e2f4f31
658c5e3d82d7c70f4ef28028b1141a3e
7165e718f958493495e292b14e431e68
ed1101991b4314d46c00313fc3886beb
e7223e22dc3ba481e6676e24a8affef2
247a457b57e546922097c76b0ae78ff5
02138d372e49bced65e48c624fa11aa2
addf050c50291577840c55d1730156e5
037af0a808b124e56838de0332227a87
a2e15f060efaab9fd8466772c359daef
c0362e3a79e2bc4df3e5e772fbf9cfce
53fa5c369e584400db85cb73862098f9
80c624d06d21415bd69e2c4d05811204
0c478b851c2c31a083d503952a395bb6
7da64a4962a03a6e1349a56468477ba2
102773bf58e50cb7045bfe9f1c53bc67
175b3f88eb2156e29010850982e3a1b9
9793e97c6d9ec678c0d15bdc8e3d4384
53bd2917afa3b2e04b83153012248272
954dc9669852644566a6c24b24b9758c
3124fcbfedeb19c4e3143f31028cc5f8
c95d0acd6c814a43de929c9a988c8a57
3a864dee8e7bd9306d50675adfaf5b11
4988c2ac301fb7e901879003cd3f0a60
7c8da98c23709b4096eaf87dfa7c2e42
7d7f62c918c2b2a0d1de04a407c5c321
c3ee4cb57bcb0cf4576b4d1fc169d60e
0c064e6588fcec3ea23975fcf3a852bb
3f381663451ff58d434b4746a0a20da6
055a9912ef11e8c4a831e0ea438a5059
5dff6143cfe9fd82e92ac050235f8b3c
79d4e4a4a504b8a01900ab762784dcb1
794b34be0028fa6bb5fff88f170f05f1
00e674ef715f5214d71e1bcd867e5150
41a9395e863b0f2745cdef97595c9ee9
d85a5a1bd23230af3f5aa03c911ed8c0
8a71f186dfa9e42627c530e444237a31
f5369e4cd71c5ad83a2552eb283ca07f
a903d76fde7a583b19c43399f9a7ccd7
ab7ecda103549fcbc4d66f2b7249685f
df25339834c49340d772d13736b4c690
b3524d5b6a0096973afc1d3e2d8cbda0
bf89168d44f78b4eebcc945bc5af2892
da904f6e34bbf8e65062f0e0dd7ca5f7
8b6aede7dc5870b264699c968f6e7453
6d1f94da710c6b061348e9ffa0de774b
489f1753db965ee915fd0f0bc64752c3
395e16fe5abec00f479f940dbbe5f02e
64501b3b4833ab7efb49868c3b1e5ddb
81f47c02293ce697310b1f63dbe54f9f
f20e317665ccfcc6e477463037722060
820775f2300eb8790dd671076a0260e3
bfb7b55107d227818bc08392bdb2b957
fd91bad2a93899ad95c8cd2f52823daf
fb6e359b8fee75fdde2949bfe850c574
2f0e993f4a04b574dacaa11df7ff3283
036d646d2f1891f5c15e85cc073709d5
9dbd24e632894cebf1efd8ec8882cefa
8c90808c739a45e3c6bea9ccbf198e2a
6c7e7b1cc8b8d1614ac1a27a27374315
7a7dff478678a3004336c15561a62e38
dc1a461a7a145ecde630f7293f0d9f5a
d122f8eb8b913442a959ab41d62272a2
db152da72312a46cbb5a9b656ff9214a
c27d2dc722015de5fb5a57e8a9f407a1
ac85ebd90f11d91e3e26feec393ada6a
0a8ebdaf70abb4c376472c578b8d44b0
29237049b639bb709b4edaf869e594fe
4beccaacfa59dce6b9eb867fc5932008
3af1b38ce2bc2afb672d55e18fc24265
401078e60458934958ccfe8a02d99563
7abd23d37dcb715f1e42c8e99a5be849
d90b870df8eadcfa9aa317a4ac1be80f
8020f247d363874c73fc3ff3b3d8348a
3554178eda70c6339fc18d8c923c17f1
ccfa8920c3dc58f841186c776667b126
f563dfd89e28eaf0eb2a4883d5c8ad89
13478b82f34bbb59b29dfb11a1d4fe3c
9c564f7e9ac86a41a8de13228c2839b1
47cdec5f739bb733a0c8289f0f0647ee
f11838a70158d091b872349cba43ec4d
c1b75ddd1bafc6cfde03b9d20f64217c
41479380c588408d9add40e960ea82d9
91180e7ac42034e8963d3b00ddcd88ec
62ffa335507f9b412ed5a9d4cf531b53
cf91a6dac4e260712465fe8d0039edeb
a8950597ff2175f12ba3de6dea6f3985
bb2639c72b842e03e1bdde1be7a236df
2e667bddca55919450af208da4bf05a6
70e1265d76cb6bc2da006a3ad34b5c7d
675fad6a829d412e965498a07613f228
6ec311843572726916edbe14b0aeb2b6
142e46c445326809f82da7f1ed39cae7
f196dfea90d209366bf3d90ee3b32e6e
32aa4e6ae182f1b4717458447ea11894
a30f50501415a7eed57e70350921f861
2d3cf9b9ab169861f73ea6878cdb1574
ffdf4fd068a573edc55542fd0825a1a5
4e929601ccdb18ad548b7e5b828ea655
4b2beaae48f18c8f5fb4b148cd952ac2
94179393d4eb0ff01de5b9842747697c
9b803526df37e9f027e10aa5177cd5f8
83091aa6929b4d48c25cf6291c524af4
3b90af002c1418130369a53172fbdefe
9041eacad9ab79171f28a2d3bb51f71a
3b23ea4bd70f1ad91059ada8dad8c9b2
a06f70f033e780ac4fb5c72e08506caf
c7b76048b68351940fdcc66cd6001737
23fa78cbe9c7f84280851e250b63cde2
3d958febf45464d8304e545c80f80588
ad32e10c43f1ceeea94ad138de9bcebc
cb5b1f9506420b4bcd38bed7e47084bd
e92977f34c29d7c62c9bcb646802cf7d
769bac88687e7e028d0dae88d4f22ff0
e1a75bbd2fc6af9b979b28915f3c0d70
de586573a98e2afcffe387376f8f1776
c0ec0eca2da04dd6a51f8edda3abb149
a017997252991c2817a2dc2a3a17e53c
8fdc0eed971e00053f7db576f6241393
a6f711d60e5514b9d38b343d7f1807c7
c71fcc99cd0854e37e09cffcfc23a9be
a375e244c5e461cb855bf8cbf7fe634b
6bacec7b24fa16213b9b82f128b2157d
4f60a2e153a0c9a54c949f28bb45764c
5efc493c6bb11e56638a2b6b625dcb43
ebbf39474c616a4a527e0461e9d39422
a0f393574557482c0ea34afd876dd917
ddd32f134ebbdb703d5a391095ea32a3
55528662618047f74ca343a6b9e507a9
99beda8cce69545329cbc617a15c51c1
cd53f41e50934b9fcd278ca8fdaceed6
4fb1a408e468afa198732a0dfff9a78c
814dc8414177b8ce769b971151f18b4e
a57f1f529aae12eda36fd245f01784e8
0d56d91c4d41f94bb1abafacc3b3ef18
1d2f7c99bf3b8b866757198ebdb51aab
5a2814e371c396285e3652416bbeb7c2
a71b82441db8ad279eef013af5d23460
9deefb55557a8888ab79fa699bee3be3
440751f94684975147f57638a92b10d2
aaa429befed0c22f0508a40468726582
d8df55d331b7ee5288b6e0e9e3549b0b
8fae58fd29d2751b523f88e2c70020c0
aa984879152493a5bdcc8bd40a8ab8fb
ebee4ec2fd46422ea8e89218dbdd7ad4
54e117fdba4c53a5453e203574aeaed6
884faf6f5583779c79e3c2727c7b8d14
1f29cead24085d3911a1741fec28b856
2de1a9b3f7e35981c885f7cff6c46829
24c757fc26f5e1285737252bfabb7baa
1bd2d8baa777ee432cc49133fa64c383
5aa9ffcdeadb1de50ee81cadab14d518
a5aef4349940d1d509fb110c948ffda8
9bcefd735e4116fb0a798b7692b75d92
51fc9a06ce6bf174dcfd35aab0a38e78
68777e9b859bd8bdfbc048a64c6724d7
d31e8b9fc28129c5e8bbfe78f717a0d9
bb8df6dcd58c253262578d657e4a7fc7
d51a7110a5529667a5529c4d2e937e9d
fc184947aa9685f30fbcdd14c8358683
c5c4e28fafecbadd172df160dcecbdcc
db1223934eefd55af2c7158c52c0aa41
91ed4f198ce7f1b686eb1dc2dd4ed12a
dfbd9fbff1228d075bafce26d3ddc04e
9170aef9c66ea190034e82803e5827e8
1532eeaca1c40499ed7d1fa7d173b207
462011cfd41b574cbaeebb1092785662
eddfd8ef158f4f2c204871bdddcf4703
6ccb88db57afa96a3f4eb452d30f5f28
2b07a2c3e91810b0e6d05ac36e4a820c
1ff80e266262c2d09e8f79e422b29444
28f572064ac70a9b5588dab412d55a1d
94878877de72c9408a93abdba02598f7
551977b5ea75e16c5469a9e84b294aad
c4633aff9fe3bb2a3842ae781771622e
374ae41874e2370871cb545f10e5b4ae
12930d69e9b48b9804443f5046e06d97
6fa2c128b9d564b40f42668db7d77460
f9cf957ddbdbc7f8aebb3ba872b7a559
ac61ae007f05641a5145150be5a7bb3a
379887113de2926ac92fce89a83a710c
99c18c8473a9f10d71716a5d94869e97
47054742c969dbb1bcba37cd78670b14
166d1f599b1f5ef1d018dc926398edbe
29f0fddd9d8b18a3d17fc4ab89dcfd5d
165af580ef403a6807760a6eeea1eabe
fa519e77a2423667b43fd5087325977a
7bb034b768e92e13b5e3d5f07f6bded0
0318f7451bbd457c9eec18226b8eefbc
ade43e4f6b9d99fdb2d6573b876ab22d
03927b448e8c5316c1aba92c9897b9e8
358a86f97121443c000b5b647f827910
ad89121d9882fe36beef7ce96f7445fe
27c0273e42262c2d30e7e98fe6868faf
03f6edef967b2a2005dd4525694f942e
e83b55202d8448cd95854fef63b91e88
e8b020df4ddd84bc65bf35a9decc3be9
958a865b43d4e3e8c8373a2621a52983
e508aec5bbf62ee8d4da11301b9a5234
55ae5f9c64af5cd58b4627df03e9bbb4
439b6f079bd019871ee1e921c0e694bd
5ae99b9bbcacfd79a903d0fb04e4022e
df471df554cb3c5763ee1acd21efd3a5
da621720dc57178ecc6ca82670f4c346
eda0cea873f5d662265014a9e314e57c
972dfd3483279bb0baed60d85a5826ba
a216893b0224d5516429a257d723f2de
3a46766a72a7f18924dbdd937b58a878
0a8b63ce72209ff5dc1c29fcc3dc5899
eb47c629ceecee47ba40ee4ec78cfcaf
2fcaa830dba1cea677edc11a2525cbe6
85c58bd6c069d41747799407b3d5a8ff
34453450c02c70749996034d2201bcea
a7cb462ce759fe65c80132485d51c0a0
b19941db28b24a2d29eb6a18db1e2593
ddcb7a386a30d64dbd09c2592f823222
fa6b175ffadfc753e4de7849c281a266
9431daf35df31b4cb90818020b554fbb
b12f44932a28fceba35eb43c6f81bb9d
e59c07b4f79bfd51813b01846b6b9de6
8a0f948d9ff15538bef340f998694964
dc911ead6c03ab0bf8b645f0526f0687
66782b2a765e3c8f0f77b3154eb0ee7e
222e94b55f4fc97f4b5d6a73ad23e27d
8b0470930618a1d541e8c5a56356db94
55fb5295025fa59579c6121a1d27619c
da2700a325e7c7a01037254847f3239f
228bfc357b09979a6e3725dfaea9d41e
6c7efb84c66f4fb10a73d399559a5225
d47ef77179e9b7d092fc82480806e57c
c9cd261ae18db9263e434e199aaa3df3
3c2f482c6243b6ce3450ccca2d2c2804
103177a47019d4b174ca5777af6ae964
8e377d0f20b97f45e3670ea1107dd66e
ac370d5b7c2837c2241eb71ea61bedb0
9c591191b730519554a03b2971c424b8
9af8da3f730a033acfbb9ef1895e352d
c1495e36669c58269d4cc5f4fffbf7f3
542000c4443b29ac5d2831825aca7f8d
a0233c9f085fbeedb0daaa21447a1143
3a0023537e2fe3e0e59885b0d6f92606
8f22de003b4b68027436d7373b7d2778
5db6c874f927da54aa7de2223bedc87f
86d242c35682dc51dbc2ee6f8462e5de
e4377d1701bf3af2ddddf4d6083f56ba
6f205661ae72dacd46cb79f340035413
c50ec56234cad6b8ba454af34b6fc7cd
26cceef119e08edcbd02a89901d2fb15
b541390f54dfb474f4e5e1625fdbb254
50d7807d41fee687ae05509e8376f501
b03db91e995b2b06c8d8a76a69746a0f
a8ba2842d048c7edae36abdd32609a51
c8afac0fe744069b369ff83315a69eb3
eb61129f48f2793d9fc5b5a2540da1d3
624013a755b2aec95f2a40ca953749a5
ce7dde9855d59aad68d60f172bc8242b
ce56cd98828f9c3eaac7964867717427
4c120b3d84e19709dc6e846e1c51b6a4
051f2b630ca1c0d3194701b790140d74
b7371e12048d61fed24c1f7eecd1da0c
e10afafdab4c9f72248fa81d558fce9d
00be127adef6ac091dddd0d993ee2b93
28c90c695db147d76aa6f2d481c1342b
d9d4a3506cc014a3f8795779fdf9aa30
23f26ece0524e6333f1bb5d011318e8f
56b704bf5775ec691b5f62f01e29b082
794577f08a3e812c2aa5cbe2ba1b5dec
36b4e37da54946ef6b21eb070249979b
4fc3a465fe4d037ed667760b30700c7c
c1b476d3286acc5f6c314a920221664d
a2de82043fbaa176c2d9667ecaa7fc7b
d072f39b8a3a3d85a30f8e470289265a
e8a366e4aeeb86f3463fbcf91b3040eb
5359492341c9b1f901b62d5ae8c96185
d80af991fc31834713b4fa0e8b4e24ff
b682db2d11befcd7d3e4de7163c58645
9ac053c3d486e5984368be8e9651fc47
cf2dba0fbc9055c07d472238633aa339
6ee03b88ba47184f723ce836c907e7df
d46bcc87c235795de418451cac4c7e82
115cbea2046ccdccfd3bddc31c089c81
d4c2274152c906375a062c3e10232a00
cfecdf4f2421771ec1e2d2b058531ab4
a0a49fc4f7c372037bea881e7453eacb
7cbe7b5e80ae28fed0df5c80fec08f94
4cfb48bb74dedab34307f1cffa0afc33
010191807e016e430369fa5603e1b35c
d0788fa6cfcd42372a25c1efc9d836ef
04f31818dd32a3deb83f0db9bfd49416
3ef77d5068d3146b7b520d50747c56c6
efbae4d3b1c22d7f60a3cd3a7ac38824
95071a85c1b1cc76ded4435c19a4c55c
e5e11839c44ea8c30f0bcba906e0f534
1801517b3bff186112da39e96f6b33a6
bab8fb62e35da310a1a493b84e554882
f346bc373cc6e6f1d51e8769daad6904
168a6331c39f044ca0a8fc48e90f967d
343482f8eb2f6906e64a4aadd8fe1d6d
83d06554c2c514c777b02f3c2dcee464
53c5b8592190e2bdbf8e94e60a3a66bf
37af91a5a5287ec1d6493f64afcc11e4
9d83e23a70807c20e0f230ed32c18533
bfdb11c1b1cda753e1ef7830554639fc
5e058601c9205449c6ed589ad9fa895a
6af87d76d70b96d3e0f401973e271a86
08e213246289b780c736ae712b20859a
0db3e174f85dbcae6011438d631166cb
168f8fa416e184942b2519d932ecda89
2f5d251485592bd20850bb0b378570d4
6ba56a8b9f69ef73255ec61b6ff4bcc8
d24981e4849e07bb25d1f6b8b09e0573
bf0dd25cbea8f8816c33294e0a50027a
6c1cd9db4bafb94d63441b39f6e03f8f
3507e6309dd226cef66b3aa8ee65f0aa
e71b7b79608bcd37b63e58903e92aa43
2d5411172002d7140b0e293a92cb3e3a
4a462a3637505f4d1ffb2dc573559253
d047f5d5ccd3758770adf5569c7b8d05
4ad58cda580c702090bbf656b49f19d7
c5a37e0e7c006523076929b328ec2aaf
e8381b3f32085cb9202ec2fd01914b69
18b177a8ac458b1a8be11ffab143a80b
9816ca7593e82ff98a4b8b0f26c33332
c1fb27bf78a1d044395ca3fbf2a11e7e
bb1a5104935257d346bac35cd4dc3a0b
faabef4a1186010f6a1be57e87de00b7
cadc7121a2e0289adc31f6f6896b6383
076850dd016a252fe9ae9f966dea7116
2db5fff5f00590bc76ba3faec0a6ffa6
5710728c56c8a4aed6f2d52b1356149e
c2e2a57c7a79429b0fde04150ab64b59
0b2a3e9972490cdb8ba08cf1deee76c7
22cdb8d39945af044ffbb09b7111de21
7421ed05fb28a3f77c8af8e3cc72c218
6aa4f9a5be87d745e011d2ba93b441dc
3c2f917f8a3436eb3c6178692f9c4434
ee1a8aee23b4efc1d91dba1b54bef2d6
970a02d51c43d2aff70d5de3482532e8
41aad9a63fd17d69a0db20585a80efc5
de4dc970f315c2e72b5fde77157c2409
278466b4d0ac239a8ce2fa8dfae8aa34
d61fe6e23c524e479949f1e9cdf23c6d
f0a1d4a18b34d6bd2af5d8758ccee973
83d712cf5ab16c90d5cb82e8fdf3c98d
1ba902c6a3bc7f72f57e6719848ff205
3e1e0275e92e0f97ed130ae5bc324a61
e8b18326ed29f2bae4cc99638b49f4d9
8f25add5ee206b4d7c8e16d89de4735a
7ed46e3b1c29d8b5ec93cb5c4815a557
9faf2da485fffdadfd62c6f3f39ffb19
da79c57f9aa7c4227bbe586f4127b4d8
6711829bd0a974b58722de065665c600
82ec423490625cd0304ca74b4167faa5
dc069fc48d7535fc0e498f6243a5a1d4
edeb75c43b5a887ccc125456c54790e1
0dd059b24dce84696ff34efb980669c5
28e64dc6438124459ed030b1bed81947
8a2f6e3994e198d0ca3b49c7377b91ab
69e714d1b81b30bce8e7745bf222e64a
c669a4e44da38a5582829c7b101792c1
dbcaf7cc5ab1fd1495c84599287b83a0
065f290b094df72f15ba5a01fb15e8bc
a5be3a0b8519e501dce8c350c3fe3d00
0678138a5aaa5cadec01ce328419b725
a2f6df4e2a1231d45e733105172e5162
7cd0cd4c21966c84ea3658addd72355d
591ffdbac504efe507479c69b0a1f778
a0e6e0d9d1f3f71bd333984c944c121f
0ba90296a6d0d71c192d21ebf488f0e2
816645c8c942bbac48f1ea3ee0c65309
8b4198c6841f2a04bc507d0b973558bd
3b991e85b71ee8cbb64ffe341e86a513
70f7e8e4a788b7fd86e8585cb85b8474
0b7a726f108023132843a76b0c283008
0494be3763e8c6dff1e7209f9ee817ef
226293649dc3d4b911c2ef2d48475b23
1589e598442c4e02e9390e5cf4964964
dfce14d400f0f91a84eaf95f6cc9f494
e0d3f832646d209e4fc0ffa71d501fcb
b549894df0f761cf33edffbfbbaae922
f048562119af1642c97016a3f9e3546f
555a3eb862e28d8d8e003e46774652c8
0c4afbbcbef2d959b1230c8c5030c46d
f6cfe3b36817e04c1eab6ecef1a62529
97fa588d70ba2a3b90d688b52bf2937c
7f03507813fe1549d2dcb2181fb99191
ac7faad62ccbfb36878d1798ef25b79a
8869cc98d3d6dcb3b5c986495aecf6bb
1cb717680ede03429668ffc922e6e4b9
9d091aecbc1a7fb90b615162f0aebe69
d5cf7ba20e25acab4c78a644d36f5da7
465a458513db2293fb70a1f8a99f711d
13864af1878e0b9c03dd6a5419731b3e
ee210585f724ef54501671a69f149dd9
5ad2af0d2e4b9dac1d2e543fcfbe2b5e
b64e9495d90163eb7d9ec317fa9054ce
aa0b31ac494b686ef025bf80aeb6f621
c874e37d8bfe51a7f61c3269ff9fbf63
ae5acb468644ce4d70c5312f39ebaa7d
998c1a413113a7d9a1b825e22a7feb06
c92077d1fd0dff02223676230051b4f7
85775db9a925c0fb75930654e838baa5
edbebeb5cd8ddf26780130cc6baa2af9
7bd9ca6d94b82893b99e8aa8fee12c4e
bfd9a11253c33bcdb85affb1067f8605
1ab01cc8bcf7ab324509ea8891956c0b
1ac703cd2bcdce3cce567749e0f28e22
f276e645f2e9c0b2141f6ffb0af69629
8c5c1d49528fb79d4bd7d824e0285466
099d4d516735262457c87d333c7ee639
15a3700b613127703559e9a5cc076a78
ea8863089ac73e8bddb440219dcdbeb6
70ead8a5e668b97ce8a8d2169b7cbbda
d2d5527b0611d45ed56e1862bd4636cb
e6d9d1874c2375f19e7384613ad72f2c
630cbf35d71af9dc57464472763eacbc
ce96b8ec8804f23f8bfd58b620e34069
cdadca648792391489bc45345ca7beae
ec8051027b3fde660d5612049a3c6615
f5e10dc8250189b6e37cee8fe6d7f9cb
b605caceadf07a54af2114674088e2c7
a29f42222e8484158b504148431cc306
72f1a2154e122214a359484a7e76957f
825e58f8b3e77971bc490b1401bb5742
7a7238aac5dd7cc14a20758ac8e620cc
b6c129208691bbabe0731b8d352be1a5
9154fa72affaa67aca6cbc0a23515604
6bbd26dc4377462937e840afe3cd8749
bac605390da1e096d9475b0b0dd6aac3
376e7831c12ef1abfdcda07728c06377
c2a676d9d48fec82f1b063b2a47859ca
12267612de02ce9d49d0347ae118cd27
d3b185e71740f8bb4a30a2ffb1514d8d
6f3a7a11e7ca05fe919264b398ca0ab8
833bcbaf9b14b90b206b66672fa2d9f1
f6387648e5e67a5f1d1e0338e13461ad
eb7766029c166d6efca4f19d7921d2fd
12fb2c24bcbfff42c010fe91ac9e710e
77adb3ca2c3a46e323268c1c6c5fc5ca
dd07e2dd90ff000fcb7ab1e9ba6923b3
cee1c2b6ce12e149bde5af035343e2a3
59d07e46b2d00079fcce1f6724d04286
655255e81b539035a781e108a3b63798
78367c6e3052338e18b43e77830c5051
8cea74d24342f66d6b1929a25bce9d41
c3996106b07cb356218557c4321865a1
12f578183ffae1974cb9ed0a15168c4f
60a6d95bba01833776281f2cc015ad80
fc4f2a9707199d85cd37657afbfcf2de
c81a2151da3642bace1a0c50a09db9d1
00f29a4be9f851f86ae7cc91f9bafaf5
7db844765b69537ab2d50a4de7941450
449d2cd5d5afb5d9957423cabe6ff77c
7d3129f5c0f711dbf0c98920479bef94
ebf8849813f2d46cb097cebe7c07cce9
ce6e894f9aa1d2af0539818c9e0c6686
40c85a2d757fa76403adc65719bac92d
afcf456ef2bda00b3df14ff4894c0978
c3305da6cb84d311a6fa5a86cb12a94b
42cbc7a51ffde6b41545d6c240a23c7d
62a03b7aa93ce4c89b80319442ecd768
4ff282ad043ed25f6d633a28d41acc31
952b8c1d0060f8cd9e9e6b1314d995ef
4b2c17acbeb147097cbdbb2e497d5f3e
013e6f9fc1b229a01529c587d9b71014
5a6b3b30b08a28de76a61d214d70688f
ba83a47e9ac77318008b48f074b088be
6691e50681299a42297c826a363e1725
3c8988003c465140cbbd49f1450dd435
decb6f8f7b87b2462875235a247807c1
80bb6018e884d543657ff251610ea5b9
d86a14002dfb9e375890dac2d1f5b860
25d6679e514840e669cf1cbb04a970f7
2384fbd6c4cf55face5b744a54a2e48e
5df8633b72f8bcdd015a0636bf7272fc
a133f0b8489162e7f62280c64ab5f3a2
12f94aa0d1befcdee7d9c6d55b86d2bb
9bf9e79a3f63b577bfb9581159557f33
7f8f8b333d70b04a584c22d836fc515a
81c17e01f01850b382a06ba3f2948ddf
2c46d6d0e058705d3226de86684597c0
588cca4a5d775a6946b592cbd097197f
0583197f5a12232540ff18d3c4db93c0
a613749cda99290b467c8d4d462d2daa
154910d00600070fd40b0c892a765cf6
034d91fa7de1d0f138aa9b1ddabcf407
13792f4d83e5ee8990d91cb9eba9dc78
f230d34dbd3b9279bfeda065a6301aa6
de210997779221449e6c0d3bdaa2e2a8
a4da45b92534d4e9812d159b3568f4e6
2d77b54cdfcb0e945ebb4a277d398817
3efa0561e40a5fb5b77c66d56a930a07
e635a7da583b6c5c0143dbbc3fc1bfcd
eea4939c0ee5e0557cc48288706e5303
3af94dbf762dbf3700c9c0297d593889
5a4f9b76b38c6bd5f0730863edfeab0d
935806c475ae4289de9058d4167b0187
2c7aadb78c027c9467890fcfde5bd03e
026d8ea5b5ab2ded6bd5e64447260c0a
6b2d280d04df7ca65ac568a6314a58e1
c47cc38af9a86e7c027d6956803d9610
97a6c849433385c29c7ff506287b5222
a39b246e18a679da0b6976406d590bba
2b03e96cc285ad6fd7405747788a8972
c87ea4b339fb419ac31ef82865c88c9f
d6c470dddf226cbadf982eb5464d1627
6df74b1cefaa4ab8ee2461cb02184203
7020c4c8d01d72634437c11902fb9dcb
4deaf3b41f84d5bbd658f9e0574b5a63
e2602e565d528df403f71f8c0cdfc49c
f1793b654ddc998d6bcb356d5d943302
ad2d80212f6a2abc79b2a686fa525f0c
abb25a8c26fc488356ae787ef9d39323
fb022dbfaa75f356a6e961b586e97244
d1b5b543fb429385ca01a8c89c6b748b
c8d20d24a48bf5ebc8bc44d83445828f
99fad998ca6aa0ba5c0f6d23b06444ed
3e206537fd6e3a5cd3d8468c2b19d0a6
261bc23a0772de642b36307ba514f9ff
ab5339ba37f83a0c845dc170fa9c18eb
62580b64f53e252c2d1d1b21d2bc00fe
c61de4a64ac688e7eb97dfa8e52f3c57
31b9c19562b07721502b702317c227be
ba876ff16b871d4af3b56eddf82a1c8c
173f3117a043131ff67d021140d7f9e0
ecfa9eaf04ea81ee4bcafa938b6b3adf
3791cc772370376006f2b2b81debeac7
cd92f4ca4f6e64fe45d986e8d9bd394a
98b59c2b5e6a44a6448ce7fa8db1c4d0
63b3fe4158226ca5386822527880b01f
7db2007b103f3b7314098cd342e9ff44
eafe279e82018a2f030006ee3c409e40
5aeedcc62f763074731067a1615a78cc
c4e73bbf51a782b7336e2e3888169ec1
44a5825860b969749e6bb05970761bb9
6ebf18b0ed07f00772634f2be71b5d36
34d3090bf4c9950cd9b7215d02fad233
342b06dec44f7458fa3144b6adf76803
b68becd64397f1c501d462444136210d
50b7c680e900ef63ecab543f2f76edc7
f323111fcfbf00d6feae0e1c96ab50a9
8d2618fb3a2db57932fcd340106b890c
2de4380600e3df4b809998341d4ec17e
b962fe6ea95e327fc89f803de360cbbd
568eaa50e469b83bcd7340990067f69c
84bc636349463bb06574cd18508108bb
5909e14e6cec5ec0fbe0026cbc249f23
fc484497e527b452cb9bf008b60a34f7
e28cd3f00d75cf20e65000841c9553f5
ee01c9d33adad3109da8cd63eb384465
1d04de14436d11837f3edd811fd31c8b
bddd89fe7f3d22d0235d9894cb36a0bd
99b4c685a0cef7ab7803387da65cf63a
3ce4dbdc9956f2c9053a055e2202c68f
0eb47aa74937ea0ff7ba7b6103a90d43
273ad86932be63d76c7cc1635813d67a
b02f77f0df60f08c0c40002e3fe7794b
d09208fc23a6be8da5b65bb783c1f5ec
28f6376ab6d080c0314950e8b4863695
43dc3b487714f10728f4168ecee84b34
9049dd6013fcff5e5a1fce0d9ec64220
d4a44a7d7fccbcf350ffcf14d8384cd1
5bb54a560023b72eda40d534ae268962
ec4f9bf4011405b832a19d71d4b8594f
7252ee5cb692c9d61798fc5555f3316a
b375535fb7f9398425b3a66d5eca0d37
1603e184f1095100756472f87c3c4183
84bc04f6da1bbfb7098cb4e17524d69f
3eb3585a4f4b18e745128329c8a3e3aa
123f730bcf8f91a252701d3ae7d97626
e8547ca2ad3636120d7aca1ebd4609f9
480eda7dd0916ffe72f57531ad6d803b
25d432be05e3d8985479be16ec7c7733
66e7a3845673710e0206eabbe3f12609
7691f496a4e5a439ea584fd44e4303b1
768fee4721296166032042c35de515f7
6931fe1358ff2cd0b726762b5c98ab7a
bb48f32dfdf8abc494829d1044cb72f6
b86e65f4dd02c81f4d210cc528061ae4
b78ef839eb0943b07feb2c24ef2443ba
c9b1d34dcbec4c828ffcee99d6a3497f
1c8afd68c39a9d4688213b158afcfb29
4608a0e26180084acd65594c00d4f297
643f7a1f9d7d1d2c9ad7ccedc5612932
c239867fdbab10cf4be108294e158c5e
4164dce0df71c51dfd0ed606af0e66b9
277a9ada38d98f4c837747e5caa2a3bb
5b4bc55e86badae87e05aed2b0474490
13109b3cfe00235fc0a0ce9c5fd6858b
9426de3e76639dfe0b2ec65b9383e843
20e83c09da3c0fe1f60b91a465dc884c
dbe506cfc5e049796e759eec0d8aa607
90e274f40a23cd97ed31a77085487b22
fcf90219df8e3fc53fb85d02dd590232
a9a69ea2e22b2d641cdc344a573b6767
a6d15041255ecc36e6a94a34ae85713d
460600ee6840a89280ee01cd89d51f3c
a2ed62126b4a15860a5251069deaf229
81ff56cd3d876deb6cd9ffd38bc82f2f
94c91382d210c0ce20a652a13825428c
2303ab8e9b06d0b2f6ff35ef00e2f001
01317406c9044dc33fe4e1220689cb4e
71c7b0bce2b1bc95107ca5d366b838e5
13ec610502c882b47697547a6d8b7cec
854b550c24ee2e94362ab5aa63d7f333
f79e33661be679fa0af3e8e7e10d5ffa
8c8e36d508e5975c079f7598b26081b8
6d0ad4d401b93f900c3276e1086b69e1
3b9f835fe488f6f72203d5d3ff2df43c
cd1764216fd8e40be0b47291acfe7e8b
3bd2d91b6f76815c9712ead43103dd01
b72605106f551a0d0c18f7c10c52211c
85d37e311d882517fe0c9b5f1926a54a
3ecd338b43b6efdadaff1062220b73c6
93d7bb019f8308d781a364c81abbe549
6e9429cf933e42a5dc20dc7f334c4da2
24d323c01ed71276881264f22e6bbb37
19caeb0ccfbd46ae20af7a7a8de1c887
427216269f81767c386e69af7bdbf454
849eadc78aa5f1f5fd5837a0ec42247c
d53e4d9332a5c6108aa876eaf7bdb6d0
0df5a86a7ef30caca51093eea378a7cd
ba4a60e23d73cb18d34994b4d38cdb36
4d3d06685e8302f582a04a7a65351b30
d3096b9fbd767e724625d068957e14ba
294b3ce31487ab711da9a6f9d2803317
e3d73b69a45409a2aa03f257d10cc1b2
c36a6645757d2343ee7d09a2b0bcc645
1249bbab8a470f8f06d693efa164a6ab
bb3fe9982dd18cc2daa403b97429dbee
a1a8286834ab36d14aad531e97aecebd
090a12851c1def9448223f6cb1a59354
07052a8e91106db3f81369ef4a7b6b7f
cf174d33ad67f167615a89ff0353893a
7800576c21ef7ff26cb1b545206e9956
83408be2eb9f503169d0f25c715ebb3d
e0a148beecf9aac2035fad106999688f
278148ad4a79c3fc61ae4dc54e68aba8
2274d52d55ffa34e7284f4e6f03beed0
237628485d95e6c9108c0abe6b5a0274
e6047dbad9a4e5800dbb2f1c3175e206
006cbf58ccfa71ccca16b28edcc85840
17bc746be3c336052ca156f73c5e6ef5
0b5cf0673bb1ee47a31af29c083da918
c916e49223b8558a49470335315ffe20
ffffc4cfee5ebd170db2d8e9a57f4a6a
d2cf832db3553585dad05ca590c290ee
c73a9ad90887b26f6f75951a04331581
81668a9d97294c9d74b20d7dbf7080c9
f893cea6420d16fc594c4f6810a39aab
e5cdcf71ca3a40e04a2ff2923ae70999
602883de4294404f6d7148e22cd1ed2c
339a6bff4f4ad0d17c76f944bcdd36ee
61a1d71be6c49f1f7d328566944a8fae
7c2838141bca11ecb6a010f3be584596
13b0b07b1501838efae08841ca34fb1d
149e6d4a8a1388f99dee84006ff86d2c
60e18dedde4cbc5122ce47db2223cf31
0000001b0000f82c0000f82c000012f1
0000001a0000978000009780ffff52c6
0000001a00000e2600008d7afffe9e2e
0000001a00000d5900008576ffff87cf
0000001c0000ec2e0000ec2effff594a
0000001c0000d4870000d487ffffc742
0000001b0000ac170000ac17ffffd63d
0000001a0000cf1d0000cf1dffff8c2f
0000001a00000f45000098af0000a995
0000001a000014380000ca2dffffbf24
0000001b0000197b0000fed00001fd32
0000001a0000eee10000eee100008026
0000001c000014160000c8d7fffe4d0a
0000001a00009d1400009d14ffff96a2
0000001c0000f8220000f822ffff90a2
0000001a0000999a0000999affff5f08
0000001a000012020000b4170000b193
0000001b00000d230000835dffffc1f5
0000001b0000179e0000ec2fffffeebd
0000001a00008cda00008cda0000ecb8
0000001a00008c7600008c76fffe4b86
0000001a000011320000abf5fffec087
0000001a0000c7400000c74000014e82
0000001c000016c40000e3ac00005e41
0000001c0000d6120000d61200002192
0000001a000087d4000087d40001e1b3
0000001a000017260000e778fffe126a
0000001a000011bd0000b163fffe47de
0000001b0000189d0000f61e00004ef8
0000001c000090330000903300010ebd
0000001b0000abd60000abd6fffe15b4
0000001a0000988200009882ffff3279
3f77ae513cc506c86478f28f7bd3aacf
e7290c8f8839b7f4d27808b4218354ce
76f3624c91c518616f1fe5e5125d1ec3
8463723618ce4cb6286377b5526b1aa6
2f06bd0993e08df02db01c0f2fc08e78
786c07d5566a9d96de1f2505f1a20506
a38c5665dd02240beafdec154466268b
9ce69658fc6917fbd3a76797b7edcb9e
1454bb3e5e276b2744fbb5200c24e26e
98dc56fb92aa7074fb5fcabf82f1b3f8
3d7f3400e50243bbeffb44ebece8f729
a1a12c1e075c47a070d057e1f92d2bcc
cef4175609a255c32bc8df31768d141f
d367837558382dcff3fcbfd8f1ffc752
d1084f84f53902720a5815e24274caeb
b8bbe74f21be7c41fc653809b21659d9
610dd3e539e8e5be8abbbc70a4b33790
1e7bb64fbe73d0a52b299115b9f30075
4e6e78afca6b84e43bac631065a90339
7498833184ab41ec8f637b6eb15cec63
a55f56df0261c049d431113682c2fff9
73d6b44e48fcf54248497fb9ba869dee
03139db5f1de245ec7cedfee3b25fd94
f98058723eb25021c0bbd6ebdc05d107
ecb8cfe5817b8bd6fbec07b3538fa624
d63ad502231f995221642d64e1964067
672fe82573184c834056e74e6b5e9e1b
8be96f45d885f522d328d09113d97ae9
e112092f9a39c9ca158a01f77ad32ec6
e9d539c69b55f07f0214ead5f8d5548b
60fe6c66b0f5c6f7a42d33de377c1359
27cb9aa6de87bce9fd9cacd41c47b431
aca4bbf28c1116c63f0593220f77e23c
c928c7414fbcdf33192789f3d5202bdf
54bd5259802c4d992fccf3ba09d21c2b
d3b93a44fd117eee7e82dafa9f426cfc
ed32d6d9db453966ca5b1c33597fe8a8
b58ae2bc6f40847acdcff2d42764ec18
fa3c7f75f4717ecdb6fbf6c8b914e274
2664b7c8246709f7c17bdd1f5e98fe7d
f46d2a24afe8b54a4534c4719e9da73a
0caa465fe646a371bc70bbbe5fdb7203
adf4424c9cf9abfbe8ab38044afb2236
3d1b926922fdc540139464649b7e1c41
d1efd22a453feff3ab7f0c4e3a9371ee
8e6a5ba7b817598e051a953c6529b8de
c4c94a5d5179bdcf1c50e5946dddf1a2
e257c9db0ed3ad272a01d755cff70a2a
862167fed6a08d8922fc1237075d8051
6dda4ff218bba57682a016ea3ccb873d
a01998de21c19046778035c1897f8e26
072276f64ed8172f0e60875db0c06384
041e224c7d103a252986a51f379efdbb
4d2d842fa8fdfb34f7c94db89a99ad8c
61e2ab78b649f69d8e4de7cad96266b6
0fcc9e6922a3edbb3c50dd9c8077d886
76ca0f386ec9fdf32c1c8e631246a4a3
efcbfd7815c25761a5a3ecbb276d7780
54f720694c5001833ea05bbf3d32f81b
1492fbcf6f81fe12e92936f01a263b11
29d4aa63e1a969a3a305709afea758e0
f24f5bff1cf9c3e5d8b7e72eb9edd83e
59832c2f55bccdcaabe929742bc77afe
79583b8dafaf273924b84788588593d4
8d7dc6726918330a3ea7bd8df4199293
2789b16dcf8bbccf5112cc45dcb0dd17
fde641cfd7c9d200684683cc7ff302a1
a259db316e9524227836a7591277d9e8
5034610b885ced8ea54d8fce4f41620e
5e534ab48f00c4e79e093b1643e95989
b46981566260f278595c62a9ac68a5e6
f68d530cb7ab65fc8f5b769044293d50
bff1ea7f832cb330e93fb3b27c923d47
6f87461518e453fefce1b4506abda59d
b0c6c7647d8b3b9737a55dafebcd9ba0
e2a016d74a8aacd4ab8743d271ba2b87
25791c7558adfac6097844c1672a8bf8
3ed49d1c2163bb218b74b8acd7d23064
8125a7ce3db89db5d9e59d118eb63e75
d0cddfb51b0f74bcb990013e02f62efc
bae723f740e9fc7b26705757cba0506d
5d70c1bf5ebc6d2e7e5447264b6a6f58
dbab0b35be74e92dab0d52239483e201
8672cdcc25606814034d5f64a3fabd07
ae0fdc75ee705c70d200ee96ad7080ea
1a21f6ac1d44c2abf42f2bcc9370a52f
51461e178f3290a9dd50c5a644199fb3
af80c445aae69ef8e8ac9342c67f8270
2fb6e38a1f1efc7b40b9a17ce1489a33
5587dce3e781f10a20f14389a639df94
ce651598abafa37f42ac5e5fd45e5485
1722d494112530756ef3fac859717d4b
d8b15c25d11189f9dee83a8dd774a408
543c5830fdfd46c9d5054dcbf045c22a
2c035034a74aaac90be4ae96e41303c0
0d6b7a938f870e5cdf8ffc2d603a8d91
a93594bd79acabd018a0f57422ba32c0
9f6a382467fc5b44eaf6f1a55903faee
ccf210d021f27a95cdbbbd4fa335e5f5
b314f5b1f26d767e160eb6d9947b9306
798121fb2493a8df8ae438f96db48680
834ec879d2114cb9a6f23332fb30cde4
af627749827daea27c205104dbe82609
30c797ff2c489f76ee890f173f4be81a
6b1d76f885b925c75e9ec1f29fad21cd
e6e7f36e029ebd6bec1049185cf2bc7c
b6ed647028cf828b4a24cd478df899fc
e079bdeb38c20963e5b04761d7a1d59d
6c383fdc99ab25736ffca109dd3a345c
185e3ae4c56183f5e5c98e759a428d27
cb6ead8cb87551573fa649b2fb286e8c
c53372a1d949834dae4b7921844061be
aed39599e37f921958cafae592692271
bf3f81e3f0d95f1780b7b371caca5766
33ff47636aa84f70d97626743583693d
0f04e774c0d72adbcb4e377fa4faffbe
6816c8a21575d05f46e690565b99b72b
2d1a7564484a3a355cc4bc6dfa95644d
14365d21b3f7b266eed4ae128560987a
bb74a807a083b83c165e5cc6665e80b7
ee1ce2dc7946421515eb0f13384aea75
7850dbe51a778e868a59dda67e33bf37
47630ee9ffa3beb7a279e2807ccb2399
b5f1ac59e99be7ebff45716943a7dae7
3aad4d9f25a00afc64572ea627a828d8
da3f3832c9824954899fbe92601d8c58
6874b0650c5aab12ac2d6b49b01b9ca9
12fe409b59c04a71c7bb17faae27077b
8f2b9c605a82a9b4c9365ad48c2abaa5
62e7f943b40a8f99fe9ae29aa9c4a116
63ea4ca6ae262d47e52636dc031e3a94
31268d0812b48eb32c619f1b039412a5
be33b437f1243786463043f2c1a399e1
71ca9b28c227763b7266b7f4657d24e9
b1e116293046505ab0090fb690cd4632
92e4b1ebb1c354690aa54ceb916fb6d7
26053af6f32c8c0a67526c9df9a02af4
7b5e57b5272829cd7ef6c1e7dd20c333
b8837f3d6db838f2a2cd077a3a68ce0c
ace3915fcebf6dace5cd90482b363ee3
fbf19befc6e235c6d6f8bb5ae06d4ec6
4621628d73ee5939c971b1a07156d2c6
270692cead4bcaccb27a71ef5d5740a9
8aa558b144f56190b1c9737c22423ce0
68c67c25c07440829ada4c1ee8281a59
3bf8bdbcfb2c7c81d1be43b1fe73c33b
5575826d1901761c9dc85af593ed3651
a6943f7f12503c965efc511d57d75a84
23074572fde2e115f563fe3f7c0cce94
6a17cc79e8fa161999717323269876b7
642b147bbcb897c62ec05e33762b6595
0cbbe955d8f600d0fc7e7e98c7a26223
c5d0be6b515fbbeed7566dcde4d7ea81
e8f496c624995ccbed13ae06b41f7a68
b5480a4c0143e4876c63bf7eda8def64
75d54aa249126699977fdc1bce5c6f2f
9d1a7e5dafec4ef7b5cc944014b594af
c7636da2712dcc9a4ddb12ea48c40762
e53dcd3cceef844503417342209a5411
99fc11ee52517e2a96eb44991ea796dc
2b0149e73505d19935578b15b481f5fb
d71c627a513bad1a01e42d74a8d03451
64569556b0ff23d49a7737f8298b48a6
2b3ab21e9e43c2c77c741a067dbaa64c
6f5aafd0cb3f76223fb7152674751f78
3198f2b6e1a7101210a04e8dc6fff7e5
40a0719ec0d32d189d7edd365bbefe9d
85bdcf991d2a446aff9b117304a18481
8128378862c0280f459b87c0bb5184f5
f24cbb9172d3ac3741a593c445303628
3bca0aba3684402f8f7c2bfb0109b611
4c276c0096a09a4db27f32719ad1d52d
984f3de040b2e62b3bcadcdccd592c92
f32fa58543c52a7c892fd6df9834cd78
516191661138b2c27bf1d90734f60f86
189d03bb267b3249f94d522b3bb16cd9
ecc3867b52403c0adcc23ea3e3a2c23c
d2e9181f4cc180c82caf79fa3cff0d34
4fcd1fcf45b863c890e2358d447860bf
375a62e4b8293195d67274959bde14b1
073c9f99f03bf5254f4d6e804d6b1858
0e93a14a924034e02f81758f4c305046
41410b0abb020451a5c6729d8670d0fd
92a35b132d017cdfef3a6a5ce6390bd5
04c42522250eeb23691998701e13a910
9ff0be59d654b64d537e4e5abe842941
6f702bcf79887ecde62499924494b746
bf14eb7ac19a3b957a63791baa74332c
14fef369c26d82a0758a0b2857b58b72
847afbd73e2e0cba6c03ce6e49a3cce3
676f292500209cf12cfd21ae29f64867
31b5c8d7ef076492b5a5907839ff30a2
9f87e85c6cc64441522e1a6995fefc0c
c7b4433a5ca2b34dc0e0f9e43c3f678d
6628b76326646635bd1acbecc48e4fd1
5ab00aed733542e78a1fc48cb6dad644
1d13d9cf0208fe65b8e5e08de54a0229
102c4144beca0ba38fec135d0d953c27
ee6f74a486b67c9c7eeb4671aa15ee0e
c2de93d74fd6babeecc5980041305dc0
c579afcc945231485a717a76bda550dd
3b0d250e394806ce19ef78faeb06e32f
86d65a709a008bf8cab2c1629cf64194
8be703f38b80e638f2d81cb51743f9a9
a4671013179510953d1e8fab895a1aea
3a314a25bbf7e6c28b0760a890369629
45cc8ca2b52e9a5d90d1498061ab924f
2d32ef0246c8ebd8735b3b8e9eb38968
5a043534f033f5d671e5551fed56223a
02357ab46b7066aa5f9ee3a661aff98a
8da7ea724126c6fb4c9bf8b90d6220ae
5598e27688ff33032692960d0c31158c
c20ad168767665754279bf5bbefddc4f
6cd92f01a11b457262c24a20a92fe1ba
c43705d4e09f9a2e90976fff9faedfaf
da6eb6d4c6b92ff917e68d587439e536
12e64dfd5f0d6f64eaa91952a8f901d5
e56b928b79a541bcbd72a415b4071489
1f6ae32767546044e22fa9398f8472fa
88c61135b0501021c02966a4c00dd81f
8f271ff02854dd395363ce702f680923
2f992bcd2102bcd0a7283b482fa7a36e
067646bff0c53fda2fbb6ad0863ee9d5
47a012299bc471f9fad9afc1f6e3846a
dd4cf9f0c85ffa30a8bfbb0766f59c7a
d45d976ae4ead155c82e88c6e1d25524
553dbf1ea6f74deda3739d8c726f5aea
ed7104eb11f7d99eaad5cab3757085e1
6a1b5f5642b50214b98c04efeeb4259f
4b14bc1e5a0c521ced191c863f1d8af1
6e3fbd1d6ac5fd19fac9b96225b759ea
506fb239290ecf20bf5bc6ab5e802b09
ee820e39d6c97fc984ada55a819a511b
8bbc0b08735d81b17f6b6e73887d1612
9470234126760a22c1ce4d97d84f25f3
166e0273173853350481dfde088acfb6
8756561735a65b29c54637f9bb7a0ff9
ac5a1ba34418b547fbd86c3bd3dbfdb3
b1dbe46add928aa9a22924020ee7ae79
b5a20640b9899670743a0a2060b50995
d02ee748659e66ad5fac0c1b34c01264
4555d359da4326e8c4e131d6047898c7
debaff3b3a8e4b283203a737796fd2d9
9f33187a9475aac866d78845a46026d7
6ad105bfab932ce1f88ce6caf2d1bedc
20dcf34623bae477780a8a2c9b174518
84dfc38201b4a4f8f864652674c6b894
bd825311a7acfde8e549c8dbdbdf475f
1a2949867e097c724a106bac7e1e0a54
c6228fbf9702d5966e557abf0c93930e
c1189d2deca5ed37a02e23729e179e84
c4031ae9cb51bbe22a160c9a33db28ef
dbcaf77ce5d72dd28077e6dc81efb4e9
9b94d5e46127a73a362f802cfe4a4770
d0ec037963ea9ab55301a5eb21987467
d659601e88c5d7cfe6289a8adf613b22
76b898f8da6f93acbf323c660f56055f
35b91323c59e0381a5257167ee924631
6377d5f2ae4048a41cb5702f01cd47b4
defb05e2b773463b4a09116bca8d07c5
868b8b559d4963c8674f9b9b5f1ab8b8
fc63582c8060d2180fe4c48cf17e8960
0e83045ebba56e04ec9339ce9d721953
06ca4c6ce4c3c99f79336b6894612039
b0646de27c8cf3f7c40f9b0ca01532a7
3d0f033d9c29495c76fc6ceb058e366d
af0393b5dfcda0134974d3127ac69997
587db3cb79afa70fae5db9b3560f16d4
5962aa45c28ef456be20e1cd23797bc8
82c9a69cf4cc0a275be412faef6eb8e5
1c0dd5f754d348584de1bd9958a3b088
adf5cd1704999a8d9e609f34b9644681
f1ad067d21857b0d6815e38d3e1a59da
f20fe6d295669d5c83136ca38adc405d
b7c25f8142923152bad8cf556bc68674
8c984f7569accb2a86695e04e1c2b7b4
535c7d4ae86c907de44fb49249e7dfdc
1b713442cb8b32a49c932b5d2b1cba1e
1f2416ad23ef541c6dece86e98478746
3a6adc4c428e0a3696170d16b9d14d05
c9b73f0fe5d1b39b0fd596862187fb17
f7229ae5e5281b63a05d244095e9a988
66a1e4c12e32deb41816734bb0f3e308
7614d9d4bc720e037c36f8c338414eeb
a11b5cb946d5c662a6902dade7428b8b
4464adc5c26fe1d21d5913ac9bc9df3d
f662a3f21c633be4815c44b851bc0d97
88f582ba9299eb7051f895b2e961a486
bb14b8f6deef75440b94d40b2442947a
bbff63f9f282aa67b4e19a0b8a8a6348
da60494f99062962182d0e715ad5da3c
40e404822419cfd759b6020623995f3b
4aae4408292be50368551b0becfd985e
733c988728c666bd3bb32a006d829773
6ed719a62eafcc4f67fe25e32381da82
6a1711eb426ae5f9b6e0fd3c9e68a176
ccc85a95013d9a4679f84c1b694ccaf1
ca7683d0f025d3854d30bd28c537f014
a01bd602e719393701f7e66e6999e895
552e6ed63e35f064f1517d4023e8515e
83940d35afa8fc630e58065c795d28ba
4a536d53d10df83844eaffa018746242
eec560796af73f5cbfea247f86b523f2
b6f17d3cec22bce33bd5afe0e5c7279b
966f93e3499f7f86be4abc467c070a41
c389a0f082112e2d1901b5d705f78150
b7d2222e9c020b508f89324d3d0d58e0
bcb826c4c1942956838d9c9e26f9b8db
004870f8500e48369a95525a25150267
fce81475d9dac5186e6f67c4af17acfa
d238c4504206c3526070e5f5a7e25943
23e373dfaf69c07fa0bfbe4a96eccc0e
2614ef6eb0a766e53bb56dff6bbc16e9
445468aeccec707b25cf146695af2a03
460a059dcbcbe5b45f88bcbc517a3758
0347440caa8d0893996e8a1e9e8eda62
13d14741849f07df4069eeb054698520
8b7929e6089d17533241fde14e920460
a7fa7ad3e78abf614c0a6ebdbe345ddf
bf135de31741d4e908bd37dca6d4688a
c75e313ae2e332be6e593607ea2cabca
5535d5ee82da3ab0e6e5758ad54e7178
9db8c2691255d0ec4cf9c045d5875933
77dae6fc906665346e0b4b6c11d7e397
925adf21ee4c8cc733573d8ee7f65104
9f8587ff0d896752c94e5fadba89a4a8
0345ffe5a3430947fabbb165728d3e03
82f091a595bbfb62bd8a7b39cb8de6a6
52c3ee66f7b76afd19a9ce8e3e7268e6
10204c4f54744192214e23c20212e1ad
cad72ebda842ec7661f11897f5b0574d
ea1ef081666514fa006440876de435a5
6ffb2c4f7fb61a3076f4aa6cda5563db
1319433a77b1d1246120d5fedd2e54d7
6f9fda36de582326c3ce72f4ed502ee5
997b649939f334a0678819a7ce3efd12
892f92171291b0bef08da875a6f8a6c5
cd8ef64a743a6579100adfb990472fcc
1ba82e230bb7303f3eae9ea06d02bdc5
c3060274ffa6ea30d4d10f3c57c4224e
9f29b3e92bdcf6f167093bb52169c6ce
2aebfc3b2bcb364f79e5271e478c6462
ab8261b8e2df926c60cbe2d29bbe7e39
82b7693884b2ec2224c2c63640925b34
afd4bdd133766c077827287e74d9e731
68bbc6d6bc572c22fd9e0fa405272fba
a43bfe60b1ec2ea4b5e7d25e823c90de
73e13c07941e52f13d9d52dc5268172f
7a409dff70c244756c923c81229fd0a5
5639747936a13f445f32e86081e92f2b
6c4487d6fb3df898426c73cd1f2ddbaf
91c671a2ff2712af15f4861382987907
0deaa0bd2a5af59f1b3d01638ff50c0d
c3ffebe66ddf6174367394c06d1d6d72
fdb97e1e323e1dd4a57b3c11b8f26f14
4ad48a9930e22a9ccfc60a16ad94ee38
e1518e7c34fe0ace4d5135e44bb595ca
dc3518b32dca9b7be5e22ce53fd3f656
5debb5ef0542cd43d978bf7a124b57b2
b5c5ce5810851fe78969da981756fa72
843e34844bca85709fad1be1903ac06a
1cd2768921bcced94eb83d52b9f93f8a
04d5192b57b7100879350eea91c37e5d
aef04961d751126fbdbaee44f8fbd6aa
57abaeff61b3daa803e17b04ab5bd6b8
ecaecf8a999b3fe9c9051b033381963e
cb80fb58b54225938661d510e33920d2
317003c5934e7adf845083a7a7aa7a28
aec84f23ea72755e22b6a15946e34969
d9e3ae0de8b0d0f0991b0103e6a19559
1ce33fe2820016147684ef629fb74fa6
2ecde8d4dcd65ce817ad178ffb1a4130
12436115b26c7e4e4891e82da0da80fb
5e4bb6a4b1a0da26fd1532bb4a31e2ee
b3288961b67455b2b3ea8552c2a5e088
effa49847f0855f008a8f71cf63854f3
f31f51d5f5d7f046c92195a2add3f5f3
0e18891b398a5b2c95d5874e76027c89
a523fddb38ba0247070f744b83559fa0
cbb297cd5544ca30a1350b4036b0334d
0efe5b38559d2c8b29c3fb1518abdd34
281cb7cf1df384967e7bcf8b004fd119
e282b1e39c79e3c4dc318114eeed5a50
1e95f29cf863a3cbd16af8f019b731d3
17895ac879699751333c7d399e5ecd3a
e50a9a0340b12168ad739121e110024f
2caecc5050b1b95480e1c46a250dff73
504319b8bcaf6750cf480f536978274f
2aa5a2bfd1602e8b52fc9430b7378ea6
fc59a10f49bdb30586a95837fdd8dbdd
96de93ecd0336171a9bc99e66e65b1ef
c53c86a4f0ac0ea26e6c9eb5a44cf1b2
561ec62e0dd7a703e08f3cb0888db55e
0a7bc44892263fe861fa8cf6dea250bf
afba07afd0ec63b9c2b527bebaa52a0c
4080b29b18d6d367533e3aa1f85bf8b8
b13f827c621f80df37fede8db0c7bc92
a12154751d2398e7efc9721effafcd96
16b1b9332e2d55ac387e08005042be8a
c08965ce16f093dfe34b5aacad6fda42
04ea9abb142d706f8bf6dead024a19c2
b7eeefc22aca24ba26bd88d123deaf33
b93f419748f2ab659d55039667d619f8
d42a161827f70aa677f94dca39405ddf
fa6d9d22a938b17b2fff9ecb91f1f1e9
a5af6a94e3a7fb7cca920db3bf4da2e9
ad2682e085eccb3aaba44884e93c250a
da57c2be7d05c23501e96311551f526b
dcba8141c1e2239c2a82aab3bd5e0cc4
80d3e9bde26c89316f9f916a0e30bc7d
84ecb604114d7f15671130f0ac84ba66
fca6e3768fa11649be40c1c7b04e64eb
ced2ea7f1c5c1a485cd0d832b6e62993
b011e343e77356c63a72b879c8e09c57
0abbc077f79ad763ed34f03156fd1add
517f38d8a71749a480fa9b1c0c2b21f7
217f3d168e72d6387be60bfa2782ede2
f72288cc3b25e35ede93dbb86b195453
26e4521286743bb579ad4a454958627c
73f553be82ef94e179bcaa35a7e2a9f3
726f298269e4a3ddbdd5cbd1c23046e4
6c283e1c9c46a4db84382ffbded840fb
ad1742a88d26cf745a207f5bd6e62bfd
ed6ce837cecf39822f8c9494400f477d
7f828acd4e5fe1c93fd720f19224088f
17f4cd71df868bfc73e52c7bae389a7e
bff7822f80e36b681f5bd92c64577173
6f9a23caa0631480d1fca1a6e2f81023
fef4729dc398f4107ee433dc0a78d7c2
c76ab935c05f3b3470da2553e1719392
39f14b9189140a30e6dbd101910824c7
16a8c7c4d150eaca12b6cf27534da67f
65873eb6c0491fda77504f433c038e21
8874d5add97877d6bedbb6ca311ff845
b7e34027b133d1e7d2b50147b1419076
e69ae1f49984825b6593e7ef59fa2eef
eff0069c2f48487da717a2d45ec8602b
c2087fe0f82bd1548c07f55d08bd7e14
13e8d1fd198de32cc3b3d09c72defea9
4de7735ab27aa1860b3e49bcb5762500
333d6cb9d31adb7cdee5ef7afa510a83
70b9d5208b0f8b763cc04e222c3a6f2f
cc7e3f52e908db538159304712012281
021872ec47a9c0d433197affc85c18d1
a55675cfe5f2a925e31bcd37c4d51270
d4af3593b16641eba56ea8db81a4051d
120da542c55e5635dc6d05009312d030
d0c13752bda462b31b54b18aebb574bd
2df7b5531234ccb6bed79b685aae369d
dcfbcecd847667e3cb8e9ac94ea33b1d
6949a4add01c55ef6a9c9e2f080a40e0
79389528bb55dbabc2d69a53823f32cb
c7d6e7f0fba5afdb5e62a08c2b69a578
e9bc7ba58b8c14a87d446744196ce955
86c4d75a7e19282a4d399d3e816970b5
f94a03fba3667572874cd70271cfff25
cc63893a5204d3daaff1030a6385750d
5ab8a17e7d6b155abe7a2670b811bf08
f7be17349db3947717bd789f9cb8dc96
17d5c1a6aed650bfccc9bf644a7c0111
a9eef70f06ef9102f45f5e4d50ee3955
e1421c541aad7c71b21c2c956f7308c9
e29ec02db6ee96788333ba2e1e67ee11
f231d99c56ab0f174f03791f0d582397
c45552dbd4fe41c3fd365858e7797029
7b84af664cb2c82eb84a72edd52e1bdd
d6931c84dd5e1c2f56ad6f63ec38f6cb
bd9b3623059c4a4fb17cc80be250d4b4
60bc40b660a5d5422983d2393a2c1ac5
f68728b3c518d57f6a4f01f3b69fc52d
51bfd53a81008f4ed8bc9aa1d389aa6e
80ede82f02d96f7bc0211ba1300c1f4a
0dbbd310e844a321bcd85a4d36108a2d
3cb1ca951908a0f3e9f8073ce2cebf11
8a2537caae5cf63ccc81d35c615e5f1f
b5c87d93e02f4e965a7688ad3e345538
8f040691e86ba92971a05835665c1570
83f697366d85bc21ab2ffe35eaff9ac0
d76c8fb89eae967ba6c7cb298d5ba179
e427bb2cd73a4413cbce4d535d4a885c
d0bf71b660c65e256aef51f9af0cd500
1125bc93bf3ff9195d47b33f4fc37802
85e4e1f6732337aa4b84f5938db45539
a92070b72441c37248618c28a0f36ad0
07eca5dc8a9907fd20f4588bcac0dce1
2f426e54b91e91a935cb08048de43f5a
6f8ed48063636c55ad359a33ce5ccb03
6f9c25949e0285937be335c8763e376a
a0946cc57d1371305faf236533a955fd
1bb1ba2fc348f5d714015465a875e88d
21db1433569cbd67c9f3b6893e3eacfc
ca105a4ca27326741f5b3d81c77f41cb
dde1ede9892f180b2373de2db489825b
0c2a167742eac18ce0fba8e5ea19b488
13c1e5d1035ce6a4c59104c50e65a3e9
77cd440cf65e7c6bb1f2db06ab30af52
b0af88bfdd0f84b59dd74abdbf0efd5b
a37faad4e7f6b208cf065191b223227f
1e146680cafada928a511597c47b403a
3b8a8a05d297807b4a8848973335cf35
bc5ec35290918b423fc3f25f63d55bf9
4d384c1acc8d155112687e525aed236c
49d37c5cae6ed35d82aea2bdd0a5ef3b
8929b93b102bf928c9b3b94419fd26f4
c1169a442217fe074ef4fa13a75a98f4
c52026c9db4a6c31b1ac38ed0dd72a2c
7b81194a11f2750682d06613226ada34
74489483fc6596b23fe0ea692384c9f7
20dba7078996c612c5eb541a1f0c3f25
dd2944dc1267dcf34f60b628fc6a082a
713915832396e5265b4b15dfb784ddb8
625ede396740bb60b36a8a0ceca5fbb5
22a5d84a147545c00c445fe9f85a94c6
ca5e85641a8d6b076889481c599a0761
9e203ae8dbb7cf6f6ac2e0c8522f5064
5bbabd6f4c8b6899861eb467e9945768
331111c510acb1036c52de95e6c3fd26
f2877d7232dc137a495f352e9f0c1c8b
bcc3834afcd2e55fc0d2e8fb89ce4390
0c4f733e3dc9b0b0b2015ca3391cae9d
bd1e46e942a03d4768511696ab404b3f
62f599dd9afe35b9f682a13caea6e0d5
60a4a34e8bdabcb8a88a28ed64527795
88cf88fd944e17cfd6833312ee0384b1
e9b3b06bae81815b809af3ac4896f006
7944830d8f0fdd98334202b98bd7b625
5690f01f8050e8de90e98ecba3492ebb
f303c865929e7f1c0dbc8d960cfec47b
a687e75792a9453e0e56117de6248e1d
92ad75cfa68a0022b79eb65673d8f751
1afb95871be30a2d3782b28e7bb10b70
2e19256608bb8b2199ca6b0236f6f4b6
299a43ac3fab3dc11bd1be5fcd4a2367
8b39dc1a66898e6a1cdac229630488db
99f421b14a03cb65d5ab84fc761c7ec5
a4b3414e4c2dab289ccdd476af5ea477
4cbd214a1ed4d9c23111e9487fa42df5
93c21c0760c3a076cbc88081d2aed16f
839fff8210cc7fb54ac4993ed9915107
b248124434325ad1a0db35c04c9a42e1
22f51ab3ea929e88c7d8f03a244fd684
9271f0a7f46a1d2730bf26616ee948df
9b2aecf80c731834e4ba90805d9881d9
28c50157f77a008f09da478d1d72ea84
fce44c349cef5ce9faea8dd8a58d2a31
1ea267d04bcbb34676d5dbafd3712f02
4f0c6981df1bec28ea9f4d376f8aeba1
340e71e6fed355974ca828dbcf0179da
1643f0f680371b733c4aae725e7ec490
2dc7e800b0ca0fe74d8d53ad0e594715
c79995ae347b74aada387bba1a2c9a02
e571972a2ea1ed2cf882e93934333677
50fa52ef9b3af5f1db7139c5123b73f6
aee2e633acae414197ada31c9bed73a9
e72dbc32504d7aa52c842b357abdcca0
7cb5d83822cd0345efbe6444a6745573
bcb10ac31c6bb487b23db4af12cc09af
cfda8834063f30a116f8f82cfa8e95c4
4050c300961b053afc312c0829bcb84d
e3867a9bfecd32c21c8e9b3fcfd8c8c7
f259aedf8164f1eb5cc8a4ec0e2ab6f7
f76a7ed6c110efd8c8f8bdad5b219bc0
656316163598baa98533def8f22b07d2
b78c968fe3fed55a071869b9b01030d2
907c2cf61d6eaffe4c1a422834934cfa
5c6d3eff21443ebfaec775c514329911
0c98a2c3ca51a7eca6153925a25f686a
4e19dc9bc4ea6f0fa152985c6939d0d5
d979505e15ed04621305be4b66db9ca2
df725f81ce06607118677be1738c39be
28a536bc60c53dcaecbff44b15822195
670f56c03d513017e73c9cd06aa3dcfe
5b7dac5da225008d6031651743ee7bad
1abe6e05b709efe81ca48033d4592b07
0b9dee5904f68a32320c7c499a74ece3
973d7543735605d8227a3d0fd3ad9ef8
9b880670464a049a26dac1ff6a8371a4
0bd1d8666b820baaf704d72cb25b622c
8443b727b2d3791c9dfd53d7e9836b08
9cf89d330356db24302c8dd88717a0cf
5aca4d6c8d79a461d9d3befb4db3f711
470acee25079fccef7de3501a4bc810e
7da6942f63b5368c3d9c353a64e3734e
d95547f2ee179b31fc15f565968298dd
418eeeae18a099aa08b10f8916d2f7b8
ba0a42d3cda167d1ddf8f7018365e9c3
65e549aad4f73f611c82f8eafe4fb779
d984fa35f1e24fa01b808e19f3db6328
4ff780f43558e04b49b286f31a935d1d
64f7e81489ed2abfccc10b36139b26a6
deb6aebb4099573dff15adc181bccd81
fcd14872fd0a0ef5f432c8b6737f5e74
94607b051b7b94fb244f53f09fed5dc5
89d5867798acfe73fefcce83f3a79451
6f177a83dd809e0d63bba8fc6109a8ba
d5a16b28c49a37b596c560fc80ca4cc8
9d98b76da2fad2d11646d19620892d89
be65a26931d03651e631f6c713aeb840
5f4027796ef6a322640e669573cab8e9
6c13fa05161bb7e94f23409257754c2b
5f41de07a4d957d408e66816a360f705
67507a1592daeb4798c9da1fda8ccef2
5cf34ae4c867da29d033ad092eab7459
e9c27281a385e1deefe6b7bca9caf8ee
1f8505888076d639744192016eefcedf
d3d64d1d3effc3ed8d516e6f35150115
284c16f5a57f4954c0d29a83d5966fb3
423323b68aaa94969f1b7c196287391b
46b60734d945e2a64387f614cc7675da
d912c01a86a9d15ec6d76e8bfe1f7dad
120661ed5215c44bcd37991aa1f3c2d5
a03188c417966a7db3d513846416fda9
1aa5c36cfd254a227dccb0643f357072
41f135e966f1419f45c1aebaee21c35c
3645fbbb4fba4bbf1a4436f57ca247e2
0cb271c6468de607eaa952831ec0c854
839a3cb73e6b13c9fc518243d95fd3f1
cb870df1da984993c4c519f876728bc2
d09a489cd2ef920918023f124d670402
dc29743b181b739d858fb9644560d4fa
2bddc15bbaddb8494ed24db585dc3c03
941777215d92f2e04bef1f5bfcbf9ca5
71c2558bd0610bb750d13172cde5a660
1a3f0ad103e10a096ab368d0bc9ce5c8
fc8a906c198dceee1865e2295329016c
8a44fc2edc3b7f892ad6155bdb985ea2
d231a26a891ed26a2692cbc5a86a54b0
8c409d64c0ab5a401ff549e884e8e436
e1df34b0a673336696b95c3c36e0f4fc
14ac8cfb549ef689acce9a91cddd601f
7746752004fbb2d9b5803aba9e5143c6
52cebdf390d3f2c81eb915e728a8eb28
fb6c03c0341d1f17c318823796758804
a7b4e26650df3c9d4a6121341bfea26e
90acb2b49fcbdbcc3182117ae0df4a95
b0fda78fc33555ba6d5b91cab563cb5b
0e2168d49d7dd59434de8c68cbbad87b
e61d188908c5410f68502b6cf268c311
0771b7791b99d470710c9d2829437c0d
f05c3137db0cad6229d666d6bf579fd7
0e84ef189755b3d1742b6d36dcd5e92c
e1ddd2c91ba247aeb8a142700c6b7fa7
9c298fcea407ba415339092ca5cbbb5e
94eb35af11472389f3df43819dd06eba
6a05c92dfde9cf95756482a8d046752f
657a6617e843a9149defb2679a333dff
8042af06c39e34b429007d4993686edf
cdf354951691778dc7d261a903ec3785
914e97110454150af79ccb6425a7ebf7
fe3931245d59365c1c3a2a4465eae09e
6fccc22919c34713a3fb34cf34f8b1a7
8fad05e21a52da667ec7f089126a0b2f
cc155d252331cf35f7768044719824c4
ca0cbe476787754f3b1264cc61de0e01
c0b8ab3f19854cfd65c388574f23fb98
e15f0708c2957f709bcfabd8bb3563bd
434225ec789b4ec5e1210148ec7200e7
c5c72fc3265d872a0584c6b1e49a3a49
5b3295c7400f1ae16ffa76225abbf57c
afc3b790cb8bb0ee4235ecbb5d3548f7
9dbefbbeba8bff372bb06e6814bbbd6c
3db3805d2ee87610dbd413252c96ac49
9bf093286f5dc6a20ecbb07da06354f1
6c4ac4bdcd047ae3edf37514cf03a2d2
3f3b386d1636ad59a3b26f22c1889c9e
c436c0e666843d109059d7571fdc27b3
a2b890d21ca9f19ef730293183da36f2
7240c6cdb11e814d2786c4d5df49f5c7
becb177f0fe659bd440afd61c634916f
4c8a9230144de2d6876e9c1b8b18abd4
351475b84b4896f9a2aa21c898e32d08
407af11a0b8b8d891e1ae6e875a46928
a3fe58d71ee6527d6914b535b61c89ff
eff2398ef7d33cc597e5a1f65e56c4c6
0cf0ac60ab6041d6d63f68e5ebf5e70d
01cc22b04dd42998ad5ded6ed20ffbfb
08d18e6e27704b39f01161784540dbf9
e1ec42781ed88044c65fbfdf2712f1f9
f6803b9cb4ac73a350f93018d79e1be1
38013759efa4867ea8d0b349679c3d84
1415e98901d9885cddce94c1c96c7399
376766ca917c8ee0b01d654b91bacfb0
7a11a146d404742fad5092a8577a1a32
ad5c9510ae51d7a2e004cf88fa287ded
7c4b1322d561b5b70f8e3ae8e0c129cd
58bf2c00d5b8d5dc74f75eb1214701af
01f0823ecb2c02638ca0e295ba5cb692
1b136a2786c5c93b13d03ef3272219d5
ddb7bd91897105d1a8393156bfc42a03
7ae75673140072228e7f98cbde70261f
28e8c4ef8b39db9246873427fcf0b2ef
464804a1bdd8915ccc7950afd7139789
ef73d80882b7beb6091791fcf47aa8b3
da744911d6c50c93a21d80dc9c3fe548
4c1055dd6db69a49d34dc9c31c912bf0
91449aac11ff099e463e1623ec735a1a
efd25a02c5bfb0a5976eb08268a9bf9b
b52c5f02bdf30005404a60b9913afbc1
490cc6c82631ca382c5a3003a5e7bd87
10580e642b962ba327bcfc47fdf698d2
4c001232f8ebb648b4d78d2adbf77939
76d65f097875c86b08785a1d8d77b793
bcc0fe42aeca3c80d09badfcc7381689
6caba9b63e9a85035a87f7b8410b99b6
31ddb8659bcd8cb9585991afccae968a
5827658993d614ebaad17c21e7dc1047
1194ff5aa36197834f39c7b29c7f9b8f
f4d5b73969a8c3f3244ae5f9b330f857
d87246496f1366071dcce9a9044877a4
cffa7374dc599417adf3548fbcd00d81
fd06604ffbf97178199dfe1b9d6217b2
ee8f75ef0dab7dc0d7ea1da04b0ac2b5
c7d1528521efaf75fb57b0a03ea8c12e
39dcd772e234fa3aa51e61662b41ebc1
1d8a586098e28c0dc559d4933cdeaaf2
c980177f308a680537d78f9fedc99f8b
b5f052ccfcccaca93d06edc8099c5dfc
940efef9683c6e080fdaea5d13c17fda
67b671671668c195dffdab728a7b5c00
ea6a9cd8451ae1a6d07523e2226e83bd
451475865d877ae17155491200d629a7
b3f8af73b830255f69cc5581b1f6f0be
9d9276edd8d4601e522510d4b1c26c0b
603d1467743e6750fe5bf561bbb96687
ca08ef1a21ea3fa4da1abd19cd1d543d
fb6233528ad7e50b04a617a5f55c7582
4ef4637263bb41c8d3bc415a600e5bce
ac0e2d0686acac41f4a944482a80e2e1
0ced5c524fc6504745cccf2991c3d373
6b859df0c2bc4e53da37b393a1e955a6
754f1683598f9cb095a3c063e1099c24
3843ea7e4dd147fd1c1cc8ff22402023
d1a2fe5f45c04c9091c7ffac2e69a0e4
f819cf6c32ddc02a1300a1782eea3c7c
377355dc4d81fb4e1e9281e5d7bff661
e6aaad17fca0482d5ca8c8a635b90750
13d8122a63dea53c547a615a479336ac
867a365dcee6910074cc2a24e74d9a6f
5a63cf4149a5d25848013e3307c8fd1f
5bad83f0e8af1129cc545483d69a97c4
074c473ef1db4a7f02cab7ad6be019dd
443a8a483446df331ec598cff3111c20
dbca069d8e38500c2b537535fa67ca08
530d731679197fdde1245e92f7bc1c5c
e7921a491f5e5a756e9b3ce558efec0f
25132f35a13887c0184efd004617d6f3
6e9649ffacbad441f72fbc0cf3be046d
c881580c46f7d40fc077d5dde3a2f7a6
b4dec57553c1076f28417d40c5678141
b3a1c8cac59861a74d7b30e19e4b3606
d8116724bb8c0a16059fc994be05ae84
2e937dc59c8628fddb825a2ccb5a5d4b
5d34fdfdf084e3834bd82e16e4dff46f
a7448359d411f723f28a9ccfe89b8cad
1bf36fafbc75760cc52cddcc2d1d3fd8
6cb74d214422ada481b4c6835146401d
fbc5707c6fa569c439f6a3662cee7f08
74bd230cb2810203b882d8188a811e9b
9758b1f764492e125e0297a6a8d788ca
b3a2faebaeb3b738dd78c2f399154ba1
612a964993222a0035d5286398fc785a
2120f320b05bccde73d296b88ef6a299
756e363721560e566708398c6b982e3b
241ea778ea369c9d741d42acb470c716
166541667dc0d5f401622434f22889d0
0bc8168cbdb72cf657558c8fcc3c3ea4
68589bdff2728e59806e24b64ac573bb
c318f612d3e846d6400d3ccb44a22046
7eee7af5d736eb15433c26df4927ef64
f515693ca5b146f823a46579bd4ce7cf
987eb9202c4347dcd99bf24d9b8c5341
ef872e1c0dc09e64a7b0d2707f355633
a614a4e3972ca497b924087a9b46b6f3
553f827445507258362bc2981bf8f501
b344c69b6b9bd562bbf018d9649b7e4f
a5c76dba7622f0d8d58c83df32cb770e
b3bd2bb727fe8f4edac6738d18b51049
3568ed138b42dd8d3952127a9aa06638
9467b561d6d96c8f537217359aa52465
a86312e824b5a3b6ac59620ee61cc0c8
eff96267616b1ee22fd08e36e9a9839b
a2a71313026613415796f8cfee51e56f
7402a5372d47bc6b4b98228926477aa2
5f7ed4ed8f19bff9dea08c1c220562da
f8c32c6b2a90aa3ee062be86fe5cad3b
9d94f30b156485ff2917240badd74f1b
6e4dbf7c249c76cbc6eb93b34142734c
48910d1908229a08d352bdb4f33ad612
da21f2c24040bfd45749ae4a6f0b6e03
3b0ae5e8a1d84528132605257d217eaa
3cc397c5cc074095ec8c26e45a300a34
8b14438ae988b951d51034d6d962f28d
0c1ee52acb9cf7fe641f63bd903aaa25
4bd425fd31ea57c883f50ad6b4a0ade2
fc7483c99b1dd37d4f25a188f9d1c116
2d7b00facabace22edaa56b1a48fff58
b03e7fa39525e466aed549164c0686d3
de628cbad44f12bce712ea7267ca4665
2b9f0605d66406a6f49f489459a11c4c
fac67e9bae2346ce3b82747005197e8d
6d974df9b79f91a3558203d915718ee8
e7550b4dcdb8ff8e42522631cedd26f6
59362112f6f12be00838f5a1ed13aefd
20ce2a67c1d6a4e69dfd7e078e6b8945
2b4cec8926450fa4780a859e3264a3b0
f6cd4f5b832bd2edb65b05fe28bd1eb0
a89c7d736266fa03480b7c075ed0134e
9e23fda4a45f324e3b9beeaf7ca7dc60
5319e53667803325827f2d842922e38e
1d6813b5c6c88a971f888d15f08902fb
acf7440fc36af703e83ea622f7e45def
d1fc3695387f0fdaf9ed587d35883d02
2ff85592e5d02f30f6fda0b11efc5e60
936a4bde24d2d2b9381364260e219326
cf7bd793889eebe7335a4f4040c272a5
4d12e7244be3096a6abed7299bfec279
34ee1263b9c9d81d90e9f1b024a0ab5a
a759964ca34e2d25382d010b785d692d
c8067da83a75d6fa6c56c3c32a0c4a2a
153dd44efb29c0dd3fd2ac649f48adaa
9ed05aa79c6694fc6e70917f342a2a60
0fad4149db383e008e7e54e4a906e546
d09a73ab1edca739d9a31b2b50bbd347
d1c350eac0a00398645bb1dd9ed9f5c2
308e62b5e18a972731a3582a520dd35a
433322b7c7a840af345ed79fb97e82ef
6e67f8df1ada4bf7823495040da3444f
d47d2a83c29b738011b947da4491122f
28431a0822737e75365649fc8d09f1d3
b08f720098e3bc17fed13b9f27d842fa
367d7171db4a4923f6c602034f5b4ec6
e1edc4b62414d9f8ef31cc7d08846f0b
133953678b0c6d790fcbcc1920149b65
65a091a501f89c9dcee119b4d0c666e9
c7f7e5f530230e2d064924aef0ea483d
6862baef53d2f8fa0259ea3c216f205b
276f2bc2a353c4640153abad6807308a
6d296c1baee9ddf241c41011dd57c1e6
a628c7bef2fba595113da7ad5539a9a5
35e561fc4bfa839f7552d4f89c2a9f6e
395c04a934551677fcb53ce91bd6285c
353d77ebbc29626be3f96a1e11aa81d1
603130e116edf7a8ba774d4455ee350f
3a384643954ee6b7378a5ee3f5c13bb1
aed92170b18d868b2044d977cce4ca93
5c5ad1aff3a1c34ed2d57c0c744b94c8
ff3f9c40b469dcf92b475373ab98dd1e
d56a54a9a415c1323cf28a8cd7700d5a
0574c5273545d3c835a44b8443a2bc53
a0d71ac1b5e5fd0b79ad520259f43f68
013c311c813d46cede803eb6511a22a5
49758cd724020dccf3b5315f2cc93d63
f08964d376f2a9b83e1370bd5d2a35a2
e97dc468daa934286c2b2fcff074626e
9ad6d7631deff49510f963e3aa421935
4880437127b5ab8ec60e2d49e257f98e
7487239c63550cc6be0d3b82dda8cb7e
3b39bb2287212c6962eff02b0be0a96f
d43820d155ba33f07912a5475546a76a
aee95400285efcf8311f1426de2ed94f
7c9e49dfea21f15584099879a47ea6ac
59f9b2170a06caa20647ebb9708da6f6
1d1a3d468446219f97fca020289b4a11
45a5b03ed602528ad15f2eb262e8f3c1
6873813bfae73e2f064919e1c6cbf95b
a00658ef59d82f98b10753683b873eb0
dd80e32e4bad61f30399d99470570565
2f08ead5de355e177376e652941ab01c
fa3d487ff79c30c087d0037785ea5b3d
bd200a3679ea45a050f6712a1db403e9
f2fd948946a7efe62f3ed25786e20159
1881c72b5869548f7353787379482661
f514f9d42f323cfe885efe2542d001b0
117cf60241236d99fe17afb00dd9b1fd
4f8bc119954160d9fee7b9b3634e625f
ff1d035bb4ca537b27ef4888453c807a
8755437b69246433a062b3c9e09afc52
bf1ca82db4309309afc023c3a1d68144
84b348e8d5160b27f8439397cd15e67a
9b7ffb2fe9ea35c858eee67912dcdb57
c36351c05d815a3b4507e624fe3996c7
700bd815923a45850fd08ff86395c297
67abc04f2a28ba6811dd7d228c8be8f0
feedb62822fd6d8178f4c7993b7526d9
07d39b2c10fed215fe37e956687cf0d5
9eac7c199ba593d250819e74e1b676db
c02f2820c5a1677e8a55ddb53dafda90
277c77813c557a7ae08ca889928722bb
b6b377896ff08797e0903fec3e269f3d
5ec3dbb411ca6c6fe74374de8a9193a0
b282b61b137cf724eb242c61a40661a8
cf68a555043b1105cecc2e12b1eac337
118b94caca8e8dcf59cec49fe01a5f62
8551059add11fca2360e7272dd93e331
4f648fb4155c187b0074664e114d1a77
226e52da9a7585e227195a66724450a7
4da79b653816886933c372dad79d750b
a9d38d50ac22f723c36812781378b3fa
bf7c62c22b37828643d816af0b5f5f94
4089d53130c13c65d04e9b426b153e6c
cb214b67f3ba1682333a85b542931a18
386164ef55e766fcbde5c26541caab97
95337313ebd87357868a3d8d742292c8
5fc6cd151c774edebef0c2b4b7265cee
7efb10c61b432321db4c6c4c69ffc9da
12f084d093e6e5f302bc0c7dd11a9f91
8df8717e01316f2bfc76308cd2d06542
9b19b738d2a77305f91afa66c27149fc
ca07117a1dc6de4a4e441a9944b241d5
b97891e13dc8899214fab25ffbd0fdc7
f6b8361610a9b840f526fee370a25fb1
c2d367dc6dcc54c4c64cd54a26645963
0f75268cd506d630d913113286003284
6bb2214fce726a627b2955b7bdad7f26
d738673cf81fdcfb70ac204030c7e6d6
f7c9424925fb9ef5ba1efd7a554080f8
ff79e5b75ba3fdf70e2c376983a85ec6
bb2754b22192f608a91eb02893347a62
8d0c93f374a1725ebfcb35773ad21c0d
725b34dae4c9e9385f85738fbcb23730
777f14f14fba7dac0858a8097c508bdf
6bb3dab0344ce4fc55868855641b4863
a1cb32cc922ab57877bc82669ae78b3b
0145c26fed28fdf4d05a8a4f5a685273
bf84bddf81108a4a3c0b87c0105e1a6a
73652868db6a49a86da1144655ed7bf8
b43a2904a891cc6f063143760be4a046
00affb55bfeb553fb4e94f81f2014a5b
1dcd5d638f7802bdad9302724a1f5846
5acb68ce885ae17b3343eb717e3de9ba
0de88d7cf3bbb723286c0aaf9c18b671
2851ec6543496abdbecfbe6476a4facf
31bc62b5366978163ce2f6a526d70090
bb60829764eff814a967cfe9c90a9911
a8d4dee80e52fc6df50891d587d5f538
bc658dcaaa91faa09dc2bb14788f5dcc
858ed8c7b6a93101456d48e0881e4340
69f9dcc2d720db0f38520abcf89908e7
3fa9e167ca4d04f7135d1eca13764d6b
6db0743045638e42bc39f93bb4a28f17
412707d16cdda27adbe0126196acfbee
35f4958e1708890466afe2d2d6e8a91d
ec63b1b6433cb9c66d7965f608fc8c20
6aae2d690c2f4851f1ac37b423f893cc
0db7bb6ca15dafb0b7338bf285acfb47
2ab0920fe178a8242436a2b26e786c90
ba11da8856b412a057ba74d611f65189
8a8dc6040d2d5366d62a5590e9d71c39
f06ac0c772914b0fa57781be07da0c3f
e1d3d77b5ddf2c02df000077c89417b6
daf3dddd532a5f0cacecc7682b8a9727
af61ed24d5f386e7166f092130e0b5f9
85278bc223b3bc2174a961c5ec810b84
adbbd06a1b0e9e77a0d811316ac1933b
044d878075be972130217f235c380d7f
c20a5051b94f83e63f659234e0760cbd
d4b8b2b421829a7070e67f4662e8f4f0
9f387f76a98c79cbc81e83781d22bcb7
8406f50806b3ef15abb98c9d113b0382
04667e01dd651c6c95b0596f3749f55f
402436ba2e224469cc10ac74114b4529
1194c738bc05f89bf92c535234fcf864
4cfdc52bd1f100f7d4903f2e862fcde6
d05393f28a821451aec307be973d1a34
d51f534be55d027548870380d73dec7b
f8ee9d8be7bb347bb9f4e16de7d02522
cf7a4fa342f1a31b501097b6ddf98e7d
af656c56d66d2f5637829d94080622a4
5b86d76b7a9e220f43dd7b35278e8ca8
0890e8e2a62fafe73ea660e5abe06a89
0ec94e34a1fd88195c8bf7fa26653132
004bd066d38c5c4628e039fda1f1d35c
98a862a43eb010b595f70c00da0dcca8
5bf7164010f988d3ef760d4a32357bd2
db06c83dfeca2c1852b010007f98cbb4
db0b0bc30bc88e2a012fcde0e279712d
a42c411d60e9314a90606fa43c1897c8
60493c5dc9045f7b9f63cd2fa24a06d9
a76cee68352b7b08254bab826123788d
372851a4dffd8f3bb6ff7ab71ba7c68a
9b061333ad75f38a47b8c8c36cfe8fea
fe00b868b049f0c83d9d045b258f333d
c1e5550537ef361d8cb4043ec9b8baf8
ae70cdf00175c03c94f0d5120522081a
7d38f9e940235bdb9cb1d17cca35f6ef
d056ab053998fe9e8200273e07afbc35
75392a4bda69a8e7605ebf475040896d
5906c9a321088c39aa695917780cc4f0
d8555ade0ee7fb5c7236a51123602191
d6e539ce71dc546aaf4267fe34cd944d
727ce2d254e0d87a31e1b1032e00722a
89d71a06145ddb20acca8c1babd636e1
5e61d258c8378df9b95843c19e15baee
5cbf0a6223b16c4f5b10566376819ae1
d096cf8a07b5dea68d7ea96bbc3059ac
5f227133cdef88c4fe856edcaf9c99f9
32cb387c1ae9bd78099dab5edd3dd79d
ceb16cc235a1b1aab7547dd2fc6d6cac
45fed55b4959fcb72bf1b8014cf28150
498525bcc259f67b2eae4b544a7063f7
dd2d9023b9ad31ae76fa23d5e83923aa
b5f0e437f44cba93be39caee18c97351
e379793a1dd21d39a6be263fe2ca2795
20ffa76ba71cecee2c3c64a3eeb0f536
622e8ef5062c715a44e23552d0b4f394
48c1740f34f4112878f3ff74aec50231
7f26d8c86818dcd45367a111cad24888
dc135ad084b46177420a3a4bbb8b65d3
3249500aa81639e51106b8f362b0d685
d8332c595c91a6a0f6ee3af4feebada2
59b1255ac12f1d2f11122d66999c04c3
e2f429322f104a49c6f02c99e901813c
94544f6ac78b5d855f893d67171d5aa4
99f86a2ce89aba4c05476e2353709e38
74010bd78b2f2af9ab8654fdf5ea095c
65f787a3b8bfd89da192845ca2bd7341
a94dbd57e367fd86b7517db66663b270
058c65173844b741bf489fec27a18615
4679925591bcc573052ebe3e4772d28d
c28796fccd0846ce03230dc16fe2facb
20d012d95a258bc3968e9984284ae078
24dffdcde43c6c1b4f886fb9a592253b
69c588c239a5da59764e0975aa9815d2
90a90ddf12a4925cc39df1784d35f2c9
cda2c5f079b8c55185ebad086c2f351c
23ed61aa3c6af4897dc8a240e7483ada
48ff0afe2916f362e5889f2cff7e1602
8d2d96ad1e34cceb5f1eb8d44fa95917
08ff151d70a15d396d2e60dd9db37548
b079528cad1a0493630c74b7cfefbf1a
f4cc7b2014f97080a8d0aaefc883fbef
f4400dd59e8258b2ae42f616cd74d4c7
f42c46fe08f2c9b3886c9259e226f681
fa733fae5cf15dfc4c36a277c45ea713
c082eea5e85c9e31d1b90a540b233275
abdf8964478098d1152b45e79629d642
f324fbba4a7c2796876569d3c6c12e41
37d3879fa525fbf9a36ca5e92b5ee7de
15d5685306337f550dc4685777a2cb3f
9c84a88d230dce59e05338752c58dfc3
fc0c1c5c892b3ac4a0af7abedbf13927
99a3eab09b6659919ba58fa58c050f20
f705618416a3ff7cef6ca5d8ab3fa61d
76f42265f8b17709b1ac9cd61e4ffc9e
49fdba90e2eaa550c62424968238cdbd
6d5ac3fb6d9591b6d98902f4f880da8c
858e0d91f095b7dcf1ecdc553297ba38
7916639df5c5d89220c645947d0313f2
1ee4ee71e05fdf13d2498980c7665f49
5943be308b7f15723f4574a78ed032cb
caaad004c6c4a44a05f4d097dd4df39a
9d61ffbd6d6bc8fe30fb2f8fe0ab5cb8
546ff322e854d6e7632f17297c3b569d
0cf003aefde5fc781bdf1b310db54034
a917ee96ac0ea47428e149c7a6229edf
8233861b3797dcb9d8c508bc5b70c427
7b75c4ddb2ff45afb1c1543f6a4f812b
a3c9f33eee17fb4162fc799b10bdd40d
14154b3d48e12b121f46036195663d04
1d4670db22cdabd48704ddc2f0fff4f7
0ff6f9253e2cfb2a1ddce1e4a5ad1200
3b339138943998448ea0887ce6cdae9d
e884e0011639a6560dbc397491cfee32
05fbeafcd8e63b967a77ba59a7b86f1f
b43dfb020b6319108d44ea74bf96295b
be1ddbdcf8fd8986788a445d8a0e2421
59086ab9a251c1b1e277e7d0d0146ab4
678947ca05bb8a80e1559275b80f92c8
e72f4ed94678119b97a8e9e6f08a9f56
8c6f9c4f240c45c6f0c20e71c5d55219
8ad39465cc86ed4607c210a88804d24f
56ebda0fb93ddd50b5e3e02a3bc0137d
86e92daf7f1d04130cdb408dbe6a5031
ef101fa0849186b7b9012da3c659cdda
9054ce29c6669df097267a37959949d1
639d9e4012a8b6e1502a8529607f56c5
419319dc6dc7e0388d69211de94c083c
a430cfb270e610dec6fcf7ae3d1afda5
2bcb84c8f77192967294b85b07ae901e
a0aa578caa1032bd6aebc8b5cd7f7562
bd4a57c9e280e15ae467bd178d9a5bbc
cc4936b8eaa324f2366ea7d39a754b2b
858e2da6946d2e3d92b89b1c569eba8a
bc7cfd2e4226a066036bd383efd389df
504b2abe9b10eae11103951e15e71450
af910753cc2adf122136f5faf90bffbe
060ab291fa3cb3d1b94770a3ecc24736
8ac6a97843775a5488ba59f787f03ed7
249d8f9ae4bf9c3e178fdfff0246b740
9a7b16e86b6b88750af45508259e96a9
3c7ab2b2e1c414011042f0b625d8ad9c
c75c226eb2522309d68333ae9747f00e
cfd5b37441967344b487127bf0fd132f
f522949ceed75e83a9c7a193a70810e7
82cacd415a140bfb3d7c82bfe54c2b51
82e1311c4dd8a927c49f2dba470b2add
fe46f44976a4a78521ca9d031a2640de
b812463b47565c6a94d9375dab838d75
bbebe709f210588324266ace2bedf993
3d5bc35359a242da71944eaca09bbe54
6d0cddb59f3d456023a3dba7cadfeb97
b302cca541f3b50a2d2a302454bd07d9
ca66879c235892197f83c4ee9110ffc6
9eb00d7e0716e2d476c3ac7aa90b4939
eae29a5f1ff8133db700fc3bbfffe74b
d8ed80755ec69f1cc13db95fe40b5b12
f52feeeb4e7f4cbfb49fc0ed6c605092
3103231ffae473b757677526923b92a2
de4e58716dbc5a4535c5620963e43267
d0d7c33ff0640ebeceb6c696943d08bf
499b4987109f7d8e4261b115a2e6ca15
624ca0c2f961d8c3fb6be58fbd7f7ca3
803a7d6a60afdd74454e08d74350a296
9d04d64afb1347687c7c315c21335be1
42ad18dd23a677156c1484a096e19033
0f9dd61529b207f7df161f588b2302be
e6e5b3ffbfcc6d767f89c879f7a5ddad
cd7894cb7e4f75d2a3349d60ec7ff892
254d8382b1a14e54c9b9a06e6f4e22f0
ce1bed1a913698ba25c68371bdb0b445
81aa57d830beff9f29a6ec2e36b93d61
f76d432a4ae09d4c59d3c7be4344157e
4b01f72abb485b599fa0534acab26a41
0087c116dadd9d73b58ae884d9810d67
eb067f3eebbb36bac20d70428f1d8ec8
764c77ed54f0520d8a4ef740c60d1414
fa67599a652be7d1ac59faea4f215ea1
94ab9bfb76ffa8977937adbc040e1377
333e5d71bfc97d775270ca6410885f73
b08e6f1d27e19593a1082c9f83864ac8
596953e70687c84ec46b531da3cd8e9d
4c8f5707ddfb3946d16c842b232f0724
88fe8ec14187654f1e57302a7c5fed32
e09c6b85ce242a3e1296a2081e06d4f0
ae849ac153673e45d9c2d23aad61c7b5
2c63ca6402de83635878e17240aca6b0
8f338945f5c8b4f5c4ae5a3d332c122c
876f4ec8f8b78fa7dc8170b3f6ce433e
16f400c0f6699fa312b617980df5e8cf
dc3960c09ce839473d3b95024741ccf1
a2cde85e246fc9ff43abe6dab84afefe
9f453e50041fd1ab897f4d59a4da5765
558fedabee52ce0b72fa9a04cac41b35
d4ec56fe4b01f422af7d92c1e3b963c9
8b399fcb06f623a2e740c7d900926508
48604b55dbdf5ff8bdf1d6969e4cdd46
c1cafbe7b320346caaeef1a59ae00523
1f277f2f3f87c43dc040650a2b1205bd
c80128b9575c0df836a8f5851b8d4baf
14f35916260faf7ac715f1852c97b726
bbdedaf236d26c15bda546c3a7791d18
862a9d518c7c01d92054f0474e62da2b
0000001900008bc300008bc37fffffff
0000001a000012110000b4a780000000
00000013000013b80000c52e00005a74
0000001a0000dbac0000dbac000002d9
00000019000016530000df400000a958
00000019000016140000dcc5ffffa79d
0000001900008501000085010000283b
0000001900000da700008883ffff8702
000000190000ac690000ac69ffffe068
00000019000011ab0000b0abffff5ca2
000000190000ec5e0000ec5efffffe6b
000000190000b9940000b99400001dc7
0000001800000f9b00009c0f000078f1
0000001a00000d8700008744ffffb1ee
000000190000b9660000b966ffff952c
0000001900000dea00008b28ffff9f76
0000001a0000f8db0000f8dbffffef89
00000019000012890000b95a0000514f
0000001b000014920000cdafffffb29c
000000190000aae60000aae6000011c4
0000001a00000ecc000093f400008492
00000019000011030000aa1fffffe7cb
000000190000c2c60000c2c6ffffcf74
00000018000010290000a197000083e4
000000180000b7670000b767000044bc
0000001a0000fcef0000fcef000001b7
0000001a000017ce0000ee0e0000325a
000000190000b1b10000b1b100007907
000000180000c1630000c163ffffabc5
0000001800009adb00009adb000062de
000000190000c8510000c85100000bdf
000000180000858d0000858d000090aa
8641cbb08bc9a15b3d51b1ec45d00ae7
98292a2a9a44e1cb0310b0b2ce6a4978
fb466731a4e2c25df58b10133784d8ee
f77192ef7becd116a4e043cd483c59af
4f19ca925418f15493196bd90d405a56
af228f5663051481e2fb40687793cbce
7487d10a62127ca1194387971523e16f
e5e5017847c2314ab452f7a493c2382c
38c5c809234ba78a0e82fbac3fff4146
2c06cbf6a8e1ce5df19df87eeecc56f3
863daba8c9bd7dde61d7133f6b40a2e5
1309e3c16188c04ec2b3c59f8e5a83e4
17b91c379e2845648a00f8c597788671
76c1ce1c3c32da7552ca49fc69904470
15b5e0ddb4ec89803141087a90c0b74c
187415e6ffa93b26c9512ff67cbcaf39
e290c381dd6aa77ceda362fab208c3e6
b13841e8bf5356029cbd53897169995e
5b98bc38e1bdcb1e5ecf05bb1fdd65e0
db85fbc708d077d11c095fac33797e65
d7ef9ca262b9362294af0402a962a525
412607579f513b9d68397c513b505fc6
fecba2c0cbedc597f1a2cd842673e089
81ecc195b837db24fc81a44137459d59
e4ef72823a86830cd6d2357ea1f316f1
704cdd1af1b9a89074f692d0fa1ccf95
2be3d37ed22b43a05f2a7f0800e68e42
8221f112dfe56be81547bf6fc802095e
a173dc770816dd710f478a21d88431d2
9c7904b6fd09c090b55c5fa39847e7f0
570d5388381ae11f6e679b224929d357
23bb98d614ca5d647eb2156fefa49493
85bb3031ef370cdb0e88e6db0b7a6d9f
099c93e90126db511ed4ca7367a72c1b
e042b30e83211181d9d7caae11d88165
5032a478315603628348170c4ffa65e6
6c83df54f1928b394914259e3e23ab14
549933971388ddf4fb9bca14e2721c54
004a2d16207cdefd462e65205db0ccf6
4aea8f152014a7f32fcee550bfec084e
3234ccf6adea966db5a4c12e90e97e2c
f1e011c07c6768c485d950a5f7f5481c
983e9bc48fc68535a0bba59bdbefd309
c841004716b364d3646071096f9bd111
6ca04f70dce51e660b3afd7a6d653772
055f7c12391a2508220b98936cc63578
75b085c0762f0d0fe9cdc04c5b9c7c9c
95f48bf09cfb1d1e1592e6d34429e74b
ea449adefefd5fa1faf49d1ecbfa28e8
55526fb00acc8f3511a4bd20d99168c9
f562ea21b0f2da3f41e993a361ab3076
2ee29be45786498a989eb658acbf88c8
d85d30145a6e223f81dc8e1d555ca8d3
cdab560d1659afa154b40b4a02191df7
722dd89baebc01efae8a549959900452
83d27837d9dcaa1eb888b0ed174cd1b8
fb289649cfebc39c7a26b4e6fe8db58a
5f894697ed1e6ee484101031cf2125a4
d421f00b816989cf10e127f3b9389291
362810e5d17c7ace10dd7f130dffa381
dbd0d90c36b157b35e31091619a55a22
7f366526acb152d8e3a631e178e7177c
f07eb7ad5463aac42bb66972c7849489
1dc3852253864fb7885cff9c9f8469a2
6c061d895be98a463e958cb13bf03039
27a55a1f586cf68811933852f8187f25
5871f9ba607bd0f0961bd7e896ed08b2
484bb337e429dd82871b8444f498b6a1
fca8ee032a6a4e0e575e18d2ae82c8e9
0a29776ce73b9261b5a398240357a12b
65f483a4fa015971b633185c3d5b6393
4d86967ff34c201abbf15d996642b1f6
7d01cadae41f9f776ec3fc3ca0f4e107
22f7f96136d01939a845734234552bc7
90a4db82ddc2c5807c2e7c158f63a0a6
515641906cb87beade5f8726e4224015
92ddbd049df83c00467f1e9501bd8fdf
0db9b09cf513b1237c58e344bda05168
0c7a49b0a0496338b459df8ba6aa07ae
06ee1ada95b688a14fb64e54b0ada55e
75aa27f6d3c8e8e44918b50db05ea8c4
55fa3a68de43620069b0dabda8e9b55a
0b480e24b00e6046edfe3d2c0b8ddbbb
e8a960e2611bf9ab688bf1fe870c9398
9bd2d80ec260794190c444944f939447
4186f690854194aa713540c544c9332b
44ba124c66020958072ce0720f8f5136
15831507e3ada76bad734a4b6f4f4cfc
3093f61668dadfeb1c3f7a998dc1eaf9
0867d290ee63285d3cc7f12cf623742b
8bb36b06b74ba937015e59e6d112e93e
5bb80ddd2301b040cac6e7daf17d897c
4f2f913570c870a028843694ec551650
7373695ffcfcb167a614b43b121cdb5d
d294234a641033d05bc66796d6419f8d
598e1afaa141d36f2cb0bce660efef9b
9ca76b7facc69ac9e6495d4a04e64b97
2c0653024c6e452f22f8d0cefed5dd97
954eb95c3e69a38569309153f43ba0b3
cd4c4bb6f295eb5769ccdad4ced410b4
675f1ad4ed9c825c38b543d50da02001
b0c57311e21c31a8e7708dc5bcaefa28
f30dd4311035ccfb1a4f3e306713b5cc
ecc04212b4549a87e2efab6a939fd9d1
9ffed2314d9477fffc138ae81c3b3b35
7206511242cb7f0d7d409cbb3f9179b8
0638585e28ac367bdc18a0b841b2a2e5
3966c338dfa2815755907bece15e0b32
2ff40cbe01f8748b9875798c4c47367b
1f336d734428b0bc7a7dcd9251056192
acba2839321a66e9c218be7bd3e14f69
034e23f658b4d53f8b202945a4ff4851
3a21727a942aaf2b940635181e765702
d3b7c4ddd8a5b4c3b4865e8626dd2695
a8265bc066b0bdc3b7b4d0da67772cae
6e3a15768a647bfbba3f86c9687dc0c3
90b53fb75077d5356b5866500357699a
64cd15c22008366e0cb904018890ae7b
69c8033e7301cb44d30060f76b4796b0
2fc2bc6b7dbc8d40664760a6482d06d7
77aeda1f42a9b70b0c07a468ec87a304
e91f4a9120130494e9bcdfef35186dcd
091ce98728f3231879b0252bc51145b7
a157d4061744f32706e5a91a18866ef7
5eb37f12236a6ce48bd95617fa1b2c2b
e0cafc16e42d07475eec2885cd5ea045
1e0a8c10dcdb4538b1dde7ca55cf778d
b580158a6cfe374884762eb26f8c4ade
0000001a0000fc5d0000fc5d7fffffff
000000190000e6900000e69080000000
0000001400000f12000096b0ffff22a9
0000001a000011600000adc2ffffff57
0000001a000016590000df7d00005621
0000001a0000145e0000cba80000d6a0
0000001b0000c7a90000c7a900001226
0000001a0000180f0000f09a00000e34
0000001a0000cbd40000cbd4000050c2
000000190000e82f0000e82fffffa45b
0000001a000014e50000d0f1ffff36b7
0000001a00000d5d000085a1ffffb193
000000190000a8f40000a8f4ffffc0a2
00000019000018700000f4640000ed42
0000001a0000165a0000df83ffffd41c
000000190000154a0000d4e70000bb75
00000019000015b30000d8fbffffa360
0000001900009f6100009f61ffff7f95
0000001900000ed30000944200001d99
0000001a000012f50000bd9000001782
000000190000aa270000aa27ffff2f3a
0000001a0000e94d0000e94d00009260
0000001b0000c53f0000c53f0000e5d3
000000190000de660000de660000afaa
00000019000016740000e086ffff7392
000000190000814b0000814b0000af3f
0000001900000f46000098c0ffff4be4
0000001b000017780000eaac0000078e
000000190000eced0000ecedffffe242
0000001a0000c4bc0000c4bc0000ea6d
00000019000011160000aadbffff864a
0000001a0000dfdb0000dfdbffffd88b
21f1c1a16395f619e8a234b39db76a99
caee3611f34b899ccf14ebcba47819c8
30ef7d982e0482acd733c82221e938bf
5a37aa35f72ba6f482a70c822210fcf1
c5d687c2df592e8dda3f54aedf95fdcc
97a9c34ae8822c94e6a6bf4463331153
9e59ad1ded0845d69966e9a4ce6a064d
c4793422d6d1e3ce0373670738bfa89a
10fe5507d3c4b1ed38654c0d5367754d
99f57f0df7c69bd517dbc2fd3637ca84
2aae29197a6b95959628c7e1cf6e1cc5
b1f7643914e8907b357cf13d55122ffd
fd9ee7ae90e72d9a516afd6534240407
007e0be0bd6a5f41566394543bd2dcb8
e63da99ad78ff3b0fafbe79e46ae0c28
8f06afcebc0fcc83c2f0bbdcd5b44556
079658778a26ad5ec2d4ec8bc40bbbdb
427ab0f54b6833f0f0dac1d6d3a1d85c
452e1138d70cd2decc17639826c4911e
d9183ae176c00bccbe2f6538cf13eb9e
356f34698237ac317fed3c2e876de4eb
a16e06c9e5f8fc2ad5aa8de2f74f7c4d
d277e3378a37590f93896be7498c322d
330a4189319a17a4fb05e99e0d37576d
3c4482d81eeb7379c90cf349026f8294
0eb5f522527b28c83bcca374cd108298
5a1f8f87addb0fca9f6c4dffe46887c0
f30b84fe3bb4e70219b24ba47dc12f09
a63cd657ff842403535489c21d51aa16
73044cbd711244dfcd1e1a8c7ba1fedd
added59c40842b8de6738c44bbc71a87
3285c458cb89e71547f77964a44a80be
ff8b89acdafe40cf7be154d347ddb7cb
5e93918cb34375cd06130531c8a3b4c1
c2323a0211187a1fa1f83279f3868fc4
edec0fbc739e1f22793edf0f49c8cf6e
e6928449b8463a114f949eab9b2f523c
3ab50b9fd3236b05655180cd003a034d
ea1eca0d159b7b051e7db1665052ab3d
015a634eb845d80176b5147d2c54392f
3da151eea4e2307458647d1ed04f08cc
e3767e6f93c338f4b5861de3c3962a4c
ef42b244f51f8bd0506881c7f27344ee
d74cb3b1b30b36ba9fd3aa817ece650f
1080f7f9e828fc390fe7947d125dae18
686f0fd8ad16528cdc22d9c611bc8d1d
7ca1dda9d731ce095307748279136def
77c4603d7f3e5ec162f108629c44c8ba
52a072f67fd62995ca33f44c597a2086
c79a3524776decbf460846d2baa55e4d
e6f0f2bd31dce21fcfb689d05e2194d5
d581132c0372e0e44cc909b7ab2afa1e
8af5901ee5e6b8237363deb95551f0cd
d4af3a731e4dd7e270a0d961113b5a75
e87bb7baf36ba621aee7f42e91202732
0e642b0a7bfa09bc6dd80dde3f7326aa
a5e57d2a21d653deb98c04dc402050d3
3fee895d391ffff99791c4ff15ede06f
495bf92d021a2026fd98cd2d1dca75f2
67b30ef6970507c8764e3b307066cdfe
68ef59b1ef4ddd6105cfd44bfa0e6d0e
66edf4edf7a40595853b921759f76b42
7284c39ebba847328e99ea6e39b788bb
7b55b3a059bc33e85ba048c8c9682611
43b7adb7e6ee88c1382bac520fee0a56
eadabc1457ea919df65becb6d7efc67d
52d8e7a9bf7fdc06e1ab92b2168568f6
56708aa945d5ecb8c11b11a7e1c0f3f7
a59aed966b84967a70119e39374007f1
7c8d5fb9c8d84918b5aa6d1d9991e454
f858fed8bb8f0aef129e4bfcc29bc072
28048f054f2057327d0e7d17e56f4c35
a7cbeb13a180918d6950729b46f04834
e02b6ac2cc8b5436a19e1c4db4a477d0
ab7279cb34ab525fbe7e60586b2a8ca6
6d6d81fb1a3be26df17c98b14c46c249
062652b3b85f05b55d49aa1895167167
4d5ff7eb138967abe14833d57454805f
6b69a52203dd33a79ddc418b8c68edfe
04d3106cf65ef270332d5340a39288de
e8e234e9836634cd3912791fdd40094d
3c9c4ae8a6c69d2eaaea20b9a8d0712f
9da4204eef36afeb7e1d3580a4fd05f8
4ef7bc6660f09fe3cfbb290a92c8c155
c2b194876fb88d0b428fa12997bdff58
52d6daee74c4cb689386c23b6bd17df5
169942b2d2be17e97c80a9511fb4e415
9b74b8fd39d6612e664134ecff659afd
e3816952524e6fdb1cd8234c1fda6161
fa912a0020b24b61c0bf4ff8032c1db3
f37db4a639d554a35fb57d68e5661196
56f2c029225555629f90db903b74abac
ffaf790551ae95735794cf81fca03ecf
23110f6fbf495db74215b9819d9fa8ec
388edab9371ae5f603ec15fe29c14dca
6d1f25d5a3e4ed330343e705e9745d97
f67ca3f687453478d2f9e7e292c30857
c32a85fb78a3991097a41bfb4a851846
3373c6e8b1fd5c186f03f010b4624094
ced4395089cb8521098624b8c337f524
e693abb44c1e604c1fc39f777ff2f01e
e0542bd70f97bce58bf86da230395f65
c5acee0178589884ac3e9665d7035702
b7d17661926c2a56c6cb1c976ddf183a
e3d764d72c2c2c5e9f2333f3ee0fdbbd
e899db6f69468a14bbd9e43327b855f5
c4b838144faecd4ff379920f5e2d0270
02aa707b377395c5ee8211ab042a99db
e1bc1a33f655c07f1af2a607fd5b1122
e8860be70dcdca23a55458e23cd0a981
b0bd4e2f924dcc7f57dcfc4f259bf9a9
9a8833de9b91b5d7f5641eb5a3a45db0
18d977a91a081176444b7fb76b4d83b1
df9d0b43eb28ad4efeafff14cca8d36c
3045fe0867de11676bc13061e9c06ab0
7ec39755c6b95bb58d2af6eeb3876d3f
c7a6a0624742b937e88d4d4eadce5bbf
9c24ca81fd019ea5022209d63f711e7c
a1200655e93dc6d92cea19186c357fad
8f1a96e207ab68ea340d295b8a7e30c3
71561b1161d295d990cd1006a4c1eb7f
fc16a1af5c0fd2f1fa1d0caeefa5f0ae
00b8537ca70df185e5f3d57ebfb81c4d
58dea1e7cfa06baaa5ea7a6ba3870da7
08156e3c9e449291d5412f18fa9801e5
0e8f64ef413f60d270e925701f68be8b
46091ef4d5948547f13300ebd4cb3add
9394935e76073212aa6a1f35ab902d64
e3a05004977107bf49e40dfcfc76e1b3
c6c8e2e6eed79480c6acdc5416978cf0
4214f3917b50eafdc1aac5586f9ba0d1
135d963b6112377e15b84e2a9adb7140
ca1e0a81179ed192f4e4e9152d1d7e21
5a61296fdc3f03de184d956ab4bb9289
3cb9e909456677ccfb21ca05cd41a3b8
aec4089030ba7dff8d0058eeb61275c9
8cdabf4ac19a50dedab76ad8f4b16d58
327b4d06e1352ee6ba66280b474cd721
2711e85e51da6008aa2dc54468c8765f
431f14b6ec3ebfdda078e45ed3a75339
b6119af8e6e95256c6cce0b1eeff2035
2bff895b7c324bb1ef7700e821c21ff6
882d10c4daa1c56ec2cba2bf8648cb0c
d54645c28e8735636aa2dcc08dce6338
be4d6fc7871ed261075a98d47758ed97
05495a1647e162c0445a20e07aee9b1d
206f2745d5a522d0e896ef1a83bf6ebb
db95565d146308d231a0b10ca1d39290
58f710305559ecebe2fe7bb5d90735f8
883fa42d5573b5802292227f69e408ef
79f2c06d6123ea4f04a7840ca3142514
3351add56b21d59d444c84f6d386eea7
70d7f2709903d8845f79037585ccb8c3
b189c7958055f40c332f8d110e44ed46
68ff283df510f91b65899bf2bddc2e42
cefbdd4cb13a59ec5d13b29b64e2bb02
e589d9e7fa38f10bcc1ae019bd10f08d
e5a968d3e13827a12485f6290aa4ddec
d82dd2fc7bbeb7a486f1bff3a33303ee
3804ef6e9332493e0ee19b376822b46b
022d13fd6d7e8f955e4f3a22ee92874d
f55d79132e855510c4c699a78f4e63fb
c6c59d2a47a4378ac5da56747ae187b1
2d659be0c83d5cb3ed3606c76b827351
773b2fdb7bba3e0a20b9f9ab3fca3028
f9ba470b77f5dba904332ef008a4d2f5
25c644d55749913d4776b7469b3126d1
d190e25f6c5c8c04df80a7119e34f346
6d18a083913e22b0aecfb4d2d2104713
fa5eff0b273a7c44b9c6bad98b11ded6
c8f903b81d206d2a92f5883d2331a869
dd0466857f72c1174f8bc439b5db570f
7a64a6bc7d3b5b01ab867e89b5983092
d8ed180924a7da8a706b8c545681d0f4
80e0517d7fdff97b36c0ac1776cca26a
d2b8d5ae9232a7386d01185781647226
fe91ffbdc3927f921e84d2de837d0bd8
173936f246c7419317a88c7bd05b1e49
1ed54e07e0a5e7e0f125abfb6d67d1f5
f1f50290deb947d9b6a41efba8f925f7
8d417a1f012f9bdb9855c0adba9e16ab
60dc5ed0b418dfecc3d40c5a1524003b
925fb91318567275a09e85df835a029a
e3beed71cdf73d8c31e86c05ec24af1e
1ec5b971a39e7328ad605ac70001be65
54bd85b34f7d9974656bdf1755b2f7f0
82bc8da1043f5c14cd98c02b0763f51f
626884c4c5dca1fb736b3217d133c389
a95b6172ffe9cf4b6b5416b6d0544792
47b35592376755caf8f12d2b71e41c03
f02f6ddafd0eebccd96f7d7984708177
5517d72660a99ee87509cf7aaeb42e51
9bf8153da788399142ae1129ea15d0df
bec9e023586791ff574e292dd234b0c8
fd8d54a291d5e7716af5b3cebba99a85
a40ae2cc8c07a357575b017c3345b358
993e9031b8b2af470221affa050e7429
a396a1ad2d225c36a955ea59031f012f
abaf0dafaceae7b2370d277ecd5048d5
5dd15117712ef9e2ee5acb0cd2725995
a143cd39de5a9134ddc9f6bba8deee22
be9297e8a224927a053bd199c4aefcfa
9502049043f84f939ccfa01dc5bc3706
7d736698979cd56d687db00a11a1782d
3b359019144946aaf0ca75d1eb521a04
cac01091c628660bb109274aac9cc2b8
397db03e881166187de76b1eacc7954d
0b60f96f5bcf740a58aca8f0718cf8a7
73f2a6f8d3f4c8a713635f9c6b3158a3
13e89521ae11d2d20dd7fc8789dd76b6
6dfc17806cb202133032dd832787a346
1ce56d3813b81a7a11b4ba272d43b26e
93a3b69047a642f9b1308b243fcf702a
4bcf0ddcc389ef69d015cbad0ba50e3a
eea6d4a2aa0a5b3c5b3b816dbd09f9ac
52c33298b140bac4f84ad2975e82bc10
6d99e6a1f133f1ff8a712bf209b1bdda
d833e073dc0e8cb7c6c6a51b2fe625ee
3e7201d248b4742bfa853f6ccb24df0f
d6443fdb922a12cc145a6cdbbe3ba9d1
a3146057fe01224e65c21362fd2c1304
ecc7c00e2fa4455d898b5304b3038da6
277577261fa499fd9802b733a8f8f395
be86a418c0abf5fba57fa926d8906ee9
6c8528eac7fc2c571ed475f72cd9eeac
45b05f11c69598a197b21a6eb3d779e1
9c29041432cc4d3b6c615288faf93bfe
7b98be6425d825d6ec113d794450e6ab
b7d163352c3359f2e9a7722d6782c582
1923666723f944444134d3c56d449e68
aaab962c49d4c76718cdfae8defed8e6
b03c40b958f9c5c7d7701b1ab6a25c3a
63e8656d3eadbb1d91d148368964d2cc
e649999b52491fe0d4c5c2d87796cb56
24a422be4d89faab0c5de55716ef3446
a174c8a96b939c97e8866728885bf674
d73aca5f35cb250613da23f9df0f1ad6
dbfd33fcf0b09ed4a56cf69ca4cdcc93
7b966e0a47e09d4fbc6353f252a50b5c
80b9f35608cff24cbac924a32a21494a
1b57a68cbe1c28b8c3df1e934f0ccc36
b78812ccd5b05f0e2865685cc311a271
12a8d1a93d621a89d010a5bbee572b1d
99ab2f32c7620298525f924bcd48216e
14e4cc81f53b213fb80ad4f87bfad5bf
b2e4b1117595e88a240967b3f6969e2c
ce9c36884ab2964ff4ebb8b31c014932
d3de81c09700a3a9710da48c21691c33
67da69bbfa6dfec6ef9c019b9657b3fb
f80ad32a5e042c3ec0ec5eb5c5a366ee
9fa8a6d9a007e5e23dc6db449601da01
a688aafd8c8ae0dc6f16455a7fbf3fa4
f90f966f6332220e6e2f2b99e68e39b1
36781f8c664c41940767422ae6cc4005
7f2f5b2184e23c3183c0bb0737893601
7a3465e1fb5e333c38873bad214e90ac
0000001a00000d55000085567fffffff
0000001a000012cf0000bc1980000000
000000140000e2940000e2940000e2f6
0000001a0000b7e80000b7e800014549
0000001b00009fc400009fc40000247d
0000001900000fc700009dca00010355
0000001b0000a78d0000a78dffffbc6e
0000001b0000c4ee0000c4ee00008ac2
0000001a000010000000a0000001584e
0000001a0000a0060000a006fffefb29
0000001900000ff300009f7bffff8fee
0000001a0000eafe0000eafe00010527
0000001c0000ea9f0000ea9fffff3fb1
0000001a000017250000e7720000bf7c
0000001c0000eb270000eb27ffffa899
0000001a000018910000f5a7ffff9c5e
0000001a000013fe0000c7f10000cfcd
0000001b00009e6300009e6300007815
0000001b000097dd000097ddffffabd5
0000001a000013660000c1fdffff3a28
0000001c0000fe480000fe480001675a
0000001a000015750000d69100008069
0000001a00000d560000855afffee76d
00000019000010e50000a8f0ffffc63b
0000001a00009b8600009b8600012833
0000001b0000fc8f0000fc8f00002323
0000001a00000e740000908bfffe9ff5
000000190000b7930000b793ffff126d
0000001a0000f1d00000f1d0000156f9
0000001a0000153e0000d470ffff32c2
0000001a0000105b0000a38affff2220
0000001a0000d59f0000d59fffff6a27
e82cfeeaae39594e77dfe5a35c764bc1
9c00f46693bae9ae2fa25536da7372d4
a05141f21171d873a6e83ceb24c90941
181a69e213048925171bb0490d2e4586
acc89617775f3a5281776fe2cce78c39
0d23eae18b427706b431a15d489541fb
3a39552fdf8075b3903175d194ad4c68
146b8ac7c21f3e64f517abb3704a5e80
a5366a9083ea0d0e77367034c1e67e53
e28a88069406fb1b8dba41f9310a9438
96f4779e13265cd1b1038454ba608cd2
f966748c58db18f68b19adaff26a15c9
c78692b930c28667470880c40588d518
7efd371936f6dfe8a99485ac15d4da3d
4d0e2711ea66d07154ff695520631a79
fbccd01c6808bdbb22fc1598be634c50
97d651c65c87668aa5df9a56b0d725f3
f60785a02460be7719b5dd6b3af88c26
50a9ca17f400f52c04ae48b267097080
8bea1cc497ccfeb4de0704cfbefde7cb
351f4c97040124404fae03154c010c55
b47aa46cd5a9b5ad3ff3f1b036d94be9
12d02a153252a28d1f815475065af77f
c43cac3bfad884967ed9d71fcc6cc3a8
756a4b34a5f3df84e54d9941b258d00f
789b3c4e8fe9a4da271943b5080f7096
cf9ed32a4509699e0d9cf8845793209d
3025e2dd28de8a73501e31f537c2da9c
a616bef5e2ca0405073a13fd517d15dc
ca792efe61123c0d5d35bca225e3bccf
f7bc9c657e2fbc8b4064368f16b7ede2
8b516f2215e0ce3c0c10f40e327ee8c9
4fe4cdc7058be059db0134ede38e3b09
bfa37fabc7e103532acfc4264148770d
ae82e706db16857aaa1474fee65ab5e3
9825dda3d454efc2cb46b186b3bbb2cc
d7ef2e22fbfeb9bb64392bb2dbf0acf8
5304aca26036cc4311f15705338db02a
65649caec712218bf80afe6f633019d9
5f2503a505daf817c4c8d6c68cec8603
d61a62781098342fb7d7f03f5fc310af
f176d45c35d79316f247581057d1424d
2d9f0a3bed457d33135f50d42b52f61a
c2dfac92ee29d992ef0259afdd2e515a
102b1a537a0bde2c0a3d28abbc932051
8481395e755af9015982fa2f1c3a5c25
efe3a73ff1573b656b1dee96f43fd56d
a0812222a7510ea43f62be7e4d939495
7c1419858dc2407c116c15b1969aab26
4c8f137254d0dd30425f874d289f5e6d
aebc165b4bbf518e2979883308cec4c4
045d916f6d3fd657908549a2191e437e
d9607fb2eea0d2a69531969c5f896cb3
aaef579dd976198fc1a7ae5c5df59606
8de07e4ecb73eba1bbf0481aa0611f26
f9874287ffba317b3e945a034c39333d
f22253c37c5d502c6e8ac7bd2afb9022
d20321b326c58bd4af99fe3c87cdf592
7575ebf83bc1c1a8b67c93180ed977b8
191eb8d198571c9f33e4fa347705b672
33e247c962bebd5ccba9bcab95443ceb
a6dc7dbcd5a6eb4085f68420532e41e6
76865d3d26685475b8690fb1543fb95f
29fbaabf1289317ac8d12c0f0e3db0de
99c1941bca965b69cb830c30a449025e
f04912b579e65067762bf3db565e5175
4efb47187c5be2ff83b8204f0c15f0cb
9967eb421534ad05686c00bb90771f2d
831440e4d2fbeff442a2415a1a58baf4
26ffd69d359d531c1157037a42909ca8
7fccfd8f787e1e4acb5ed46ae3e48be7
942a0a00d86305912f0b04b3b7000600
e84a339b4b1281a1893b8cb9ecaeb01f
70c83b26ac77e508db9f98808381f802
945440e18b45feb57b816634969dab16
83903249f06a2e179ae71e10fc5141f9
fbc91f17831a37150b05fd88d66ee185
66a8c9b17abde872e7bafe0651e9ca38
fad328f01ff1297ba5be5432eb449594
8898fd12b1f2cc6bb2281c17eb54e6c6
aa2a2cef983f09e9dd3ff9e902126c07
d500607668dd64c8f7a238be7ff657cf
4e35b16e94f9128bb000e81ab5d7557f
a925f61af3659e78a434323a944b45e6
1bb704bf363823f4c12fdb13ec97edc9
3e18654c5a3b9c933225ca2289898175
023734600159362fda95d1a1c23a3c1e
702df40b9cbab450f025b4e51cda730b
712f9ce925f28135a34467102ccc7fe7
ae441fc04b0737f20c84d67b43919b47
0c4643d1289a838868ebce79b1393ca1
8a77c9b47068a3922d5610fdd329db21
93d1b83ea98bf871d7dd58a5782bb6f1
5501efd25af6c1e0f167f21ace54abbc
8e62c8c4e00be63256a9094a2d6a4dd9
a152ec460b962d89eb52e77166a8b2cc
aa87db3c1de165abe635f4f7d26321ce
a967d4e8864d2c29e6c5bd5832db0228
4e0517c22a7435fef210a223053428a2
faf7f3c4defe0100161bd96a88eb75ed
974f34c91840e4fd6c6879ca6493cd2a
96b423c8f0331a244c5fc31ed67077f8
e39f8d175d5f35787f63761cf20317c7
36a9212d8edaf01c25c062c49c079299
12122bab0c3ac8d398f46547990eabc2
e411e9680847b7a051ea95ee65b4e77d
e8f1af3ff63894f3ed10f9eefffbbf81
f82af1b96257b4310d5873f8edff0ec5
c52dcc25f5019b3e71dab201e3e5b5a7
7ff6d15596246a12f9fb096b0fc6b141
b8e9704940c8388702e36b92e3bb8bc7
19887db9fcc3f39233895a3e7ea5d248
94b81500f303859321775ce03dcf8b38
0a13df87b0e207127c79c6be6b033576
4c47ba724165c62fa6c756128731f8f2
569ec09d0a9480597c083bd45c27a844
226b2b3f09168ba9e04a57af72b6f08b
c115b9a773c080087b63a2839f7c5873
ba36aa15e228251712b57ad496af3b9d
a7a495f54dd29d49e4116c6b91affb93
f83a4850a4b03c3f6fce9534a8ebb1dd
fa589a432faf888c9109dc3e9148dfb2
2711a84567d8e241d3d654a36c1ab301
d7038ef87cd1e3d91c7145b9508fdce1
17a3be7636cf98e320d31e3a9e0d1701
bcfded492326a79c4733e97680821645
e3cd740aa977c0df663143f3d648bf89
0bfe532fdb4fcf9db52a9d3888542e82
24378b3aa6665c3bb57a9b91055080a8
91fafd664d82396a1faaaa5bfc65d576
aacb5512408d8337c2fb131086fd8afe
12e24211c31b210f5077686a4402da55
42d54eee6c397b93e7ab8f0ccb13b8da
1894c42d831eb19e1be305abced73e67
e2834ca6e1d7449ab25fb1f6f502ab5f
54e723eec3044cc728af6e64c393f26c
e8a761e2d26282959ede053100526924
a5c62db9ec47207e7fe69fade8aa92c6
24e313815360674b9e377a122a9f3e16
905543f11409924758f6a1ff85553678
04073ff39ed49f73993fd14208c9aed1
8dbb53aa1e36a06edd5299683cd47a32
8a3fa9348e9539655e8bb340865481b8
30c7bb26f0f560325c61dea33a041728
65de3b91a2fbabb53fac3819a75a1f56
bdc7c87ee94712c49936a2e9e4a41f08
44bfdaf57198b31f936108f9ba47081f
9f5e60203a4f15a67c3a3b0c13314e44
456ac066bf36ca7e55044b265e1420e1
7606e9af0bfbb374d5410ace031fce8b
d7596f3cf7a61e104aba39248f667000
8fdf87a848cfd3d4e23d4d567d0438b8
d77d7e45346926efbd094b3e470fb626
94b2cfe911b196d2ba7e51a6c9502221
21d1e8b317d83150526a5c17d93b97cd
44059d3a6e3b28c0f045f1769aed75a7
1f40d3b3ea521420c3b7f2a393b36f4f
52ebad14dd9778c0844057867e660d51
70bca08a6be2eb0439c60546551bcc76
66966c0cf215c24066df25decb8833af
5d4fb522c6cba995fd07a6c8235b9d34
2563f5a6f6f0c2c7c1be83f8eadffbcc
a22c6cff7df8288052ad7e117b0df3af
ef3ffeec284f645310cc28887c17286c
7ec2f40b5449cf491bd720776964c326
bd595b0b742c7f832b4b1e663c9ff348
101c183bc857056796fbbce44b586079
cdc1d6cecd3ccfe668d1f7c62d77edf8
3672636fcfa27d25885e2ab84488b3e8
9c073b1ecef55ef52f9935b4b83925a3
1242c7170e9342357e171b1d783b69b5
3c526daf0f7bdc55e093323abe68f015
3e574dc5696dd981ee09b1a4ada708d7
322a7ab871d70543b72da4ddcf6b063e
8146b81987de660be4af85ff343a7389
2f9bb365e156bfb0942dfd4c84dcd659
6921d7bbba8e90c18263f77777ff05d9
ea5c20712b6a5028c835029e5712a03b
70eda092bc532ad10d8b31377b8ade2c
07410842afe05607a48d1d75568aa4cc
a770839e23522d2518324e4345480374
682ab582fa7b941361fa3adc3029f14f
b640fea948624547728e70cef39f5988
dd65a347d30396b3ae7a15ddab39dcb1
e093106f8a821e6bc3bab5b39673deeb
3e08b7a366271437492283b6294b3be0
5b1bcf9558626e5b2c1820b72b9be821
9e070257fa01dff6082cf01b12e728cc
e55af0dd7169f87ce05b971a0998620d
dfac70f3d77501effa751e0efac8158c
818f37aa80456c02cb550e49874cdc0e
c80465ff2ddfa3fdb56c6865c05ee362
d6cae0ed89f12ebf2246e5b24153fae6
abc8b24b1bb00146600c53d4eb067dba
5264cf9c53183c98b04659cfc711ddc5
0cdb43cc01a3a5c376291681d8d5eb25
f6ab77e0bc215c3e57d92fc4797f4d61
01adeedc5f446fc7f3d11bc445086cc1
9dea0f06a098360443e33e903c627b20
0f84d3dfd950d828a836866526eda81c
e57e2da155d21cecadda153ecf2c45ce
e68134c8bc3649b37bb22c5739d72f84
a3847ee4e665a71e56f867631aac4c34
6301b08e609574ac0d0fe49ccfed0869
d53d8571df02861ac0878bba8501c3bd
ae943fb53ada474ee4930c9b3d7be499
4bb5fc2688e81a32c07bc3d0813c663e
0bc3146a037d8639c40b444ee124cfa2
80c1a55ffc40603759c19cb39dd1ac22
22cbe50cd335d32b3d14df88ac05293e
107ebe489b3f3348d697be72e04d341c
e4766f2c446c0931d71adb17402b4bed
9aa47450f0317f7d864e1b8102f97cd2
38fc304377e0c300143f3a81d4cab7b1
be583d5e4e07cf85293dad0a5c5fbb45
04f6ccb150656f49743ab69410bc47ad
626aca47e3fcac65502e120a91c2a981
e78887086ad043ebd7662cdde035fcf0
b2e19ba3034b05983da4ceea87d543b7
ac7e07c45aacde33685a81b604ac3a6c
df1d650f97347a84994a411be402e1a5
6349b2b403e07f44b8d919c5ac9e1785
2a5cbd85947635de0e892188a17c5af1
d475272937444cdf92d43d60b2c78650
7d429034d5c2018256b721ed85e3d186
ef9cbeac8d045f0986de1f5a21349e5b
dda35958c0215cbb1c05aff645ee055e
5302797d598e58f74f2cd09fec64cf9b
efb995b1614dd1a2810187923818af74
07b481729cbb5e50730a3be4c7f75753
da720e20c65c8bfce9fd7b9a204df7ef
56b5c2e23af81808f33943e4e685cc77
d196a70258e9b10cc76278b74542b4df
82acbdb39320b5ff8bb765c026e16511
3a29d3833724d870638d73d7b71d1cbc
4250fdb8e300958e05c91c779c9dd7b6
1a2f157f8884dbe341a61104bce09f97
3b3aa9173d103fce4d1418656983bd5e
f3548612453d262c1c96c8d93cae902e
49bfb38ed8f8f70bd85bf432eb4e8f91
3ffd5c215c6a210a85a255961c7c3716
30ee133ad072ad1e0fe1197160e63e1e
0ae7a27594dcf072038ec7c2ef20b04f
121067c410af66d4ab733ed54f5c3336
aea15ca26a9bd33747c9b8f6cbcf6c0f
f38a5068fe0de2ce52475948d863868d
37567d5cc75c388dec0512e427f3542d
7bf4241364557d939376f79854c7349f
fa55b27ebfed776bdce7bed70d918fc1
f84b8e18c66dfd75a29d3498aa13db53
7a24fccc8b799975a53e1ca5dcd222b4
3de6984ee15c57644e44241681ccaa6c
99c089da181ee6bdb61c6189684001d6
ccbb36d91d23a72f10ffd0c8d9c4992c
a61e58dbb36843e37d1bb2a46508619e
0ccac8c34e15f3534bd32caee8dd7151
184be580aac35517e63fe9e278051649
c86c86126ad9d065890ea8b6b424fb99
73c0172502d5ca3c0a3977e435b022d6
14dea1e2e8ceeb9a10ab259bcc7d66da
68f146c10442c6ed91f0b0746cbbc3c4
2facc74798faabbf808f5e2afeb8b5ee
6606ebafde904cb8d40dc9d8e7e16381
c35ca67c939675cfae321ffb40668766
6e3e02ac66de993f9928635e0d22761d
479e3be46f57562d40a0184d88138c6e
772d70037dcaf91f4474aedc094224b1
4aa77bc0ab0b33074d9aa544cc7591ea
0ca23a08e47262ac51a4908d705dde21
a7fade3168efc0e592070e705a7b602d
b64243e1300474046b975026c9ae89cc
a6929a48f3e6249fa89bf8ac527f2a46
8b561e47f067664dc2537f81a7d7343f
ec793940fe75b37922f096b58b2b243b
98326db3b84a45a43e64de9e9db215de
5a32199038b620a497fb0998fd39a1d5
b7dabc6236f993367f912643731112b5
f0827fac69638aadcf2b9da3f85a198d
aca8161bcbca77e39e274de550e248f7
c0efa2fc9084a10c736b1c635c4a5de9
b16a1f5b56de76f6c4901a5e01c9ac20
55b5fe5e25db71e138acf1c79f42b90f
07137b4c594920eed2288d786cb40ae4
9f722d5a1cdc390db0dca2605de8bc31
e8cacc4c94c54f3854d6e206ecb29e6a
1f885712cc0c31e254f1e9b782d01613
309efa909efa7316f4afd1dbfa03aa27
f0883e2793400ab1c3080f9c141be9b6
64b962c35995b992a2f53e8e5d405bb6
8add98ceaf3495bda5c0d8725fe12bb8
3926ef42b14eb626bd7b0732a4f3b1e4
35e8b25876150806f4585a5acee25de1
ba876a45beef2f7c53e3d494784eccb4
b42055cd1271a14a957feebcaf8706ab
8eb116a441976c46314a8f6b159794ac
b74ff2fb1b2b8d07a866197258893d1d
efe8d48a31664de8aabb9a19b08d704e
af9c4e9004d4aae2a91eefa60b784a67
3f67d128169c6956558cd3784883620c
b4e3210fda06082c032a7ff597993b53
c38a4a7ceae5d7ed3d4a1459ebc6a782
bb58ff25b453d1e9a3d6846d61de6e86
190142e02353ce0a01e42c6e17f35c53
5bc76e3a2896aaeb5a236176dc1f5a1d
e562e679238d92659be02c89c00b4d6e
589b0277660f3e34c41c48be1a9f7430
77a63a2c19fcbea86ac805333d997a2f
70f4e2df8d2ea4a0a762610bc400d66a
27e7007d36305774217751d19aadfdc3
d5315947e66ab246486cd70097792565
2d4b0516c2d768a80d450fa5e0d6b643
9687ceaf6c8458116d0a451cbc2acbde
be617a97d22c55f5730669d684183c8c
b406d5c1c1ca00c57b4aa736a5292f5c
59eaf62ceebad6fff473bb1fb2f95d3c
32ff6cead7bd3b8f79fd3139800173db
ad30346f4de44186b45fc8ba9c7656df
0c8d49e294138e8ae4b2d4f2f4b62ecf
e4cc0ea32119530fd29491ee2faded5c
d5188f8899d13fa9d666b9746a1fbadf
a5075e66c426b688280eec9e2b9a216d
46b6e8c1e52396b8ad01fb1053180827
ccf0276acf7e867f546b7aec410d61f7
dec16cd50d922aaede6b4ded716858d8
529de62cf7252c656be86b37e8264be3
d244b4bbd4a0e33b3abb6bfa1ed43a86
84df25829cb13479eef9fa7d54fe05cc
d7794eb345b6e370c20592fbf616c330
1a212d3cead4b93b8091a0726d730fde
c95e595b42b93a4f8df93059de3442dd
e88afa7a80104e35e11bec7409a71b1e
68ebc426f8087c717a1dd4d02445e28e
0e110705c26d6434542d3daf0173fd29
2ad72666371bc54c3a8f40fbb56dcec8
261d3540406d8489592b67a85b33a918
48e26a2aa71896c32a473e0cd9e1db79
6ccc3b7c99a9f7db05dd0a772f90061f
32e2b4b8365d26b8016e6085ad3fbe03
6d7b706e88f2499faf19d4a84f40b894
d3b535f3184960c983a33639b06cc883
b932af8155f97cceee91bd1bf453ae71
d77d04e29958d0c5f3290e2473aab55c
e6a634c1622a978178a5657abf56e8e5
4b7c8839e9090a22237fb30a44bf24aa
073f3c492ceb47395c2b55572be6de50
f7c237b8bb7197541da483c8d8bbffd5
a24ea67ca80d03884f48ab9880565d42
392cb631599a05a5fc60f73bbf7f6eb4
c4dc63d1dc0c78172d3c0bd630578588
1874b286bfc714ae70b040dcc2f8f5c0
eb3fc869f5dc5d41f31f3b63f8870e3e
5d2b4e47113facfb8f2a8f16a6891699
a1debd679b983ad6e6e6b749ea9880b0
6eae0aebcd2f929db1ce0889c5925365
8deb1b95ea5be2563dfd8ee586a615e2
07bccaa8ad81351e5d10f00f709dbaf5
df74fa61e9a9c032805461e6472fb56b
028bdc9bb9e2e4351a54584e533d2333
de745748076ee2b9b7344f61a298729f
3fa3b45fecd85dbf864c68a888d0372a
926a1c1b1714b77970a2bfc0a59abf61
fc1fbd0f6b3748029836237eb1330144
28860b1a7a21f394481968291083e206
b8fc0bad0e1d7a12116d9e1c55d4f1f4
6aa469b6777f2ea9184ddad9d145ad1f
1400d1a9fbbe9be11f80be4c0416f117
cd717c283ec810f22548521f4c8a1eb2
0db547e7795f6c01c9193099c97f203b
6006953045ed35d0fe57e1505842fd39
0a926c24126932ccb00a73256003ff87
7daaf31b9bdfde7f23d2105847224f6a
94f4f79958e7901edadec24232ff2a50
6fd7d71c5f8469bc82aa532ab5631f58
5ff35a51f0e7b08d0d1878d2523d45df
60e0631a0079e9ce0ecbf84cf3f73009
b3d0b3d133137aa2fc6fc0497a7224da
e07ca625839602eac7c613504a3d3580
aa5bc7d759f30c919153a99f843d1437
b3894b4fa966e23654190ec0f8428ca1
8482218f7aa5e2549eb52557af6f32c1
4af0cb53bb4dfb9e3e9df20c66e66b7f
d4398bee136e142544ae69a26452919b
a03ff1f72d12efe832dfaec945f2dda9
2894b6c2a99debd144a0cf0bbe530c90
1d6781a32fa6239f6192b85b3c2dca1b
53ba3979c919f63738f69ff1cd744d9d
2e126f4e6647e16d12bc4a99a0dbd398
373a5d37cab824781092f0216a903458
91ac57f2761aa388bd97ad156bb6cd89
6ed709d96d5e3a3c0fbfd8a1c39fdc07
4ba7664a2d50cbb7b3640018d3e39585
1b145bee8ccebc3551fb3b0ec25e3b23
cc31be8f2d5f1f37d4869cb308633e33
52739d3e417ce0beacbb398c57828e7b
a7e12f8f5207cd89fa2190b7e24ce505
67ff075262d9a439c21b7dd5e9605ca0
14140aeacd629373005c78be3b162fa5
f89e4463c3339f38a289655d91a4baf3
005bd1dd54fd5691a41cc4beb4917cb2
8247d7f6f8fbef74eb05d14d2881d897
1c17f3e699f6d1153c248a050c46d6a4
d40f47ea7d9d582860dd598661d0bc7f
621ba41b16bacb09129f314aba4a58b1
e826391d389be4cda1bd7780b466b26b
f25896971d4453cdb067f5c6fc9b879b
ac45a09c92461c4cf021416414d2f64e
1d707dc2dd0b63887856968493398cd8
9e133cd5a50b5618c2ec20356236d805
445da9afaf44ad4e995f472b6eb39eb8
0fbc1e8ada02c0291a7d859eea463913
c2122200bbf0f8fb088723c559870d8b
3749e3f7ac4759bb2a50caf7ce0cc4a4
8601a9a9e87d251dd9f4dfa52c7ee4db
37a8088eac5ec2a786ac01bb19bda4b4
aad5cf0fcc2ff2c1c14265d58ac5e6b2
430f575ddf464f6b5827b4e5e392eba5
1690ce29afadb20397641ba7af737763
d27071846daf78ad339b02e632305bf5
a2e1f762514afc7d5be6a4cb6df3b36e
df68d666095c4f0bfefaa2c3775538b0
0c84929dbcfc99c1f0bfff11765cff6d
e566d8bb6e5d25104210c45bf16d79bc
3999eaf714875feffb7893d3e8d60358
353a60d3749baff575e051a507dd379e
4fa0875a254b03843512f567d577968e
b13f4d6c56c7c7f06f7a8259a756cbbb
359e5a218225444cb02f3314de06c415
42428e55f28d917658f5feec41bfdcc9
5fa9afc3f1d39a743c4138869fdc2388
4fe54d81ed13ff0d2dfb915001cf3000
396f473724d2695e26c50a8bf8d74cc0
1e7fc1b1acdea3624075740b308b2584
4d2c442044ba7c94dfbae89cb1ee8d2a
6b47d881e4ff594b544ee10a09262f62
2001464a5c7ee339df609d163ab10612
218a0f1014625f3805a40e31b3ff896b
6e70d45dbd0bb91f0aa7af6b88b0a544
6473d095a2a0f8af9e3ab70438051f9b
c879e74aef3544275400e2fd7c93a479
08d0c06305dc59f99ddc61d9b3a9975c
42a2049be5005cdd9afdba82be4cf9c0
1e7b071434040f8f120e4f57090f58ab
d9102dc1d4b8d31b27ae689a1ca11f4d
ae825871e152016158ff65d54683c539
7573fc5344b7eb90aefbd3f66585a238
b32aa04aa30e65122afa27c926f62504
a904385620db49302c2a91f60f625260
542bf6f0f4982f3e5fac9d9ccc0f376a
54e292c85b6b9ae5d5ebfee143985749
d0435d06cea3c7acc878ac4b7b249f19
c21518772a8b6b8e9fe980720a4d694e
933372b4ced8cdffdd7984bd64ac6b18
32908ec7feb85f55b317cc2334345d6d
0600eccde64223b648620e880656ca36
5815cbec7555594b9d79a11715a93de7
3a75ac6ed8274ae823b64170d7ce318b
4917d38afd34fe802e8149edd03b84a9
e98cbb63220bf76a80b38f4fa16d2ac8
e8f3ed7bd7b4e34ac9d914413819f38f
440990414c93e58e4c11ef9eba72adc8
011f98225895938cc3924d8cb552cf42
06ee02c5a257d12d094bdfdd5d489d5d
7e2da03aa9f9c62b8011cbe789c586cc
f8605d4776b74276041f546cbd50c004
c1076e97d75d7b67678d15ac398e8fd4
d26723e9f7e79eefcec082fe98bc29b0
dde73b1032d0ae33d32fc9d18a360736
8708fff2040277ea95f91f8da97f42a3
f5ee1828591ea2f7a7226d256292525d
39d58496cb735b0be673ce4ca77058b8
bb3df39721a1a052726340936e160392
1f8c49cca83414de51736e151ffb186c
23d1cff61acfe7180621743878aa6c6c
ffbb4eec76499d6f7ad81dc53efaf674
5dd6f1fe4631733f38502827afc08ba2
67c82fec901dc054d8bc88ddff883bab
090ca2a91b4262a0e6286240421e4866
107312606d8b0c4ca4786cae4b2f79df
6d19422805d474b8fef0292ee1b1c38c
0be58b03fb88faf8c2eac39ea5adf6c9
26ffa93548a75cc7dbab2804b6c0812f
5e3f8296e04e68ad3365102f8bfe8846
dc9a0e81364c8d7844a88cfe11e9278e
fcfa3523bf18d4a118f0dffa6314fdfd
7ce1c41f6d9a8e06592c8f8d7f616187
2a7603400e99bcc87598f9310e43a868
3c954971640b4342fd8e76cd45e4825c
6aa123243dffbb9066d4440aa4a2b9ca
e1f35fead40042c23fdb5a92453ffc31
c56430a2eea2d7ff12fb4a7f210a0dd3
7c83bd3f2543f128da70bb45cb06693d
53fd5efbd761445bfceed70463fe8edf
e5ef4ab92620f61c7ab53b99e6b30e85
83bd8027e1c39a54d67e8500666b50be
baab605d732c691d06a8cbbbd00e5352
71edef703487d68a48a80de04787ec8d
53a7224ec4233d79b3e33acf3e993a94
cd10278fdf505d4b78e75a8b467e7a75
e32c3559b6aca844178fc0640b53f75c
817b3cfd46302c2e61ac0265da175e17
eb8d0e80e53c966277894e0e4b074dc7
598aaaa8c27bdbeab85e2d5d66c60f21
867c16171405a315f9a86be5ec26d3b1
1d995d48b61da765619a7edc3da81177
e7495d901749d124c6754477d8267856
94dfe2e7bf25d66818056c4ab450883b
0a1eed298f367d0e3bf8a767a010111b
0670e905d27b3bcb8daea82cb710a4c4
667bc8eb9edfba061d4d9b839f506067
6353b5c074ac7cfe510887d5ed096ddd
74c0e5ff1aa62078a49da29bc25edb9c
628726ec98b1d5ce5c5fcc38f39ae260
b0f28d9be95c189295cae51bc42d0f9a
c8b8be8ef0fe6a21529638b0cf3d80d4
c9e523282b451a5261b4cb678889c27f
ea35b74b1b6b0e3a8c56498d19ab7c08
a8f28af7e7929fa82ca142ab2559e922
8d4d988943c5f4a3175bffbc7a01d1b0
f4bdb3f2145f0e428f13ec94724d31ce
e77698e20f2c5ed262fceef532f59c89
53381c78ed315da357d22746a8a4cb70
6a5cffefe81a12c99e36ec1122ebdfa6
d06c6f0641f6bfb3efae2060b081b505
61d9ede2a0fa1ff71643b96ea2eef250
ff05fb8f17bd818ab28f1a2ffb9d938e
3bd26b22f997cfcd769856bdcaaabdb2
fb3bbd0925672152ca64e79c4dfe18aa
16bd4adf26baa2dd504baa62e80e15ee
ee2e111260061602ee0c88eb92265582
3109f31a8409cbb9be89e346db3f5637
a478373386d0613960463dcd449e8c09
f714eac2aaa4a487f179fdcdbd7ddd60
1d434adc37010d8222bd5ddd2c616546
70ef669fd1bb9fc9ebc39ecd1cc7d2e8
eaedadd5f1f68b6f20e92ceaa38de44c
46b75d3e5f202e70d0e3e5f464dccb48
6bf235cc041359416dfe34e914fbe545
2d48245c0da44695d55577fb3d3de687
3384499bc6870b47eb834582c9e2dc77
d7abd13f94177817485747936f8183ff
cedee1d23c9b68edbaa5fa30b5310a46
de64bdaf81a50dead9faf844cbdfd0f4
abc52b4a07d92f93f9412faaa2dfa90b
111ea36b39e68f156442e9c96e06cf94
704a3c422db317d210b8ff85783c125e
c3451302b287f89558fa7139c9f0e431
c450c51ecbf13ea8ff63b362e09eb8aa
309b7b98e635da43004c42a46c8a1274
8441c9c42ec2c7f79187f4c35578dcd0
0539f6542bdc1dab082840a5d4d9dafa
2f702e14d1a8fefdd666b4513f8cb313
123e5998ab3e88968fdb2a1d5ae02312
ca7275c158fa9f3b54aa96f1045f4c3d
1fce2a07b402e8a83af122ba644b2d3a
4e70a943700117a2fdb119475e13ad53
efc2c9ae3ec53791ed1dc27a0b2be02c
26b0057b28ae9c2f534cc2234b35d6b7
df2c9847e9711b95d2e84f018df46761
99a7f7ec0966907b66aa821e313bbc1b
f7b14b9de6f3e37a0c1469993453245f
e465a6c72b9e7d06169368fa683a8f59
46ab0b1be4e8bc9c5cc504dfa42a1a55
78dd04b3af2b7fbc89a4f4558f5e92d9
93e3d1c6a3cc1c05e6c3b0eff2b62f83
ec4bd9c37e0f054cfb66b11d26809455
e7ca145f33b739098fe30a0cc99ac467
f11b52ae766cc9fb76b6ad42f5d77424
3b182ea4457693ffe394e0850e8ca89e
cdce47c28de40f52e3dee3c5706996eb
cff60face84d8fa0961238ca387ac53d
8727163ea8bd11099421ab3bcab750c4
b58218072221416e6c3fa6fceae1d11c
87d69bdd791f57c6b0de5b4cf21d085a
5c90203fc3e24f3b241f61be16298de1
bc72c7c6fdd6f11609fad478d0efe2be
bda39870964e28d1c683643f4ca5cfaa
0000001a0000143a0000ca47fffff873
0000001a0000e0930000e09300008697
0000001a0000a9bd0000a9bd0000749d
0000001b0000986300009863000149c7
00000001000000000000000000000000
00000001000000000000000000000000
00000001000000000000000000000000
00000001000000000000000000000000
00000001000000000000000000000000
00000001000000000000000000000000
00000001000000000000000000000000
00000001000000000000000000000000
00000001000000000000000000000000
00000001000000000000000000000000
00000001000000000000000000000000
00000001000000000000000000000000
00000001000000000000000000000000
00000001000000000000000000000000
00000001000000000000000000000000
00000001000000000000000000000000
00000001000000000000000000000000
00000001000000000000000000000000
00000001000000000000000000000000
00000001000000000000000000000000
00000001000000000000000000000000
00000001000000000000000000000000
00000001000000000000000000000000
00000001000000000000000000000000
00000001000000000000000000000000
00000001000000000000000000000000
00000001000000000000000000000000
00000001000000000000000000000000
37480d2b7aec8211348fcdc2142fd275
d1703359ca9ef9f63918208840632eef
6052cefe762f071a4f641176241d7e21
983a78b9a4d0001766656e5b672a4483
6093374d0670fbad40da7b03f8c4b322
0d9cd67021a52c38f46c666d8db304c6
bcf19cb13e25130ebb83905e25fb75d7
e6c23aef71489cc7eb7473328b41c33e
48725d36d5da36cf396b0534b100556e
b92a673467a4c58b05166dc2fcbdfb6b
6cdb0017807394172611bf2bbcd75a1e
ddf32e9fdc723b014619286b2548284c
db6f168a1bd373f16c616de6e849298a
820805445e9bccee4ab484dedc837302
ac0686b792ba369bb5a644e998bd32f7
e478b7353b9ec13021c87a989ad95c7a
fe7d1e04b98e7138b6dd58bffa6c4a34
fc87256dd17060449bcfe6f4fbcc235c
d8af33017e07b18d3fb528311372a7bb
894ccf643b5cf1e4765f9a6aa58fb471
b7812dcd6c59f41c4b9604c2658b1db3
ff83d308f817aa6ab54cb403ecb4b54d
c3273b9ccbfec3a03d44859eef781aee
5d62c3e6f4d8b2fdbbb06cbbb695b817
f1bd05e9e07ee25b464174bc27820eff
3902ef06faf34fcd2a235c2fb667b8bb
5b92569e0ac1dfdbaad5d9cd76a40eaf
26bb5eec1d664335e594ffce5fc7df49
fd10991a5be0a915ad308c1d067ce08d
f612b958778a7f6b67f2efde544eca12
67cfcdd3d634da9bc995089d5b31042b
efbb348ef3d348007b14f4f718a47484
333b75efe65fc242889f47a7099f0992
b0ef0e86e01d9dc49204c126a0959a5b
e7daeed5ef57bcf2e9ed474cf656905d
6b5ee4c6c803a5f8f9abeccaefc05616
ae4d1c83cda2a14d7755ebf59f7dafa7
45d31f85ef466e53b8a8d9b5a37d2c7d
6993544fe85017a4555ccd4bd7189c10
cfc4de4a1e7ee06d75874d9456114ae6
4fcd2609e968fad02cf5a6ba153f0c9c
763f7002460b8e1dccebd45f780986a9
00b197d0d2c268a810101ad415fdcfb8
3d603743cc0cfa48db6d8ffa23c82386
1701866e3629379a55ffe2a8606b60cf
236a352cc064bc947e72f4ffbf789478
477dcf2685707daaec65a619b787cdb5
ce424b20c199601eef853656ff1c11f0
65c359d5766ca168b9ce9aca8c41117a
8862873b1fbcd28b46ec8133015f56e9
7d922930e1fc4e06cf1744b712a84d79
e9191d24f2d30c5e98764cf8576cf756
2c6441f631b1ca5b3115466bbfb68530
34482516d11da752c6b44910f34d3df1
c6f79825230a390dfc71a320dc6799ae
685e4019038fdc3508a7a042b51c61dd
17004512bb9bec8a977701221a009b63
1440260874020d2afd32ebe9bfefb5e5
c20e63e220432863d41d10fcb9d2c8eb
57957b389c2dbba4c23907706767beec
999f68afae46d915ca3fcc10a1b1b1ec
334b7a996a2a7f6277ee5d5ef67215be
dda4b57697e9a890f9ec006fba6e4620
4c9a1e5f066433a297abb8745b8c343c
21ca5fcf0a4e88cf777c202550966464
16c3cd3747ba293fde7caf7512977b52
5fd359f09bb509789c7e3fea8e26e64e
3f8cfe0a23ac8af155fe0887e447a857
55d46a058b11cec7c6850e3915bc713c
ceaab9ec792177d92edd7a377d223e9f
6067c3b37f4b0b46881a30601de01206
f1b84e7e465dbb79fea6fc6e2b03a297
@4600
0000001c000011e60000b2fc7fffffff
0000001d0000fee70000fee780000000
00000016000015390000d43600020e2b
0000001c0000dd9c0000dd9c0004092e
0000001c0000e34c0000e34cfffefc18
0000001c0000ef480000ef4800057c18
0000001c00000e5200008f39fffdd3d5
0000001e000016020000dc150000f61d
0000001d0000b15d0000b15d0004d82e
0000001c0000114a0000ace800008447
0000001c0000cfa70000cfa7fffc9386
0000001c00000f8a00009b670002d83a
0000001c0000f7280000f728fffed618
0000001d0000130e0000be880003e2e6
0000001b0000b4790000b479fffd066f
0000001d000011ca0000b1e900016e90
0000001d00009120000091200002383f
0000001d0000a7910000a7910003ab95
0000001d000016fd0000e5e60005724b
0000001d000013e30000c6ddfffb5ed9
0000001d000018f90000f9bcffff8e03
0000001c0000146d0000cc3f0003415c
0000001d000010960000a5e10001c068
0000001c0000bc950000bc950004a211
0000001c000017340000e8030003e38b
0000001c0000a0940000a094ffffbd10
0000001d000013a90000c49bfffc14f9
0000001d00000edc0000949a000239c4
0000001c0000e5e50000e5e500005eea
0000001c0000bf3f0000bf3f0002a08b
0000001d0000e8590000e859fffedc76
0000001c000015640000d5e60002d0ee
e90545e9532aaf3c809823bb2b718414
dea2e7c910c41015872f2ee60000ad75
fb75549df59d89bda4d0c9c6160cb7ac
24306598e466a4e4db91bf1ebc496c79
15f591b990bac21cb9131632c05f99f1
41dd3ed5b2f4d29ce2d10a82cb1acc23
f23ce05e259a05c8f1451167dbea23b6
e2867c01ae332f0e66ac8b1ef55add09
4b3e61d80c2cba083be2efb169bad4b6
2a6d586cb18546091b77f8c985286193
2a776322d3035d9e5db8ec1a876c46bc
28997c5e925f5f1008a6c3b17b492fd6
4579a7495cea64f3dfa5803790169742
14cbfc05b965defd7cb8dad4ce172ab2
5181f3e8d2c9cb17877cf558b4a39870
0863bb6bcf8a3348a3ebcce24530d380
554d403aad006d5d38d9f4140b655dcc
450effbada2011caa0f7fc07634987b0
379cbe29919831c43456b90176ae246b
cc6f4fb8f90c693f08c008f83979f0d9
4bd8a3ee89294afab9f13b5a3c3fe19d
3e6a165e64a475df4ff9827d43b1670d
8cdd54834b58010965668f35465ff9f3
4e59b6003afe730755dbb50572a0ced4
431bcd255cf3faee2c96609d80b5ca4c
b08e34dd78ea7194bcfe0320b8acf94d
746ec02afb834e9197711d2ab2f961bb
185a2d3d641fa067f5cbac7a9520f367
a461812710b4b8d51c322bb77fc84984
9bf28bc1ad50cd6d5a6d2f069d60e70b
acae086344000224002a88dce2797a24
3e023ecc01b55446eda40f0154d2f467
297e66fef915e785855da300d00ffd4f
ffc9dc477d685c9f62cf66cd5adacb9f
529f0e5934f80c8a464c8a9415da4404
a48256ad883965c2bbd927435178365e
45ebebb6e263a8edb93b64d9f1308a29
dae7fa83645e5520f2c8151394d66690
6ee6454715c944045a9bfb1e65eb5226
f74fc0d54e51c0740350198dc7fe0e65
892d93a3e76298f600c11fe5ef4328b6
77b29ef4d34c17019593ba1316ff2a6c
897bd011de363e2cbe13819f4ad64bdf
e7257062eab6dc5628f4e3b47b91b43c
a9f905ebf1a53cc94cc8378530f52e79
6b9f4c92957e1638bf15a10123b227b1
96c4dac0dc5dc9651640a98924cb342e
5cb79cf8d9e75dbf729a1dde13b6d41a
f89dadabd498e72abe8cff6897c09149
cb07c537030b617cba38a9c39eff84b8
05cc4b9a647d4a5f89ab2e3e7fa7d901
00dabbcc119bfe4cd71bf24bbd3aee50
c0d1965378c5cd6153689adb37abdc93
0b0de1a10cfccb80bbdebcbcb0121030
0c50210fef9090e7b4c8a6554ebad80b
d8d5c7c44e627f17db2e44c515c1bf4e
2a726389106aa1a40205d25eff11b416
8d837e9dcd9948f3a89ad0e455b9bf0d
503d94db2a63e0df6323b6145bbd21cd
273fbea01112ae58ce9d5eb5c17dc423
d77d43a5098dcc5a2e741a6d88ff0841
328a6fdaeb55141892e6405f0d57500e
3348319e1c1bbd4113425c98bd8ed90a
2ed6e4124560d5efc9a5ce52dd0a611a
e59dd0b9212ad88909690bdf799188ed
f128899d6e17e79090ad64826211164e
24c2ec76efb35c8afc56c64fae3cf908
667b1f3f55807d7bc81fcefda673afa0
19dab62ff6ffab1fe7d7da734b51ed52
e5cea01ea74ec88dcaf1961081014f29
101f433586d4bed2c1bd010a0872e97e
f551229e719e8b0be54817bc61b21189
c0196632f37a1ba6cb24b197e3ddbbe7
2cdc498bc332e68d044166094378e9b5
eda8c4119d2e9131bfb8e8837ad7ebc7
1ac94380961a1b0ca2dd2822fc0cd6cf
aabfaa7fa1d62aedc93e9f13c9eaabbe
d570e2fe1aa917a1fbbb0cd143af9600
43e5be98dbcb4ab39451b45f3e90d07c
5f314c6145d8e254bb69cc799ebf5043
d43071d9954d3c9931cefba6bd42b4ec
9f2fd83c160c87bb94c77929f179958e
d450db1e25df17d42d8ad26bf6c86dd9
08a328477ea4f456de3e46b427bd632f
bb7b606f3c200c402afcf2d7bed640bd
afed9d8260ef4f394ef40a436bba9ff1
0ea80f042077007e5ef7424607474c57
8a2967d5ebf974bd891d02efabf0b0aa
949f5f535f71e3d049d9c4fb0648778c
35db075dfdf046104a4d48e6b646efba
77b0968f92f9d792e7f8b4a960f943f7
6cb0ca00a05816f928af933b04c1f3c6
362e5e12199711676d2d7dfe0cb0b8b6
548b3bcf9c12d32294fbfe39d0886031
c30f02e60a24badd74c5c9b72daed8b3
688e9b9b6b2e8dbe67efb60362abc762
05407ca75c088f840dd78e35f744d08c
526042c0df638122eadab0033a0e3b25
e23b03e842d29e79e2584744f89fa37c
ff8cd3c7b63ed1cc437f1ab1cde7322a
88061da2376e899e3ab5577e46d55d75
c506d08a1f77041d2f5c2b248ab32c0c
a2334d502f6a37dc5a45baa0a0ace622
4dbc35fdf134d4d62880482907f434ac
529f1572249aa614753017f2f4a4ac18
1855b37cc49426ae1fee3eb5c089e267
2eb9063f334322ec02289c48544bf8e5
8f702db7ebf88610dcfefc2543fd1d2c
8e21099a7b24a3fd06b5e7f4d70a9ba2
94e5cf0ae8690420e32ef3b3b569a948
a4f9a89673a41a62bb117037c0e633a4
520ff25df7933162bad36c36c21eff3a
ca947c0f859b71eb2cd41bf3bedfbbbc
5b58b531c5003a81d533c5a90bd7d4ac
b08d5d8ea1305394a229ceec47d5a909
5ecea97f7bf65ea2a2689fbf393a59ae
11bbe3ad9ccfaeab5140bfe14ecd144b
6bb1879ae33e742c100593a14dcdf7f3
a07ce4bdbfdee54860eecc1d609a8cd2
0fd46a6327ef54ffb6f7ce624612acf9
918a91a78d53f748acd4aed0918c0a44
14cfbf5d1e3f0e5af067913f6ab65afc
7c803cd1b9a4df17261ea60032594730
09dcba7ef63c505747bff282f5defe06
ec6b9676f57d2b057bd5a45468a29de4
2e90ac5d0016ce1599d408a87e5e6413
1e76b47b59cbd3471a83faf407d8224e
850bf4eb9cf00f00df08319ea82af2fb
bbd56232bc665354e956b4a33978cb8e
d59c80ffbab290411a26d2878890dabf
746d864461881ca675342426bdf2c5ee
4f9624188dca40cf0f778a248909f437
bf2c97190a7e8b116a8c7e20c516a482
a4178acf647faa09e0972116c6efbb74
efdc3bd37c1d8b8e48e8bb47035574ce
dcf271f974efeb75282ff3877aeeafb8
9e2c23cd8f673629186062b824fd37ed
087f1a10561a613036557a9882b33a7d
5cc3d1cb94f9d86a5cc348f0fbae7a3b
3c7e052b9ec92e9b24170973105db4ee
5c3c4dac02e6ccd859323f97aa060368
27d80e31c688758c204641d39362e8cf
2f151cca8d3b9bc766109a13092225cf
471d4ff2b9728bedf7669d5fe534623f
1c69f33cc72aabb9a017119470074bef
f53158e51c60a287aa76fdea6d783bab
fd60fbd6e5340c6fa4b4b9b30447442e
2871b317815d1024c77ab4892050745c
065dab4de8f9e1af8a090ab4a05c6999
b21cb498765695c23eef7f0148d42e7b
0980065ccf499174a6015bda6af8ef29
7be18e8c976f3bb6c63da6cf82025746
d03c61a17a160b4880276fc780cfba72
6bb3c52a26b1b2110d3349fb0786b9fc
3b589ff3449ef717b4e91ac06919cf18
8c1d988083b8d78b9cb6b52b5c7141f5
e3c2f6d92be6f02f796f01724332778d
bacbd5953b5af2274263222e2e51d58e
11ed0ab57d4f204ea7551937756c7306
d90e10ad318616e7b7e8f7957b0d9ddf
6e63298ba010d3f893052b3c9e01d732
bf5724a48e8bf88a6069e1dcc828fae4
4dc0d8d3a59b50a41a1a86339a03a7c6
18352c4ba76589b7afc9e7c0cc8ad4dc
927b8967dd2f6f4d9c9bd0c7221a734b
e89642d15f93c14fa1abf0f58a042b97
a3115cbec24e4713dd1a912dd56a6cd7
59ff54d9d1f114f32a2cd792dded16d9
99f835eb1cf1821e1c23f4b575ca4a52
593cc486444ea5b84136a5a690923251
4d7ccd5fad47f946c3337fec5b9d536e
95a35a338a7be52c80c3c7a72a36c601
15a3707243c8c4c47600d99ec411d33a
6efbcb80f5e4d47a4f92ba0cba871932
a79402935160f71725222bb57896193f
5a151c5e6cc1f49f08d9e74ae82e54ab
3a1c4866e2d8ddac00a24e1133ce5e1a
a7c534926c1211ca907ff39c6d0e794d
35b1a2140fce93638d7a56ee38e045c5
30fd3c9b1e9849e8337413c5f2e4f9c9
65eff04de7e8fec4cc2f35ad859118ae
af0547dfefecf9ba48ba244e5515611c
d5b192aa89f0405bf8d6a5e7be3c4530
0a6c24ad18efb68c62f89f101c18bf2f
83fdcccb7aa9cd7127b0cb7c3cfebfe6
d906da4d02bea51dcb5f61b02566247d
4cacffbc088c0194afe3e66c7026a917
4b59d11fe2eea4d663c011856f86d7d4
6209e36cdd0007d36432d86e771d9a18
6e7a6fd6e06abc0a1dd22fb897386dff
6e9890d613cb164beafd5a7ae3b9b884
b11d20d709cdd7c72d94e96e2961563b
37a6d8b5ebfdf597b7e11717374e34a3
61681121aea0cd965603aeefd840c325
abb7ae7ef3f5c63f8f0aee1953089d86
2d555d127605fd29a82bb35acc40b76e
be72807adc5e0926abbdf841b9ee23ae
8eb1e9db93d85d85a0987c8c3e3a7de9
0380de884039682eedcc51046c03197b
4019eb82293b76a4271489669933af2a
c38c507986a66ed2ff3bec59a17d212d
22b54857a8b075a6ae2455b9d726f89c
aa640fd4f9ccb311f36c1b283d19496b
1caec8edac5c5d7827ae71a1285d64dc
e8ea97f996372ff1a1a645008fb5d02d
ba4c4d9baf2b71a2f04d5d342311081c
1437d2a761bdf9a2872e394dcdd3b25a
55c7f8e9f9d0a0e90573368701118f4d
6de9bef73ca3456aec1f22390a801312
4052854e3104be4aff03b093da94f716
aa9037ad843a075dc6be486d2e5078b4
7481018c97e5b385d52451e4d76f100c
34ce46c459e27605a53c5881132504a6
a39c7aa3566dd376707f240b4f8bda59
ed2f61eead9368738cc77654d83f12bb
6ceb72cc9cec988251c8544a10f20632
6db115f2793e71b67274bd3e7b8cd45d
7d25b789f678899c6464c7a16e245dd5
18e75ba3470c7565cd00759db08ead82
c6af6b9d741751e0c427d3cf4ea6bd56
3a980df253cab8a714d6bedb2c30c6cb
95917c3c1aed502c52646872c20f898b
c9561bc74eed670f3eb892d71f36f1fe
6eb20d75c2c25f1fd946cb488f476a37
7daba1697be6d39723421d4f700ef356
baf8088c786bca0ef1237bd4db789afd
3df5c817f01e96b7c5bf91ba4e055420
2f52cf9f13ab41797aa854d2af33294b
d038520ed7fce805507583b4750fb419
8685575552e6fa91c86dd30518c533f5
240081a0543863435f2ee866f47ec0ba
e79dbce384f7a17743cc9eb4497a4385
f42b430bd6046361360dc8748483908f
229c903a1875a89919003f21a1d1b0df
377cb536af4971a55b4a258ee9bd3d5c
389f002e8145b309dd55c845118db8bb
a162cc4af60b4038223b405f7b3792e7
5d051bf84b07b788ac2187eb8fcd71fa
6985d5133f4f31272db41d6243722882
36f9e2416743af27081f1c082c8c168d
60658956559162a1d0ca69d90fbb5eb7
4e22e322d27be546675d615bed26df35
3c164a50ea5c6e49c08451b9c2d101a3
191b359b0d5ca300f4827794faf68b68
3954680523718ccd4291fcffcabc0d6b
9f1c95d29808276094333a2a3bc47345
4d5f79e0e7d03aaba10343ca61a3e019
c27520d6516f13f87dea6deecbd63227
064482ce58759a7460775e779dd54ade
bbb10d3b9561b027332dd1b697f6379f
5a3caae96217150b20861cdd9b204057
12e0307432a43b19f6082c85d2bd75ad
608996be5409b59937856b5443b05009
c2ad261a64b0dddf5beb3d7cf340d793
59092183f1a7b15e2698bae28785790d
1d8f84dc65dfd5a56f38727cc95dd104
6bda40d119c667ffc56fdfdbe61eddee
da5cd8bcadd1478f96ccba0f84eb9702
a9367c0ef347b547cb55b2731ece7ef2
2bc8aaa4055d7e32cdbc2244a2c0f9ee
989af9efd494186ac5c253756b3feed1
a09dd59c5c0cefaefc82ca6451ca1844
ddfb3a9ed38d2beab82eb898618e9173
d360b8a79253eb085463208fd32e924c
65c29b0f82d696f24388aacdeed46cc1
716e7b873611146609fc36bf703599e4
97ebbeef2bc9e8901526df82643fca93
a2260d548cc056fd5d53ca119a9afd76
6d2deb1131611f9021e2f12edc047d69
07aa2a9f0c924ad3e9fe195e9071d9d7
de94cb26f02bbab14aba606c8178a634
156e1555186c3afe0e7ef30ad462b4e9
9c8e920b10f7459cb2f7a96adee83105
0882398bd62ebb76f757d8fb572948d6
20aa7dfe8e2e58a5cbae5ea989c20378
6fb142dcb7fb12425f4bd6fc7b0237af
6d9eacffc24fcfb47b384f05583198a4
57e8743ab0107a380241dc5230d090c5
b6387d1cdc736c5f1ad373e2155e6f46
850fdee1e9fb5505b3f54a4cbd00f825
c987b26f1fa0f219855db741dca61a5f
0553d1fc2856b8a5fffb4331d88da8bd
0aa8984974c09fa98b20e680e982161a
42eaa0405fb33fca9290cdb773cc4ba4
911f5b4de69ea5493738cd27012cc9d8
b64f65a539d5b3ba2639a494f48a4da0
94cd55b81992eaa8065aa4776ea6ca4c
e421555a089370c5190190f6f89ce98a
eee99b548eff214eae72a91db7de3b49
b97b85c308d5ee9e2ddfd35b1a668e84
c4ccce0c52539ca9fdba60dbb1983404
507e7e018ec88c6a66b22c3be2b38e86
7a4d301820c7894711126e956ff7c758
a10b6888f24bc2219729af81b1a40ec5
83976acb26224568c0acfc4a4945429e
77255c441b14a6bca6076149ff6fca6d
b8020f85f8587d70d50873185ee274b8
6bab9dd7b1f5f45477a30f6be126c7e8
e32b78521976e8f35af0c9e97d43b0d8
cbbae7ec4dc8b7acda7687ba692ef24d
e9a1cf25ec7e6c9eea0af5f847e81b8e
3e111f300046b9bc48eacb69e1cb0d04
249c2263f73db99bd52c3ad74a5f9a6c
fc35f0a65d660995b3624032172888f4
48152cfec45bdb5d8d9a89bcf59188e8
660a3708409407f363ab5216b5728c92
5057116c8fb214edea5eb856980215c5
95585c1658fb4da04558f1684c036bc1
c0a9458385e2cef95b34c0c6450fd417
4bfae4f199ddff1d52abb7f240b7a557
4725d4d020bfa7f244323a5e93b7a798
386ff4c05544de78a03678478738f790
87b9fcea96617f3e3f5d215137853fa4
f5b68e6109156d42bbc50319f62851c3
fcb9c2d2582f622dcddc1fdc1966842f
9c01c224fdfdbe2b5bbf481958ffd72e
33b75ece5a6ac2b81a1751feae4e78a7
ab8713b050d12e7cc592aa77f98b0242
1acc313f65b05fefa1cf3aa2427c5080
69db86e24359295e7638209d5db09dcc
26635f11a0dce62605d369d052465a04
69faf3ef9efce403d792c26114585865
4211e09592f9cc6a3cb5661414e7984a
b39c5c252ed77e1521aabf5d866322d7
f86ce884860c35817fb87d6c8e73b03d
5335f98ffc441e212100079c0cc77868
d45230d12a4df8db9bc2b77497929f43
3782765204da0e9172bde257065a6727
66bab848d8939a23dce259a9991e1fc4
ea06bf459da629884bf7617d5df78fad
5702b62e40c7b53f5e15ed3185e6be40
6b99d253e1b0d834ab2daaddf19ac1ba
0b9a6ca50418b303827c60a48e43ac11
15799be4ba350571e0d7c385c4c94632
9adca66a3627c0ab3a7c94b2b3fec453
9aa36d1e6ccd53837ad4679d873da5a0
731fd959f255146005cadd1a73b93867
7b51b859ace5ccf821878a1869cfac63
85de3f2aecd9550f48cefe08248d0bdf
6fafc055a6d83280c0b29f9207ec38f2
bfe842b6d43f31d6f2e4663d5225c472
03a5b9d87a08e6fa1a40346a5a349182
8a48bb1299caac4e5bcd4658bd77194b
3bfa146d129194b348e8b24445f22f68
f6264480f149d6057108921d2f91c116
7e2d307f1879dff57a25988956986f92
273cd2e3d7a46192c713fe58796a4878
ef1e1657f89d157f336c01240e42122d
b7f04fd2e3ec5ee248008499d96f5e12
c5b795be33adc80c9ceba4f5562f85b8
dd4aeaa3ea9825124421dad494d2d875
8b97b010b51f7d2504c17f3f68de0999
14b3988e6ba331e21b6a4c249c110455
be3309e8903c04f74d214d81f486c330
990aa3f4f90672948a5085335740b636
1deeac941f2a47dbccb598500196f70d
75044b205ec038171de3c892cc345dea
e4e54650a71bd69e5b0947cc16a8a7fb
ba6aa1cd91770de2db18bee0c44807df
ee02293dd93a5bc1e13505bed11ed466
14e30864a02b65e72495c4ac3dc20a52
54aa984e544acaf6aed19491e27a53d8
239ebde7214143e0b0ef0cd5fcb15676
b9f3651d58f224fe124de3523098ae09
37b2fcf3f042fa3a8a70d3cf50874c81
8f92d770f3ab1f86e648e03081415548
779dad805f828f967f41e179d3e2183e
fc6dec5513c9df8e3a7c7380e6daa92a
a3b7c99e99bc74f92d181025b56d9cf8
9912dddee92711f61d9af160b20e197b
dae33d6f631b97d59a936f2a5f7f1ae3
8ebda36288b8ad2cd4159beaa68dcd4b
e9cc1d15ba88abba4f8ada4952404eba
3e0a0ac6dfae8d5a01160bfc243d84f2
c31e26b56c3568787b8e5c6a6435347b
e7f70f604413e9adde1399b3e04a825b
254565e7a4e5fae6692293fc1f12b334
875b743a0218615722a2d042a9a53609
db3a550fb05b52188ded3c0664e9abb4
c662d9e290d736627331da714f97f4f1
4b368fd076468625379e992f058163f1
1a8c380eb96cff7d13243c8993e54826
b6a2ae98be54ac9816757355877b08c4
3023648712c6e30ba09050f8e7455eb9
f91b48ea4a204c7d6074983c76be9eb3
19c3259b59c67d4f1621e3f77ae3aaf6
2e897224b590c9191505c15284d57325
89ee7367b1ebd79f4b5968a88c96cb3e
5c1da5f2405a1da0150150b2ed0b6c4d
be0da33af84cec1d0d6fb6d6cccd059d
a603cd6282327cd0f7abdd97acfc5f4d
3bbb1733cf0d70883a2129cfe2ceb060
3676c30d02f430d22a6dd04b51694d9b
0a4a2659bd65bd3a67b7c7be84766f5b
19b5219f88a10abe8adc1566485a8039
f493f2c1a7722e889b8cfbc3f6b77864
fe153d4f233b6180e9e34c37ad6fec7b
f1508a156232775a5d7a9c709aced178
19035c0016f26d112978cdbff6109772
c520d8f5efbdadc141f4dce8dfa85d86
6043e0660bdc5266a37cb7a3b67d17a0
f4139f9e584114bf49a15d89cddb69c5
df20ad333e591d660cc06549231e5e7b
a4a0a10cf7569aaa22a7106e2e40203c
9900e326dadef2506deaf6e9790719ce
f28303c3566349eaefcfdc6fe6952d89
9bb08605f0a00975ab9452d14ba9c0e4
f183304f6b3e4a274f40836dcf881329
3ebb29e54741f94b0df3d1f8862df028
ec9874493a08b60cad537deed0e9c38d
7fe10b81bd618a1169496914c835c256
32aa3fadda1f3acc427f33b78fa65723
853079cb0754303b63dfd26478039b53
256e603caca83b191a76a817d805870c
a3ccb8510696398b4b1cbd939bf0ccc5
e9b693d5c20ea716ba2eb1fe3e473e89
703d13dfbb035243e0ba60ab3a680045
c68459186cdfecf01a0b1391b12b91a7
b5eb673e9c411d00cf456ba3a646d7ae
d8f5b86e7f30b2d6739fe738b23cb8c3
986b8c88a475857d6424e53145c29d36
4c8f10dde53fc2f641b07fefce51c2a9
88d33d46d1a8b214c5ca754298e2dd4b
e334e45897954fdff9d16327e0f1fcb4
9f1ccba667ecbbc3d2e395e243740e98
080158502f82573f45f8f27af905695c
d9f72ce4f63d2e719b8cc5d7e2a4c1e9
d56ed1d3c2d9e9aec48bcebaa0c04e21
0e486646b4d4fe3a12e8d73d7ac45a72
0ba57e23b0b50034ef5919d6daa2e05e
e27934e90b476a7113e76dfa953ec493
bcc1c1602260494c64a09463715e68b5
e9bae4e6de27eea5ba73125ce2405a71
2f8cf3125ce4bbbdf00f54c99f38c1d4
c22671dcfc497721f1f99cd51e7f5a1d
a6ff49370663fb7728e9f7f29af4166a
d78e11a479cca9976daf74d644e9dcfd
020df4a6ae9641b6ab078aca5bd09464
8e997ea41111be68528593137593ccc8
4ffae1e4851e801119afa6ace56a160c
c172da122c358f4f5f1bf3522bd8d49a
b2f157f2cc78fbec696cf6f9f738d288
19513ab60c35c666f3b29e9ec49b5b9a
93dd9770cf60d40cf69a9aeeb27dbe65
7f8ba30daecd3e540acec8f7cea721b2
132c0c4323aa21e33d06e59102f6896e
36e979266ddf818a69a8f2970838a75d
fef8f60c1cd45ea4fde1acc8271c9204
8acbd2e3bcc853f810dad17541e90ed0
c5510b2106f97b75aa218af392696b67
05c97ccc9a94b184e0e76c9770e5c4cd
1b8d247a653bd3a057286c71807ad3eb
421dcf347489cc8e948f007c154b98fd
b7c31028dca2b6d0fff9c18b4499170a
b06cf85976bc73ea1e586d9652fa5bd5
ba76c2dbcba9f473452247720f9893f5
427d9e379e395bbd71a0ef6e809ac458
6357086de8d194cacdc73cba8f7081ca
6b05fcdfa217870f6fcd3a49f95f75ab
5426b0dc720a8ca82e1a09040c379f77
077a2be0c62a5c7061ef2e41530f24f4
d245242057a56937f810a18e5bc357ff
50e5d33e7c62ba228a69532ca1a09e9e
3818a3f09d7db1f28997d62894deadf6
bf2c08041dd7f80b3669f95d1d0a7db0
45dad3289b0eca74b388b3419d6e03da
291891205849fc4e3fb82fc2acec7e4f
79159ff1109ced4ad371bd6ef66127fb
b030e5210a4414a920bbb966819578e9
687fde45adc1f3a48eeef8d7c330070e
02931795b655909697d9c6d2643f779d
bcfc525ed0750de7f6c9e8aad74a15ca
638a4be6bb9be1ba08e24e0e03f20d8a
e530c40d160a9cadeb4e509061f4d2ec
de70d53488cc5ec9064a2455a97e56c6
5cf2b83c4f7680aefe6a0b808582d5ec
afedec5d9447c8613521d48303487b0a
948e516f5f9e56d025d6f72fbc338b9e
bc26ad1b192fd72347129f1a3e1ce5fd
55885910f862e7069b6fa616ce6a438d
78c2a86db702625945f144fc868b3372
e99df59757445b6e623a5c5ea22988eb
7c969e5279fa687b8ba491fb45ac074b
bd093232362b6aade76fd01b50916911
9555390d5e10edec56e37d4e9d1d761a
0a229dd24191ed3c0d91133a7275b213
2e5a4688e7be79dd96abcb2371bd9aab
b1b1464a1fa69d02dfd823f842ad3bf9
c3469aec462682078c2dcd9597460f43
1cdfa7cfb88121c51193591b5ab1ed45
a5d70de9e1a275e50678227bf6be1aba
d38542297a0dd0d75b6316ee67fb29bd
8f73021ddef7a7a0d9bce39d5170f8ac
0b4cac62ad6a6b18b5084c2fa9acb2f3
33feab411723489ed1feddf8e5194554
4e7394533a5a7ffefe772b7d74290649
c9a435309ad627620f41e74105087ce7
b483b4f046e35e65c0382276bc942414
bb5f06b843007debb8d8ff000ee05b99
f96bd693488ccb76bd884c7458744c89
ae8b203e4be7b21dc72c042bcac1f6a5
61cf196a8e6825285578306a44a0086d
3955da984d3376f951023a228b3c4e9d
9d9a9a3558f9058640378686bbb7fc08
20c65ab190034d06e3f903fa4e86126f
eceb05d34433a4b5490342ba5bc718df
51d96697c2e39f461ebb2868b7ca4041
3ddb1df1bbdf120ab777dbdae96144bc
58976f2b84a49fce2f73ed518e033175
1fecb2f838c3677396f727d4f5ba58a0
8995176d334e89f156d9748d657e6754
80d29ad1b6fbdd95e531741eb9c8b1e6
e5a623859f45792c029c6cd5b1f1378d
cb36eb573ff2591e32d6554f0455e302
30308f8930dccecbbeb4d59fac88d2e0
8faac8e19e65433c09dd31c4f6241530
cbb9a22bbb903e22c0f5ffc355e02f52
9adfa889e2d77e862f75024ca0121618
3db8f764b6c8e32c1ce77cdd43aca22c
58fb4d41968bcc2554b3af284e1cb71f
40c150ff492a77afc7e2ea32d9e5af8a
b0642c3b0d41c29f950203f577036dc8
c81cd47171cd066ab440b3871cc6cd4d
2c2595aed3f3bd0e2117d5a2a3252e4a
3b468292eb7e31aaced3bcaf20de9918
ce23d391cf250db301610d5e9c2479f1
fb1fd03db98aaf3f570f51d43b7f08d8
4aa385ca3fa0a24804e0c10237d83e3a
1b5c6fcbcb2abd7c86a6e18b729042b9
54e58b6f4ed05c89066d24bd2e23e4c4
f3d6a748cb911253a42725dbc46b7090
b7ab1a03ddd4faf166955195f849bbec
87de66301183a7de380520ebff365d25
aff4f3c65fdc2c0fbb2d5c5cf1773bb8
2f7032fdaf136a3cf7e42126485c3ccb
22183265b94682c41477b42f04abc055
9d8bcda2cdfc225c2fb956998a42e296
e94cafb03e50726514b008508719cf88
0236483c8e56e1a3ae892e685a0ff3aa
d3bcfee769afb3781f6c7b430ca5767e
b9dc8700a256f5c0364420ccb769a02e
7342d9e6a91e4e9ea62053f87b78d4d0
16ba60153a22649892182ae4aeb91e5f
ba5fe99c1b484b85fbf53f910be1f634
2fecfcdd69dc2d81299010ba7cf9f370
24fc4af0e799e7ef6ad92b83583af2a3
7329d52c7912b5b7b65f5edd9e88b0b8
69926fdd55774e72f1c07b77c4d976cb
222f35d1be3388e116619da482842393
bf9290d0519e85ef7a6683808e835c88
ffa7373197d0e8fa27a6d15e1f9f9caa
29b4ea7735b4e19b9389da230d39a340
59951e26dafed7ee7ef77ee3c9582aef
2a28700f7098c5b7efa5e34b0f55f6fc
962d65ffcc3783d6eec9334a5406afd0
2e5d7dc4f29c1bffd566e64632b5d08d
cee625bc6e0d7831d54500fa78a8ec42
de08730aff832a151575546d67dcce9a
9b4daf595898039a55e90713bf7f98b5
39e9a98f31d5bc04d3b3aba0091081c9
d4081cdebab064f9d64e465db64f1711
7b9472c14fe487be38d18fca45d9007c
76b168922499c08aa2f0d9e59912bde2
b400f4d62d7dd1910c1058029ef621e2
6adf6e237033aea05c4e4be3535c7d30
cfb320fa5f9dc0505691ac1fc76be154
a937d0dc8a3f3bf87bcff212a784e40e
5a0f5f47cb9961564274ea6369967d35
5052e14e652f9772de8f67d318d0fde3
29740736195feb0acb5648fd5b1fbc34
41ef0112ccb03c9c6391b879d3bcc898
d0b885d1ba8ab0e7b72691c0cd225bed
5e850777adcefc44f40d1f7bbef7b491
d3bf058d857dd419b07e5d9052602886
6708b5b66d663c47c5f73510a8bc1611
bbf74ca1fc0b5253f1a2957f8ecc445d
f5b17a1b565451b350d00d8edeca12f5
fecaf78886ba32da674dc316f29c2d9c
e989b00b269e1bab7eef78f08a33ad1e
bd2e398c3d5484635b0e18939aaab453
ae303d23e91303fc19777d24b2b0df35
7164b5a0c777c2c6903be509e927ac47
8d36462bb407341d3eb45a06da69e327
bd6875e0e6a915adc41ab4d2d33371ae
378bcadbd9c25e985fa56f18ad3f2a0f
5f7eda180b2ab2e9e6b46dd16ce975f8
b3ae05956ef147de6bdc740bc33b8e59
fcd0874333d96febb1c39ac4b463edbf
5113f6273cb526963a226e41d8eb2ec7
92443cf73f86f2bc82dc12e2936f9fc6
e76365c06377fbc99f4b129a751dc071
0a0e18c10e284e82dfbc7f7cb0ce0e6f
aa49052c9c7cd2a4cf42f41f195cca0e
71bd9a10cb31e4870bf6e6d5778a5a99
fb9b0140c47514a19e252fc9c50c31e4
6b76606e0a04a1af1b1cf8aa55a0feb1
6b0780a959828d749e48efbb82543a0b
7cb7dc4ffbc10a08c2028b8589ba411e
f401eabe508e3120e5ddd42f8279de44
dc159d1b2925a24d898b42e39659d57c
e644bcf625e4e13e33273e0a6b6898b8
395a0a023087de81fa3b2e97b9a32616
c4cf077f33172ddc562600b5603758bf
366d2686d0901974a3b12b2f46159649
773a13eca821c9623b2535645fa875e6
84b2f79c34b501195c25cd6d1b552b0c
e3fd1b79d4f552add6a861ab6a0ae1ed
bd6a74ae998dcea6efce11b0478ac2c9
3cc8101fc3a25e34655351c1fe744d89
a0280707d2130e924dd63aa7c9f1ce6e
351ce269bf2faaef71176d4995d966a1
f2f0b80d7b3cb276c4655b2a12aab5f2
2f1b63f3a25044bd291de5023a0d681a
736c0e2ebf626927ef539c29ab72701f
48904657e064692b62fe964d3f09a2de
4ed2f42dca9910e2b4cc81f4e4501c04
d159c8815de9fb1548828b91f7baa9c4
85cf1ec586bbe9008edcd9d490169359
833c29254f92b443a5e6eb5d38f87467
9d35ab33607dc32eb6532ef29f08b5e9
73b754ca9b7fddf7f332554c812f0df7
b233d5ac87d82bebbbfcabbf71e68e47
fe3114dfdc4d96d710271735d500f098
05f4937440a54bb3cf3d1656aee40bce
659f41ed63c097bc0ffc9959981c1806
00998594b79f6ecbeab06830ed6fa2d3
14bcba9f7b45c61f369298c1ecb1ad5b
96a7be0a23e35a31d5d8215dc964e36f
1f5011e724a95f511a561fb266db45e5
6d7a745d3ddfd763710fa90aeb1ac52a
e975e6d88490aaf376dba230f1ba8f8f
655ade6c6ec3f637ed395a10d164c081
319b77a2d0e813d5a1ffc45e17851195
9ffc30a9a1322f6b56d9bad16a978c22
50d32efe8d5a4ae50a7a53707bcbceec
b15660c4852f4e09073802e8aac74726
ab6dad808e55ed368a4cbe1deddd6858
de8624ddaf76f93619c32472318a2719
6d178417547af23a7dbcd1643c2255f2
5cf3a7cc81015379a071d326a4e193ba
5c55176f8b50564901e65ad472c228c6
73a2816fb146ee78e33a02cea65fb558
acd63112743ec128e6b4434cbf6c4d52
951768ac5d768dcc9e3ae93d9857e606
a235102f3647f91df04d9bec5e943693
f1888fa4e9cc7c25c80e7c7e287f5126
2c09ae50e3a66c8337f7a411c17f5315
eadd6a22b02e9b29ded0b2780f7e3195
30adeaa10336ae356f676744b4c644ad
1b4ffb4d6ffb8d8c170226f0d8245d30
f791765dbc58d2226853117ec032307e
bbca5e776fb1ba0bea9a151cf78cc3a5
45875fd9018bfc7571619750fb612dc8
0708fb951fda7d64a0e9d168ed196a3c
370d77bfb46335a59f97944397fd3967
2461e298adce3f7a67eb7e902ed51072
333858bf9af1c3456638bcded518e9a0
924fd1fb1a82ad27943245ea16a97f3d
321b28a9271eaa05a94d0e038fbe645d
7a66e2dc82a6f2bd3276289a2b674632
8b757a173c543038d784eff49aabeedc
c8b85e30765f32dc4128ca927d23a2cb
bf96966d1645d98c83b632e5bfeb852d
2b11ca3468257d011c39b682c6d85090
de7a276ed1a143b0fa613dc1302eee1f
2fc8ad7dd3f2b295d2000f67a99f91ec
191c1321ebc95f5f93c8e55bca4d5314
57c80f37ebd5b88671123b3a9cede591
b4a6c31696297af7f5bce2f26f9ea96a
5f9fcb9880d98e57ed9188f3c1dc548c
d827d678d235c9d853d67ce6d2f0cda6
d43a12d9723f29672f5a58c97a599cac
6743c16ae88119f40b7915c39864af70
5601eecc5474831b5ceb30b2a3999ed1
2809f0316c82aae09a100fd353c6514a
8b724521877003166ccf7601e386e194
6e8a2cf4730861ca07ae0fb0a928d7f5
f8f532dfed32245aa23561ad63c06181
fca015e81ddfab98077b9de9355579e0
21e563acf588b675a89388b5783ce424
58e86e77d8e3dd722b4b66b9d61ea4da
401ca097267fd7ffde70d8d8328d8d73
22a6d4b10e867e49fa468ab83d42aa00
01c1b87319c66568112486a2d190b085
fd30bf9b3e41728c86a04d1a096e815d
f8cc5c684393ea62d1faa3dc28a89ff6
64fb7f038bbba1f943641a0954125e8d
bb1ba12491bb60c64a9387c20dddfd76
b229b5d5bdb7a0c01e6d47aca95da3d4
c242bb9c7d97fe3aa97e018e2da92c5b
76116c57fbd6e5fa38ae330e4610ca15
e627bd8bdc3a2c6c1e48676abc43f51a
1fb32e9996f7f123b007334e37f6f240
61f2e469497abe5307fbbc5864ef8843
8dd122b5516efc83a44318840a69270b
ab7710729b52619a2dfa069f6a56382d
567a655a6aa4dd71a51a96aa8a680863
8858c91b6894cb0bc1cbf4a130b0f1fd
7cbb12df6ba764b102db8bedd4c91b4e
fb890e80756be5c2f6994eb2d64584da
ca3db4c89a16cd6ce1d640cf4cd91d97
0f0d56a8e9140341d7cc4aad4f07d41b
65508dacbea61a1d7f84cb2423c12b08
6c50d40b3c32820ef440210aff602f05
9292db54e46be905442c28090a1cc05f
7abf28ddb539651b6cd724484ecfdf1d
a3afe56dbda6a66e65de7f03666fbcc1
9175d37e9710d8c18c6603f3d34b7ec1
5d4ad29e86d863314f29b565ab926a67
b4a2fbb42eb9c1232e744c191cdddf1e
193b2d1f36db06d83121b9c953060083
4924a6f4917c55fad9e97df97a57ba29
74ba2b7124e98216803d3e123ae120c2
8553e7f86f23d52c9c94cf09a226230a
597dfcc4784d0053bca622f98ea32fa3
2ca688be41a9b118464b1083a4c1bc2a
9eee2b38f5c0eb23854f8c8b53407d99
c7aa9b8f26e34891a67ddd40fd2b468d
a59e3915e47f6a7a5594bc023c6d293f
51bd2deed16593fceffefc9c47185af6
dfcc78926c488dd421f139c17b84b971
fc03f091592a90121be3560ad967a87e
8b741e5902a270686af439f34dd29906
5cb7c8f24bcf9730dde7dbe72752589a
9e82cec8ff8675c0c3dbc85ee3c89d54
0f346cdea4f9ecc0e977a32afe50c180
f1e9962cf48ba7f0d66e364fae9a512e
32ab88691875b21f49311bea9e5a2d98
80751a0b23dd38c48f22cc27f0988eba
d4deffabb3df0b4ee699d9d2aff283e2
437a68aef30ae8ccae53fac0e35487cb
228db226851d270fa6a1b4416758e627
7e0684e12f9e71d03e40c6353ae0ac5e
b7601c95a9c7ff65839721be6d698133
4fa90199886a7e65fac97a8ea37c5fa8
cd4f3242f89ddbc8509f2acbc2d29d34
ba81d5f49a72236f632b0a546706124f
ed34b653ac3fd7131ac69d9b4d26692d
21842a56a47336ed047df533614b27e5
b698dc26a334ad3a1002dbe61cb439ba
167faa5654a75c49304f0877f983c62e
843b1d553e6b471febcf4f3c841ddde1
0dd795178094b69d405bf0a0cc0d3f61
844305146149214ce6dceb0a27c68ec9
099ddb6bf0b8c77f0bfdd35fe45c2480
96881d58b2a7ec4203621f4e5c37c349
fb44b651adb27b5cf52586a3e1cc1aac
45bbbfb022989c9aa69159c71ed88636
b665c8f9ec17a23885412302c784e809
f9a6ccca623c1927c0435fc8b884695f
cb28670a14ef3ba332d40d4c0690f2b8
cdb72b3f8b87b37adc025ea3f75fee62
7916b5f934cbe5ac075a7ba4b99e65dc
bf0cfa88d687babb0e03c95eb17ce250
2e968ea0f5a0bfde2e170bb2cf31bf73
5785e520435a7e2cedcbaedda8fff45c
4ac6c64afb6617f6f36f7267ab425f57
c5343fe51e2b6e5d393ab97a4d4880c9
5e44f2602579a8d12f87a4a944c40ed5
d2ce63e477e69f32d1ad4b964ef91434
a6991483037f36c9cce57c593f87a458
ba48e5c6c332d242dc2cfcb4d4a60654
1148641ec4837f6d3e51619314aa1328
561af311a21d5786dd603ccf8bf386f2
e478c718da4389c33e42502c9ab39500
d0f25def2a6aeeef33be890152bd1405
55b684b2709d0c4837e6e4949967dcfd
58462a1b738d81f2c4b836a8bb178256
dbb243eadcdeaa11581cd4c1ffb1bfb7
e6ec6205b01048b99a77b53882b6edfc
2b57215d845d2c9b9cd9b28c7738ae79
739b1e716c0a1a6f68c109f00baac888
c2509c9b7dbaf208a8518f7a53c40980
8ec5f511c44376a17bd2e5f563a9eb0a
0a42abf49c89a78e510766a2e0a8f3b2
b87c4e9d73e09d99c8cb120bce53ecf3
51c548c4ae3f84828d1bb8af7c6f82cf
aca95b958ea647549e7b868f6b296b85
82e4f29852d180ba2131ecceaece7cfe
7c19511ba6ed61da294d178df4807da2
5072865749d25893b24a0052028859ef
7ef155bb31306010d34139b060d2ff9f
c73ba019ecdadc404cb26642ccd76ef9
87317ca6a2bb6dff82ed80d3b7ffa990
ca2ec1d9e35d7fbfd64e854381a5347c
7f3c28bd1fee9ea6f18a3539c806e441
1bb4917bca49666c11476d4d08ab7efd
c1ff7b137bcc8f8c9081e7d297b5d376
71fd48770f96e7ab1a6d83e7a936b5bf
7601ddff9b24b061ed80d2f8f136a0fc
81bc97846063e728e147ba20562b8903
31f7cbb00dad91246afb1f7bf5ae9cf6
da34ede312a41644e1de11c30f716ebb
11e0b794c5953cc475f9e59807601c0c
8b9c579953c2704e0656eef14ad12e76
77007245e30aef5046fcff0352143ad7
310ecb61151fdcdc01eceed6e6059be4
6a44e161a218d91d35cfddf13e319d5e
f0f5700ccfebb19a39c195a4662ce0ab
8e60bdc3a15c8b7afd1791b1734b2bfb
fba78a3df4d663e205840929e413825f
115e040fc25a59dc9455bafb111a4703
dda0d6d5a551603fdf552bb9944643d4
aa476599fdc08bcfd906e80a97528816
dbde5d7d4b487ffa9706c54beb282a78
27e7957461d03489ec38637c13f67126
a04d6a2b5dc196cea345f1c9209cf530
4f22a8440a19ad11eaab0c0682939fae
bfb53f055a842daa4e626620c6c417b4
756e696abc0c72d43615ea4e178a9152
221031bbd2254fab90b509ec332215ff
e1d4389039878012291d39684eae2232
5c17f2b44ac46ff819723de676c68dd4
4de948435b0ccbadbd49c72f1f45efab
36176ea9b16e550dc7cb948df8d5fd8d
5729dd2a81363fb61a6175909852e1af
cd64f6048151e80bc2462ad77cac7d26
9fb071a589f88273e4fa87179b179766
8e012c83bd9ce3b5850a71cb4c25b40b
cf437d96a17a7f7e131e999a2c25713e
df995c218a1ed4668096372da6076ec6
d1003e52d3c5098ef60185b0c714b8c0
4fc68ee5298696fbe23c426f6ccb9a36
31da0ace3adec1bf1ab1f207f9a1a915
3ff0991a6374c022694d90dc29482d4c
f7b5a94b2ebebc2e87217442fa93f987
82312b8a5cc8b01b6ddacfdb71f3c6b5
eb34cc50ee668ed35df4f13d66e7d046
4722974ee90cd482586bc38cb6fcc8dc
8390c47b58ea2a7ff763b3b065a7efe5
3dce2cb207cd99627cec049e18221f7c
ff515a5ae1ade12f0ddb4ca3e67687b0
5aeec757a74f87f3757596a7472f931b
773206e40d384245c88e09a95d930f52
f601f4b3f9812809f3bd7e25097eba11
5ec8e8bc965fabad608657800cf677e4
cf128d74270c7419dd80f8130dbe7650
45182235b3d96324cb7c3e1aee3b7b6a
022d3e4cfe790ad0bc04afe6bfd94789
d82e666e1ae29fc3f13d7ae27a9399fe
64c7bf94c18519f6522e734476f8b706
9f4f8d50816c403dd591118a348790f5
6e020f43264429962d198418845f6124
9d7998d85a7baf0e2e94ad838b152930
3ee0cdc99ae5bbb8603891f9030137be
cb98ada83ccc96ed1416f81d253f39aa
fa80410cf2cd8d06932f6e7c2079a0e8
b5d509f6d65ccb04902ae710bfc0e606
ebb4ffa41816cfc21ac88bdcf92f0ea1
72676c2d59dad41652d27ed80769458f
07621dede5603589ec9239d37c9c1d9c
dbf762ebe0c41f0d8387af2424050327
68a36a50234de81ded7efa2224ee344c
89f4bcc2c162b167b50b2623a86625dc
48bb4949a55b1dea63f9549712d3ff20
926da816509102a78fef2e369c745832
bb5279c86b1208194dde5263d3cabab5
742afd8c076d1fe7bf4a099bc58467e6
050bf227adb303bbcd531a0ae7326772
4c46c9096ca52410c45ff0ac38999944
264a44e10aa2fda62a282c24cfcb5ae0
8c47d45be5924a7de2c6aa7c8730d762
d29b2804e6da60d8b322fd809a467f6c
aa2f4535cd3f8e66bd196524f894bc4a
ddafa13f03fca9f1f7365a55753d4101
ae993b234f590abee6cd1617d256436d
80d03602cf17d7e1cf168da3a1682310
29e70ca90bcc4e5c347f989976214f1f
db5363bedbe7561a4ad1b2ba5edc63cf
8389c6da5d00b3d6bb58404749555b10
917634e7aea96472bdf0c4f0234cde20
0d227e3cbd1b067116e71b5442d41106
975765dfb46b2ecd37f6cc1eaf93ba9e
875d7e4a4e4f3da78ad382a9fda2fbe4
a990614422963db53da56a38679df85d
3873884e463ba38dcab15ee59e3ad795
0931e27c42824618f1ab7b542d49f68a
7d2f1ed4d96698005b6d1403d1e05e9f
8946c645b1b8d7abf08273c83611dcad
9f82ed53852c773f39f87624cf4ef9da
5b47592794e988aae74abd2d14b104cb
ab88f3b1f94ab1cea3fdf4663dca59f3
f27ad9ce64e0cf95db382f6033d66bab
11c01c0f9fa6b3c34093d7d49a4512d7
662079389d9d672e300c95bb6c5e0083
502cc1df64d8a5e702437ca5d37a5e41
13f01d425dd84aa9f1cbedbc6c64f1e4
46ffc1e548feefc6d99ab555a20f3441
0879fb18ac714b88ffb73923123a5615
a4790eb59d8ab09e832c3944307f7143
772ee20978dbe101cb357080f2b253a2
fad211c911c83e7cbee6ec57000811dc
0347c991abbcaa1c19714c1581bf479f
cc6c6d85a27edd5eac7b35d92a8e5b2e
39571962f90e3d87afe742a6b612b4ce
23a757844cec7f7db4bc2a9751a39b1c
4ede4ca10c50ce87de3f201f52a1e239
b6c16a566da42aa2fc00b80e2c894840
ac7166729fc41df67017c1ab89f0c64b
a5ec0ba0643aa9197163623be1211eec
362bfee115cf2bce96b4ba7b836ae6d3
40766c99c5c95e9cdc7254ae0c1b6417
bef491899824e809c4f57d68ee783f43
0c67044760c5dcb19aad5f69624fb3be
6bacbbfa71dd7769b37d7b3b6e27a4d4
f70ce26dae876e9edfe10df46e35da40
7830f21114ab373a758726a25851220d
ddd4805e4abfaf691ade8999f8838c7b
e2ae07fbdd1237f47dc83d6389406257
ea909e08bccf13abdf2e28a7f6e6829f
931ea7e993ed3b3a0b3c2495d6cd1c09
43e3254ba95be0b61f32ba95b5edc4a4
d4fefdb2145b52859d080ff8e2978571
bd7af2c22bacea7d10cccef5aa38351c
d99928e9e1a0b191f43f88c8a6dd1955
9e7891b245dacdde334503306818108d
b425bb9d24d636ad994a16a43f409e8c
4f6e9a8096efb66e01069e156c68ab52
bc856f494d9ba852d4b10222b6a09b7c
b807f2dbf920a23f6135a4cacf82c758
271831112327b3c5db0d5356f4f088ab
80beda4f476e82cfa78e9f32c694b273
f292d565dbf070463dca1a7bd4c03cf6
fce62dfe95cee9df33ad4c295a1bd92b
7070e074d7bcad7b22df877185dfb9cb
387bb7ce9ab04be6d3202606c2527be2
0e9d414a4245d3e0f3c4bdab4e8cf10c
3043759fe6b45afa2afd6e6d8dbf5759
71996b1b0f79aa068e8a329aa6b698a4
5996b442137f537f2918dead7b96f4c1
23f8da3b0d74a0a7282b92e09da57c46
607281c0a4df7dc1807973383d692702
16d2bf94a45611cb29e406ed655621b9
b97738a87c7b0318b7489350da93677c
4c59adaad031ab5ae266c99635c4cc9f
715f5c303fd4b157e625c9b1bc0d2733
0306efb8dd135b096e69c1e1b8e47e85
0ab675a64c8c42ec52b9b068de7ce310
b6681782d0c2cf71aaa7635f8be2d196
5087fbc68deb8fb14ddb40f588af525a
7100e6d2222fb68542928461f4dd237c
380efe6f8fdda00a3211543502edf4c8
255c17a29130e4659afb5711611197c9
3dca4246fbae568ef83f10cc8adea55c
df7a3313ddd44ce60875fe093fbad5f2
83255281069ab421b17528ca3d633f67
db41aaa9b31920621421f25fad600643
7e4714d337922b2b2dec6ad48df425d2
68e5a8f779bdee84dae2ae57dc3596c7
9e532aae752cd60bea70bb41349358fa
9e2b52703fb025a99102e2ba26c3fee0
011dc6984171b8e05bc23f5af73b6646
80abd1344154fec2e1759c80d3943d20
e539ae2a84d8618df36ba267aac55737
1e551aa02a53ff47e68fc64f10348636
2372efb2385d59d82dbd3a32e3b459f9
56109e60831978c8d55c643368fe0942
d0ff9a1016a3d5ca9bd1269c9251db09
ff6e1581e6d65fd6125e1f0aa544490b
4c2e23d67552efa577a3b11ba1fb7300
8181fc1981476cc6b20ef64828dc5579
82069349344c9b4f7bd0bbe06477edf4
e08e94ba36bda69dd7db8c9808b024de
4af5adb8f4fe6d82e3a1ed94dec6f65c
c6f3d4b6d329f472a89ae0860ab8f08d
8f29ef2bd9d1cbce756c0f71054766fa
3bae8b763633c71b5d438e3ef0fc9c49
7613040edfc450e3cc0ed9d7e4f54147
dfaa5f2962c3fb4e7197cdf9f8808ccf
59b2b3f7a91a9db9a0e9a7d61dc2f9a5
0760845dcf16013f82f141c17fda4b6f
56eafa41b04ada98c51145a886d0f6d8
958d2943451f9837bbdd6ccc5f3f045b
ca39b0594f5c62baa79b4f578c9a5f7d
98a33c8eacba7c2e66b8503f48338703
bfc5fa67e1d9fa69bc2a28f8d1b9b032
e174c8e8c95de9f14ac9dda737a1d8a1
9b36b6e3833c91ed63bc000c2bd2e0f0
5c0cc444241d1249973ffc5588510c6b
a1859282031320168b0a4ea76be4d298
576ad6ebcaf8a1038a45318aaa44b41e
0abbe29f03719cfb09088a436f17e79c
e1bf4745d43b220fde25593df7c0959f
36a72aec3ae0465ad8e2ce8ed49c6433
41a22107f4b8ebdc722d19660eda7fe8
d810a92531afcf89e8bb3929883de70c
ef296569065298281cd23023f26be5ca
5fe701a12ef9f402f9506c0f17a41a6f
89ee43c6e1b23783021e050aefff0985
ad405f277501c979037d619ad0c144bb
028569c671a95aa0f6678969ba5fcfa8
344b9a6509825ef9e459a8df14308b99
f97b93800120020306b7644e12aeb0e2
0c53e90987a69f18ca6853644a7d9dae
688ad828002e620d6f952a7fd9c60898
14cdbd32181856e9b020b5bdc4a52de9
070a2cd647513d21f6e5a968df0e5bf5
56571a9f89f37e82dee335c5b71d229e
1e99efe952ccf0c006f4aa0ed826a062
e10d745c52ba5d8510acfa0260d6a429
850f46fb399cd8feef650a61ba5f2119
f3f4964734af2fcbae6f9c1362ad4d55
7b3c4f5b248a6ce1be300b8ad683cc4a
7fcd6c7a6f63a5f1442acab6b3d74d51
6b7fc958f1c95b6a8c5ae19fae3485f0
2ad6e09fe26352cf58a1eae7ebad93a9
f2727b8c30b97bc2bf20dba917c2394a
74337471cc2c46eb3b9cf015958a68b6
0dced167f49b21c4fbc3b7f6a3d5c889
48102e0248136c54825c6742126e03c7
b5d946365656d553b71851f9d452ce19
746bbf5ed68816d215ef2d26573b343c
69a4fa6466c3bc86cdde7d9cc86be44b
a6651be5b10cc763b1d07bbbcb759f34
c0ef302569a686ad5e7e3d04d6622644
81a58511f903407aef272857fd305639
ffa8ab96c1207592f8fb3cbe3add8fcd
2fc5827deab9c31cdf8c6ebd608b9fe0
de7c472c4284729fef1ba0f7ae85eb52
246f302f435df834b94cf84a7e227e18
e784b4976bd2f283c58f2d7b1f263758
f33baff8201b2180288e7f5428fa2417
00d2c5e0cfd81a45df7727cdd46aaecc
cfb2e674f6195e54cc86cbcd684673cb
329e48192d44d9496aa003f9e06b27ff
3c6dd4261b8765bdc36d63f22fa8d641
f0265ec701ba0a053d25326769d218e3
af88df848d9c427408648b76bc667b04
29cfbf23b5f7120730d2a0c5b960bbfd
aaa433c647e4db4b556d2d84de981625
d22eef12f784fe81a326707fd68e47df
e1ebf10d4899e4a37d6c11e51fe4d607
10fdfc30b58f6e60d7b2886e8797d8fb
39ade307cee4a08c11ff090a5440b38a
f713409c3e7caec22b2e0ad6850d9cc9
1631f13febe02782da4ab135d4b6a6fa
9132423f242db954fdf78c7762107d26
2d8235927c71afef9d3402c15938b12b
13147888fd7bac54cd336cbcc9acff6d
bf6e3ecbd1bb70b1ce82b9a50657ef61
521508b0db78e23409411471de7b06e4
ca41bfb40ad0e22867be955085529153
281628bc2f2b585dd4ecebeec7194e14
dbc5df9c91e0d295c72baee50a7b8701
19001d62b15da433bece47b084e2a233
b8fe7fac00d4e943cb4ffb925312354a
bbb5e740b02ce1fbf1d472edd3fe1eac
01d19f3caeaf868fec4fc95885675386
48a933498d5c0cd8687592d76e5d6c05
9b5b66fe3273d92895943427403b1505
ed20281541f2bf7955c4bba2133865ec
14fa4f8c82f1fd8f836139c8d10eabca
64bea30b93320f099e1c7ea9a42bb253
e29fca89e77219be40f9caefb9582673
7ed9ebbb9dccc2fc8f155e3a8661d0d8
28c81cdb7aa175c8c0b62b6fdd1c42ee
30c61a4ee37c1552c9bfd6ae453f80eb
1b4be88820460e6ddba4d7d0872d5358
e8991e2b5622203a962f74d78216fed5
4238460ce61f9002ad7ecb2528ae457d
ecc5018b00ee14905cdef35f7a3cf42f
438b80dae7cb31d18093c5e9367eacb9
b0100a93d174ea48daa779acd3d6a18e
f58a32f80bca05acc70752f54f0c21ef
15b2701ce94ba7cbc54c7d1119348b55
e05bc88426fc3375b13c3b1f75e1eed3
fad868505f7b9a4ad5e00521308692b5
d5d8d5962a7961deba586be861a773ef
f4db0e2694eafb70b676072216f12332
79a93a4d031842866570bb3a923fba76
825193d6d0d805ae6565d7af52bda51c
994ab7f86954049d28b64c3236687659
bdb75580946ae05e3377b9be88282d24
30810c86ed61af284f4bbc85672fe05a
183f38f152de34bd8731242443a82a59
a76745ac0b36a6c0f6cfe457e376e613
a03bbe2a34a1a265854fa309b0d531b4
90f0092e615bbc504c57f2b75bdb4c63
b0efa62f51307a3dd64f6e7826fa7ce4
c52afd7b23b602e03fb135546f7fa82d
3086029112639e3b32a515a69bcfc835
9df850c38dc3f52519c8e3c2a122e5cb
1b22a1a95a6d2a6f94c1d0572a71bed0
320d395f7a4c6cce0f13c0e41f119515
a940f7f2e9944e5262ffbca803043718
4eb429b1ec2ae77f0258b71d13fed1e7
a9955708b9c9629097452f476bd4235b
f6c4059a3d270ef89d96a9f1dd6d0501
de705b3052745d52fd16de36bef6d96a
d67ebd441d30ee34d3654e62b6ebab6f
14a457a76e95abce87c0a510c491cf91
ac4fe480c21fb01690dc85ae8fc6ca61
0736193133d492c2f8c1b17f9c3b17ff
21c9ad35c5b8fb5ff3f34a3c3f69e3fb
4862d95ae7c47339b1793e265d43c9b7
302a0a305ebe76723309b25a1739e416
f619de803fb1c40932f2ea8c927fd505
95dacc9a77d4f40684cc964e88b64bde
c33ca98fd4238e8c9ec59f9aa871079b
e94bd0cfca41d3655b5d8d37be11583c
8398df226d88efb55e8c8b690ec37bf8
7b88e1f7f9da8c2b6f550ea6d4d24808
abb17c322b0bda9fbe0cbedd27c0d265
214de5607f6a127f19b6b0426ede8e68
3c03dc7e163bd7f779df2d4a6765b0b8
4f86694a739fcbc983839709e88904a0
03ae441d848f856ff463c4ad652ec179
de963161cbc5e035ee97528ccfd67b5d
1b27c6639ea8ac06f6cd95b6ff48d584
2cdfb91122a9fb6d8a26633ce8120041
308e2809918a6cb4fbf63b6e25ed2f83
513421a6843bfe4556bdacdb6cf7f419
16e076cb50d17a1ee2d13ef8c1c380ef
ab9c57b49b0c7f936d1fb41b46ace339
08caf5e4b8a1734f6a1328572e72441f
4f814f619904046c2ac95ecd42e54543
48c7929aa44db46c83238a4a80a95b0d
c591350d72499370a498813dfde69d30
a0518361f8bb54fdd49aca24472f04b0
f260413c1fc47b6717b3579196a68881
20f9541ab8bd52086b3245aab13f6140
2d9c146c3660bbd2feab2d371bbfc1f4
e43c3276937c50b485cef5996599f29f
28ed0da4cc539f94fa9a1a8e77c9b7fa
ffdec465a5af991a46707661ec98c389
dd40409e77a1372e605462c256fdc567
2ad985c88093ddd594979c10632623f0
156f37a84cd790e4fce74876522b7fb7
f9b0708472e301dcbbd24c460e0713c8
d7b0f5c7bbf7a9ae98d58f73a8f14a98
38ad6582f78562dd322dfeea53f34e9e
b48691fb72d14b8e2044c06095099764
00dbe4f5bf1c9ec25537817dfbef8bbc
b56513245f8907eef23fcc37295c44fb
4fa3bf2499872346b4855f1ab51623d5
815a008f216d8e89157799f076ac29de
4cc7a403de3ede9f8bb3ce0c82d109e2
8ca7846acfd78927a13ebe36e0944c6b
8e479191ab69d980968d6ef1325eab2f
72ddac58b4b527bdc1c7766a57805c68
0674e59e9c4b23f71c03b8b75b9c8977
b034a446630c6f18c4f59ab00e10475b
3f702113a9f84e0df58343268588e0bc
dcc0bc5a779b4a63ee6ff0c18b187f93
4122c51cc274b0a1ad63b2ce9071f07c
f1ca69bf8c64bf965df6069f1e7f8fbc
a1c184922fcda61d0323435ed53be7aa
a19513b3b330f71cb95c8d175c095991
2e36cb6a21c3363123ae90344f7a03dc
56d9fbc74b1de426f139920526f2d8a3
07ac2f4e85a2e2e61a34af1bc5c365be
6f99ad86143bc407cd0b18171a67446c
dd4700d570864517181c1438355c2851
89db1a91b2fd02f36c44cf5adb68ad61
29f780c592ce1370c864d57e8bc01715
e69856f125ef139c17584770e8ef2e1a
1b17d2e94559ec48e516510e152aa2cb
7d1bc542881ffe48042864544d6482c0
77ec2c0131f37d0036a7f3cbf6770ee0
20a003f0d138b2365c58c9f93ff4d772
60b288d3908aba1469331d92a99665d8
7125a1a8be35505f8e854d3ad27fab5d
fb56656046f453400c46a4c621da526a
08dc2d1bd9d07adf691886ccebf4c338
1dc811d6b6c64f3ad7a2a1ef3ca284ce
b7d4a660cba951e262bded2f7055cd62
6e539c5d65a65ce48700a3dacd46b2bc
81692cb74e47a112a1d5b652484fa967
927af6376b19147054f0a6fce7a1626b
62870a258ab33a4e87ddccd14f66257e
152ec82c5e15e245cfe5a24417539db7
a276a2977a1822b22fa5be5d2deb22e5
22e38d977d249281a8a5345c1dabe3e7
a88b7231831d9d892002b75ab9c0a8e6
3c99c27b54a5a3a3795743a8e5d7f1f2
4f8ff0997d8957ce1ede1164a4587096
c06b4cb3e7f4809aeecb5cd237d75857
972e504dfe00951550f20a86b2e92336
6199a69dc29a5d2e8e83c653f187ba2a
b1ad30eb61d7a37a0024dce4c33466bf
b61182ea159d2d795e36782b554bc142
d6914e24453d0bd033e3c83dd0f49340
07d7d2d725070d0151708ae4f7736f28
333e3aae700d5e88bee1b47f1bd28cc4
ab8769f6ef28b5106fbd5e0ad3eae981
6585324f6241e6b2402600b37925e124
4e259d5e9989a66240a558541ddbfbd2
54b18eed14449944d2410af0bda34088
ebc9cbbb1cb71082887d039ebd8a7e68
6488d9e3cdee29b07d228dbe7f0d2512
de7320ae80d31d1e7a6085c9976623f6
99662ed93e40e2031c8954dd27e15a59
79e7dea094e6789787beea2ddd6646d7
b37d9bfffac7dcb1ec715e179cff8060
6c6dcb490879f926f56dc21f9463c7e0
0aa3bb0da98c79423a7fd1969875cf1c
50a6024c23822d13b828b46a55ec5b24
e363cd10dc872c01df8313cb6210a731
d0b7eaedc8d8394221156ee7c771a891
431a773d8c6ba1d899967c375ddc1fc3
5da85b432a0e6f434a59302e1266ee87
ba78cd6e54c34126fb181f535903fda1
2bb052c1559722877ae5130d724f0080
ba97937d963578f22b4b76c9d5e75e7f
0d92910147f59f18106405391cbb80b6
084c50f0e08d3fd6f83179769468cf2f
d261b7b664b56eee3ed32e90eef865e3
6fc28659c66babe2e49a244e35ed2d0c
b0307bd07eb7933a3be43ef9bc6b447a
7b5df51984a8bf34dde33a1cabc1ac2e
3a08710741659e454847e6190304ba0e
3c183c7c93573c0ac497e8452f7c3574
03f4f6521a739edd3476ab337ff2e26a
f22e40c722c9555bda9bdffe9ef1a6d2
d91057a064c415941a445a6502dd8af8
db0747cf1fbea4e7daf779cdcee2650e
9bcee6e94398bd334390138e11dbfbd5
ed9f3cb7fc28af2173fe0a5b83d819d1
e81abec784a66f57afc12caf281a2c3d
5e2e8da2ef00d0dca5b380864dd5af79
35034415f15baced5eca3cc821e7cc3b
06b5feb83db0f296a9005c3ff3f604ec
371698d25257f1a50734f6f60688e488
19fceb280d620d03cc73caf9fadef5ab
48a995987cc9ff1ed4a59d6c28c68fb2
b83e1c3fde672487ec7c603a3deaa8b6
449f59de694773f4f08213d135408542
29f6b554e7b5b5691071d95e02028163
807e9be4b201d3bbe37d987055150ce4
70217043f5afe7dad7482f861822a5e7
33122305e137f4ae3027c110b11bc91a
a97763ef21864095f45c7d5280bdfb93
f93b93b754d8f517b30aa900b7fe4e72
bb11d5e8f46cc01301ee0c3c602b7150
0596fee5e69722a407836824573a037d
a95e98a5f0cfd6be87fa57400858c8d3
ba6c21ea39e771d61e2663ce0bf2cf3f
879c051e8ace8be85038ec868ab94ba0
2a10ee17c10392039fe1c9cdd33274e5
24507f8da7b857305d3e2e2ca0665bbe
8da7bcdfc79ca46ef74ccf1072af1555
ed4f4bab89a67691d3bfc6af73626792
36c4853c3cc248ed93bc508b51282abb
57d8eb72e3b4a224b735c863512c7c3a
fc7b1edbb71a77c66ff622803b1cd813
689fa2a51785bc38ce7fde14f6cbbfd8
efc02d33ced3b02d0c9f9c79efe54888
22d4bfb3d7ca67715952537387833622
9f64577001b30d1368f7ed0933c9ecb5
0aaf7e595afdf8865f3b52c706b6fedd
9d97e01492089ba44983589960dd16e7
ab618ee035ed57a6ba883027b97ecdaa
7fde64fd817a221d5a4677577a79007e
5d46c7f4677771edba5337dfaf753c5a
4fb35df6912069f0f6894a9784209611
0dbd97725410955c37e533218a152807
48d507b43d0507b95631a30c98096e4b
37266727cdca8ac6f867b0fa88b483f9
d275434d47735c00b5b9ea6f81ca213e
eebdec70b0c6c8799e72253c7be8d9f4
50a9f982cd2e7a6f7f1d9c385b3b7b0f
ece12fd44af6249f6dfb662519347134
0501e29cbd4e520546eeef98e85efef2
dd89eea4dfbd271ed7641b1bf94b6dab
f2b2f382b9863ccac6140f305a81c1dc
05de9caa365d923255c8d8d8c47ac855
7d3b65ba76284b81f750a25f68693055
f362ad7e844c7c2f917513258a81f38b
6231608f07543b26036835f41089c965
cdd34d4f4e20f1d3d0e36ed273a90714
00cf35c41ed35991eb942584e4abb0e3
24194ec942315f8568c159b64844f418
5175959137330fcde3886681ccdd6c89
1fd0aa6fe3783ba6d66821d003fbda7d
16c5cf775c3262f15611cb12ffc67283
d34beacb3456196ea6d847d38036bb6d
676aeae7d2007bd5f732effca28541a7
ce704d295191b92d326deb0582ae7d28
d639a66b9e9fd8269bb3c3abc8a2e90a
8b11bdda35db455647c73c3b16c9fe5a
ce9da8a677021f9e70a88172fe647147
ce2d458c85adeed7139bcaa199ce8c56
4922739a6933080b51e200f520b6a34d
023a726ffb44b87f1aa0c786b2cbceeb
81fb8d95a0e7b84bfed78faaae7e5f8e
69204b97e48f4c6e7001ecf088116f65
263d5caf2e83eea5bbd21ea4561344af
8954cc72424347b829dc2f24cb19af89
c28c09584288738cfa8efd8dabeecc33
ed51a58745b30c7ca5f589df300ade82
37049ece142265110530caf771161c67
ced953faa16397f29c962601428878fe
088cd1e7e2b99e42018ef8cec4a341a2
5ef0218401d889fed1a20990dbb97b38
34ef2b733e903cc13b1ac3fa78ff0773
5f12ed459177d0311769e9b0fbaf6901
730997096a9ccc5403e2c4c1bfc92c0f
512f59cddf7999bf725cbae9a00009bc
2042b455690645795276c7d33de37b2a
6826ea3f6b5b1e3e86f5489d8ebd8477
8a9103e62d53e0bceb071ac28d60c716
d9f4ac3f0540462bd4af2f886704462c
c871c2508cb212a000a5e1556ed08b11
7fcc15ea53f931b57f46918cde78ccc5
9cedb85911bef0b1253f18055ba95fae
fe2676ec11480d6b76b972abe45c781d
1dcf22cb6d8c629ffc0ca1af35c00e08
d9d2daee15f55ac496d3518d1165b7fe
5765dc12cf6d87262c8dc07b35c5477c
8126e9c785a2f344761dae8c713f7357
619ec7ac192a0b961db9cccbe0d6c4d3
085484b91b7de098414b73a4c529a416
bc8ac3fdc8a673de7eacc149d0313fdb
8dc075a6621ad77a019bed259635606d
98e6ef7b91e2993870af8883a45af99d
d60d4be12bd7fa5d51a85e15507c910d
4c427e77bdc15131bf61a86ae5328823
047041485807a0d1a2dc5eadaf80ad27
1b352c4a5bb7b998805a34446f2989c9
cf25dbcced1a774af5805d0c7a005148
80c08d2b03ecf1221650fc5c16674872
cda74cd1da7c1d6dcfecff060baf374c
0cf2a79332fe0d9443f41cbac6ede01d
d661407a82ed6488b7a86b67f92edc2a
6b135ae3583feb6853daf99a1fca0769
91dc0186aa2e675a536b27211af4ee03
0b69607742e3851e3f3162f8031e018e
b31a95991d3fa4c38659e24049aeb743
f79cbc411650fa788b0a690fe9138185
59c2dda87622f5e326bac96988c424e5
4bbd6e9ea3a60162c31336f6c12ced65
fe1c7adc625c7d247372adcfbfa5d102
2c9452c7be73111bc47fbc8c8b67a6ec
89db89e5737e53f3f6f3d420d5b57d2e
fb3cdcc7e25e57f93cd89de9d30a1a50
6c703fa26f36716debc41fa84a7171a4
4ed5c9357dce270ab3d0a39ce0faa16c
9132c1e3f8ce663791833aee41499bd4
18d8d99fee5f652b232db428440f3d4c
ce3d902a5c1b93defc4c6edd5a0324ab
aa1b2988e29585e7f370ef76b2afaad4
5a37b3659d6286fa3de5de2b7b9802ac
d53eada78c6294b195cb80776d1168f6
7cdfae9aa6ddcb9e6778f00ccd87b070
d28f23aa6d54395b5af066c69a6114e9
eaf2ef1bc224a79bd4d4124db08ab57c
232e3a4138653d9b69921fe4c76ca8b5
e4f4ebb23abb468b0ce4e1e8a458ecb9
88bd67f05e67b40c908c80eb7e8d8e42
7d449681beaf55b1c46e4830a27e143c
f22cc2353b9afc4884554fa042d794eb
a106adbaa47f8fae473ef6f0fdccff30
13b4b04045a1871080ab422438a612b5
a5fcb432d039b91f7ef4d76045f7b931
2fbf7180c61e2d17f288baf6b1079db5
b9cf7c09f59a5b6b755a162253a89d0c
8e151d8f847bc6f5630443281811e155
6b138dbf4019a3d959bdde07efc3f293
4db90445c67089e490fc404de6855f4b
c1e48730f5032631e32805b679a8172c
03ec97da26b56277a30063ae3a086a92
a431b6abfd7a2ca1a1b22f779eaf394b
941db29c281902ec2aaf19565f238845
e5b20d0cb151f963a4b865f9bd044b62
040de5f62796f763c6b263917beaa6d7
d9f00bec758d639ee29266ae2732e176
337278c5afbcbc03a6af50a2aeea514c
3b336c03312df6efb370fc5127eba008
6c1117625f47e4c0e474e99a8990f436
4e8f762bb5ba8b8476f135e89aab9773
01c154f2e6dac718f77dcce7394acc35
3c401cbc46c910c65f1ce7a73db02fd4
7eeaf514b698b41e2af0594bddbd8b86
621d88938b9ee195cc6281d780035d5e
c6c0f0a9490eb67d11ce263c5846eb1d
aa14462ffb3726d882b77b6bbf149671
18cdfe09af943712d49fd1fd74ccd150
9e089534594c6650ad6562c2da627feb
ecc3d8a1f13caaf7eef2ead1eac7047b
463efa687fe19f3455bc60027ad98a4d
b3bf3ffea8a3cd97eadf9eed3b968dc6
409fa2b279c778fda70cd9fbb31cf286
b3483eea0036de27fd26fdc46f3b6e48
7d2f3e7649b81c91fbfa1c3026d0ce3b
2ae166b471f77a49993ed4f5715ec36b
78ea9b7417354695cf5ecef27e694b26
1512359d9ad5ffe2f0c34f699ddeb255
8e69637d056d2807cab55ef04a76c76a
71813b1865adfe732351e3884ca7959f
46a0c9d88232be31b8fbc6cc945a5bfc
8fc736b4d7d7faa1efffef75cad14135
2a9b5b3bbfb7644922cda8568bf8bf11
e4c4802f446f9212d202d83b35907b56
67af6dc9665d938a99b853a399121119
88fd639d9546f953adb0678533f05865
f16b743c6ad8141fbf79815d968d36d3
c711f5b8c82e15755dc0cc57c9b893be
53a6cc24fda6a1c57ebcb24d36fd4bf5
4158477555acf832db7937c16f8c76c7
9b91becae55c95ca1617833b9e48f9ad
c8e4b25ff9ab8f84ec5e7bcffe407d26
07bfcd4c65d033b6c8167ec0656460dc
bc3befe4bc13e4bc6102d581c3affd2f
00dee07d961793df41691244c1602728
3b3d6de5f68f5472b39dde613da5aea7
a07939149a5318e8c7198029bff11fdd
99a75cd4bc0fbbad9675448b4ea67141
59681647608e1c2ab7866f9635feb96e
dc99b8a223e9206a89865f2f9169fae5
287a1dd649fe55b3c1ecd9cbc95fba8a
c147ca7b9834b03184c0bcf3b90ba117
d98b0b3e6391a256e430312a51502b04
0aadf32396abb16850f9a73a627d0add
d701120b72b851f04df605a81aaf844f
13cc4062aa533c7c0c6384dbe0e8a7a3
b6e9101c56f406e1d79a664854b1e254
9375eeb41bcbd4ac38fe101c07f18f78
4d76d6f681dc6845b40d141d50581274
04e72639ed66652115091d6666d45312
f3e7b22e03102adfbb438e03e99c46e6
088392e4845242ae938e440813c98378
bb4e267f30e66c5ecba4d671b3c1bb12
663339a6316313cea2f2fe67fdb0c03a
3bab06d9c3d7dc23a6e88720131a325a
7c0572b03e525290cd5eb109ffbd60c8
d88a75820ec601f07f29b657e11d8387
d8783495975d53637d57918887496546
d3efd29ff14a20deb9d9d0cb12c3e369
ce833d3204a7459bb7871f3fce555d7d
b786e487d3c01b988b5112d7b184b1b7
57fd8476a08563c7ac2ea0f2bafd9c34
89662abf30e7113eabcf600879eea84a
51ed675fa8a8048373c7ee576cd3517a
1fe868c6d3507d9e8630ebfd9f82a416
f2a7a1c0356ee4a7aa2f08cf6563c81c
73c325d96f0a73bf84e6955b3ad0d15d
504aede8df173b2d0547723c6478b11c
966aa0d7e4079b1525ff3fbef4961ec2
b4de1a745e81d7e9f228374e2f6d9fea
79adddcd27c94e163d1761a297549862
d36c9985ea57ae2beb5cb612c76cf79d
8babc34cb7ebc99ab80d5bfa04ca5c82
529a69ff51d04dbfb2f5d1fb182239ba
3b50199f89018925c01fac490493526e
1f5ca9e2dad81d1a4327b2a385d21572
ea5539073fee5dea3cf6385d70dc52b5
9ed863ef90f2be4ed82ffd729a4c99c7
ca2e15b7c0cf172d441b0bb020ba62e0
df5d5667d713537ef170c9994a13811d
6f123687ad25d9b899a15e6f5300d7da
6006a36865d763c78a7f54a37b0b1fd1
29fdd4dc535d0409eef7affb59b2d084
5c49741e39abb7f90d11fc7449249f47
019bd0eae0266993e83df20dfaf663d0
4194e639b56cd1f8f0512bba208265ca
ed3ddc399e0523f491aa319624c703e5
74bf0fabda24cb45ef98b8ef80f09304
2dd76ac1b8fb32d582555c98810f70a9
0e063a1a4c52f20c3504517bfd5763a8
de6deb64aaf20b53a6efdfbd01f8ef7d
59323ec3e376067f0e59686b210ddae6
e5360a0e58181909701cab8ba802b942
74ca6bd5ceebf536145d98b1469e09c7
8430b837702740677a72e7a7dc55d6fc
31896a0d23e6c1af262c710f9c35be26
a145947e1db14fc87bf81111419f2709
06ddf691e6acb515e6f005afdb95776b
798bca4c75fb6b424288c27f12dac86a
31c1acf11987526037ee537cab98765f
e7a0c0578a7a29b22e4961ac4ccffe43
a6ec27384a9ceba9835738defe353558
ff5094021e150462a58d0141a7c0bfd7
19d986923e07c78680fc48eef7a9f5e1
07e54dddd292bfe8c0a17205db993b47
bf17b67a5127cfc914fde96e95ad93d4
431febce387e0f55c9816d06f9c95ad7
2d6e5410e574b593cb2db4a3ae4b8870
2edfb741fa482bbefa05cac91bbebdf6
c17ed0e1fecbc435d807bd77fefa8d75
2306b5045ed3c19290c17c10b43e129e
c7ea7d381f546b82ae9b4438358bd682
67dc812cc58ee2387f33281767b8bd18
a1e28f9464c1a59fe28232cf203577b3
d48248a10fe9a3af8bff61cb70e443c4
918dffcab515f47028ff5f92b4de3613
0b294826051e5e25d320beddd8095872
6d6e48e5f1668cb6ec02e4b400973d1b
f53972770e229832b3f47accfe2df5a7
f331c8b904d880cbc203a3632113ddc2
629cec82711b39dbde4e6a8df8bee6b4
e14d6c9c3872a7c22b306470a41d12a8
d8e73df8db216e97dc9e02fecac19dd0
78df8ffcbff43396952528866796bda8
26bf8161a62dafaffda8e768afae3c07
79a529710c3093c6a353baa369931e41
766e589c5a4ff87763e78b809f637dd1
fa357634cd438d17ce3545ff58513392
d1a4b72ae16796abd1c372d53bc3f6a5
d576fc7478aafae3670d16e6d0070d5a
5a53035c367391cd9f10cd1adb1445a5
0be43cf0ab767b54cf9037dbe57883bc
1a6d9a3330449fadf7cd667ab4287421
526b0c024c52347c1d284c0baf9d5a68
d949127a9f61bff017b871849c2e8afc
30d4fb2bb704b7ea7bc46655cba09a04
81bb092b6f6473aaaf51b27e46e09c97
ee509b172b4b5f683f585b780621f00d
d1cabea3de856870397702872fd9112e
4c89c930cc496ee3310ce8bfb3fddf7a
5f8c5f870ed157c6638518eb659c26d0
edaf250fba5d84d2fbb7b856f2b9a803
c9cdf9887bafeb6e689bece2060ad0da
4bd253d5afef507631de20af4c4548d8
6844f3d589ecd5cf64d94d7902b9a1ba
cf42705fb312c1d6aabfc1a64201f38e
0c90c9496ff9596e9de9014da4b6c185
073b670b80f6ad1a7933432ee23a0b12
ee4f38b09fe2fe2d2cba410ab937b13c
2ea44c11d8b9e937aaa48647c7d34058
4758b35e195e58bfd29cdba33ae72e42
a61562274e783bca12cecc3470b0426f
89614f41f212adcfe86dda00a4e4f240
8362bbd2b29209c3e8d61f744bc4c179
ac7ce9931c2a69cb67b5d1bd7f29e8bb
5906a4d7a74e9b6c358e7b240b8d33a3
91bedc8364734d04359be074e1c4fe15
92d9bc4e28a97a884bc94c29e47b0bfc
5cf8dea29d88e2b6933242360cdb90e8
6ffbc4f15d12d350b147393ac06071a3
56baba3c80a97786eabcbffc7f71048c
68c485301c26453089163c1708ab8fa2
8218c864efc85f8722147d26b53c6569
31acb0d52238c44da31f711f3266c163
03e197970660f070b676a56aa3a43795
f0ba378b8ed3b7c3084458b82243a4bf
d6781e73f0bd9ac8b745dac1d2955088
09a9c012548595a75307a3a8ad6ff3e5
507d0d0366ba2143969cc0752d262d9f
b7091036b054862b1b49ba45e7548c41
276038df4ec6696ad64dafad3f251b1e
e4c667fc9ad275e239ae344c7d893483
68fa78ae6cf4c0017f9da4567a515056
aaf9ab852e870628d64e1624a5140e52
f4cceb543c27756dc540eb1b468a31b5
308a6bb1f6785d92de148ec5140da9d1
424026ffd8d5ddacef14f36f3e01a77a
63410d7ea75cb9562102c20f4f1ec6f0
65f3249fa04cfaf57c030896ca4356c1
f14223621d934c18817951b6e083ddde
cade3b108d84afecd189245a2dd3ee80
5bd99d2689bbfbd99786e78742673caf
2e410b6357121e3798b7ec867b985da7
8d4a415c950089b7ec71167171d87278
fc660ca9ee3b9cccef8a1093f2a0bfcf
993aa8a33ea785e7cbf3639c4e7e0372
8199f376b1079c51a708596b9b4e30c6
022dd04bd56f15d75a90a3042b58e561
cdbef52eb9b5370e3f3aba97d3104a57
c31f67afc0fe22880cf0633139820a6e
7b90d65ea982fc7cded44f3294366d64
3a85a73f0b201e3c15074867fbcf34ac
81f3fcce131038a2d285abb15408f290
2e715f60bbba7deb05bd25ea27d3ad37
0c97405f3be36934614b93cf28a85331
12164de1ab3301837df4572aaab7d634
c5fea7b59bc31cb55c819c83fe1b02fc
3f08f1e5003d1b82dcee72fc8bbb8d79
0901bd4d2572bf1a6a1468294ca1be02
12c30bafd3ce90ab1722608f802968e2
0d749ef3a06951170d992d874b104e60
925a9976b8aacfa790e504f0ee524a19
f5c0cf9ba78595f188d616c189d69877
5b27bd82341801940f5fd83e6618716e
8867908bf1c5a3f722e5d659d4b8d599
28c1f7acda5e7cb633b6c3b6a83a71e0
f40a268e21aad3da73a547c36f2710d5
e311f5c76a8eb74ece56e0132eae69d3
7e332138c19f58402a16297e4c6207a3
bfeb5f362ab101f8c28aab8b99dfa080
58aae570295e5980fcc5b73392005042
0199a9f73e38cd1ef9f7b845d1dc74a4
1ad8d289df86fa88076aa7c6b7f662d7
26090e4295b25e3f61f8aa56ae5d2919
8ca70fa6755ae2c1c6dd1a42e3aeee35
874e34e31927354ebaf4faca8d52c406
5dab2743f38027260cb0000bc7fe2d65
1b72b366524366d30a6ca87e002d8394
c863d9d4d78cfa2bab664d1fda5c776b
060094e04f7e8966543a748b636740ad
ccae6f2d39e8946aa68e07d0c2b2db50
e18fea730fd2e10264104a35a2c5ce41
8b46262fd841938029f3401952874671
721de17b4e8a778048dbcbcfe0ccb567
cbdac2791b15403a71148ea20af17210
dc41ef36d08022ce43b3bebd7f853e2a
56d81a3e0b5cea93445f5295409ba033
a432a4f4d5b3bb9f097d259a56bb338a
58fe4c76b7ab05576de03b99b1b4b5f6
d48a52a3acbafc9d8b41b4dddd43dd25
425e4f57d75d0f52caa774f32e93e31a
a4eac690f929a8fcb4c919c6e549a887
032caff387fcfbc80653af1127f5a177
9dab33572bf0cc20744c13471ca8c483
bad76979661df7a4fe663efbbf1c3c26
fc8c5fa882e40cdac2b66775568d22d3
15a88df3ffec4da3d62f735ceb54737b
b2673a7c6aa9f5e6994ce1ab8ffa259a
528cbbe3c5f67f400188d069a71dfcac
c18ac44a179cf8582c8bf77c23c8db21
d63a12fa349f8bd21b421c2f962d47e3
0f366425fc4bd8672fad57f5c0957c19
222772e2c7dfe6efb58fe1abcfca6f65
94eee7ef578c27e3bb42c022d508358a
fdb11f7af801d2d34231d90887515357
709336ddf9a737da07bf87588876aaa0
eb9289bd8948d47b949f9bf35f08ae16
89b3735b7baa6ce377e0839731039bb5
d42bf9bad95e2c7349f1b45b7bfe960d
96ece4227f253c849febbbb72afd844e
02a943e94f2d7cf386ca0232e0d229bd
95dd799a0b2571e23a67c5e90b348455
6b95baa708ac7cceb65d4a66bf6c25b7
d4b215e1e407bb1feb0c479d5959c214
81b19acb90996aae58e0b9f7b319cb03
8529bf3408714e458f03c2a547dd3d36
40bd568d7d28edc9a8156334655888cf
35ba59df693f0dd54e001652ecc2e77c
d0b5925d8d17bb1c188cfdcf8f9062f7
fc649f334e0c21d4d646d11644babdc9
a0a6d6b80fe2c6abaff732aef04a1418
963252d9af88e53f12a9d8cd31e4560b
6c6a0a8da26b4f576bbf55b272d33092
3197028ef8fbd51db21866b3efefadf1
3762e857c8faceae4a47fd1ebaccd66d
4d92117e2ab60d0615b9eab3e656cd07
2bb41277b9b424c45908db1c9967b65f
9f0afa9d1e9286fcb2f1559c770cca3f
63cd47c2d418f2c6d82621b329cd4547
e220f9b58fdb52093db8aaa628041527
800f00c49a9d96698df45a4724d28ce4
6a3e1a09dae82c75cc40953a52955ad3
5595d93da12ab3dc5eb7c0edbd216e18
e24560b0987820b97574bafc685a308b
ce4faac2002083c25e74e596aaa6d8d0
7933b7b6cc873cbc67683db966673c6a
4346a6cfd79d58634a1f23ee6fd841bb
f63235986c4bac3fa8f38a94be0676a2
0ae1a2377a3768d1316c4bdbdf120fed
64a5c982ba12f718f924f04943cd4273
b5fec742eee10385831bddb472b78c64
e01b6e6043b7c6941427057ddf2a1ec4
938adc44fcaa6fa5f7784a29e921424e
06a42aa3ebb106b5e51c02cb339a208f
bed4824cc8be344ae909d12030ee6c97
1386a117022753cfecd8da9fcf94d288
f6e4c67c2596d6c695e47b2cffbb7247
3e14884cebbe08ee32f6fd7bb299c876
fb5d3b2233d19cdd461e7ddc392ce905
10087866e43cff56f0d36e97c9934544
526a72bed1e80a8eda5c575566fb6554
2b494ca9f09c68c402133d6d847bf7b9
6b71c9885f36871f2521f528d3e16848
444cb3ba557f8b6fdc374e1791d1e059
b70d99e065b2159b419b7ba5d8c2e776
8ad4a42ac2b17f5a11802c9349e136ac
d35c2d2a2367989f8125b280177b79df
6f23a267c7ea23ec16663319add357f8
34376ee437900f00db249a85bb792a52
b7be03be88b685339cbd3b7e2c08e803
493e48bc5146f95b46f8257e4fe8ec90
04bb30a465047ab1effe03beb2bc4ece
66a27d28da8e47d6c13de4b98a299696
fdd015a7a12fd65341d316c33b2a1106
7513fd84c2be222a4c4f6dfaf18351e1
8832005dcc17f8c2eeed43c9b399bbba
f41ce5647b40065939a3ff3a092e6131
2d019a3cc2eeeb3a20895d2fa3239cad
e5041c451141bf4dedba7a2c106853a5
57f4395e79ecc70ee68c5cfeb7a6fa8c
cafda468ee3beaee315f46f7ad66decc
267e9bde89ce1c222866de2d055d3bb0
b8dae51b7d838bfc52c0f7288d4d1d5f
da1cb6051c9230711d3715fda319874d
70473146cb05659a94f79dec2e8c843b
5ac15c085a78b106693e5466d861c3ad
2b3f2c77969621e456c03209dc5bb7c0
134e825d3732c8098b474be9e23ecad9
21a6275cdf2fcb466f094635538d5679
7609305f729255ccf8e9ee833d71efad
b0eb86dc2890226970b6851962e67df4
3046afc699e5281cb5819c6d56d7d3b2
537cf7d3879850a1c227daddd1afc0c0
89df5cc355f26c9831b01dc2aea11c3b
adb12b2f581c1da91613fac018714104
de7a933644e02771f24a41dc975b0ed9
ddf67656b517019c3268a8a464d2ab64
3e6314dcf32167df8fabfc4cb2e69817
e69aec4dac68b76264bbd4b5064025f4
4e08f5ba6f86331a54f97cdda90fa532
f411cb518406221d8b0b8d217ed1f443
db6033869bc4d8e3f071a93b848c6061
f9cd337d5123e259f8ccf8402da43850
1e464720067103f1d193cf2b87ca424c
0d60607e6e2524a87fa0f70ea59588e3
2da0cf22c322c7a2ab87ae433c810244
2376cd8b8995dbd3abe2c9ca1c5a3d37
f013dd6b91cfcf0f4bcd56a172d452eb
d1a9854efa0e6626f48b7433b053dd83
8fa24d1788cec56b8d66c0e54ed24fa9
1ef0779bfdee16947d2c29993be526eb
28e756e3713289ca9df3c88f9581401d
b2c94fab29c3a63741202e6da3aad409
b0710d099741bfbc952bc78a776d6790
0604e1dfbb2d7bbf88cf0561b4c09e78
8014180701f0ce8e3981e5922216ed9f
e758092a23affded5c9430ba9a5df242
4c997dd71c0cf807f2be5be1109699f6
5c45651ff21f7e6c4a300114dd91f658
c7849cfbd90bf50b8f0613e94a7bfb6d
8dfbc0bb5e9ae6eb539b1c0989491d81
3cb1e9bda4e678db1cfa3324b5c4d7df
185f913ba5b34e670a5e20ce1db99d19
9c6ad1237c120117bc3903fc52741961
e6ab2c08af56ec6c0a893e69e2288b2e
7a268065a3e47ad8cde8d106f759974b
afde4a9dc6d5b18a6481430ed069d4a5
7be3d7d2cb59c815b0574278aeb032a1
0554ceca850e78a441cca522f195c385
d6016f4094d83264cc43cabcb314d6da
0583f2afee4c94d2a018c6ae3b242e85
4dfbe52bab12c5df64a0c1dcff6d4fa8
8445258905566c39ac2e206dc1fa1ad5
cd5060c5088431e592a4e4a0c328e9ed
6c27502ab93702e70bf0d706e280d08e
dd2c37d24ef98e5dd943591a1b3744a1
726c306761e77374c2290e60e8e27a5b
f4a0082b268b934bb2f0761556c5101a
fd420d0bbd2a19350a984e10bf325134
be5c3eb15d47fd4e2fa4282b017c7a04
0c22a817a88552dd535f6e32f1ef5f06
1c271439166829672713639673522b22
d44d660b7853cd30788334ab74435897
a7efc59ff13db4f9c169cba9aac27923
a1853322c79397b9fa2e5c2dd5d84565
192fdf49cbc7ff71e89a60a7296e95bc
47f16c72e01cbc5df710a74981ce3843
0e470ce5c390ee204ffd99c4da7fc90b
66f1ca2ae525e33e06f7a37808d94cad
4f1aab8255be0d2e1f317ad0bbc3549d
dd6aa329961ad70a48d73e6bbb8cb220
ca2cd8f6f0b5240c4731058c64eaf44d
ff00859429687341969ee55f7e918b86
23eda85e170d88d211cd57863062b90c
bb08cc5ce0eb3daa6d5a991a05ae0db9
dbadf717d0b42d762abe941b181d6423
0f1f035351ac4d4244948a1172c44ec3
5f5e9df5ce852d1edca10a077ef33491
6d30214544a4a908ea5d2a107a91adf1
f2bdfe2c872909921292f52e4778c66d
0120b8c93e5a6c394e47c30c95a2358a
7b55628cddc42abe9991ee0cfe7c369c
18797856f9b56d5a325e3c8691804e6d
11dde66bcf8f7a1cb4bb57abfa42c0a6
ab8921dfdedb28a74b3e94c52fcc940f
7c410740cd9ff67a0c005c6524e5e0fa
df18a5e467b4f100f1d40c320f32b0ef
62f20bbe6fe6f0e9f72787174685ed84
ff813bd903ba6aaa1cc707ef76fcdd52
9db560dde679943a42a57ef518741184
79d7559cb4dd4b1621dab71adbf9df9f
b7eee573fbf1023b4ab7a74fe0d92a5f
2f90fb9d3513d81bbb264bbc71fc0522
847bd1d62796c8ddaaf90b105b3b9cf0
af33cb7cba158294065df5f9ea2178c5
badf591540240115993846614d611fd6
3504d8aeed2091ef0bf1e9a854e3f4e3
6dc5e226a8517b58fc64b9476fd79ce2
e88274105d2c04859e7976610be87674
33aaf25ea4024b94725421fbccaf77f0
54b530f305ea3a806a9f3ba67704f61f
3902908313e7c72ee2a6211130a576a1
3ca5a5c2f25daea8dead7810ec9f9ab7
89904f6baab3d9e9dcbb28ed856fad8d
2812d600b2e4a6d6ec81d1eefe4be997
ef1434b1220b2d9de24bc12b4739ada7
0cc1a7ea70af83327a71009e82fea6c3
35790c77299a4c1d9952dc80e5fc0f22
cf5a204d30d967e52318c9cc2b6aad38
a3e227c8061f867e2d1b11e286539a4f
f892e07b91c9eecf67d766b917821a26
5c0541b4c33a32d541adec1470c31ce7
0f1f3f0396407876452f5489d38e15e6
6454704b60fd6f7df9713ddb0c06ddbf
697b4d400172dbb3981681a4f8396f80
4ac7725c47319489ebbe90ef87e09759
5f4520ddc80a78365a0b285b7090240a
42a8ecde26a824fe9a5edcb059918d56
b815400bbb258866d3ae7013a4d82546
323e86609093e52d5e7dea7c52be75b8
5d017707b5c74ea072f9c5800d8fcacd
3f3025c71ee2a9d5c178b3bf2671e6d8
6853917532c16b09e8ed82fbde69302c
25ae0a72f6aa631fe85233c84aa7483d
2e6f17daba234d592e984f9f3b2686f0
9a26055351dd6cf84dec48df0bdb0da3
1195ca2e6b36767da27ef9a226461b1e
e7946d440419e248200bfc5640dd044c
0c913624a6d80f84652ad41e376f6028
264cbed762e4c9ca9f1607ee2349cc5a
dca38248bf7efa1b26b72a0a694b50cb
e335da0ed39d3321e2d6fef6c161476c
8f3880dcd8ed6601fb20c4d487b7bd92
6eb2b8f7dd81795c53380200bf3bd674
ed22559fd3710e29a2c79c41b4c7209e
66edcfa879ab377997b6cdad664d6840
2426bc9dee8ef4fef23d6080b05c2cd6
5fa5cdc5090274b7e9493fe7d21fe1fc
ce0af99bd209b9814033301f6c8e4494
032a2c9b90561677befae939404615c6
d8064f3f5c9e3f708a99e49422909d4d
7e7c24757d960d63ffa02b49ea6f2141
7efb4ae0e4852c808ee35cacc9983158
fde4a0d53c2c3f93c2e3be38a78d80e5
405738606e334303d738fe725b6bf154
6c68ea5d7e64e2ab2bebbf3b00732514
ecf39adc19179d9b0038be0a84e41d18
2164fbde6f8bf82edf05206e0ee5db9e
6c8762a36dd5ed47064dda8c8c5bf699
c70fb87f4b42ef41bfee7d09a81dcec1
c71282a881fb7d6c5891c660fdf931b7
c15509ea6737e86fcba9a8a28967a6f7
7e72da8fa225619a7e26a0bd6829dc5d
0dc9cba2fdfb11f5054226cd748f0fc7
53c735953d8a10b8162428534148f333
2f87584dfc31a1f6588a67d60e6efa19
d7ff71b5a8e4381fbfdde1ad9bc0c75d
89f2af2604927135057eae3fc1fc8b17
bc03923ea10e206a92338ca05f23c31e
f59974571b97b48e69a60d9dad68f9db
b9c4cbebc533dedb9233a8395950cb6e
b06f12bbc807a36bcc43b77975d5583a
7bc0675a571c6890246c681bde8f9e6e
d2370f7825745503f3df3a3f9187308c
12336f4f417af402e03924e79e1e1587
17df304078b8c3e522b78261910c5efa
88ca1d0074517e379a46eae13130da4a
e20b4001d4bd0f2a745afbb6b7cb031f
92ddd1977bae335e42cebe548201effb
fe299016dfe02734253cc4eb1634ad6e
633b5b92ed21a8814a689b9df1b9dc0b
1c73ffe4cb87e56931d098beabac6603
5a7517c6e68ec64ec51dc32852f4ee1a
fbf45163f2614ef8806fb909040e81e8
2093853207061c559b9dd9bccf16f61a
6a30a7106f97b09c050497d984ab314d
2d9ef8a59998fe181f7c23014386c587
d0b93b63b81bd35c855ea76f36d6c3bd
7e8e3bedd825502c1d772e0529274700
7fb739ab9ad0d481c5f3d93f9dd5b7a5
ad37e09e8b3b80948d4996fb5b89e286
50ccb5006e6148cb74222ec3ebb11bc8
76540d7d3b7a24fdaa67d58f09cf79a9
bce7d51ea5360d970f1a934081c4ed24
379a70660574b038d809052946cf2dcd
002b82ddb2e3be87231495ca36754358
aa51831beb81db00b96d14780c0249e0
f67a3dd01c32999f687ee919509eb7fc
0e9e02eae3656a17bce01c3b4353d6c3
6be61be54e6b381b68e3e2ad9e1ce60e
5300337a925f4efe8b3e0d09f359160e
97f71964d1d0e34629e33d2d9fd23ea3
126ff728c68bc39d2c9740d4aa34c738
56e17b9c433357b82ca58a5977302b81
3d5261dfeab2db1211a65e6347ba1021
bd494b0c49c132fa82dfa351708ada48
91e2dfba042f5712c88c1ec8a3ea2090
c9fd1ff619eda47da6a2c1aa7b547774
8f7e808acc1cc2794711173e8b70f083
c496ba2685cad0aab2f06e0ad877f40c
dfde418ed64389461ce668d004cf1567
8095a16ef104345006382d806cf07f4e
27793f4ef91cb756ceb822fc536307aa
6552faec244ac7542a9d62f3fd8bc6e4
60cd60e475dcfd37e5f6d4b0773158f3
f38e459a1964b4fe1b2ce01ee5a235d4
d68d3c363dbe636fb39ba0bfe452c6db
4837e6a2fc0fca926f645eb82cbd335e
dbe9a4b14f58317c965820ff35e73ffc
e9b1138334fc70d984aa62d540ea8963
1015a051ac351895771581bbc4ad1dd0
8f459be39e73c96c7a9a1d256e382d43
19d37d0a464a6621dde13db48c957c9c
4ad8dd2a92c67b2752a1696842809d18
3bd87b28e77d986c9efe658d73953b0f
e9fab91fa3f4e197965de58c59d263fb
d97f4bd0488083bb7f680b7238073ead
87dbaed8db57327623221d09ed006374
f4303aa99a69bb4c03c7f108bf486c5a
1fa4f502416600547bf6a16d046af14e
7d96d371f9b192a492d0f39f6a019cfe
6b279510da0198285a9acf4dbf89a92d
42254404fde081e06a70df572b0a2ae7
e2d1952ed2e968e593b332587e3b17b7
8fe2b2dee30fbb5f35609a374c238ad2
dca4821f58cbbc510da9e47553795378
a3bd7cd2c9761aa56b9fa225e94f906c
2b9ca0187e814cda9c50b1a4625289b7
f88eb0762f40f7000726d35d5f49f4c9
1a68ce14e17c11d6c63de16d87c1e0cc
d76b7c2b79ae09d365fdb9b1be5f0f3a
e8260804485d0fc39effabeaba18dd9d
a136e3386bfd131e560453ade9b278a8
5acea875f0321d76f1705b9a44dac579
3770207f3e30a24b6bce0b06731c8ec5
98751452adf0e0a6ca259ea668e77791
333818a2d158e509379b00688659719d
1c2fe301858d035f7b2f241c522a8ed4
d82997d7c56886501edb630a36189f2d
5fa85e979adea51eef6168e00ee3301b
f883035b9b6fdd8b1b6e61b49956f26e
922779de20c38099040f4b1ef53d8b22
def213be582a7d3805e841e284b38ecc
3abbbaa36bbf36526b38b59ba6ab2374
359aba555c7cb97586a4117b4cef4f93
4c43febfb039aeef186bb6de71eaed79
62776ef60e13d44a6fdb19a13b82c0cc
4cf71f8cec7e9830980d986642337d39
a44af59cd8fb68aa5c4164fa7a4a1357
6e1cc096ec441165d39dcfaf1e484fd0
5aa0f7a4612647c2a9ed19e55e4d5741
967691f4033454cc7cdedab49403de62
358d6a08c13d675f05b9f076e17bd929
5f125fe276000ad17ec2d18fa45c9aba
6d70226d3ec92f271939082396b562e1
992f013339859f820826ae70ac4bb98b
9f9fa67d5de4e276ebed7262f087b15e
145efa6b28a1f480deda80cba46a97b8
173b802da97ca5153db9666026ca21d8
190a8fafbb7ddc5125f1252a55a254b6
7a2404cda49e713dc19c301bd9b008bf
5ee009d46b27cf327f95b196f1710ddb
9ee4521024e80ba10ffc38b29ec5eb89
531a3d71f1f1d93763ad61a7658bf5a4
b2062fa73b24913a66eba888a5732325
a9e3dfb797a69a0b3ba30cea4fa30221
b97768bc4906d8e522ca04e9efd6a0f9
71c1532883f32954eb52ac6d4973022d
d9cfd59e8556b807f82b1cd5ea9fb20f
cb77157328be7e8e16f1093455fb3d66
09f4a1f9dbfeefcda2bb240f9e3431de
1f8474c61a03e3d8aa281b7bec663f7d
8f4af1a993716dab7dad39b572cd8280
65179504192ef273028de790c60b09c6
7662589fea3e3dc2879b517cd6525e13
ab7e55b55fba07617b6e72c2dc5dad11
51f9726bd0ac7a8931041db8c710a7d5
94d8a9aac1a06646d8d82e76350a86f2
b8a2b937b354d0547191865fdf9cb92c
037e7b98141cb5d72bcfcb13c0ba273c
91eafc50eb1098128af5fb5b443510c8
82959fef16a6c553da3e1e542e7402a6
f86db802802b3b4dad4e89d0efcee63b
3eed17e67ac51f20513f95584e144040
b4a633c8b4c15978eb752f98e66a38ac
03aae82f2144c3fa583a086e41b7c205
f5ceddd71b8b99ded489501b01fc588a
c3bc6c502dc9bb9e24a69148b9e9b30d
4846efa1632d02bb2ad80c468c37fb3c
488a965cba03056d93ab1be15306e637
ad7ad720cea1b6c47653c16187aaee7c
ce9ccaf513f555e9c8da52e0a84e4a33
7ed43f12cf48d50c4a6b0045d06870a8
a09650561d4f4369854d44a8e22d8520
d7b1447177670023954e035cbbba51df
07bc241313fa7e2ee4e8d9eddf3f34bf
d31183a84ca6c09a23a7322689d323ed
e45bf19c1fef6b7bbb34e47d5d3a3568
a580ff9ddee694d02f3f2e6ab1e821c4
a2f7692d6f6a49bb29752d278d711e09
9d8e4e771f51670978833d4ca3f51479
03c05901abc102872f9eb134431a7c89
47b2e275ebaf7826c2a738ba5984908c
cd713bff8c38cbed439adb2fc53ffc67
b257cc151f0bc8fec457f68e93c55bb4
72e5a83090bcc3710990bb2a1548608c
e69bdf8e07845c14ac69d23e17fc841a
1930c622057246561244a97295cf8b8f
6c048429413b5750da171559a47f4e6b
6ea2d47b586695a51c15e026e963ec2c
49052ef72139f08dcf754eb5d7c9a4e6
b5933d50ada5fdb4d128fa00c38b0378
35e77fa63e19be6d629589117921e522
4387aa15357c5a1315046aa0ed0b8747
72a04df9d1053d8faab410a8bb02ceef
64fcf7bf4c55640b79fdfd577afb9a65
2d53a863da3c4fdd405a0f776a5b045d
d55721e9bed08d2888393d8b50c1884e
42e2d3f72d93732cf567bd95409abca0
1372c2cd6c0eaad93c5b90d5eb65cb9f
87bfc4b062dd45466afff94d24fcc7c1
c7ddba0f9cfc4e25dcb7fb438aa3e685
6db9023590f889a3254c142bae148edf
620c8ac4b8fc4b2bcba5050df3628f80
bd83b26ad2e8f240c8870d2402650164
9901b4a9f7904278926ba6dc4c13b7fe
57be63ad40f73404b768c879ba70174d
b4ba82c60a67bdfc177a0ce49c268383
61b7fae69122995098fb00edb6ec2e89
7a78da24f7382a5143683d4e9c305a2c
34094d0b4289583a9afaa96151e62516
c444baf0ee6b7f58db1c2b8b861724bb
99cf9e872ca357de082a221b741d00c3
45488755de2f2a0df9a5064639307373
8c0b3c24d595fd5c8002c236c84d3e12
50b52bafbcd1da45ee20430125a90eaa
35047a7ea2d1cc382c735c2123a6cb34
7b485e69b717cd4cb8ca023c9f07b4dd
c9995624a7bc8c188b3fbe44abc96c5f
2b44f43b9f5f7d48738555796fc36218
4df06a297e4188ff8bdc3165c4c182b9
96ce2a37eb573f3ab17daa9cc2cf80d6
1c6c1ee3a4de99ff61042fadd1a03dbe
797981f7faa8da6e7d5d5afd8c75e4d4
3413be2b074aa08659d6f94cfdae72a4
9e425b89fb3f6273f710a234177552dc
25470b2ca2ba206081f5cc559661b9b6
039ed847730ca38e349261e4d67b906b
e8df0b8fad9d2e199f5fe5e85369512f
08e807556c00ad1ceec9f00a4350c693
86221a8251b66d7b4d1cd0f48cf8ac6a
e94e9de83e90a58a4326a51ee5f2d585
2f4e258b32a9b1cfa56880d37c6230bb
59411ab6319b4d3665786e93face5c50
40c24df4a3626c1c4ab64aa1c105ce64
068bbae201f1bbd2255ccdd2eb14d0b1
b120ef27584e38cd87ec9318732e5f1c
8bd0dac0d5fb0852576c1a8cb5cf5099
c1bcd3b4027cd45a99f92dc762fd55e5
8803587127224f94250b153adedde3e5
c3692b58bb03814b5fe79b2c50d87a33
dd7c8b83385cdd978bb8df5dbbc5a22d
c8ac25bf926dd7202b6ebe8e10b91fe6
2baa2ccd9ea69631e26f86f7d5f57ba6
468f98d2ea27e239ff7fcc165b342414
9f5bae263f0442798641d9f938640c11
e73964fd834c6bc9559fb37949972f70
3a3f7f022a597bd321c91656d53cdc32
eb204d85d05633fe2180f46db502c3f5
d47d520a280d50e9671e73abf7792b61
e4a27b26d3821473a5ea232401955e22
d53da9f859c5640db6df2a6a1c04c7a2
4799db184274b85ccbdc59cd7589488c
08c94b8aac29995f69fb1e4bf77bb4af
e30c24a8c1394364fe345da10adc5d25
18b68ed8b720bfb027a9356fac06dd30
fe2f31f584ac824ce87b4f1bf914ae23
7f337450f12d38d713a8b33109f63098
21b80862b79ab8687b4ac72af339b212
a22b9da3362956fb9bfbad37be730bea
8500aa644d1cf8add09b2011d516bfd1
43f436873189583c956907bdb6f61ec7
09c5efbb49c29bd4080362d31b549210
f817cbfb4f690abcb5195578ba64caf5
c22c2dc6732b0c5fd6b9235b06ec0405
9ca5914d0aa175ea856a255eaec377e2
bd2fa6d5157abe3746f03ed10cd310d4
37b6e95e0db9bfe4b5ae88dafd687de3
f19fb307c1bc8b513490b7105e5cd8ff
72dbd4185b7eeecc913bc81c33149673
493f9862af171972518e3f855f14ee2b
7fa028a4ad0e8230646d5d652ef8ca93
30533b947861ac0f70c60d92ad6741ab
928e46e7ff116e43e3beb4b45d9444a6
e616729a5b8e8f9d1776f459c0a456db
a1f3523be6051ed29bab311968decaaf
1cd1d71eead938ad9288ec2b7ecafd58
4f10cd0f7f68852e461d203eedf2b79e
cd647a44b02885f9e7652441a2185707
8b4d7600d13ba180006379fb8df2bf30
a3fc276a3568b3014a85f64a00321d6f
5ce316599d8230a05945f9cfda5dc963
4a2f806990255403b02f7a71fad0d12a
25eb80c0e4db4bd4dd1500b675c992f5
fdb44bbfb51e44a779ef498eda939fc7
c3f04cc0e494ce7251d3d43fa6e0ada5
03c014fc0b7ee1a77f7d31745e20cbea
c19ffa54d344dcf47a78895f3dc6624b
824aa5e9b16c4ed59b19579802db1d17
c926d9a401154ab010b8f8660421bd2d
7bfe10dc86fc2052cff2f17189b1e129
1460d20e57fd2304e51ed46cee219652
898fe87e0f398eea92030aa51be31049
fe910923dd018aa28edf0edcac941d9a
71e7b0df16bd39fe5887ae13f9c0eec7
047cef20735c1f378c0ad215c68f75d1
c0431d65af28a763162f6f101bc43aea
b8cf70da2fab0bf925c1a24532f88453
f50f034c7b43e4ecf2311ea50ceb6281
e83f95d0b24d0326221ec8e2f0f52f51
ce6042780cf7c2623d87dcb59f709f6d
f5ab7980540cc77be65c4649d901948c
50b9669af6ff1464a79d2f3b95517a43
72752c6965931b6d8971f9c5bdeba396
7f2858392621cce05fb2c1ab0ad7965c
51e7e00d80b00d07dd2455a8322471ad
7284c2f235c92747fd71be1b14e330a3
d005842186d099a8df21af555f662114
fa7d7047b0944ffcbfc957ad1138af0a
8e724f3a0e7e8a6a90f29e1c185a5ed0
c13d3de2088907867c2b262e240466fe
d453a3f9504efaae52c10a0811886ad7
f1580760e8f8021f3a7c886c06490e83
dc40dac304aec5b15835faa283b6a3de
86d91205dc95dfb52ad96c7644b17ec8
18784d514e3d431b944ba6deee34b526
50283e126104ef4a55cf2b005ae519a4
83efd2781452af8b5ed84471b8598594
8d9d73eb5dd9b5ada592e1edae1628c7
fa8841c5885c3ed2fefb25b0af533f71
bf1fa42f5f65b88a87cbf6af85ffa057
f8619fb64fd4a26bf42487e35c86e22c
e5286f51d61371e7e3441addfc733b53
45ebc02a8e093f5f44daf99ab9365e50
0d4dc0086a82c24d18e26fa862e25900
fc1befab7952d541dd8063fca9765ce4
35f5d841ce0d02879f9696cb26bd8045
3d06f1c2cf394a3f7a264db99616d6f0
90bc4047227be746bf34c4c336f8fab9
dc036a0595318b8b9b6b68fe41981583
989b60cff488a6c800387a13090f31d0
e6350ae563c596fbfa2f90d165e62956
21cfb4a6681dd2432f623cf36668f4ff
7216e44501f3d64b43a0b277fdca014a
f07550ba7464af24bd544572675a1279
df247f0bb13f26a30ce098d435b7884c
adacf84f55be8f9e35693e28a97b521c
1ffeee609868347d8d1619ec35710909
5d4517b65b8bed2dcb6385efc28aca98
983a3c150135d83fc2c68a0b333c93dc
2c0c1251435151b0ffd8d86633909fea
05be368585f128e8455ff55b7b13a3c5
6cde47fdea6803b1633d0196dfb89251
37ee265058e6eed71db410dc4a44665a
563ded4775735b5d8414f56dbb485e9d
9175efbece4c998322afff3d8045ac7b
4c6339aea5b3c29551cfe1b69ef85fd8
364fcce3355e075ea9fbb1f0f9476a4a
7ea4b147cc55056b908c1cf14e049ea7
97d77da5421abb577c4f265cf585b666
1f786d22d9e83238fe1773e4d896d21c
80467be36fa191b664289f747b473ae8
b4692ab152be978c029bc00f2f3c19e8
539e50050037813a1220f3462106e869
e15c2361c6a8c5953985e62d46f3903a
293f4377593fdbd4bef7521e1d1480c8
b2f42a7290dc0fc3339b818ae83a511b
40972db6c1cd1ecc3e61eeab73da7a8c
34a0e711284519433c03922d58b8fb44
7bfb53ff7821fe030dad55ce4438c64c
85cc9694114383a308366d615ef8e8b0
7e3e8e51f84c6d0cecc6a2b0c560a5c1
2c488117a262af5774faddd63f6fef71
e8180580d95abaedbda36f4e2ee2cb30
bd2cb4e912b73af5901c98c514419302
048f21cbcc7cc78039904aacb306b3b8
7238301b8927190bd8cd9f4b1e3e4736
a8589b181b90d6891ed731a310610bc8
a01c6c6e733100a4472e59fd4df27c91
236d102a4bd43fb9a26b34421c2155af
1e59f8959a2cb9873525f131aef0b077
eb0d431f6aedbbdd9c030c2cb057e226
1aec6669def5691d27f1c354ec0414d6
f80180929c1625b4bc5f217248470f3b
0f4b4f73012a3547fb0b693cf5d656f6
a2803c0d97f73010d443d14fb8fff57d
9f9fc22f63529d07d9371265da8086d8
b7df79ebefbbfe000f8069184c7ce78c
7306b27ce7a577624e73a2aa0a6565a8
247e17e739937f3ffab7f606382bd8cd
b0cbce41236ac87909e4bfdb447e3331
430494d40e8b167fd069b5ec0697080e
036afa94142523268f05f14033aeb3ad
fd6996076585ebc9f1018bf0ae533421
87c25736cab8e8a7e8c87142cc13d79f
c1ca45eb0fc3b2af9edf04d522251a85
90b8a1396a086c6c53781697b7082fe4
9d27b479616458e24d414479279eeba5
1d6ff13e0e7a2613a37e47e727701c3a
c8bfc469a0f5f2b012302cdfcc7c3c7a
eae64582258b69add8e5e1bc825ef344
daf3b0a43588e3437ea765072df8883e
4d5c92d770ef83779853fa47cd395eaa
5232c01ff722f9db7e6a2305c3f963db
d563e91e8c48e20e6d52b5b1143afc53
53aa80ac7b5a199490dfbd9e26c5851c
c7b78484d7b3e8b953fba88023585e10
f8c0e412e3b1f50b8f779e40b4242dca
48f64f5e0688839f1497a4b86b210ca8
046a3ebc21618053b7ece2bffa478a72
0cb623d8aa729de0bb304563cf4ba593
53ab160676c5738550718950bb2aca42
1f96403f3fd260f5960f279834883862
25462677b9b74aef70550dc8bc012dbb
a5089bea1bc7d9f6deee6de1d631a7ff
4e474dd83da902e5b57f9727a8a1b75d
f1c14ee5830ba2f2cab56dafc597d0e1
5c682b079c9f11c03568f433a52c6f2e
cf95356486e8cd95bda7ff33e10ebb93
d626eac09a69249b2c8048cda5154028
b817702dd9e4411fbc09b3c24dc39d04
02f712971595347b4f64a2bfdaed844f
b7fd99e18cbb45a3ed7c4d40b4655ba2
2c6046e8544be7c478143b032a41e689
31dbb0ff2af44e052fb76cc288f91cb9
438daac2f1da50fc1683c75f81e54a2e
289635fbac9a9bcb318c962184e6cb1c
953629f71bb82fa5ff9a117462b04e2a
156370bc5ea011b12883ad3238d9216c
3cc1ccc00fcd98385815d606cc7aa5b9
36bcb827c12586dc767a5364cc3940e0
9b5d664bbd0f952ca8be5c62911c1bf9
898dc8e24212c9a4f4a4d8b303cf1063
b5ba95235af2019e232acad107e57ce5
5dcadbc082d14c4aa7c8ee6bd710c3a2
6a406856e12e62b76583cad24cedc370
e347e1744c05d35999399385f91aa2a9
9e85d8638af660c13e5dfeec1e45bc55
aa00cb2ca6f780654b573ba6d77c3114
f878341262e139697a8da6b287138a6e
07502bd038963769081e830d15eaaae5
73bb555d621242d3d8a17a72e5cd5b6f
371f0c1b5b5a691e63467ce643abc069
3dca40d6661a137db12ab82cf6023a75
770ccb81131711d0c7bb703d7e1118bc
76eb6a32edc4cf9ae94fde3a377d7298
f547fed23faab1585781e356f55acce8
135e8d9045789fbe3b6fcf286842e240
e2b7617406fe6c3917669058fc5b2fd1
92bd50cccf55fb95c0a756812f6ceacb
42b1b4c50fc210935fce917eff4e123c
1d960d8019af5835c772a29db34b59b1
ae352b9bdd090a1fbfc4005f12a26edd
fbbc8aca3cc7bdf5683d4235dfce2322
731078dd23b628417a4d085cecb754dc
4df122f65a94fb9c5301d98c58c2f26b
692213252aa06c661fea4ce5fc85d141
34c527f291302e149a0b3a6f116b9007
033b88fc0854e1468b0506656fd4f49d
cb01e3a66310c213b52aea2d650f37d2
2055a93c0446478f7cf61e800cea7472
2bf01f8e9e48ad93cb21ac114cb56dfb
b0a39a1ce1bdff12075366b02b2ede59
b774fb88cca269519be241b6b2926b8a
ede56740196d924d9375b01251f0817b
44990691ba3c026bbfca2a92ecfa7348
125820f9dfc5c831cef3982676720d92
3bfa9ae97bef07295ea71c9f9f01a1a5
34f5316a8781f8a1674efabbb46d31df
c615d019f30a634e49557c21d58a67c2
5c8bbf56e27a75be157a932912aa0a17
4a343b88812db443bd71bd47e17df09a
0040166eeaee0e46d90c7e4b4dc2fe20
548546af9f9bbe19e5dd3d30e3037945
a8021981a0e65a724872f568d4e5d2e9
fe91cb69dfcd4a68058ec4b9626a6fe4
c118c711d3fa547b61995c76d8d2edda
8b770ecdb326b2f08f37ebaca77b6810
3dd50041da21835aa602ff0f9fce60e6
2edf5b56891cf344e6978002b4ab705e
c74bb767e0db3316f49aed3901c3b603
a5bde9f8576db0c81a0db262b83cca65
187251c1b20944160d39a8a5dac56cc1
5717ea7d56b3579cb59ebfa0985ce083
731fccae74dd8a8d7ff095db3380982a
fbe6559a8b73512717bd2ce632d36002
de3c5730ebec93b350903ce573530aee
c8234dac156a361142242b4a63868c3f
e4fdc932faff1673879dc51b5934e9f7
4e18aab39c6cd016459dcfd6c12aed4b
5f2830ac67cbea76ae4d65ffd9691fda
627dd627549a5f5c5ae67640b85d65d3
4a19ec57a1b152c895724ea141304afe
2a705b646ef75d1aa608ce03406ca5e7
65cfccce9a810b716470ce414a05a55d
e24f7e9e8458f3ff94021dfe2f8435f0
569341411d4fad33f82c786b4e27a538
ef23704a2de0be7acb9c4a2448299a6b
39c8f7b9896f641fe109a7ca22e5e828
2376a42deefd8dfca5a89fcf799a84a0
d73063752bc8afdb2fec82408b1c15ab
5d26b94de719dc57639afc5c233561be
27c745286825c704d9d57c3b9852c732
0ba5167904da953fb1775f1069e11bf8
2dcac6b87b0a41f5f768673abe95ed51
7b9267c6d0ae0a00ff4fa697102e35bf
1954c31eff79d48bd44c25b05d88de90
57ea10c6b7dee6dfac52a09fd2f39759
355556a4f813bc4f6763dd5527f8c0fb
c5bafe73bcfa1facd3182dd382bf6c30
f5c9ba0eb13ac912ceed1a02effa079b
881700d966f28d3d8d680b39746ce2fb
831e68d118b62dbba5787501ed790781
3b9bbeab740599875d8195f09f04362b
8a7de71658afeb6857ea29d6e73ba0d2
8d4b12484320b31b4ee43614d1e54281
05d4b2fd342b3e05cd41000314480eb8
5baced9e8dd9b0617ea2412d00d63eaf
1feb6ac5aaa144276e7fec69ea56a71f
b033e3218866ccc74f76df7fbf03bb58
1324e1727c13495082c096ca6e1b5f1c
2eca3c31ce8e66356d879d11ad6293d4
94c552ee92dec56b58999fb51700e136
5163513371bc333fa99bbdee61251910
456a24486246196430ea5e859f60c173
2bf28ca6c5e5ace5b8d776083d878ce9
c3fe2976baf89f8b6ea3d7727fdf2831
03b474f158d16cf4a791bc3139316c52
e226bc62784f90f6b1d7a7fb31fd1b79
9a2c2dfaaf2ecc30d7403c4e6746c305
fd0fe04cc42fb4503893b07963de355c
18a2cf3cd24fbb6f7a4256d050f706cb
0d0ba500ab8272c1b57399fcb749eb0a
e4f836d6f85640e6f6b6dc2494f54ae3
b6fe7b19c1bc45b7edc24ab94298eab5
1cd55822151c0797f2b9ac2e0142b397
6206d5a594c80141fbb21807f2745de2
6a9153bf28a34d36a3f3c5e3321dd1d7
b956dcf2926c2af9f9138e65a5aafe60
c385b863e7d3b10f52aa9622d273ff89
22d96b76b1a43ae4f8fb6e8c8d4a6801
060befcfa04147bac3c0b5fc658584d9
67ff99184832713fc17be498f927d10b
93c3c284b0e6703e973ca0880ff8b7c9
cc8d92a741680505601da4d7f64ce242
4dcfa3ed17f4c73a947a1ac4c4845a5a
ab19e314fbaef5310e0a55d69bb321a3
c49f855c0b1a29600fc5047df8589e94
44591937cf448769c2a5654ec7c7ee98
effc11d179d2667bcebe23e47fc3e3f5
c409764e0e83db370784ea629b7dc024
a826be3e8deb3731d5199ff3bf8a6b02
684bb351adf40a01a0846899b0fafeec
f9868ac425284cd7cd0f50295da8eeed
e719cdb06c260ce72dcd507d2fb751ca
4b1d2c247b10276270e434ad8e9d75cf
6916b3e71a0b8e2846d397d502797658
a101514763e3f39bebce9b21a763de13
099410ac7817123e71f2b7be6508bfd9
e333f5347e2bdf695020f1861882641e
a44251889d505e2b39190135a04dc4dd
0355f89ad3594c6d6828c22a72d7da06
738da77351d6b5addb318a38e5dec093
a43feec9cf4c68becb1eb96d3a1bea2f
2a1841e414fa9c64aa759ea4f5591c1b
b082e8e9ce94628605b4ced8bc643156
b5a3ba70ddc104941d52d7412188119c
db5ec2e5c03aecc323fe05ed76afe7be
f3650277262f8bacf39c61a887ad8e7e
28ba168fb814c413f71605ea17c388ab
3a118ed88be4021ed52b7ad77d457703
ccb4f6bcee0fc16419af3755105d81e6
f0afb897768bff91b1f11be15abbb557
8d7a746a382d152f84c0969f30423fb4
4e60ec6e1a80d26264569746108b9a36
90b66a8736974c8583326e749b70e215
2aad2ba477b6ccb50fb62a36e538081a
3f3647c2ce2d38ce7afdcf8b564b1f0d
8c3d7fd15a9465d4afff101c43640e6f
bd03b3774f87e01ae882f068af6fcb86
b793930470cbe23049a7bad566ac64d3
8f35d4cadae4f08533d31a0c411bfd38
a1c5af7919f52681a59fa2c8e0a4a249
d7a7dcc4e01e8eae61d216f7f2787696
397e6b28f12d8faa23f73142bb1481c4
eca782ee2b15d66fc7fd53d634aa55a1
9ec592002b12ea7d1119b5b114cececf
3743d35a40b994767c5f682ddb564e7e
7eb29a94b78386b0a377e1e206840eb7
797f2baad5ea62959459f84c52a3caba
60f5ee8a3dcb9bb5d4d23048c3ffb2e0
d5dd414ffb91f2561d96b80e74351f2f
a510b9ab429e865253be0c9edd7a1786
f1b367c4d637852a5503b4b17662da8f
07857878cad6a444480af33eef9f9afa
9efd40121e0ce1f717082e70162b883e
02612d36da8b965fd3fba213ff1306a8
3526aa00c55471f49a682b21c5ee62f4
ae34f73361b5526935ace470cdff60ea
61d35883a7456fb1951594ee9cb345b1
6cb47ea8cdcbb11b461021cdc5094ad0
b954993be3d7487fdebafab9e96d3f2a
e380639eb37d4bf7829e59f9acb571e0
a0d8ce3076b9b53ab712394d280a646c
29fc8a68f167980320c072f1929ede1e
addb3b232a1c2a36a1e5a963d4244d27
2bb38d28e91444eaf3e6769ad93514e8
ddef865786140cd33a1fab0b1ed36db4
eb007b8752abac887213ac2cfb640ca3
fbd90bf05f9b0ca89ecb85b5cafdd19e
974dd570c388566b74f411abf99e2f2d
f58d375a45745d352a320e1e41413a75
362416cdf73464983bb11eebe3a685ae
241b4970514f5b6fb864ae3cc5df04ed
e8b6ccb0679849fc2607ea514e8f9574
404b96968a0297a9231c32e7ef836e9e
98c446b968d295101b7e78ac673453bc
02d192b225baa2efe74acf414ad6c83d
b5ba26db02ae61789b872ce3d81758b1
53f4b135c44416b015ce67d064d3c597
f385a1067423cbfe627c634d2f68523f
e24364d763a0ced34c2698cc27bd257c
e868aac2be8741f688ec0ce1eb738c9c
f62710f62519f66cbde5b8ec434addfc
ca398a8cf851e0571729adf956514d54
be5d1019b20ec92d2e2ec8af50396a38
e5022e1d611958286158003380071eb0
3196ef9018ad5026902d19b00f468511
e8c389a9817c6679e1db4c2747b8be80
5dd2d4d234886438d8f96b184c1630b5
89b4b7ff8f1a6d827f2856736b2b9274
339763073b5cbcb9150f156b23c14f76
b6c429ac8a8394d8145d5784ff3f2f81
5e41613d47e8b8a1235a49047486154c
6b9ebcf1a653d473273dfa0aa3c8eaec
e7e72dc41af5e26252797c3afda7d534
9f89c21aad94be7d98864a2b27fbf41e
e5c3f284634b459322b8bd4fdbea6aac
c7f87651fb0915d8cf9143936c231c02
1a5f653dacae76838710e3a5a2805693
2c3f6a8d6088e4550f386afb47b2ff86
8854510aa2458a2c3ff78cb7edb04e4e
13a9d09e9c2a1971936b366f6d2b741e
3f7275daca3e035ab64b60c85dd89939
88bc8be0029b534f8d22b303530dd112
7938b2afce168b379658ca386e763dc0
ee1df7cb45625de7a5cc6764d1a0f5f6
be843afc332478d4203fee29b4d78d53
fdca4ce713e96d80f0e988eab2f8e900
12a88be08c0b0970ddd6d407832407f9
ad72145eebaa92f9377ca23b084d5b4d
f8cf34a43c8b44fd7ce4c17b7ebdfbe3
7254c79933b7e04dbfe7675f1646e983
88af6522b24474ee62bb7ddafb2b4c9b
117eb708f9d81bec14624ecd04517ad4
542a3524e312bf511b966c499b55afa3
ec0b15a1058d4cbe57ad66c5b08b08cd
a956af7e20f9756445a762ecec451cf0
5845e1444c98b167d0f238ecd8b78a9f
25d24fe903181cfb847296a2d3f09d82
e057f02e2e1fce5899cc60cee5f7b4e4
ddbb52d07d5b9df589948ca8d7cd80af
08a308aec85b2cf373436454edaad764
2019e89e7aadfc04cbcb208a3e5d7f90
d181400ac166d6ab607304e1e187eb0a
46655976177fed24f9d8b6dff8467317
5f5c92c3e70d3b8f6daf2fb93a0ca4ee
cc7c50419f31f852bfd05335d3da5da4
d0e8d0fdfc8cd34d85ff978f3b6a9ff0
dcbf2820af69128ce914c02aecdffb58
f719d9f9fe5976a449f2ddb6926d5306
bd215e6a045df241e42e0a1e9499c869
005182f78bdf1e555c11e11671c5c989
8cef84279ca39bd13cc656499cc9a111
da5a200e652ff87d73b4dfa8d21ff33c
64056532abf04eb7017aa34ce19a062e
a88ff166c281a3970fc4928ed379ed4f
e1945e68c69e7ba8b9f4f6f70ffefa87
daade2c11300949445029795198ba599
3d42cdccb45a16c4cd6ec69efb1d0858
3b305ab230d40f07ae2e4f2b763dbfb1
46f831d0b6aa942b585298ba1cb32a1b
f841fc5dbf366b60aef2acde0ba0d496
92cf74e23bbdd609ea06abb943e2ed16
91933498f058bc015e6ee6c3558d72aa
2047a44962d2054bd53f257616cb1c05
ce9ea0b1a7b1f286da2455d57dbaba4d
2f918d25f1c8e3a4cb8d2bd68c451c22
e0e516ac424ddfdbcbc93db3b3488520
f389b9b4daa852f38e4f2ce0a480afbb
425773a0153fd95029f1bda3dba9e5ae
0d9e28f80e438e707a158de06aa070f1
b5e91007cf369bcea5fc2ce9d7ec3cde
4bfdaa62809354f5032c1138e3be0cec
d527009e9896fc6d0d23cf6c819e6a71
a493e4aaa15cb38d520996dbb2bc3e7b
a5afab8f134243d3d2325de3403ddb1e
c84b16a91ffb6a31f40787b5062e1da0
abc17510d02bfa3ae73a6a26dbc052b2
265acf94d2d355d01c4ca0f6049244ff
d0050f043d85dd6230988526721dc9bb
afce9584b717837ef47c7b65bd72ecfe
12a76ff9c292c8f7cd17b8b96bdbcf3a
82468521ba4e2fc27d174b3e3ca65c9c
fc1abf162f64e9f4b9e85f90d1a9bae9
b8af6c00f046440d832f67991f066585
522aca02597567682c25734848918406
d63e8e54cd6ec5606db2315f7f98681f
339c990376843109b0390851b067a87d
a81c5c509a49496c03f36d0ecfb44b8e
040fe22a9cdf7e18741435f015b28500
f4e9b657005f2d2f4af1542cddbb2c9b
3a3dded6bb9973c9622c6027b65d48d5
22030cca76e9db9a5b6444004786b972
85320455d69a2156a4eaac8ebf1b028d
b6ca67b38c6a48615e587eae792724e3
04a33ecb6d003541839c70a7e13f9c8e
6c75178cace7f0244207df1e968a5549
57fe0a367ee4519c81e1d6c67591cf4a
3a6f3c8ec0e985c8a145aae29df0f02d
0951e55db5c338a0694902cf235580ca
07fb31cdb71e184ce131da227e15eee3
b71b6c953da09656a4099d174e9c88f3
bddc69410509f36a74a7b52a7ec7efc5
61e2a012f4390c078a570e7d321be648
d4e8f1265d062e97f35f075c714c465a
433ed741c7e1ae8c5c34fd03ab74aab6
f05fc2eb4c6a42ca836d0927c7701d5a
68b253b70f01e4420e31d07c72ee45d9
8cc0c58045805fb6359a1af81507ba47
0a91f68a16fa1c2452707611451fc80a
5710cec6c727b86741d8cb8382b4423c
728ac6a586429ecb9184dd99cc6d86db
530be40c460ec0e7b4cc8d959350bfb0
92eb88df9accd211f7afa436e0c109d7
8ac1df7bca6a55841aa21ec71eaf0582
3116fda6e1008b0067ec61fe330418fb
68b32b80d5529dd7ad972821ba327a10
70ef1b8ee9e0858834dfd52338818870
a1c59b7caae36b2055439d5979b19df7
d47c19e470cd647c5c1c5ec02aa71eef
b1d8587249b3d1981b6a950f8131eeda
58ff00b0151907c56605e4cab7b511ac
96c9715b2e2d4ab9e104e91295a2bfe4
be6fc32264b8044fe24fffe764d54481
e4663e008f0b61b350d0427e748d8ad5
c435db91f6275e438f82c1d56a9b78de
1629b52c6ec81915247a861dd1c6e0fe
804f0f926ae2ae306c7b059cb5e21da3
bdfdcbce52ab3fe758dd3bc8426b4c9d
9af8efcae4cd096714f818f2529d10d6
260bcd3882a55ee67d211a733835ca84
23d5c20fb7501ffbf63282d8e3540661
67f5192c7fe647769dd39875cdb3ee21
77b2da73f9bff2d9063160acebc323fb
913edde53a3c6dc13c72a726e70a09a0
f5c3750ce8eb25dc8a111a78d2349582
47c402282f66ff40f34dd7183568e287
e72e24f89fc6416361dc3a914c637e36
92646838970a806f28eeb1d38da2e0e2
6ac9485aae516913a73bc007a7bfa96f
a4bdc989a069bce44a3265b759a6aa4c
d0dbf1ff51c212a40d64655e4cbcbb38
9037e9162e34590ed02d8b30314e048c
a8b2f253dec587650292b99430008556
e6e340379ce0b52dd8838207d91c0392
4abd2059b6c81e29b2c5dd3c014595c2
6c2a67966cbc6d07e8f0e4b124e38e38
143a50ff33331d9bdc2a86f6d3995d18
82ae9835bdaab7fbd0399297c3d37d00
9029a9ecee35e562e48a3e18e6dcb9da
7761a41224b768218638b8c0d2e1470c
9ff9cadfe739d4110ca85f694849a755
b260fa8bf7e7a63e9cef6a610988675d
70c9cdc003a189bb3827f4fa81f7126b
721601d4c30efa25ad40c9d1e49d384e
698ae910a4a99cb1d9160b45fae54d4e
0a546ec95cc1a0800b87161636e2a40e
b64e28eae4ed5eb54f48c840f3c89cc9
83f01bbe309fe13010a88ca42330fcdc
ac144df7d466584033e7081a400f3de2
edd23911121b983e970c270829d56abb
4bcd5e1e74a8a111b30fb503f7176062
2293c16a8183d31a0effd03597f5e3c5
98dba234bb30cc288be304e6093bc128
b52bc857779775223e571c992ad3f6f8
65b4c63d985052b94a00815dd835b462
f535c4f3c716effc2b899187b313fcb7
1a384aec04cc52cb79ac7ae1d954d6bb
c1cc7e06a4b897964229a675c3d928a7
9a7589f76bc3a2cd510497f3c3989d0f
8ac675de31183dc730a9e2dd6fcc5531
a5d3e3190e6f87460d8e9a17520b7ebf
37c35e1e0a2ce3ecd7a6ce4fba032682
1a528a9360aa4ef16e0129c2e8ca85bf
70dcbaa226df08cb808259cf1c02e27f
c110f6be6a4523e3421f05602013d233
03b9ebbb00de81461cd7b857bb1b284f
65bfeec9863395800f2a3a1fcace9ae4
812fac16cad36989536992c57ca87f28
cec5fbf7e82fcf4839034b099954469d
0aa2ed30dd2e93b6589dd584c027cadb
84011a920d58c7fb9afc02b95668bf09
24b6bc710c43160fe4f624e793015a81
fc2426fdb50010307001a30c5f46eec8
5c1ce528177e3cdbe40558d889a19611
1f8dab5f9b42a74c5c2c92372216cc7b
27c5256e29108025809145c484d1edc7
d98456453718dadfdbbb189c59d53197
bd023a939fa60d3d42343c417716b283
9386ca57d246a48e52fe367c6318a517
96a749b18beee31efdeb451fd35d9fdf
44e833ef06a119c40be05bce1846cc87
de7590e3e6c69af3254eb6debc6466ea
1a267de88a3df0b15e692af3a4e196fb
3bffbfbeb94b90c71036f77521b611ab
ff401042649734391b13ebefc5c7dfa4
163aa444f6c5f0c77d29d27c5ba94156
d976d07b146bc3d15dca5c9a8eea2dd8
3f798d09f8b23b9bc3ec5ec05b14fddb
ed77c440a1009dc94091e1f3815f31a2
fc7cc35f016bdc0642f97348a096a9cc
37d30d8fb48dfafbbb24116df7a398a7
29279f66859bc52bd6495cbbd0b2d3cf
9eb9137e6783bba5f930bf3f21da2d9e
97b0e7984594dbd9f117160b846899e4
1052bc7d40e3ec08cc2d4a7dfcb67a06
b09f1ab5858957ae1b366f345692fa20
58c86ec51e76110eb100f12262b5e2de
047c6bd421785eebb985028dc90ff471
65c99924a747f81331ad1d8024dece84
4ff23ecc29e2779fcb85f90103b8dcb0
9bf0505e00ad45b74320b81b59afb27c
2097c8cb8c1cb41e24b503e083209f95
4f328f0c098bdca5601171fb835f2a8f
19a213850d74f67de76f6acc89b18e01
8c4f19986ae12fedafc5cb851ec34a4c
50088f383b9df296e1957a4235244429
0f86a83b77eb982e3acb19fa7ad83810
2e6cc89b8e1c61e9ea0d99d10de563fb
55657fb07d3688e4a0da83b081347194
81b794b96407f4248389d07c9d0e8b1d
6ff1985567a3f99d7fcedfb18fffb31b
afbebe0633cd29978d1f948c5edf26be
8716a42a206c383997f9f90c1cf4b33b
1f708497b102492ab0722adbdf8c5ef9
0a58fc7402a8fcddeb2683d846a8ab37
f0845d3922c0116a228fe3ddf74b35b0
991c0fc09affda4c442bde33b118f127
cb69efc5277df9ba690ccbc66366dac9
e21dd9d545529f9aa16d2819a92eb7ad
e94860f9279d437b1e99ed0948110cb8
bae7ea0322944040497c9247b62bf619
dd6b1ea96460c87739534f25c1a6e933
d0d3df78cc94958480ee92a93104e5ab
b78f1508714225152cf61c265f5f71be
8559eac8fb6104e5ad5e180c16effce3
e9ae345913c052cadb47e1f8a31c7b74
5c1d5b8fafc71b3706832d414fdae559
e0962b520f4834fc0c1986773459f978
e345c34bce44a13d5f293e3bdac4f760
45f76a7d405c41348d65281793b6ca59
b4d76bc283d9e6a2d94a9adefb06e873
33d1e314c5082990eeb916fa1cd9bd18
da854c9df097c8d367dcb0d4bc91a6d1
d2a508037382f4b6e84d8977075de4b4
8a4d00f9ca487ed4d4692bde31c19c1a
474cdbd97c564ffcbb8e3d9750466ef5
9f8b44b7ad920daa78883e35d2e324f9
976665b6c8974800b31072f9339b0a18
8f81d49795465b12b13f0db21119a075
1e4f7e4e22731ae136d8341865da2861
13629fb5706c8a73e8706b1df4615572
61e908c07bf676650e913b6456ba1f53
17eb0d8fb0be46fa5c60c7869520ebc5
1170763388fbafca0a27dabbe8f33e74
968bb5e7176e19163ff204c23f8f48e4
f256638e00d441d9be1f4ec9a2c8824d
4047ee7fd99fec0240170e562cbd3941
dc0090a1013491776104f2a82f7f067a
57e2aeb1d12912a9f090743d47f44e6f
0eaeb4ab8805add1582769dc17bce718
ceb6566be892dd89225de7b8c0f5db13
9f19aa3fef5738ad2630becd78a95282
1e3b657a9254feedf6af3fe245555a28
3191b5ed936514872a8e347d73dfd942
b4e9d3f8d5a2e6e3ac2caa68cc9a312d
21637a7eaafdf1b7e9358290fdad0c56
481de3bc936011038eae39c315c1b6ab
8cb71a82ed0ce74f4789281aa17a29fd
930272002d8147a79e3e3bfd640e626a
28586ccffaaefbb18ecb8709ea0650c6
bab363feca4ced14a2ac66586b25b14b
8b06fb05295fed500eccbc7ade2087e3
4a4e379c7bf136031b6d8a28fbdc3726
bd03eae5800598fe0ace6298106d9d98
dea210f0729a21f72727e437305523ef
5c5f9276966a0d8e7186708f8db515cd
3d5a1d428d5313fbc995510d70dd87eb
c27b14fcff7111307be18ff831e9dedc
9dd8708c318384739c3ab050fbc5df96
4741f4d99600b77d4feabf6c011ddf03
57cd816df730c36e59643fe6957220e9
8a93672aa37f868ec54a02e320617f4a
55aa998845bf3d62e79ce841f2ff5834
fa1c51a46548e79779ccfec0302a98c9
379a4521e28abf8586bf4cf79e5a3865
0069096c0a96c969ca2a6c57c3fdc530
36dbaf420e2d7e9a40a30a4255d327a2
029831cf2dd844b94412e9ef74a2b1b8
ae4b777835453dae84ecf89e76ca2ff6
faa485cb7c92b60382c541ba4cdab83f
3561afaa83efdf952bb2096348f0fcb9
7f79f17990f981ecedff6e76eb80fb0e
2838210797fda6d747351cbe3618414b
7335dcc7a363ac8c3686f7ac53a35fe7
d75740a521c72df8cac412a76445bbd7
ddcefd6d20e6f2aeaad3043d9c4806cc
df250c965adb18f371b9dc9b7d009e2f
e9595f231e0beb5aacdb285651b7d9e6
510c5879337ab27fb6ce88890c95d0ca
42ce60802a15ac1d12666b3476f3937b
132618dc5650d161647c97ccb582cb67
6df45adb33d72f19cbbd7b9f357bdf05
9c73cebd69591f36acd42207218266f6
47418f8658fe41193348df9d8d51ab3b
03c7dc8c7e11ed11302d03d308f108a7
98b1a98fd4d3a6f4cf1295a87dc7d656
69adfd29b78ee574af4644b4b75d1e40
12638ba4553f21ec7d419339b36adae7
7b73e6270503efde2551895d5f25424d
55d9527ac39c4feb86e40fb43d74c140
7b1b321ae36349015c7613e59c4c6e9d
849061a00f8fff02045c60bd582ef2dc
b01b882288fb2b2b27c73fc68fb791a7
9ad5f05c1ddda78056b7e92007908165
69d0fcdb74374a4ce13b9993fb421497
158a2161f82685003b987ad130bd4349
de38b3290a4ec7470db4f5da5660d5a9
c70906cc174044e2d9ced04a575de518
b39c815d2a913c79926ad708520b54e4
29b2a64e238c4ff4b11b65068cace9e0
22ce1c088f52c8fe56aff095860d140e
89c1e1083c647fd5f83f5f581c92dae6
76c4e1f1054c576b13831a8add263340
14df0557f6247cf2346f7524f8009c74
672f03e4a7be9d847c1768d8145db5b0
c47fd3333ddf714e06119c198826089a
70b20b0e98f6a20a7e2002b50d1c56fe
c7ce739b603e86ec90558e118320b11c
e8d0968148819351a4d4f818d760906e
46e57fb86e1668c26795932ee26b4729
0cc603e1f93c9056da97e5a9cb424d3c
60f815aa906cfc631877ece408e03823
3931b4b13fd59cb2844cb4b7a48dd0dc
30ba44aee4dfd6937e31659b9daec0b6
6c3a2c8f3b744b982b97c949991464f7
78410796917e0e47ab60dfbaad18cf36
b2701a42216926ad390609dcb5fa4e33
da92e5f068b43008acd38333755505c1
ca08148933fa65fb269f6753db0a9325
ebfa36e1bd4981ba809ec294e66bf61c
f61bb36322920791b498c0f3700e73c7
347a254fed0b39371a056c8b89268b0d
ea2a7129f1ec9c037778f7f68db8039d
2a60099a80f5b1f8d4638cd2fb7d1793
a0f6df5eae1301059e5185dbb66c0659
4d727f7937820def27f242fd2b89c0ae
228f440a5c0a4f21a1497f2bc55e8a77
b8b6d3c5088f0e4ef7e206f5e4be5a79
364cf03b350e89f12b7d2261f30400bd
37038f43f0a7b7dcd6b6b7c63a8e40ce
f797e8dcbf56e8eaa553007d5d8baa26
8743194ad2aecd8deb50119e77b81068
51dfc8b1595a75d7d2d21bad368e37c2
5b7af6390e182afd3f2cf9c0c2744778
f95bd73632b6c7d95bfcfdc42fcc3491
9699306d192e4d2dd20afe4501760071
0850c0e033fcb144006cd409e2ceee8e
837dd60c509d6588c326319741c32a51
a6b0e55b2e03dec09d94a5a64e2baf7f
adbed4d5a3a3e9153c0f03f756bea11b
b1c559d0642b2cb87def32bbddc3b0a4
805a95d94fdc24502a3c3ca7bea936bf
dc5569bda4a5a8c737aef9d78338ccfb
c446a12f34329acb1825385834f5cfd3
b94150fe70a01dddb7c07175ca0f20f1
5f93db9a29a07cdd9ff9c207e45e6b11
3e98c3123aa2424cf6ebbadcabc2ae88
8eaff2e81a7517f2adf844d9f26fab2e
26d0011505a299fd78368896e7886b5d
21af8b7801a5923e63df984b08f7a37e
cb0107d102037abc38d0cee6bf75854b
3ffe3ebe38fc3fd51166002f6826d8f2
6ab8abfe64ba7cf396beba03eea432fe
6bd4716dc92d5f41bd4d516cd23c11ee
6dce5e6082b55f5c8375e27d71f5496e
e2391bc0cd30ba5a562214070365c8ca
e2efb429921ae85f84064061066a9cf8
c99ead2ad2d08b516b64e13efa66e419
1f3d8819d086bd5bf3d2db69c620d4d8
a689ef7e3d5f76b4548dbc54ed3a730a
9be6a50aee2526fa4dbf58599bb95b26
1a5946ba35e274bf88e0fd3674bec229
b136b5714ac34e94db97b708b1c562cb
6bca69dec9c4b7566f25a0a3f1f7b565
4bf9488bfb8693f4b9dea8390ca473dc
97aed17989ae6524e8c78c83e3411ca7
c061dd9cc6ae1f781acdbf260f520546
51eca83137312acf8c67e69323761cd9
0ce4835e45b3910a304e47bbc167f8d1
ebff8a6a3e433e5e3d32305a1a9cc72c
f252efd2a2de47bda1757b8fbe72cf78
66dd208ff4e0fe85464492111edb601e
7bb95b5b3bb34f09f2f05b204b7d9e83
edbd198f922d3d6d7b33dfd68cbaeda8
22c396335d7211c92579bc841f3438a3
7005d00a7ed65a59af26e67655975d4f
ea3d228c1dbc5f0ffea047bd8dee90b7
5042f32b1f60ef482b3835882527b3e6
a1e962c3ed3428da3e25d8568a436975
3321d8375d4812e13c2486f2cac1f03c
9f17a45dd9b01a24c68c661a8b2d261c
ba82bce2eb0898c97b58ef55d5b5a6b1
8c7e87113946ba6088c3fba74bd4ee20
02150ad54f7c368acf6dab5910ec3c2a
ec1f224d6799dd290a38d49e07d47c33
4c3f9c4686dc1449e8cf44b8ab12267c
8feac3be3ce5bb94c6bbfba027112eff
581311b5f36738396bdf7afd87526167
3c5af8f5637f44bec33884733a6381e4
64d4b90345b744292c9384be0f2e96ac
d7d247c3078dbbfce3182742ea4103a2
694c7f32ff08ab626709184d984f6344
31edba47bb7fde2b72ed5cca3a4aaacc
e14de0cf64aabe914b7bf0c5a1cd7e50
6ec5095bed653f86f6f186afc7464bac
5ac8ff8df6316a49d7465118db237f08
b6c35eb804191d6f6e83c00520578f50
88908bc6d47a96b50b2a0f4f911bfa91
5364c8b9facbeb1953ab5129f48a4a5c
ffb169f87ff572386613936df0f9ecfb
7381443f180567d5af685aa73ba8699c
082610d3bf16a2fadf9326aa12ede72d
9d7b3a83f8ccdc09cc71c4fd3bae7624
797179cac85990705f56b669413e06c1
39781acadda67f77e6943560080e795e
a132610e0bfc974d698cadd79ac27b22
af91177d36a5dddf1181e3e3646c0566
0d30eacf4bb50244421ac76b0e4ec783
1fbaa788acd2e15bd3797067186c81e3
e9a28740d582a348032e24399a9f71ee
18d800f8a1ee9d2aa3f2f97b4f51d8f6
66d9171af4a6a80c42983a26ce6abcc6
b0844d1a4e8bd3babf43fe5c05f5f2a6
03c14ae629f3525e6a141b877ec47885
2c559f3f3aac1454e3b3af8121d8cf3e
76391a20891ef18bd53f19798e3b2602
1e64eaf42ba789d4d0a8260575940185
ee32be4b4fccc50f5156c945e4f39494
fc607a456a4409d3539074c4301377d7
21520cbf24f2c4a31ac46cbed4eab3e7
6ac09c9d264e1989d0a8cb4b54a6d9d6
620ba5c4fd60f2185a43d630044607c5
6f4c3d4a558193d18f4877233d10549b
9cd639fe1bc54b62ebf080f11ff8dc82
ab341c853cb63beb997c3c81ac77a8ea
7f4e8a62d57291f30c4a7d0465c42cff
a2571be3a0e6bc2a0b0fe2a93e3b4d47
7c6990909ee3129ffa4bcc144d5146ac
9d9330985da6fc7fde4b311a7a440289
94627902645bd997a9cd18d1b973d87e
db82dc79907538c4e129d55884b6daa2
3a80787a04d7a24fadedbdc2423f9fe7
28b5ed64349bd19f19d1cc51fffd3aca
1f93b3736f4bc658f509a71a48c81b7f
6577b62ae8c67954db49f5a9404ecf1e
ecfb8490fa230bfbcadcf94f358fb0b5
f598670403b51c0e9782cc9f6ed7aa51
090213cddf9104b9d1c39b4a61b28d72
89ffb31727ae4a1db91aa9d4afe7cd08
7dbb23cff03a14d601a56c21589fe238
7bf84b4f04f6fb053c33be4d3fa69f7b
da46c4beaf873dda08c03c99b87287e5
18cead761314846f1a1c9d62b364d3b6
392edf9e017bb10a09523cd37d5056e3
bc21cf63387a432b224656830d101a42
b53f0d8cdcb085b7a9cc996781b9bca4
1a2dcae692010f5661d08636b843eb54
dbc840d270f7127628f84c2089efbf30
53dc5775f423e30f804b4382f84afb64
b6a9879fadb87a1141cc23effab36ec2
cc019f9804fc0fb3d8bd1764912870c5
e75a40b925775c6c41acc782ef178791
95c2cecbd1ed9053df3dfa4f4d98baa3
c0be02d3c669dd7cc31ff87c8deb5e7c
eb5f23f3c9dfb567ba68528d5dce27bb
49ca84fce6ab2a0e82095174e1da18ff
a5cdc47331138a49720b3818f9c36caf
265cf4ace3bab3ec284fd81cccd02ff6
00d76080ecb50b4183339b62cbee186e
8ed986ae26d4a8ca9e2599dba93adbb3
550c2600b66408dcff3b114e2cf4ed8d
6eb79e5f52f367dfc9e350b0da8d61e4
6aa81ee12bcffddefc0e48119ec7f4d2
295ad5c6ffc7ec5a93d24b27f5dd6ae7
f3f61184e49a998ed4c0297bf7792af4
4bb6b71a6a9da67ff1f3a1b2dfed9f24
583b4850a8194b5a0a2cf2415fa55876
5adc15af5b26c7ba2a4e4cce53686e48
c361cf54c55477e6a20bdf3b4129fabe
63f9fd472c0ab880f3728836fe32411f
cb5f8aafab25e9bfbc41683a4660aa27
03d52bd5c76f119cd9b7393f0fe23f1c
3b91cdada3ca5b735f19308545b7c3b5
42ea91a6174e21c8cd4f658fd98471f6
d9accfadb616673743ac932771eeb58a
48f545f5c0a2caae17e51b38783ca6b8
a5b33a5c99eaba5a0493561bf9a87a47
c0b8eb3c62001ee8f477eb78448a0f6d
9f8402b1c7b10a53bc47752fd92371fe
b2b1a6ad8fc9d08446dcb4853e97c4d8
dd6899f53569433aaf3457cf95287783
396b92f0e0463931fa6178c28fcebdd6
7dc01af82eaf09c22936dc15f8445598
bbe7733dabbfa6d7510098349cf2a6c2
2d538bfaaa593e10a5ec005971d332d0
ee1a3c6cb6ad8259b0742a28b169ff97
d9041eba8c29ac4e95685d6d723aeee9
eb689a4a5ab07739665026f4466dc56e
9884cdf5a9da1c92be01f1d6d6d02006
406183e1ffdd69f889fba6befd65b32f
9c0c5b8e725216ab4d542a195c518ee9
739fa935d35e508f29ce8e781ee0e176
6c4d8851e3d6cc397138592574f8f0cf
85b782015b03a490a9ed7122a660b3ba
1db824f442d674ab77fbdf05b10f4903
cdd681c618728d97ff2c02f9d29c68d7
dec6c9047cdc2a40f4cbcff42ee84de7
6fc09a367642274769c79ee078f46da0
264c4f325abfdcfe01a245e8fda67905
342c79ef706826d41a055157ddf60c41
63afa699f726e6eff1ca4bd9c4cfd326
c24d7dc4585a96a2fbb2651667479a01
d774cbd50e1480c834687133d0145f6d
a4b6c7842df85c45d02804344e93726e
62489e29bd1055dc25bac7336f8fa3b0
3290e3f6df89add0f8cb46129d88e897
895011834d8d730c04f6396f8a2172dc
97fb0697f0dfabc769e0d1c3cfdf3a72
b2ea4bfe2396a2cb15f0a7a37a10a1fb
8a23c09bd299bea0c00f221b72a41cda
6eb47ded212a06df2e1450c22b529ff4
2a8417e7707807bd01cdae330d64ede4
76dd2a16c6f4bfbc355bf532c291497c
6989efd2a2d43fe6a8c9d60f0a394e15
4db6a8fc5e106b518862ad2491af0f12
2b79c677f572c59e9d8f7cd750d71f3c
cc7738f772aa462c981fceec626bf13e
0947df721b41cd8a744f29abc851edb6
b168911e60bffc5f52cf3544167e92f9
fd6df88968ea81e0489457c75ac2c122
6abcad30ac6d1b11b3276a7161cb4ece
8e75ad989d747a4703e0de6bfa5c5111
74a10d297208eaa9ade7a1cd705cd0a8
e426edec71ef7b9a5e7858031b6eeea2
236f1128d23805ce2e04c9e14911b903
b404f24f43374982a88dc88dec93f600
fd9ddd875a2361e700b56b59c6d1016b
f2bb9b168e6fd3f42d86ea6d2e0a4bc9
dc88b9f0debfe94618726bc53154837d
d7b27c595ae7570e81bec0ea3111eb58
5f2e13052569ee01b4a9a9e90fdddd1b
90fa0d4073d85fb94a1e463ebf9aa6fb
2fa03fa7ef44d7650056142c91faf1a0
36f69b4b70000d1966be697338084ee6
8831a904873c82f95c48999b6cf92516
cd43708a55964125790a47eac08f203a
85bc9a403d38f37bc271322f41715889
6bea687c331b7e4356fd5e61ffae06b5
3da5b406ac2d93f608b3c0e0c6c96923
273a54b180a60587d527bcf0bea94860
c2be4c155ab065c86a93897330ff66d2
75f15135507915443bc44949a7ccedc7
8a35f13eae30e0d2e22ab4fcc8c2ccb2
6fa9ab6e9bf60d2ee18295ed4ae50626
fe07def0e5ed42b798d340898de6ddbe
14e94367aebaf26d965547d89d5ffd77
1618bd42aedbf9ae3b4b3d13e6bb7467
eb740384d8a152c3dbfe81ed90c31aa1
d2e074e1e53ab82716ad4fe2c6dfcfbd
de010e6ac404303ebd1c8101893da2b8
239fa93cff1939e24ec275e7a1e0c638
d6e8fa54deb04cc993bcd2a43331148c
d46b48ffa7fcd94344f584dac8dbd21c
8129a6d34144332823e121beb6c2acb7
feeefc95baf44bae003d6aa1f99a584d
975dceb52d38426d891b8af4d5a22055
bf751555abd6749901120c8a787cf414
cc2fbfa670cb86da1e9d7cc9b2b5d79c
a275601cb757fe2c021c66dd01eba642
c069fe01ba82c138ae9d50c2c2a709a5
881d8bb5d0e97bbcde18c06ed77d7a1c
819e4801f69c8bce9b7e27c53f339d25
a16dc0513f0eafb53d3be03de10b9feb
9258c446d0aeaff4dff4a9ee80b3d631
91de35a0bccb9d9ec851b3622f6e85a9
e2f11b9b69b64f3d67c904a8536d875a
653e906b3588f0a1fcdb69e2b3093b69
80e972398869b872b15268bb4a84391a
a67b9981b5569869ea0fa9dc33cd24d2
bde95d98d285307a1ba40c1839f55612
e627c6b7e2774d6b919c253daa36eb63
fd525146317c43d843e26a3c099cb44c
32fb7fe1546d7514cfe24f7e3ef6f58e
6c4d22ffb906bf6596eeb3c4367c4e4e
2a5864fc0564f94b0dd789a38f011652
d208577379e827751f26f50f89779ec1
a6c4e607f97aeaaa5a6fe928eaec323f
346068d83b3d3451e17feb6c4c6def32
d122cd17d4cbb813797eea83e9460056
1f7661ea6350c8fc3a3146a20b4e0a7b
b360bc0fd8a5ae02a9ed4926f73b4698
b7870f3d442f9afeb3b3a0c124b03cf3
b24add407f99422919dd18c964bd861e
01920a8f58ce5497ee8fa28a343da596
6c22e31047b402791468852e0b7c69ac
51d2995501de16a351d9b83a09cbe478
70d538d8046798a871e1464b48540fae
afe4a40efb64a5e14ae912c822df9b72
f19c6516fe7156164ab747141232d9c3
949fecc6f4a4922893479517bdcc2b17
3fa39663c7d9adea00cfe4c3fecd9242
e4d5d075dd86fd2241966d298f0ff4fc
6a6cde439cdc278cadf7bcfdb9f216b9
bb6ccec8a0e7ceba74e0cc3226135ac5
b576f749093759626792bfab535faa2a
379241594d0d920284d3131021485021
579fec0a22a8cf11e9b720065e7442e7
97814e0c6ee04d70f40e1857a22bae06
05fa8b9061ef1ee55a3b893deae008db
9df79eed7796446b22359d888fabcf74
9344a8a8fb1e5dd9196e85afb95d3a7c
aaefa5c9027bf86142761de1f4fc9e4e
6d234a84acd8c160bd248a855d13c9ce
c4aea1b0474144662b03016d98052ca1
d884e3d2d9fa5239abb0d80ee2d61e09
daab0f8cb73ce78ad1d27f930845b8cc
0c9945dd4d4f9d3dd7ea08f24267ae73
eaf0e21c6f9f6ea8224478da3c5f0078
bf761e8504a6f3da74ad0768e340a989
8bc989f577ea9ab5db05828c563611f8
7650e6bbc722ad2879981a6200b1f5c8
93323b87786762285c4b6ad1d85e17d9
29a50b199552cc2821717a143cef89a4
1dd00011eb3d1b07fc6d5d4dc559f4bd
e75f83883ae9c086e5a37aabba47f038
96b19c4cfc22e5c10797ac8f89ca6ab6
7d2ab9d0208147398578c5a289f30770
d3b31fc336fd24bf4fda223fc9f4bec7
92b67435dfe101c5bd3a8ad71ac4c7a0
947bc59426e67d947b7c03aec4b1f958
80359859c211d6689e41df36f43b585b
a76ed31e2a8a9fd7e57665ad19413e16
76ecea7560f0bb67672bc5e98cca8084
b637039b79ea9bd868ab51fbf4227d6a
33ef1c6405a8db8df468f5e8a4d504da
4ed8cc67c5ee396dbfdc0717c159abe0
59e98552755ae769f4bde9f180c4746a
34dcb4e016008c3c4d823628e84d0a89
8fd2010f62d472a513dad151701da306
f359011b5b765ed13cc28eeeab475768
3dd8b7ad20ab7b1e68fa26649b1e7182
25e28aa64f471432f9275df441054f02
e0dbd250b5a2dda2dca488ec59ee8a0c
cfe580be66d5007d5b3dafd84bd5bd89
a7ff86a22ca3e5db9d8dcb628207883b
6aed9fa9acd2e5516ba9e1115e130110
48b6e122339bd8121c8a20f8c085e433
c3da8993938533b7d182feef67691d05
d000ccde11be3727092d7646b6abe0fd
f90c69db2acb8e57d07b21c6a455427d
b0a1f59d84dcb7d77a81e205602b9264
364d10db888a8c11a52455117ada7c4d
8ba03a7b6e9627df1b681506c3a8f3d2
bc3325c7cf9978390b84e343b8c7f3f9
20a613d229038706ef3a19e134fc22c2
0f1186936ba77b852118187feb5f8696
f19a3db250050fba1dcec7d478a1cb3a
73bc62ac8db264329e8bb632011a166a
81c3249e24ff5be78232deb3268f6961
1a639b81a5562afbc5d3d72c5e3c1412
11d433259c54ac4a533936467e0f3e22
e01e2aca5e80f5552f3ef1b468776a49
0b0f463a4ac2a4810571a33b6cd28f06
9f65573211f9245250c42d0ef45c2edc
f23be6a1ea135edeffcc7c3cfcde0c93
dd6433f5885bf0e5a42368fccabfae83
40986a622c28f64ec8c7de1006c0df91
dc4f668fd4b96926d2929f2030caf8d4
6c6040bccac40eee9981f2d9862ffe33
2912524f7036274dab0e3d15448c030b
dfb55b0ba21eb32d6f48800ec6a246c6
8efe65eef46205d75712742938ee4f55
67e5c50e3067040aab233083fb05d993
0401a1e7d03942caca44d35af5c3c41b
7578e50093f5d369b876c5a47edd297f
67738c360d63b3e2cffee800a31e5791
273f31f73786d0b3174b00902bbe9e0a
ae731a6642819629743f8bfb518f3ede
dadf8aec2fa861d3fbd61ddc6101f602
09fc66409c68b48077f1e9ae12cfe915
31ff5a9dc34002b1e7a1bcd1ccc71509
9b2ab2e8ae40071b115bac3a53070839
d00e85eab371ab5da95f2f1213b14e89
46aaafdae97529e89909daea5a62dda3
a939129d7f5a8003b59a41cf76aef866
a211efdfdb9ed24bd48813a55fb70b4c
8c6bd5d6111613f3d944b37fb6257d61
7e60a358ca7f830cf135948c419f6a6c
0b451f178b7816eebc2b8521e6f9fe84
ef57857fefee24b0b767cb6abc9a7a2e
86cb7ed4ad25e64cd41824d83e2b6d8d
75af88d822fab10801bfbf16ffbd50e1
99bd7331192022b4a3e06a167167e4d8
b4b690453f456f70b3405f89e942be26
50e67aaadc91b0151b110dd22840a231
22536bc4f2674900e80ef64e58036b8d
c5c7dd1896c29207bddfc306c4540361
87c7e067058dc5048e62dbb999648923
e47edda41fe4d9c969f7c127ca5e37ef
ce6224d4b5854363f223286d1b228b68
c1ee6f915835708f5e31d282be1bb032
57475eef4e640938ec594f944b028df1
87b519869a874941f214697d6c70979a
1ff828f16390db12c7659c46231fef70
976cbf37e0a37a5087faee56e188dd30
2984cca091d4045cfffdeb198078dac7
6a109c04b3c7df937620e10b0d9b7390
38d8089d3d06b1aba790da8c83635c59
ae3e0fdcece1b37ef623ab53d020bed1
29c88ed6101ac639aca0701a4203195c
57c2a862f7696513b264b06370ae5638
15ac0e2a092e3927a6da734c47285f33
6d37e0021864a174b720077548e2021f
baf71b47e98ddf07bc088146ae2cc590
5d9c645f14bc5e1e5b318df1ab3deae6
3ff3c194cf4bba5bde87dd1ad4a3c950
142256db4aa8436e00158d43c8671275
f28ddc48e2a0caca221e947866b592b1
fb2879048edcb2314287887705b5a9f0
5f73df6253e68c070dcc9b3cf64947f9
1d5af2f56b4ac8145e6402d661aef673
0dbb563cb1159cbf63792ddf9c73a73c
c4ada6032075b2f312d05eeff202b8c0
f312a816a43f518b094eeeb1c7cba087
32a62620de391203bc2998400492ba6c
f8a52e47eac5329f801c8e3229900c7a
f2f06662b3753080c957dfabf338582f
cf4868292f0d7656ad7adba6567b2ab4
27b2f9bb52d9939e6ca50cd037e14d1f
334aa6da984f22633435dfc4a969ebfd
67e2dae159512395951cff7a0c2565b5
59fc5021b4cf0198ec6c76f7a6bd05b6
ccdb7457db05cd898d3c3f39056c61f9
690816f700cc616acb88c1aaa585ee5b
f92e05c9f8a107fc83e121bc58ca2639
f5da0fbffe3d5240fed47cd6d5e1f0a5
d5c29883e721761c58185932cd2d54a8
2f5ff418d9859305c6974bac711bceed
59892073bcc5d2a51a4199f08485291f
e08439625520d06d173f118a8e894b2a
e797b941812cecc90f34308329fdb524
29977b9bbf3c41a463a09b69e2f02681
629b14325c342d7a2821b2445cc71678
d5860623f39c6fb6a563b405cb205efb
62093d7d7de62beeb8b9cb79aaa0cf37
159242e16699559fcadd82333b57d75e
0b564fc062240e6ddce175203bff7a00
79e8ee7fa3dd26351c0273ee3ae91f2c
dc9e3677ad63aaa76703d497e7119c4e
cb9025ee2bec7f9d08de5ad84b96b2c8
0d6e6afd4bf7bead35dd5ee279cac9c0
81b46c73c84f03a7617f9bafaeefac66
f318284f3c3f7c57e6c6f0d17725fa22
54fc6e5eda1b55bc0cf1dacd8b027cbe
6c9a72b1a4bfa68fdf5856bd109e66f5
db67c779e4b0830f209a7b615f82358f
f581061479bf7fa7f26e7e9362032c2f
dc96159a7f2c194dd65c344b95ff5b67
3ace39be877333445a1f8f9ab0edbf0c
6340f33b4c319d6064d3d7c2355b70c4
3067f093476ec0d0eb58cd635086c62d
bbdbf95754df4c9a6435f242611936ce
136a0c8da7c4e5737399b77e9f7884d3
ae6803173ec4ee92484252434f80455d
68c821f969cda0ee0548c57c9194d050
3854a812387d9374d89f9f8ef7fa4727
29320056498a315fff87b2dcb4edb029
1a4518f9dc084b1fc7e2d87356010564
5595b9c2ffe525028dd10aa5b1c5df24
09f950d65797c73a482b4a7c8839cbd6
dbc09e9ee9a6c283be39c5eec3d28454
af0857236d43a154120226f005763a68
38ff24fd5cfac8545e003d824d6b222b
c6f169984904253f6d211372dd15f856
531481a27f8ddd8107e09d2ff1d95121
cf4f745a3f23372d9bce28eb885028ab
67c4ed175db7ed88226038ac1bf2f2d8
00b72fc67c0a92973d9d6ad455839466
42a6d4382c1a8c0b3526535e82289524
1cc09136ce1e526da1945b388845df6e
2c932d4ba7c95739dc605399b9ef7989
54c924580d81464902fb85d5a677b59f
a57c84d37189423c6043211660784ee5
7de3c3ab8863d4657e3d63a3138e32fd
9bd1af26053fd6d139c6512fe69d4684
11b02bdea8cb2ca44c57b9ba96c12d37
f50fe9614bfd7d4f52d758623de9f18f
2a775918bcd1e5a05f50382472f5e53b
52b11a27eb44d051b47c089261cf4b4a
b1b633c50ec66c91a540776d77e40f73
679c9b9a49cd569c116957ceb6a4d2d6
40f6364cdc02ef0121b4c31c298fee8c
5e6a1a790be8ce42bbeb5ea2367ae532
c4de99bf9e993bccd453668c964a9c15
f311d7d985c9785355b4f91c2197f3ff
ccc64381e08a21f39e993e5ae93cf60c
41348716c3b3f1cccdf96c2e12cd01d2
2f11b3854286a18b5896ad3ed79d40d0
a1204d2358dcef6d3daf6c33823bab9e
8ff6c32845cde4c181acae8f55c6c273
dd0945d1625323d07f6533a7bb7a6d70
c787dd409f0ce5ad6705b7b8ffce4934
fdcd55f61f10ed827fe0624c7b159188
078fa0e29ba7d0ef724b8cb62b786e76
eb8c193a25c1f612539488887e08d624
a71ab6ae66fcf562cf603b1ffcb3ac54
362008a2e18e464bd2e946776a9d6944
12079b1f1659fc8686750ce30056664f
6ee83f6092506b1dd7ea5456615b9434
a12da6bfdc8842821772c421f1e5b2f8
1d3bdee6064a8379322635546e54275b
e2f07f5c367ecc3fdf72ed901b3c8c8c
086ede8aea69bb56d32c17e852d850a7
6833f8110626c66eef5b85af500e5dda
44e0a122765e576e7a74ade314abe059
1e49606709127f31a15b86195acc0f67
31fef205c5042d9690f529ef154d0894
4a8f393559b1243f6500e5be9b9c033b
f140d63901a596746c9e00b7d0fb3779
77f354c29208d2cff6a5c8f4779129e7
3b1a294812aaa7a22a2234387faa9993
1388d4c03c1af4e5144702c2415d8994
15342f3d7f4dfbc687f9b10cbe97fb2b
ff2ae50a2d5b1c414997451ef655577a
e008d9363f558d73666920b462cad6c4
3d552175875215e4e0019d35cf2329a3
833c69611aa62e16f8a3fc89b953aad0
108bf6930c960f8d2eeb96923abc3051
842b3a524a421338e893373ea2041739
aede54bf3731c8d644a2988955642c8e
a5a28b1f5ef23d26b1df0dbfa15e695d
2d3a292ff2e5451e2a60b210e20042c7
61b697d75671d3ea08cc73c9badd23fd
20428fcfa37031364df55791ac7dfead
bdeba4674c43740c50a8062ec0dd60fb
e5bcddd9d5606f34dce7fdb04b6311c5
4173759bf35cffb6ad1f3098a38ca35f
d6ac20acb3fcf0f8acbbdad81ceb9a6e
e69a7297f15744edad668eeea53d1a7f
21c56975b5857a714c037febc649a331
cbdc8ac1bf202a9e177bdb370488bd2b
ad1c3a43054582c408d6c83d9acbcfab
d727360f85f6113513e5abb99c0b4c84
8515108fbaa16e2661c1521267af285b
c3bb2d6f7767c87fa5463bbe9b0bdf7f
b1768c460b10e55c7041ad4b07662173
6f4dab8f47b234d69db6d2099447cb3f
ad17e7b3c070e540d7db7328f853f631
237ffb8b4ece1750001565cb966b3e74
eecb24e551f33bc614c545b3122bccfe
ef6391e5ef0f54e30a4625ef74cced27
bef2edb4ea92e49aaf5b4ea1deec8691
5d04c290ef0441faf2954ec1c6f6105a
b8a714294618e1bc0e806d35387f52dd
75c7f3ea056171a5286b08d9a5cd48fc
88c7be62d3d3bb78513b237108dd46e0
68100c09813e275102da842c37f2effd
89f06b442b335a6e52570b49fa5fcd33
beb35561565d9f5e13fad721a73a3a1e
1bdb2f6ea69100345253bc2224c8343f
9f414498b31ce9734150cc5d951549cc
3a009d3a75903b89c082f22817eabece
856a6248c0fa78484c502c947d4f5654
9b9eff3f9d7b1502d498cd56137cf67a
34153bf01060edb7a2ff6ff9f678a409
84c30d36376004c759c0159c0309c188
bc61c150829086702dd166362f32176e
57b0f1cd36a4ffb6a624835cd3a68e59
a2ade8b7507e6310214805f38e0ecfe6
906daa994b880f68b1e64d441dac6069
3c7029a54fc1f6df4d1186809cb40bb2
b41a1c1a4b2ecc8e02c8bbbd084ad4ee
20822584c4ba1f27203c06602d1725b5
8d3a7ea6cce15197b8d6b959b8412398
4918cea1faa8b4c858c4e3a3525f18b9
4750a9de728d132e1abbd9a316a668ea
d06554ce6b2fc421bb64527b57abbc8c
5ab5b9055413d0bedbe0bf8ee5ca2992
31bc02544108238510c6071682ff555b
afeaa1e85b48008d365a948000b4f673
30777e74e132a42a21a9fdb9a0cd0f76
7b810ef509c02d567545792f8ad0817a
c255b9b958d07cd2dd7538ad8afbc10d
2a5c301921c35b0100c14c610d584f32
205500d443942a7f349fdb8e688925aa
addabc4abc9774e1dfdfa1b6438a7994
63f62f2ef3a95a7c80e83385fa0e11b9
4c0a8291b20d9ab0a827ca707d0f2056
d69de61314cfe603650960910f246566
4ab063d91c267914860d24c5bb078fab
4158c30b3d0fa42bd581e94d411bb1b6
3f51c85dc7362b0739c8aac16189bd5e
8e3cc917faa3417f934294d24f92cb92
f46f53c59c2d4c4e273723317a1be58c
c2f20dfc4b4ed24f1738de63eee0e697
83b6283d91a60bc524cf3cd0e5715262
ce7c1723fcea0c669b8e1ad222f7976d
555556f72724e3616f1f573606d44d62
f47439cab8f371a34e64af24c0937c40
e865078cb017c7b4f150b4aae7a96d70
d3f2967b269ca03174b515c5e9a235a6
8344f4bc574b763f9a9f1c3fc76860bf
c210f27ec5e5c38dd45afe7ab295bc61
66f9ea587008c7690d979f9ff87b900c
7bb365750524d95d79216059d6918ab9
fc46d1e60f9b68edb7873c98af01fc99
00062ab74c5d529f55fb6b4cc5467632
1120619b6e744d3cbf400610ce4dd9b0
c835c8a553d865db2e91715aa1089c31
377177e603a12c4f9d5321505e4a9d7e
c0e58eba1b3253db99b5169bb51d4894
5960a8cbdcc18ef3df31834ed7f60383
d2c748b67b5a9c8e1f79794e8464b3c8
01d894753faff8b01d3fc04d112e5fad
234d9fdc690d85dc8477c0ee4ecec9b2
c9757384fc6f46660f029bd344163675
242a395b9e228489b2dd758a50d30bd5
bba75429596da00ea84ef54d5cd3468e
bdaf5e0549f9c92e52a63ac8d530e5d6
b4e6a097f625f32207ad98263049ef8d
6aea748f98af2c45c3f3ad24abfdb736
39e9d949019482d02b9e389999ee4b77
4772fab4c9b4865812ab16b3c0b2c524
d96f4aa0a3b14db35b44fe338a39392c
0698610a9548febce1b93f5bb1c429b6
baa3af5eea87d3b9a92ed66ea4da4b03
77cd8983e0cd9fe14b98054777db2344
659ba3cd1ac8de262f0c063889812b79
7f27e7035cb08b54a9cb3f55ecc3e8ca
21e7316fc2bee86350fdb9d9a0a3123d
f49f184264bcfe1b3959a97f47f32598
d3df35a893a21b8a6cf2fc645d6e7f09
ee4506d1b4671a6594bccb37d20a5021
9a0fb7d05845115984b93537434a5c71
ab8edeab92ad47b3dd94d5319f9931fe
7bb36bfa44c51951cf51a46a6e4c937e
3f11648919ac2e819ef86580a6f408d8
9b8c6650ee75a808c4abcb12c95a0ed3
4acecb4ca6e00cee45f7c18146639b28
fd7ed9d969f90dc12ceaede2d95a9b5f
878279e0c8d6f04cf9ce6c0cdb501913
0d8dafa42b9207fb4a7b54a209601704
752ee7c4d9a61243276d75872e426f01
6353549b299fd2680890d13ca04ba31f
73d6ba05b8353c1402e43abe63250f51
805565301c063c0085046c835abd19f1
74d4ca7e46bde592b2ce1fd8ccb55874
8a2b1aa9bff1cda0054430591e73f36d
5d8311e152f60cbb6cf9960ecdfcc0af
6cfde01347080cb4db183a5d43092194
027baa258a1472a32a89b4feabf74cec
e09bc96c18092c9bd80420f6aaeda464
9afa417e78e9b80815a360fe11c35de5
2653c57e38265594d8c08f8afce19b0a
bb5a3e7adac37796795e205cfb6d8b6f
be28596bad87c40ae889ed8e435f7b01
e78ee975577f9b2770180e70f128862c
3537fb3ea11e04acf579e86f659e215b
92a027482817a0854fe0207794a06cd4
2993a49146f829ab911c98c4b4603e9e
217be2083d2ecb93cfeb1c28f13289bb
d47f7754b75dc3cf92da55b71b057ac5
12d7be5c44b9e9e0a4f97456ecc34e67
76e68afa4cd7c67e6bc324ec4562b67b
4b46f434213e23b44750e43649b3af6d
7177708bcce0d56b847219449c5ee3af
4d03381a38c67db3ae8c534b45ad1cda
0b8f179dde5ab0496200f74bcea878e5
2abe7f3e87f0b570e67374010fcaa8aa
9dd3148d1b20daf5b79e724ec842ebac
5c10aa0b76e1358a0a0fdec2e5afd00b
094f1b2edb11116c839a2d8ac3fa9ecc
73d3bb7cb7a2b3e6b2f805402ec1e0e9
f293be5e733c10c8cf8a14d06a8e2107
eeca9dc9b05e2fc108833838027c99a9
7d909925fcb2a5918da9486166cfe911
df4299990d8d04d7c8d09642a79c861e
5a497d4fd1dc3a80a93e454fdd59ccf1
614ae37896061aa4945bdfafbfed7441
3aaac472a502492a6f53c96a2769eed2
770aa8d6549ba52ce092b286c9297ba5
dee052ea66fffde511ccfcdbefc1d6e7
a97bacc84181e6a1ba0a41f8698b16ab
324b7bde94bcc3f23a16244bd26b4d3f
03a6dc0ef29cf4a1b96efaae9ba958c7
e47857574012ede5ce001136dda0af6d
2283dd44e483e402fca9bd8cd85ac3db
ce3fc7a5f4fc8de24e96981899e0cac6
065c4f3f356e9805789d086e408957b2
3b96b75861a856a94202990c5f0873f6
a2f64a4a1b42bd03cb1b336aac5b91d5
da28583a29da251222abaf88fa63972b
9afb1758ff37cd1e54a9332d445587d5
5a4b2eeaf78e2bc5c3a3f6661122e7d2
019bf9681d7104d05ebfeb5c7f2ed781
2afaf6012c342324cdbe8525e3cdc7a7
64fb6e06e16dd09e9bd6237e8a332c3c
cb91ca837711628fdd0e595d1674075f
0605dff836dc17bc9f2c5914ffcf8f7e
cce753dc95c99936a9746ad51da9ea8a
ca0e081fe1e60f7db723f1f9e7d7ff0f
22f615301cfc6b757502810e6836e03b
b2ee4324a5b97ac760fa236d7edffc8c
b09316b174d66aee0e3b29fcab898660
d5e8eb05b49950ae25157c62e041d4d0
a36b55a05e1a74c677510829f23a634e
66488f084400f14cdf9b4e0bafa3eab5
8b7ec1824871a9494d5feadf535dc315
2d84ebef061de306d15fd39f13c94858
1ad04239fd3859908021a0dd0bb46faa
b29af98484fd64458cdf7871258a774f
02982701ddb6623fd61b2418ec4e86b1
c182c7aec389b41e912238cc4f01dd38
eb6cf716400acdd4ba305e1500800aeb
6a952decf3fa52fb0b7a81c15f75e6ac
60d517e7bf38855421dbeffb8ada4adc
7cb123c5f95cbc8d7088bdba1f968f50
a4a416f1cec34b310903795f4d10c5bc
8c7e9559f8abe80dae56db0d5e1ca4f3
993b2a917c911d5b3fdf1c8de22dd7e8
7d997adfc8f305923e395eb8ba8499d3
c039203db29aa4b44d498cf977687880
8e9748fdf847c8fbef2a2ad3736ff5b7
441e1d3c94a0b0973fc6c27fec24ee90
1e591e01bd0e35d21521f23d3527b0ca
6772f33726a212d9e46c9bdab4a7f6de
28f5739e2a26b9664ccb672418e5d2d6
d2ffcd66765e8a3a37cb580f4cce7c11
ade158acd9c0c90c82603b684001f78c
17ff9aaec10f177de243648e3b04091f
297922091fd664af60a5dc184e206e91
076ab1ee7c389b1c832682068403dd5b
70958449c4150fc111e1b44917c551f3
e03cf8c63ef6a183976367745d595da5
0917c2633a7856a42bb7f738889b4260
fcb0e22238c0167f3e8a970a9791bdc4
68264dd740ed9299bb7c4b31d9498715
b18354f940736ae5d404069b1b3b07df
554c4f4454b5a924843cde2288d4c082
3c21b3e05720c92cf9d8c062b564cdb3
65143dd04ac0127535d58db6fcce3679
fefc2dbb8ec045a8ddc17519a2c8fc2e
e6ac18063a2372ebd97be3ead59bdda9
b799aac6a507fedbb8de6cdb595e7d09
38870cef0a506ace6417600c3d56db2c
550c29c7481752f3b349badbc1005ac5
213f70df45c715febcd63f997cc0a491
15aaaa1145fb3e91e7afa5120275e5f6
d6a0806535403f491ed4305b9726a504
80e1d288cea841bdc330283179d68592
7c6098f3d60a5652078bf70cef04c532
c210c4052c8c515e5a4b86107415448a
04ef47e8ade08fe61cd0659e2e089fc6
99a6fc18f1db33bbaf48512a49f82077
cb34871601c1fd530311d4008821787a
149908266c5efd6e8c0ab7d4fed83628
1f3a4441653b526f0f15cb35890544c1
512c64eb68bc249a24dad75c1008c5f5
cc93da930bd3846d1343f85a9ca1e64b
2050e78382f21961608756cce460338a
42c769220e16b2df0770118bd85e852d
59dbcf5fdefbdce2e6e184af89bb5b24
683d77b12b82ae9862cdf363058ae08a
1621f62098f851789f1b308a7425c6fc
eca38984eb310e708a5fdd34e63558f6
0051c5af75d1300b59054a642c00543b
85aca9fe8ac714ba1e53ffd24434a6fc
8a9b46f94bc08753b177f3c4f6a440a7
0407539427546fc65a6d9c27a75c0c21
3f41aea2d694f75e355d579ab3bab0d4
47b7d652a122754e36ffcfb5bc3af114
8625712404e52978846de74cedca31fe
3e6ede314292cca07f4851af024ebcd9
608471a7a312c05787292e9ec53452b1
bff9426cbaf55a4ef99b405016860d56
b57b29a1d7e95ef9308ef102d554339d
cc93451f5f3037a54721a991f63664a5
52122e938ce5df451cfd8ba133f9de48
3d335fecaac3af7c553c83e6bcb34836
2247fe3613f9745d86a72f6a7662de3f
73cab2d4ab22dcdf5f843841ab04a68b
3b1a3fffa1fe20de17f21dd31fce840a
3dac5bd9cbfad4316eba07f4ddd789a4
f5824380825ed0135be6651871ab5a30
0c564917c6800baf05eaff8ceea06092
e46eaadd30f4e0a7153d9bf447df7046
f0713f30775ee87fdfee4372189c9903
8576ce341b2e6c9ddfceed7783f629e4
ba70756952a00b77078e73273efed7fb
1bc0a54ee411a669d97ae6e81b74f28e
aaadb96a41974345e048e792ab2f6dc0
0e75bdcb7170a33cd2628c7a84f8eb3e
1e235e75d6809d8607ed1ed337d8741d
516b5fbf797293bfa2f53f4835ff7907
e6618c5f18b176388c60a640b36d8016
aa73a190e0d5605afddb05111f9ba278
3fff9b7dc64cf0ba3f7603a4156b7738
90c0a82b0ea5e09949b3357c13e3faaf
4407acbefc5a1f302efc2f1f00f3c801
e6fef40ef6cbeb5cf72655a9485cb254
9f55822e39509df362ab70fadb1863b4
74b38aac324a65c8988358f1b6b0a0c4
b5c4c7e32e674576b29a16f577d549e4
205dab10084735b3fb72284dc4712841
f67138c295f4ae0c7fc3015f62300ca2
4f0b1d81129056f86db8f5b385835347
b7447c85f10a0b0219219a618b7d9668
9fcfbc0834c8b7dfbb30f38646b913ef
40b555228470d898f7a8c537343a895b
eec0884bccad0b6e51e7fcb792c0ff96
7cbf85fc8e1aa63a618bb0b601a2d294
f53068f33694d295fa2d3e4969bf6c02
6b517f0733fd793a9025b5006ba0cb66
5039e076ceb63881c9111b00f53b4953
ee60789a994b7cdbb35e9ac757cacc29
eb5ada25e2cbe70b58ff49543d85fad7
cc92ede7504f36edfcd2f31b3ad9c85b
874c73df735c7d3de9b2221b24a74a39
d3cb06aeaad0ea2ec9398e3e88825f5d
2f7a6b48dd6b3bd5980b9627ac809e6a
9fc9f4ded0e074e52ce549d266e3d599
282b154bc6200d89db61badb52985860
95286698556d78495ccfa64d87f7582d
a918ff3b1b306aa964a243b1a236a76b
e837b1aa3843c736d68f058ed72bc155
6e453d3f3609817339edb76127a42597
472116c5c7d523461f0432408918bcbc
7e8f0a2dc34d1c140b15dc9dc7636f03
92b7c913732cbc66d4fa7334cbf70ec4
60e3ae8a0c6b4cb250b7f924fd85bfd3
19cb40f406a3ddd79b167c0ca882ecc9
86aea26e769e5509027212075812c641
0151d996a4c329fa3509c432927131ee
6f036f72d8c570525933f93a0462a3a9
9ee690edd3af2ae1146d97493ac4a21d
0ac0140445a9adb32ded83c6dc054b02
b05f25b925f56a6eade8008e43df04ae
cdc8b6a6f30c2e57a13e12877815e336
16282674a95f1213b8012b4698c12c74
cee1969125b4f6a2be13b82b9abc9302
4ee504d28e250bf7d772e487867ee185
12553dc26d7300e25b4e7f45d23d3120
dfde4b9061cf4249e184ca9395204a29
b44be7ac8f410925e7fb599abb916cd2
a15d9487cd6ecf0fe8bf234696bddf29
16595406d61e2eab0e2a6e840c91eae1
6c5dcd0e895ed30195b538c8b0585e7f
3e24dbd7aa8cf777568b47896137365f
c4a326c00b971f24d6927d606a51766b
8460dd1f716fae997b5451d069cbcb92
02abf39de1b8771780216778d35b3889
6a4729cc8ea9b4ec27968b86f5335ab0
61005c8d558fba0555b8496d3ed2ab02
223e80f581722b4d001153d77052184f
f42c811a9e81e330b8dd23479fc2cf03
aa5e36fa3a1ac0317a65cd1ad5ce429a
9ca6e6448e858d8c98f3966b53d32799
a607e3bdac13497d212b1d3582aee089
596b1468048f26c1503ba8760c6a267a
7d4de4368cc07ec991ca21effa3f627c
efb5af5ba39cef3dfe78e558ff1cadf9
676fc41ee019fd575f4558b8234ca776
de398a1106894b4ae1606cb1a6601a9f
e43fac9b83b5967622e6f85fa4e894d6
218368ff96f3fdf75bf6c2cf71791cc7
d2eff6017bd14ea027f3a0bc6a41cef9
af3d1eea513a83329538a3cee5b11c8f
8e78ba64f6b5ede61ea8c44a5ad970a3
2c5bb466f33b3f4c40de3510f569ee57
8ec28c1370209063d161151cbc0df07b
dacd13cc72e03ccc7c6937cb1181c27b
fa7689b68a4c23da3a3ba4819e103b91
5343d964ed2db2c56c2ae240d99997c5
2098f306027879f785b6322ac5b99aa8
80b15c4a1e58d75bfd4e7a01fded8d67
9242502f1e85343d86f01183f52214a0
d8ba223b1b06526368cf1cad42f06082
dd0eb5eb1b721130e21ac7ec0e31b0f3
420051ec070b390a2713e6b69c8a96c5
b3e60abacf5918fba29961b1d59188a8
ad19c5dc09b5d62eb6a44b0bca0d2cf2
a26309b2d04eae74ef7756f42e0c984e
fad9af8e9883baa5e2587da29c458838
72749600c9a337083d1c33acaeee6583
2f4e9631dddd24cb96763403b8e100d8
158e0a55388be8f106a75d0d044161db
61bb6085cfb425395aa54d8c94dc611f
f8fbe6b45c2524674d83fd61fb06961c
2933c77680dbca75650156bd01e54b97
97e6ca3e8b0773b9a960b6894acae194
2fe1bbca40a90938e2d1d3743c75332a
a31a5dbb35691ba22831ccbf2549e6c9
db891abdd6f3cba45bbc0c27f9b22a91
8570a817f9e5fb76a9c6ce62ea600d83
1311bbde2f76fa2ca0026a0fa0e19061
d13180ac944e22c7def1dfd221f4af1c
a999934c2c58713a9bea536ec87856b7
e204b5d989fc566a19f22dcdcefec45c
ad572401c5044e2f4890074d36444fbb
3b103f7aeb3a0cb82e3e9aef780f5ad5
5950a534a2098615f5ab62c670800e44
92ce55b38ef464f67d578b4ee627c594
5c3b46ee822ed57f0c04d214bab75b7e
d8a6133bee1b8ea8eda20e47c66cb8bc
aee53b8b6688700f152b57baa7a62812
b400096999c2173ba45a49febe35d2d1
2da5f15c06a74405407da3b854cfee54
316fc54b999c05a58eb8370182edce62
b8840de29dd7f8fd6a98251724ee7725
c13a95d489067b7422d06deffb969686
4e41e81e312fb7c00d8a576061c61554
37c89222bede63fc5f2e2d3acfca39aa
8f238eb67baf4d84a8a845745e2ee744
49110cd7be26caa97e8a76186da680db
4d544cd47bea04e4c2ca9d5bb4bfa4cd
3da8f00223400ef68ff44f4ad50fabf4
f4151ee000fb67b33dff639970404608
1fdd75b5fe95a481761885d1f1991f34
55702de1429d4eb81188a28e72cb30e8
5aa51c864732547e297f069c08003a0a
f8d9c99b1d10e9cf231ef7394da4f281
83fc0547afba1f7b979db0a201ed6ff7
3e31aa937d55cabd3809ce6a2d785bb4
b7062f470b80dfb361a384f05cf4397c
919820ac433de30969aa71cfba76a0fb
5eb51d30f4f975e12687e39e7a7ea61f
82fc491cb1263c1956ae4303d4c00056
911539b073a1aee836a8dae393ae53b5
adc927ace5c059e71b035f01aa9be622
216af70418b778c15098de7b7388f9b2
aa2353400180d6dc49a612e73dd046c9
4d043dc0ce74f6ebf37f1af5c6dfaffb
cff3eae962eb87dc32fbe263ecd02aa3
f8a3b23e1b1c0ed575c82343189b205b
40c5a541124fd91efd26400d435bf089
f33d713c5edec9289b633861499dc7e4
df9f990d6b60a74a0882b91d15900456
70f2a07b79550560f67f254a53b1fc4f
189747e11a6974edcdd88a1271a41240
a7cc88456f281b2e6f8e0f4c90ecc988
edf5320c071e1d1194db55d7cbd52d11
8134911e26375419d7fd2cacdb342935
db50630b7179b6a236e14d997368ba4c
bba054406f81f3b32a79e97ec98df452
b25495f7113eff50994f8e14f2c593a5
24e75eaa266aadcf2730cc0100c5c3e0
3800407e9d01c4234250269a2bb8d482
9e7fa8bf9202b2d0078e1675a8716f1e
1bf54a0487cd494aa979baaa8cc1a1bd
0421bfaa85508800c9f7747188c95fc4
64c2c3c33363e3c2d67d663b28216c94
e2becb042a9763c72caf91ee9bab9063
f6df03a6c40738cdac5b813b36e31f1c
f579f1e5b952d4f03adbd95661237804
5aa00843b614bb71f07af5aacb05b9fe
ca2772b1486c6c685e4f0433fb435901
bdf718fd0446e56254c809d6c919c310
60af1df6ba630b4d11a283339dea9e6c
3433769056c401266475a0f706495734
9142147a61dab63ca008c7240fb4fdac
26cd4dc8be87e3d93ddf57830b94f9f3
807229d96106a5c2fb26b187c643f8f7
b19ea87ed88f56825aaf9518e410cf22
4cf72c30490caafb6787c3a5e8e749b0
abd5e2ab2793f6115ea6852710fe2ee1
1e04af79fe53b24ecf12f0f5c2936ef0
56cb59771a05de961277168562391889
5885da7829d38a5cdc96db076a9defd2
42d7c3bd4cb67352ddc296eea8d8d160
a267abe2e1be639efd10f1cbcc5d1be1
696704a8d2ef1931ce4abe596f52cd1b
880e841d5f8857067eddf1a7487489f9
6af4917589228521661000c8e7c1c7d8
a719d0d1aa4dc4afe7c5448fc8b45a48
cdd960ab48a7393bd7b9c644172461a5
f2611b63b81f66420ea28d56eccb180c
0e8a1b8abd0a0dea241f3b93b62f107f
75e8efed81076be1c6ee4d406038d6a3
db0a99abadac6fb5e782af6c91b46f50
a4a58bf71f5935aecf549dcd945a2971
6700ccf8f2c4d704de17cbc3c24bf129
c03ead53b48baf04a730ae73f8d4bb7e
6b5bb261d629b0fe9143820184c66868
cf5acf7af2cb4818741707dea092c9ce
06eea0942ba5598f0068402c57276d6a
970054e1db7b9d56842c62b163293038
6c1658cc7d35c141f78cecd203d48be2
2f00cc43bf3d7e5fda995302a4573dc2
ca828adcc5b060b714f1f3b1a2902072
fa3637c30bcbb21d685c09b801328730
f8befe4d569fd848107e9da18cdb25ec
1d3886b0ecdcc5baff724464eaf5c98d
75c97b951eeb93647f2a40153d15cc2f
1f57842531d33b01accb36767c2787d9
a77db3b8a0a9895ea0b510e34285adda
3903e46cb1c4f6f6b9d6e2238449ea88
e4369559be82f693e9de8bad3fbcf5f6
a5ed4d6a5b8a9b4ad788e24c837dc57f
bd7490dc31debb10624c03e209ee7d57
037e3737a21c3a9584830cf1b838e50a
2b2d002d3edd619b5e12801cbecd03d5
c136ac663a589ac77b173ffd4361b10a
bb896ea227cf6e5ff6b382799d27d454
b8c0c5cc450aad5d04b514f343a4e6d8
c3dad4f7a19542b540f0cdee85be1e63
d90f602fe9f487f449fb5bd2b32c9e29
9a3626be15091513c426cacf2c8e684d
328f0923dcd5003ac4eff75729993186
e00f751f9f022a965af565de3b7a54cc
1e1344ef5496774716820096f1239804
d9b6684b76ccdd75f892569429083d32
5ed361c41e2eb271ea598e2f71de0928
0178319384d2cff342e931bc8609577e
9ab7c7c9f00138c34ee3036096aa2d88
389afa3841f901fb65a354b11380fd58
8dbf07ce3d5d8b650333d86ba1ae084e
d19d55a6c1a1f42cf01ade0cd9bb0212
670df0cecbcc8cb3b1c302508005c6b9
7eff91d779166cd0b33b77ef73b70d89
07d5bee05b789e5882c12847e4563c6f
808038cb3540fa8457d56b2d695c38b4
fc5fba5ada05a150833caa9f9553733d
978cfa80c00247156ad42197e0cca2e7
f8d95a17eea4c3a85cffca4b9e37aac5
351c9d3d85e932d6831bc1e9d13d0ca8
6f3844f7f9b765834522f075d86f0ddc
14708db694e7178a5678147e69a00282
7f09c42dc0a9129453bd94e2c5577d7b
cf9a34484469caa26f231fb42d62f195
c3738badc542a414badf44ec0327f4b1
fa984d73f60a8342a51feec42d6efde4
4ca7f279af2b1c22081722d3965fbc37
92acbb86f6ef0c4bd522fd1b997cca53
640f7b7757c54ed51278f344ac67ac20
1b638c712fffe86fe9dde675433f69d5
98cf1bbbad70013883e4a1f164d7b954
d99c618d84e0e4739629b06ddc542cd8
740eeceed1737e1b782d808d09f40071
6e9fb3462ae38abbf7788c1a144bb3cb
2f50aac0f6deccf861ebd3661df511f3
bdae9963d1c483e41f7492717669e7c0
c40ba228812511df9f3881c7b059436c
346afd2e0b86b162d038fdee527419eb
ef1c72b8983b845ba55d166810b286de
6005b1b81f0663a48a659720ec4579bf
d02e04861d69e35057cbbdf63733fb74
9e3da8e450d835df625da94c200cb737
19bc71779aaf17ef9bd233a911232627
a0ee9fe0ee52ca0cf7521d11063e7ca7
7469cfd7cbeac5673255cdb97b6f4bfd
7376f6583a60658b7d7424ef3397cad8
2f2af1c827fa90f9be68da1e944d88bb
85a45e31ae4926c0ac73887b0a8e6c7a
8841f0b4c2981cc451726b7600b51f12
2405e2e83e606628be4b4ccf8cf6b57d
6bb483cb8dd43a8295d72ce1c650d67b
f1c359e995388702e771eec00c8451a8
d0929374fdf9fb47ccba7eb87c9a8374
60414954a280dfac1dc0d4de1bfd1f4a
954f8e6a8267ddadc82071bd45aa10f4
61ddb42e41bdcd346c954442ce3b52c7
5fd1a1badc6b91eb20b45e75c35f7481
5dca6338a20bac629accb34f6beebbe8
a584d4765661d2d01afa7a4b07980a16
8e7494e38518fe3d355437910f95dad1
e5bfe87d20abf058f27f74d54feb2f31
dfc3c74cec1fdde1e701afb7becbe304
80437e41b3265337a6e0c9180adfadd7
a95077413c66cbdf1e0861be9bae3310
c4c1e59e5283352b7a78fcf615c4d861
e493a3848b2b83fa3c209b134442967a
bd2c4cf5a33e9ac719deaf03c1477160
be5367310e91956f4c4e044d0d221252
bd3140ac70edb0537f58165255b65faf
6677cc6adfb5427ee745fffb85c253c8
8cf4e6d5efb2a62ee0eaf680eaa54cb6
77e0c0d9fa8218bde0ae70b124db7c8c
32a5e10096e2f15a4373720a93c9a05d
7e3f54f977c521726ffcbcdc1eb62390
178f87c36e9d0a30ec392251e04fb893
1b0a0304c3b7fadc32f6cc4600ee99b6
ef321cef226cb28117bb7ee51f8c1ce0
85c76fddb8a8cd314505c1e85d3e5c92
1751de8e605c9f73ead4b05f211b4a1d
1929fb04c5687c564e84662c49abe085
dacea26712670a2b38738b78b35f4def
b49efdcb79a88f59fba24fbfb5407eb8
111ded0025a7aae77b6f24a0e1e1dc3f
e7b67821549855f0c3926f4f561ba872
69b75ad15535a140a3a80de76275ec06
a53cc3ea03e30f922452274bc393439b
e1261e9a3f6b1709c4d7af80a1765cc4
cf92119a5486f3866b4a94a8d8a17b61
4470eae80e04820e74837f0b9b05ad05
86b18c6fe1d945e9148399ac81758929
729decbe7844ee3a84818b549147b818
8b4ebfdc68c6cef23dff204f353ad981
0b9aa8f4aeefa527c52db265b4e4a717
0415e090aba04a41fddc329511b937c8
fe45d6654f292f260a249ab900973803
db7b68feea68b123f7b269555926879d
dcd40698f66a871086a61377f205b52d
7d8c3cf40e0e7b31b2c19f49181a800e
13963c3881198d9521f54481c0232d81
0452cd1ed0ba5a65530e2103f5e49071
1ff50d8d918bf3d7d60b781d9882e5cb
2c00c57b2b8876a742e20a52769187f1
cd61bba62884a4f9c252adfa20fa0fbb
6d86f00c4d5b841620fdfc85655ddd2b
7bb5b8f734669bc717627cdd36a22b04
8f09b00c358f2974e79c942770641001
957f3d8e4b66350dcfb155170f771f12
290d79837e2f936f858895d85597ea5d
376a7092c39ce7335d4a6b5aa2e9beb8
779ffbc9e1cbcfee6a52c32128b958b8
42cb3172170793be448ff3437346a6c9
860ec4dad21b65a23c64b440fe06055b
35d47d660bcf6c11d24233dea3d04f52
cc34ebfba872885d3bcd16046a6c583b
01c0fbf6dc544fe7bbf6f1e32ef0887c
618dbf7465528a14e966a5f55406a330
620d4529f5fdfbec1c9077356ec0ea51
6d354fceb3249b0512fc1bdc9b566f35
89eec2a116e5ca6615e8c4b647a0eea9
92891a8b8470295a1139b91555106c17
3f40c795bdc0255d33ee21a5d2507a18
72faf7b88d209ae21486ba2777996775
ead6ca8b42c11f9f52b2bbf87c7903ee
1712ed244bc7f0eb6c1862365bd3daac
8e44e9a8c4870201dd81dcc1cca23d67
a5ef90696da139e59624284282f666a8
f7f02f29814a4038f7b0165ad9d2a6d7
6e436b05435eea19bb95a8a517fac78a
8de49c884d8e1f754594795c37f74642
b429ec8bc5f0094c25830779fda37cba
297b5096d4cb5ab53e9928a87ee7501f
fce4da7cd171ce9bc733a0b8ff1edaa9
1bf7bcd7e5cc4af68ab722403c256f3e
d0010d8633eb5658eb46005cb6899f55
9f3929147ee6ddd746a75a9791acb043
dca0654b82018b53c6cf2faee65b4ae6
82141f03fdd32ae5a84843b40da1da25
6b5d3fdb99c213fa00aa4d0748047b6e
e0ca415230ef65104b63095f9a937676
125718b445ecaa99131b8190ebb76a32
b814db0529513adf7f48ee13b51482d4
1e65f6545809fc13438c7817daeb9a7a
c9c8d7d887ab6ed545014c076f7cd1d3
48109c4c68e389c620db298cebb81b93
6ef6528b41f1102fa54c44293fdc3b83
2b4fcc7039bdfb5c75aeb5aedba9559d
1c95a769021b6f4116a19138ad2e6d2e
118405a93dc0ba8bcc24a9026567f97b
120471a7dc5c1551c6ac2ac02cd63c02
e9b2290259ed6dd1dc2d3033d905b4a8
f6d5d8f9014b6f3a673afdbe60c2c038
215fc21183ef34f4cd0e79b7fb260206
18e55701b533d05730c9bf0b1c55dad4
bafe900f82078a3485c2bba3ec6b1b98
263374277a1a9f9e1f7d7e616b4035d4
5227e55d6c7acbe31528680483c9f517
ed1f13466fe806930abe946e76c7a48b
8eef05968713be7c6ab7cdd9335bc5f8
b02ecc185fe382e70f83475f30ec24ae
c555a76102d14cc2e3b3f5583c7bc6f7
afd5df80c2269852f72984be42d2d4d6
d1f969153ef87ed861aa6f1396abbc6e
68c7bf1e30b2fa50dbeb4fcd4a91b646
be7b4018fccfdc512d8ed11d20fd883a
2f8fc9c91f1d084cad95904f6fa963ea
17e451229a67c983346c2dfc791840f9
65f2c70228fb75e417e5c0eed7192842
f0991b76beaf3e51544f9ab86a7eefc6
74ab302438727f15dd2a3fa6357df4ec
19d4d79167801274fb4dd703fefba786
d3b574123300fd9a3e90032e2064a0f8
af29030d302bed10d1f1f49d08fa6d49
564ef0d582f3f378bcdf79feade697d4
698bf42a29649495d40ff542175bedb3
1412830d0693d5a03104dcf18e0fe4a8
77047424a98095e60acd6ea69fc05345
263c0374e8381474bee449101e9bc1b1
c52abc0c870e7e5246ab73ec6d3fba1d
f997ee4379bda279c4b531151e075819
9c762dc458cca962f2ead3424479ff99
282df4de78e3df5930edc36153d3faec
9804a7eefbeda67d52abf31420d0e0f6
035fb9f2d8229fdf22b01d8daf7fc8ed
ffe9ae69af6d75c202c7ecefc522199e
257da8cf6e618c317aa3cb9cd3f97967
1a1f73f89ed5960dc73e98f70042047e
b08bdc0af3a2ac19a5d6c90a010a2c8c
68b67ec012e847305700197b8c314815
5470cb7029f8e07492c96aace8c133a8
cbbb19b5318d56c077095a61df18ff7e
d24146b46d5a48af6bfdaa2c0b5d7327
ad66f126158a79737cd2fe2f5622dc37
2bfdda394400fd60d5bc8a2ceeeb48d5
325b49cf90e737cbb2b249747a45fcf1
8d0c26f5bc2c96b16310ecf884623bc7
204e1a50bb54e57c6145d692ae05b262
476cd68b9167c6e808ac8ca7e908982b
3de9d8c8441ce36bba5d9f11bc100fff
21215d00e96a77aaeb1c6ff1594dc3ee
b49c43eebb3f33681bcdd800e8ace4b9
a006932fe26a64463af214df0ea6008f
b4f23da574cfe6fa1cd45ca184fefa71
dd0c905c432a250c164f6c5f49d2a2dd
b99dc10dcc31a862f915a1585276e4d7
dd314da09eb94890d66da348f6107899
6a716c1352d7ac11d57a569f334925a2
7f37b178b417797384f2d1c45dd24409
9e022b167b03a7f56f77d1872edbfac7
ddaf84c528c7762f11ba8f54f5e3df51
04a63ad8bfc9ef0bff8c8d0fe40c6806
3f573692c1093a3c754f26f94122e9c1
b26e80f6798a7511314e9b662ceccea0
42236527569a75c5a27f40695f92033d
61371928632765c52b0251bbf2f684c2
e95b6b8fd4b5fc71837038911572c047
e3b6d2ebdba7ffbfaaacc25e7846691e
0b9bc2b570ea60af4a1818eef8cf2395
046b15d4a99be9298e4b79da9ab266b5
5cb345161d1c5009b3e06c2d2ff40398
f7ef98502d6f1ec5e3f803051140d4da
fa757b1a38f4fdda1ddfba77f3962eeb
45d7575b891da2d083a4e2398b4e88fd
5165c067c96c2b788e2725fc8ba67ead
da17103afa64479ec5663dcf9a586951
44effa5e95ff28cd327fa5a7bfc3b090
6822a6e8da415d4f44e3f5c77edb3cc0
7e76c2b53904599f6fabca51afe783eb
f2c528dbf0400ea671ca81eee822d1ba
56c95b81a97d98a2dab2cc37e609efb9
8c64cf7bc16d8dd7a9180a4a31ab10ad
a9d4c6f34631631371910513a930c3f4
7f6325b86ae1756cf3eb9089bf9b3a18
ee6c326513d85f7e9926bde4a48fef2f
d49f6fad1e27c2042e51b089c871f93c
a3559c10b2089af96a70341b3334a53e
952dbe8ab3a93365a24b409511d57764
72d8c22c9c2de8764ba2c2b1e6bb7bad
136eac3003f9af6cc55e1b171864e65a
7012deb90ffba7949994be7da93c20eb
7b450b81349d2ccc1d8e81b45e838156
59aa00f239df450c0017efa690114719
f9a07a279fd5097bd8f69cb269ac1adf
c3d68313f37a0904a444619f8cd1a1a4
b9cc4caed4f6ecfc95dc77449a8a4dbd
15d150114395658bd4ba97f4f7df8f20
ab4ab913a3ece629dc48ca92870dde5d
4b73a999f5998a2b17006bb240ed6e4e
d4825caa77bf40a2a6461769c2be327e
4df339c2483857e49d8fa7377d1a4ed8
66e34b787736b184d6d63497de203322
d102c34d2a65b84bf9440fb4e8fe0c5c
8b633821181d51f320851d5ad7973a68
a914655e8621304d150c80b486a734a6
f10e8cba6fbe02dac8a1e9f31c9b3ca6
13e3b930c54907d01989de3b131813a2
6b24cabc670d6cca462ed6ca04ede30a
f495967dcac4a367d0bc9c9ae43b9873
17485ecf7a6295ccaee15724f0f03966
96832a9852a9482ff9a731b2653dd355
457cbefe6f1644fad24f5acb87383113
2427f6488ba4075c6ad22ab38caef656
911b6d8f89ec46756b4e391bd2a647d4
a95e192a3c644ba60d832aaf61c02b7a
90083549826457c3f935d491d4d91383
c9b89350fae97a5f5045fc59dcc66caa
5476c1ad9d3f9584f48b92d95cccd80c
f33020953e36ab99597890b91e7b195f
22ba11366aa04b2c7b42fcd12b621c1c
6dc0fe1453b639e663e5e0f65242b86f
b932f76489db0fc140dbce9fe98bada7
5b77565e4d42fb8786b1056dfe2e11e1
f663aed3ba5393ac5a7025bec514214b
94e241f1defc58323e5de9675151a3c6
05884b34b9feb34c10ba099acb57fc48
5cc4bafd580229d5597ed3ef51af0182
5b5d1dfda78851f1fcb625ee12997ed8
7c7d7118273e0342cd4e4701590852a2
dc10004716e8dbc77e92b2b54070fbb6
4cbcb2d2d7acac3a634da1343dcedb23
9d880a19de3692f99aaf72df95f7f667
6b229d7e2ac14be492bcdb59ffd02de8
774ec911986c67aa380e70c227a30289
8388e2172f2e315655169da53914b45b
8096e28570954f6b241e9a7e2c29ad95
5299136bf24df747ec7bc055bf86ec7d
72e105b11bd324a4c98db639f0fbd754
49bcecfc1710033b54e3853ac12f9b67
2b90571abb48c11845430e422d2086af
a82ca356661e18b58c2b0ca987a6dc77
49d97faf773b3ddbb16241239e057f99
39777c79dc42aac5f0ec67966302a4ad
0b747354a69c35e5c2abb32ac890f296
cf9e949e5142cab9e7754c76e94f23d6
9490c3147562e1dcc9670e5e10acc5ab
6dbd237ed27eef48c13cbb75a32e4f0c
0a98e810aa00f6f0266f78dcfa44d9a7
438a90563adb9ce1e6ffb0ad12d70571
42361d9f648d0437eb6055ce0339c400
7d62e8258c03f8015df6eee6952467ec
5e4567d9553218706167bedaf1f1ae82
2e0de94ea9be6ea45637f22a65da7a0d
ced33aad40e09202bc3dabe5f51ca7fa
89ee6d1c41e13d34db10fa8d1f2f1109
3e1f2d3f3f08743fbd99c5246ee4f5a0
5a2a6cddc44a18af6eb122a7c22a5d3c
99524f30685105d5bb1fd39a06686046
836b9d755be01fdea5a4f074b407fb15
23cfc2a66fec2966373349bcaa0109e9
d4682b52cefbd64e59fc03cbee8a1fc8
1be8a9db0bc08e97fe5ea46dfea16e7c
0056876a207341ba67e5f3c824695653
a5e2321a8f61553ee78011bfe3c9d8c2
d651bbe22d2aa9eec7b25cfc86e5f567
c98dbee1a085c8879a490a30249ef96c
5cc666796640d536675011b2dc9099db
f7161e92cc67e630fa17d442109ff844
4da6d84a3b9489fc06f2305209a135f5
a02c2d494be62b9a7c2cd3654a6f54ef
1ba00be8e15a914bd4117f45efbe1fc2
186a3fc707e5eeaa25dc7eae533ea503
3dd200bfa1bacef36c6cf727e8ed7fb8
d0b262881f9ffec7b88d9b5148787830
30a57791fd0d75220b8d9fefd4f67405
dbc6b633225640ff1ff046dda2face2c
937616b30e48548ea7379743d8ee8a13
04ff8ca2856de5f3b1020522e113deed
e7bf4a696cb458b2b70dd39be582c2b3
9b4b30c413e7d7f863e41bfecfc04831
4676b44eff065566ce55b3cfd2210058
ebcef357d0ccd829a50ff9ab12dedb54
7101c6362039f5d290fc0e5a1e9eda61
477f23ae4fcd2e0a1db2263c2c6f97c2
71836e446e47d3cc89a63d98ae07098a
e9827bf15d91202344fa095e9843b242
0bab1514d10a022019475f837042b4ca
9b124c37f81ce8d0ed229320c7750975
50db8777e65c5b34dd5add28541f2e02
77e61f847dcc83837202b168ff9dd3e0
c6f1193f9c04238612f9554d18b54e39
1326833198c236c7115ecf2ca8ce7a9b
61525de46c01b56aa42296386077ccfd
4d6bd7e219d1408ff5a17dd4b6c464b8
8c5d798228f5fe3c211444be70a847eb
e0ac2c0e1c0d7c336e6f8f291876f833
3e2b798ad8cc2904064e9e802b921acb
ca2e198fb6a15ef685ee1be60d7bb622
ddca26b089e6dcbe351bdc18d39cff17
b7bf82987c05bef9266fff5dffd84340
7a0145e2f475799a6071ee964f85b3f9
83612d7abfe4d1be5b7257c1a8d3aa94
40262e8a213cade449219e451977ec51
6001165a01f50b2e9accfc63de1988e4
051872b733f2bc9b9ca53d2476caa72d
a5f44777f6d5c77744705df4d06c7fff
d409ffad25b34193fa854099b13fce6a
3ff85d8d09e1731f5c37a9e776b505fa
95e7352088fa1c5efdbb7da059f16a94
289a5c42a0472f2c9166b4cfb2fb956d
39846afd3341b1047dcf88cc7e02d5d9
49cb930b274169897b0dc81f1dc4a3fc
3bb386fb6bb22bb0b72a32d6554bd13d
5015908b5f79967586c360ea11987b63
a5babd9b4bff599d533201ddeac780ca
606ec39fb7e73cccb4da720394ef4006
8ffd8eeca1310eafb9fb714c113851d2
f470db31e6a6a093b424e2e9dab102a6
39aa7c082820a55069872d4922bb2b0b
56ce1ee4be904b6201c1f7871b94ada1
ca270ac4174ca06d51212d75e2203aae
eec031633a583a62dd7c15c4326c18ca
a20cf03acd3b1512c5dc39e1488477a0
775fec86e2fb04d069bd18247faeccda
a6671eb60cf513524088f8bb2edcba9f
cebed922906165595ddfcf8495d4dad8
4179d373027a658a17a4e828e6eee34d
c06dfac2a51eb18824d331e7b5a05e85
fecf82cf1ca5f719fdf438e8fe99d89d
fb024761e975fc8e6dad1011f89ebc58
76c6cd86aada6d7a63d4b2284d477078
81812d0b7090b0f4fda9a9ce497b318f
9535c5fee8f2c08580cedbde4fff7589
7258066f8f84c830710c9f7653879381
1885bf938b11a7ec43473a4829f69822
1f3709d0fb62aafc0e2bb1fc075c5b12
d10e5c9681fc5c7c45ecf244bd981d9b
097e9084f87c83fcce8e032858b45f99
2c47b8b208eb853eaf618c7312c8b15f
8766a4323a1868174aa7a5e77bdc1d97
5e9dea20348f50cb67d6fd10add4c8f0
743efe4eb3bbbc7b2844ad734e40ce96
0478939dd1f2ffbf9e103e4eddc15642
c6a24aeb6f6eee892278f87b877839ee
3de1ef7db3cb565dbb6cb384f73bc2e9
80faeb05798b9322d175555a1411d6f0
8c965b82490f4ddb2b2502bed4fad9a3
dc2a94da8932a00959ff7a41ad7dc1ff
b610bf7d6b6356bee16130ee08e06352
25fc21be48ae472ce48a4be24d7be3ed
af46cd95d531210d0cb463b4c355bc30
e0b1c6558b9a344a4364b1bf9282dbfa
684b73f212755f4b66c4c1572b706bcf
8e2d14d17e3480b0f45d0cbfb94a5d5c
c9c91dec92ab411cc32696a91e529dd2
a83f9d5f87cbe1923076343687c64789
b28285732860604f4a81c1ee527efffc
285644ac9ffc9b3a2b66232d9d3ff0c7
0ebeb6a517041f55768779944015c2bb
f2b1fc046556cf1452bb68c81b1a65a6
1c1b5a3a281d4519084848baa2198c10
0463cba6313b76dcd151d537fcb23e0b
e2a3872a4adacdd9645b3f35bf31f86f
3804be5c1970c30e915263bfed81dec3
d3492f7e882a9633898a26d3db1a8f7e
d60983bbdf0ee048e57c53728342754f
02926a0ac09e39c90d72b31bdad61ea7
3fb531b4099970eb6efbb0b78835d347
d2db526f4b10d63a87799e36a7ea2326
71888d1c14cfe0b292c5825587ba3d9d
887a277d0084fe95fe00c11d8ef4c750
504801396a67f85b51852cce6461ec85
4d8dd650e82e969c0fb6550736951f54
885d875586e383a8c900bafa2c4726fb
ea772aa7279e36d0e3722a46fa559b9e
f79c0689924d392b289d8b55fa46474f
e7a0327d7d2e8fdcfcb83715bf74de94
8748dd034a61976c7fdde724dc04848b
e74719a059740f65a30b573a67235676
025396dd45734994a30d5d9afd9e6e1d
c7ce1af6a14e18e6c6e8dcd7c0bfdf25
0113eb32619543df7749b00d63756e90
c11c9028bede48e58ce08dcfd8b55d84
8270cc5305b186c0f4484354680c9233
03a735de29a093923a39dc5d8bb58f3f
64aa25f5679d82271486c3747c5b95a0
74b435c3685d45aad44e3a8598ccd9a1
465408a53690ab7a2770a31e5a80ebef
7d5a7e45a423d001c033d090000e80f8
05cd8edb1112343a7819a2cd25f2f867
2553b1eb685de537ee096f0bfa72fd3c
94ec274f7b7651341800be477caf3818
e4b974f6982b11b49e577e97746b3d3e
8987364a26ac4a3a7e93cda62b3ed800
c0025bdf5dc2ff936bbcb14ad01ea8bb
afc2e3229d274ebcdc9756818559ee3f
c41ad00daf5d0dd0e233b45555060e90
99560a08cdaa1dc79f7abd22b92cbd4b
6726a3cc861865c78aab234cbac1deac
451c8c98f9b173cdbecbba11c6526f53
f94c5cf03cf67f106f488cc11d5452dc
b325b5583fadf0d8af2e823eb3e83c17
2337edc8a3d69cac131d9d720aeab2a3
2387df2a6c3d4240722fbe45318cf24e
75dbaad4adf807a5b472daf64b6bed1b
678c5b3961e1b84c3efaa482950d5d65
d845b5e8967fd50903a9b22fafb31a99
5b51539d80b1a0c273b258b8035cfcff
914e2a8e9c2b792b10776101864a0ce0
8d3f08254980b4e5778a175355f3fe99
15735986defecf88ede4ddaf4ea5b487
e959f50b99fb0937c916d65349b524ca
88e349514c0acf6c183a15c61f4a8051
36c68a5a4be962c98bac62cb6bb2bf5a
95284384102eb2a24661703d090f3ffd
a6eda200b64784d2d2476d282eaffc52
e9f3b170fb853ce065e3abe71aff0810
46138eea23a9b62a4f1f3371bd1883bb
b9c91601661a993c5a2d926fba393590
68fc385029fbd9f456ffb3db71b357fd
99235d82dabe7bf7c8d8678af19e52b3
dba7ccbb2f7ccd57a8633223a42ff6c8
199802bfec70f3ae7c6de5659896b75c
ce7078d82b76639d5d9ee4bb8c73a0d3
455cef2b349878ce14415b8a1ab10b18
1bf16c1d6c1f007b4f13f52bbf3eece2
2a660474302e8a163e8849f96192a8a3
dcc6f4d9c85f9f7145e9ebfc95ee9453
5b1f28dd6e9d4c02268c1333688eaafe
2244f792a7b7b878219750b2e71e36b9
1bdb02234b31728ceb68cf728ea3a411
ce1260b49fdf2a9ea926b6fc0bdc5d9c
abac0a3c9c17a6c2e84894e758da9574
e7a3ca6b5f3b31dd9033667878ce7897
d92bdbb0d2002f8bf83b1a0260ec1285
55ea75b837866a864261870e0e908594
97cd85b2011a2c02bd2ef686338d8806
a4eec763075d857a94330faaa6d5b241
bb4ab198c12d1f9390c041fb739f8d94
5f4b3542e61868cd8f9d38fec1ab4594
dc0c324b4b981ab805947be286820305
5a98aa3f10c0b642a03b42c94a93792e
2db05f5025f2dfcf27783b0b57414387
a426893b387751d2eab7374046c046b4
9f23e17ee78734c7c1e2036509e01949
e9ce5877651cb2b1e278ed83b8dae264
d3fe7366bcc17038392a31135182538c
fdd60c02a3b20b10c791d3d53662fda1
cbee4f96dee8f1073b5f8386a4edd0f2
b6521a5ce9a50441525e2f88318c69c6
fa08ec2d855f1b468db50ac32d0055c3
67dc988668396fa8bce36d1da3c3adb7
1a217318625001548327e0cb89c47603
412d1888e65fe3debacaafb5bf25667d
0ba25472531f824c133038909b3ed384
ba7944f18d39b4cffc43171d50966a40
bb9006296063e5d10817cc5672ef864d
73e1a897ff4717c8991c94201a24aa43
02fc3753cf7f6b8dd67ec5f84e2186a4
92970566af2ebdbf800e452d5a4e1e36
6751c85196051bcc6b59175b771c52f0
bab17093ad87f5dd2bcf9c36ad1ffb2a
cb9195283ca60d36cb5fd72a667e9f9a
23df7bea4f324639a2181726b6adcc94
934dd4643e7e7fba98f2e846f6c0cf6a
7892429a6827cd93e5df233d63390f03
06c1aefb459baa0607b5b1f788887a7c
09bdc3f7d1352e9f63e4c819cd4ed441
ab3c252a9e03536741afcc3fca7413e9
8dbea209afe79f55981f4cd85735569b
46308f36a19f28627820c18bccaac6b1
8a9f5cfbbad3c998c586524a8dd858ed
ec9d70e9ece09012beb0c81c053f2176
342df7aae14701c9c1415719299a51bc
7ae02ebd2b27e1edc14b571d4c62329d
9fa0b8bd26069c70198360616bd39268
8eda4b9c7806faa0f623e4ecc401fb72
344587d18492646be1a786a78a58edd2
522656ac96d858a10dc0c347ac3349b9
dbd1384e78a52ae23ff6b331379896de
611648a2e4ccdee57382fc29d93f5c7f
aeda419030cb49e4bf7f7f449136f908
10e0399ef164beac0b7ad49d522144d0
f09e682f27d77cf3aa2cbe7a198a6cf8
62589c094751ae4b10d2d0aba94c6784
212eaaaaa481f54cc9742402bc20638a
4eb7aebd31145349b28831abf39c1315
d1b742c2b47cbb52fea67d4a62b9fc0d
af7451f00eb98ce4fb5b7e2f52016f0e
2a80fd45705409657d6df168121bf62d
ce7ddf09e6aeeeafc42e15bb463bfb4c
0a108ba1cb31793e4d1ccb6f95207a71
e223ae89935af51e5800f71dc58d974e
0fe15c8d278b4e7f1c5874a986ac3866
7ce16773d3a60fc643728e2861765d08
a28b271a2c9be491470129311149196b
8a80f979e7de59549fb501c71043eed6
64fcfd63613ed556b66e4f91bf40a290
65b0164554490f0b34428eabd9c511d1
50a5d5d2b3fe70c6effbd3056fee7f85
32207a956390af05a17cd6cd873159cd
03f4ec6321fdf3b8789ebfefaa16af19
fb9a78f05177edf181e5ea7fadfb13d4
5c1ffb0c3be4d418f089de4082d0ea2d
5ffc1b8da73084c083e5649ac4a8413d
3bc3cfeb687f84d467d25d1229229e02
12975b7c8ac53101009bc66bb361e157
d0e80cd3c4f83dd901e54a4831f3e87b
2ade6cd6a2ce80e49218b20a2c4d6cdb
2fabd910eb024aa8725412da89da6427
d3a2614e031413857a1ee9c5b4a7696b
77fd13e8bbdd3a3f5092d5cc95690523
21cb91b57c72b5f09ac78f02c4f9888e
9b17bb1c23fe0716abb9acb9382bcb82
f0c5495a3282bec29a691d9a1d748bc1
f646b74e083ba8a9c153e4dab908489b
b1cce76d600e72a2c722d1fa6bd77f44
131a01c4adc072306846269bac90cd06
c26817a537c1ca49d345f98b11101644
3314866e096d925b67ef4f04804c20f4
95350ef6df7a89d60850fd8c863cad42
2e4d35ee92a590b172edda76afeb12dc
5f9540ee728f7fdc5fffd7ec6f9fb070
cd60dc249b45ba92a306ea90892a1f34
f3c21c0f5f914c449a2a3063a1fb661e
1c9b20aa18dea49435daca34937b22a0
48121a49a1d22dde816f179b2f4e5aaa
793afa671160f5e64b526bb081d631d5
5732d35b24607b3435f61177f53f09af
16c1204dacd54c1d5e46efd93a98c770
6c50f9aca5d09392a223b0121f1439b8
218a3964058ef0002029bda83db30814
9b9c4ebcadc022f51170268a9d5fbbd4
2b15f7fef91c7bce80fab902acca048b
165f09377e4669a2ef5f23b3970f0f24
580a7c20bf87170d53a296dee410cd97
ed581d1cc5ca55daae1d298986a4d91f
85c9034ae3fbad55ff0908e37e6d965a
e51a10c673fa89001cbcd1a1e2c7f91d
ee795bf2caf2b339a92dc5076ece8529
27cfd65a1f4d8121e50946353f55e9bf
f7f75e59ce3bfe616ccbe8f9432438b7
eb3e50898fda66c2ab7edc7f5cb4dccc
1aeac450a1f38f3fd015666dc5671e4c
7f7ce2aee39a82ec4296446caf67ccdc
291a6d02335029199b1eee0a2b0aee4c
36747f0ad226ef51d27a12df66161aae
e27974bd1d8f6b35c37e6fce6b23a6eb
868103843ffbabb1483e826f56afb79d
a5437e5318eb6ce673767b56cf4030f5
fb913fa38e38775ff8f598105af3dd5e
20b8d98af9acd9c06eb232a8cbbc9d5f
0ea895a6bcbcddfcbbee43cfd3db0075
d92b8959bac5af952595de9dd66941db
7de0d07b4f020241a6e9385857ec662e
3d1d6901b546ec8e5a18bb8785fedea6
28f2495bb10a21401d98db342367b63d
335a547c7d6b7d42eff0ab874debbbb6
0a72dca8505c92f5ad68bc28b54724f5
98ff57a428d27fced938622d4a15c4bf
eff4e4dc4b29eb6a12f43eb9e609abdb
bb3fb5f28f3d390d365001cdfbcd6f40
e035524aa71173fe1a501d08e614cf6f
51c1b99d7c49e1e0b745020058a2102e
6b43c072522634a78ed37860391e103c
2944e1a951b35b99a7959fc4cbfd92cc
733cf5e6ca61d419ad5b0d456ea5fea6
d7c88def0eacb855b6b7bfe5e4912c62
64febd14147ab2ce8d57877c8e8be1e1
a12edece18168894b9afb83ec1bced13
96caab4dd50475050dc1395cea7b5dbf
fbd781f4dc2514070bd928061fbdcde2
338be5d79dd5734d5875ae7b5ebacff5
ac711819316b62e503e84050a64e4c73
000dbd4f6dc0697244eccc33b5d10ff4
27b9b80a0cc5b1f51448f55d6226749d
530a368e8373aabf141c4e3ba74ba62c
10acf5c72df860328c51ae44571c1190
6434c14b479eec680204fbcfedcbf453
b47d357852facd4ec819a9424e9294cd
7ce2805ad9ecd969f966d0b13bfbea6c
0012d53fc293fb81f08377c0b7ba0288
308a64d761dcc8f62bb3c9afd21e8539
b5ab0e743c0ef22a0879f880e0d9fb35
b094a724bc452c5a4025552a92514a53
c19a905ee6c201ca3e4f5e3cb9f5cae7
afc5932650f5649f7c9e70034653a8a8
07353e1721fe0e0481967609cdb4401b
4dddbc27fdfd9a20de59496719dba96d
07261cf6f4d624a338ba2353ccb7cba2
f3bf1717f2eadfdd8274eea1f45dd303
56b6ab37fb45b5fa3f30233933cfac2f
0d9ca7af566bcd6f1f218800e397aa47
563c3fbe7a29a53e89a2f5fa18f681e2
032d699310c855e9c8ead5896e295864
e71d903ce94117229efec63e3e2be3f5
2f26017ac21a38aa35cd2142aa179315
38433a2f7fe2a5df326ddd0444cac254
ee9c46bd97877793f1df323096bd5957
a82ef83bb02d508aebaf63a8655268b5
10effd7cdd77cba86f0a108f6c52dfc3
59087ceb7f5600b16e7d14c063ffd9ac
a7e6be6af350b7d0b131e825eb556ded
256e6f3f35dc6364e215287a914cb320
ee5fb7de4525d44e303af057b76e1e37
b4226bdf074d64423601a8f12cdb8fb3
554d92c48f0a3f3c4fa205feb4f1e058
5bbc381060915bba10e78f4d5e280e7a
db67fd7892d8e8c8449bf37c123b4a41
233d803850205237cba2175962969a71
1ec979917230f00ad7367215914a0587
d118d205969886108db5f50463bf19dc
49df019ae256f389a6eba95db9659811
7bad06f7d2a3efab09c011a7ebf581f4
4d257921be17df2e6cd3a29335b6d97e
c0711f13c9335309182f0e35791b8c5f
f37e2960261db92f63c0d4a08f5a1e6b
f93fb7fbbb9b09efa40c8aeb1e8f979b
1401e6bd611cc4b61cc813f34efc9e0a
1ed25d9c14949678fd2e087d6632a79e
95d328367f5ecb98b0a52247a24531d0
243c9af8010d302336f8e113ca122989
9e93b6af286e2e84a74be0624c9fd2cd
88988c0294dc2d0c46513be6a9491651
cab7c7c23f6be04f84414fe201ffa68a
a9752d5feefd7e8f8fa2ef1a4c78f5fb
14062e06cabdcd277613699f8c637b13
af85ded8d8e12cdb4c014c928b14df38
3cd5c46df7190f0084b60cb791779ce1
b41b0f5ef8c5910eed0aefeb1cc5b2d9
6d06b23a47cf2be9253dfd8d049e8742
9c6afd21aa46bdb42780ffe778094a63
961f78d336b370effcbdd8bd99a0a96f
4b61671816f3d6709bc3d810d19331a8
df69059200d864196e7452ec4720f8b0
686baee0ee8fc16c8555473cae1d09d2
6d75d52326fc5281fd378048369107ac
2b8626ece189ff47f74bd82d458f3669
530f70f86503f6d7e756173785a6ebaf
1e8aac0c96df861d8da0d59325ae007b
b7c82e2b3520b602a11ea3a736d70473
2e3bfb8310fcfa18c9edd16b6c8615b5
16acc5f1e300bf7f2aae7ce7544518ea
57b775ccbca9131c307e5ae86ec133bb
3525d2164a8205480d1ef73ff1e46fe5
cb8cd4b69b869f48bbfe7dc338feca06
6ff647fefdd938eb3aeaaaf4e3562cf1
932415bd15b1d93564a2e5e8007d929a
438374130a929a97b60a52d3bdeb9d3e
2807557cef96e5348804ea692048cbd6
bb62af358b1f53f28abab4ccd0784600
6c6fe79a52134199e47eaac95de2b448
b44df41ab7e4a04c923e6b2f276f32ca
9316535facef0bc49e882a57c5b1415a
14e7196e8077658bb5be90e3408a72f9
6b318943609bb5a9f36e33d498f83d33
838089ec8238f9ea6858b346e3fe0ab8
e42d76d249188bccd71bdfa1bae132fb
a08558fc6245404df8df76569b11c68d
a829befc632c75b9fdd67ddd95ac9795
9b1b0f778f54eea3e99a130be024636c
98f658e678369df6c6b6d9f755af8bb9
466a545e79e12cc9a0d9d5081801c9bd
99d5e05ef8c58f1f3d2fd09b98b71f0b
b4e3dc9050b53c49bce36b3e9fbc2d2c
85f1d3f96e24fe88656c8163e102f06e
a05cc1b4d24f6f2ef2ddada256fa0993
f07486e24c1b4df9ad91703c5e9831a3
3bcd7ce6e48e36f52eef5499c748d386
780275966bbf7656cff41bbbd4e14594
859bca91cbec86f3a762d74054a9ed6e
0bb67c60bd0ddce82ed069beb8ef2450
a1b062b90c115849e66c94c05e5f52c4
af9a16ac82a2ae9808fcb19cafbbb19c
747353c5f09751582988d2d0f66e760d
840e88835733b1cb37f9e2819be919bc
1e8301a69ecf56a34d66ed7fb07470bd
16ffdd9485051faae81b59966b52edea
6ed3ad7fa08fa2ba5a885012ab55b1d2
a2902cf9296b99d35d6dc23e5d6999ef
11881efff178e619f2cb14caa1a74485
aa1f1d0b1ef1bede0b50310fecda3219
ebbe7e0eb5af9014ba88ba5ce590f9a7
c09f6a8f607f6e316233b34705353830
c1e123f903e8c6253bcefeff03793443
b767dde1c476c0a202ed658212adad99
584934dafe8e864b7e3a14dc5844f10a
d25d5b2c928b34a262be0e80bdc7625c
6bd9e7be4f72af51c11377eee4588605
6b8e73ea961295271f1e579efe8495fd
184699f84665a33eafd1e9f7232e616a
9042bd1a1aec9d63b0e5a5dac48a4b8d
90de0c99a5fcb49c87a9d80747ee648a
6d670fe61a0fe0a222bb7c8fe79a6036
5d7c6133e61180d04e6aa2fa9767bbbd
ac15c017bee19d041c4d934000f7fe47
be6861cc8cb9c6a34114dbe9dc622489
c31a3d7951917f0d6e8dd1d1ea70c269
cb0dc36378c62a0c61291bb7aaa01b69
0598f15b76b6c70a13de2ae616eefc06
f852d413221e20fae1cc373e8276d668
f5e797e749982686ad2ee80d261b9a80
aadbc149ba87a80768acf64b2aece16a
7344153c4e4ff3eefb29b68d16c0d04c
40f43359a28d54f946a6757303c6e3cd
d6866e633efb6ef8bff3e1e90792d7ea
c47e741e4dccda7c082b8cbe551d6efe
58cf29220e2268642af48fd482bfa94a
766e313eeea7463785521df783465f31
044c58de9c6b6fb6d68b68c8a7199e65
28da4fc24d7ec4b36ba68328ee7edcbb
2064f9aebd25191a4601c0944908b70b
a42ff8918702aefb18a4a0b66091bdf4
8922c6e07bad153918561620e47c1fe9
35cafc8e487fb6d67a7ef54183b8333b
0a756db6438a5d2d1e152297bf1529bc
b944a051c0731f61111232aff4618c1a
ba0835433152c13266b20099743352c8
2d0ad1540f1412ed14ce74f73e42d564
dd7fec2a4d7801c2cff4af4b38e45069
0a3cf5e4466d48c526b3ad396286dd12
a4d6a22c6dbddb2504c7388073ec963c
e1eaec6df92765c6c8d74e49935fbbdc
f63d4792e223bdeef9f9b55729814eab
50edd0b6cfffd2b3abb04aad2d6b1396
93b0bf676859b3002e7dcce552662ce4
a6043e4d681906c473abba43ec4781cd
885c57146f72545e4b706f1dd8ecd0cc
5213d31a5388f4578fa7a71df1a13871
ae36ce996e23ee2ee592e863be91c1a1
0c77278d6d20500cd7629481dbf27380
ae94aef7015151f16540115b4cf2eabe
c1e98aeb84d67d1b9f1d434895380281
d7c7d3f6af2ee43bc8430785361d3963
49e876712f683916a5b9b9af7bdb214d
ff82a565b46a8e0b60fe33a818127a79
dddced9d7510b75ab275307d15cb7369
a7472f4ce2fe0bcd191da6f98fe264d7
f04bf3938ee0525fe2cad145bd035b53
e0b961c59692224d20a14f5770434157
2c483ceebc90ed29c10999429bf198ab
ba45e79a6f62e1968235d6f2e5f1732f
ce902975c689dd532a82f55abf0af2f1
d6c468a9d9bb0b875cf6b4361bf67c48
e7bc99784f4bb2269daf2acd14162b6c
9733dc1f95d2062d71e911ee54fdc0d9
5b50485d2616fbd67dcc610c236dc29f
33746b80e03f133aa2360bcb81c3ae3e
b8a66774668090d03182b288c067f8a5
4829325a0c960da1531b0fbc23e0ce82
af4f9971fbdfcb48fd995bfc679bdccf
3225ef5cf4627e75ad7a918647490ada
2e7a903119e4d4fcc682131f1ae4b45d
89a2abed822faf7b91ff9627e4f8f76a
52342fbb03040625c1a0be7f0c8fd28b
70d5e09a0d7da16271074863462e9e1b
588b42d01b22da210a0d09c1a27d99c4
a9898b96bb7b4fc1b8e99b297b29938f
195c8bc99785ccb9362c559ef2453f34
ab49ea2fa48823354b909d467a12b52c
3cac428d04170e2b047d9ad178e378e6
0d9d7a33c8039946123cda5cd2334272
150ec91f247ac45d01ebede5ff9a1787
5974ff16de4b19643f2bda7bf43cd4f3
8cc235c4e9254284340daf637b601d12
0bb6ef24e964187263e92d0bd1a4d4f1
9fb94a08f058ac3b499f39f9feaf092a
d12e6b007d876c1e46bc6a21d57d85f9
c7dd1b178597b176a0e208509f8c90db
035a2bad69d9094614ffb2dc3c1e1c30
f03a57b08b84065bf17af0c55cab50b9
c6d463f6eaecc0848d584ed6995d6815
d2b1b891f2d115fc1683eed7781fb6ca
4f45b825664d861f06b75133e980d6ac
ccb48b4b2cbdf1a5de3f55e83436bdd0
1ed943f3ec015ee315ee7e1c1113ae21
d430f56ef36db28ad103b9867cc5e469
024613719aa155483f8a2b7f6c34a830
83ae84ac2ef6402fbcd85e59b08f9174
b01c56aa7cbec5b8c6c5d497e6710567
d0482dd8dd34ec939fbe7935787da97f
b491e2db1e21bb1cc702773a76f86571
df9b582c39448a00deb2ac036a41604d
7f69c774e2ff2059c7a55fae6d373845
6f0c9c29989da8f0dc0204df8ee171bd
8a8c4928d09b1bb66cb22b088d7cc8a2
2618830119d963a1d5532e18aacf806a
f51cde08c8493c6a2ec078319299908e
43f0f940a9154c87360de9165ae76af9
1f3b76bfea7d9e097f2dbbb85c322aa4
21665120f4e29f2f421889563b3f6dff
10291932a86beb43f59520d7f31b1ad9
d7d65f4703786409d602cb04f2767d27
9a6774085544baa6943b4d37ac727e06
19d6ba641f964821a0e0dd025759150f
57f1605764f6b347ff10a58e1416e884
d2a789a2e291ce8c7343e7def90a8031
a89f59bc8cf8d07023d6a2dfeb3a1fa1
d62d9683d6afda8c173e9edfdf85c845
5e9dc070d8713980b5337671786382f1
91d34f3576058395ae1b67deac24e155
d419c1f65f5e5fe317fc1bf277e7ca19
714f9a94f13da1e95da1c7ab6b59d29a
d74875d3fdf324d6e143377f2bddede2
68617c3118614a881a1fdce2cd984916
e675688408df8e01f1ffbe810a0b06d1
b214a2d45736c8eb025726c70aa58878
3f0d100a4dcbaf1a3b8462f5c79b3de4
f900895eb9a757af778994b7e4e703d8
56717b367c48a5261328dcb57ed1d176
c3b643e41e6246db68c545e698025378
a7951b9fa42c2a0c3488b7d84b2d2574
1f03968204d5b6ae58d772016ef20e12
3297238a4b6cf8d899402974c55e2541
8d01b9eb76c995ba0917ebbcde40933f
a99657a842b63a67edc964bd58a154da
d402f37ed2ecc4a5f10bdb19bae6d7b2
75f100f774a30b0f327434ee34572017
cf51abe2f60f6e35ed7c450b64dee405
eb90139a2740107354ebb0c22ffba315
8cc2a853f4d8ec65f33968675a119e38
02c074e0e507dd2119f47c578a54d173
3b14a053af2f4fd54f9a9f42c92f9237
70adc8d841faa68b00f99ddecb8b66f1
2e510dbf915283987abb079431f180fb
58840294cb99a0cdf83ee1520bbd87d9
197ea31cc0ae61e8f3e493652747bcf2
59726f14c07670db9539e6b7820cbb0c
19fa9dd3bd35d08b9ff1e1e630eb7a3e
bddb339d991ea8cfb20a5092ef9a98ea
89c062d102fad0b2b6b97b5614a77827
2651ed67e70cdb9b47a8d306949c2015
7f0e02a0556470835fdef30321d7df5c
0b63cadc60bdd1b3b16e409a6a2640cb
9d6b49c0268abd1a259c2361be615ca2
dcdbe27bf74b1b8cb2dba38e4dda770a
3fe57f32e07bce76654e6692042ec8c9
f1b27880d656d9e5a933a8a6c136d254
495ad7ff2e1297b548e8979273a17db0
bdf36eb1cf7bee3fdd80ddc830fdfadd
26b310ba04e42a50fcac48a5023e1694
f33de9d130bf9413ace24c1187711057
072519198fa609e6d2c341fbe3b0d128
c4f0ad12151d9c21c30da106bfd895a3
fb08c979f8634025ddfda4e693fbd33e
8d6ec92b1acf5b9879780753e6b6cc5b
cc9c764629afc96f14771a81ea192da0
8e9763707dc3cf47eca0a4a757981a09
d3585eeff1467e8910c904d1af78aa38
2c4deb7be64a28f5b9e6af467831185f
c9cd460f34bd9d8778d3e9a90f89d151
9e54ad169a0d1709ad916eeba26f80b9
7f8982b0397c180fee9339e83144501a
5a14f38e7ab73a0da2a24fd838e4f965
5fa21e9e61f6be6116c79b1fa4314ba4
bf814cc971b410b49eb7de446fc8fe61
040732012e3a2e9864e022ce6c0eebcf
dee32d7bf568335e5aff7cd9d60424b0
1c70937c2cf20050aec1ecb070f65c6b
90fe5b51d40ce7de15e1f7722a0b5272
b2557772d737dee82a49ae3cca4715e9
8a234f5e6ccc995b3acf8790925ac332
32aabdbfd0ed2b1e7ebe8d9c2c933052
9031c7c92f6acc0be3ac83a89a1b2992
cec6f6a3bbdcf07cc6e1a866de5526af
71b443d527332157df50f79064511a02
164ffb705dda576567971a2878944fda
11a8698d6dbd1ba859402ca07ce83f4b
2732074e31995b2294485e011ea27f82
d2ebd2c6d195f1b85b62f70e4b0d6e23
485aa88b5ad8dc3be00f92ff626986f9
24af4094940330fb94ba677cc5e77945
fa9d97728ac611b369293517ef781a42
d06089bdc1983dd3a391704ad94db753
5e8b8b898ed357d353e110f0c9c77775
3a68344cd61b499bcb387e725f6fbda7
fa4c5218db911d1c003a417b0e625650
5ae8d2dda1bf0abb83b46eb9500f6009
8ce20b05c2d13cd8cfd145dba353e22c
3bc71aa11807c2dba4caf1119a4587c3
fb222c164a80915b556bc49c72cbcdec
d7ec6e6ace936a4e407918c9f2182907
3997c5748c912fc55d39a5783eb0fb9e
4fd0edf74d34284e39cc85a1b7facba7
8315f8e68dc9f347fc5fad614538d726
4a37a9583be9a73fb240a6ce77924b17
61b685a08a7a47c694a528627887bf2e
9ef8a648003ca35f25eebd61dcd841d6
083ea33b5766a5e351f8a5d7fa423bde
b2f160ff6e0b25f7bb1be8ddf5fd94cd
9e5c4784ce855721195ba7af86f841e7
baabed12ae039e0d0174a06e117a960f
12377215ed2d958edfff8d5eae3dcf97
beaaa3887a42b1c8dc59e397ca6d1d46
18a2dd5a2580c956e46a34c6c8bdb32a
6a2fc5ff0c7fd71911b80abd9d33d895
26eaeefc5f146c202e605304a41d4e28
20931c91681bbd3e87a049ea7962a32a
0cc4cce877061826164977983bd0a4f9
766b4107e40087f7e9ad0c1fedc91fe9
b76b5ad5925cec5c36d97de0ecd6d2e3
30e44ced9121f793488f9f8fbf9deb14
37f3e64aef0de14234f4ae4a40214f72
0d71251a571b917cec37b743c23651e2
52f03518140ce1614091358d9b7783f4
5a5a55b3fbe409fbd686365d1c68ae29
5c3c597ec549deda55b76f4e5f7c655f
870ce153ab34be289a53551f8c45daff
74fe1ab3b5ce99a571df45fb5dcfe5bf
c5bbea238cb3d85484ae2d546b298d0e
feca58118af79ae545b7ceffb51dc5b5
40c9d4296b2a2351aabb0c0a9ce99810
84af1edaa0f5950d227322137080fc48
acfe701b6b0cf82a81de2bfe785eded1
826431a9d1d7460b5c531392695e09f3
5566accb1f81488b3bf3bad00707e671
c15c709cfd306e7c34b7535e6d9b2640
62157d26c8ef61c104ebeef20529ab65
e74beb43507ec4701f303c8e6849175a
fea810f6984456e15ae80a49f20f4712
11e1a3d5e1d5de5cb38c7c66e1279eed
b23c318332460bbb5b9d1a8b73cfd179
d9a4177e0d0ccebd5aebcc72aec65c19
e88fe457be131451fcbe0b3d9830e40f
857998c9163c611bfd255b5fe7fe7a09
e2a1689297c0179f155e57630e65294d
e48eaf85ae9b521c6c3d09322738dbc0
484bcb4cf1d23b129aef0ad3e6683fdb
6fee81fcadf027ec8f4d7335e6635887
287ca972cea771d629671c6630074d05
467e284ee26325b4cf25d6dc8d09109f
77f8a0a793b4c5d565456b01198ded99
ed73db11fe457873a9162f4c15d31580
f188d2966dc7a32614fc9029686df041
7d26a8c94e6b9301bc4d54e6f654be19
f253267cae3d94556b41cc12b0c0da38
1b50e1e9e8d105135da97d6ca1990a01
b03bf9cbc83406f6391c7e5241831f55
710a5dd2581b2ea49e1c83a840eaf69d
aaf8e91af4bcc78a5f220e97372b827d
7c25edaaf4177371a2da8e571fdd132a
6ed04aed8cdafd16818858722a9b7bcc
9d0ebad2a37a029127ba6618a4b89b75
82f0a26d1ac1d596d9fa60684d59f31d
d3ecf768e14821f8ea85a1860f28b7a4
920000e60a2a1035e6ed5fe3ea49df62
747d8616969bb94eb7b2ba809627187d
d8af2d0ddaebe6946f41a1b3b0331ddc
900a91574fdfd0f14f6561307aab55cf
b8bd97835f2c89a0d2d4b699bbe82689
a6511776e0df7697ec48f2edf71da1d9
c05818b1c78f93ea9d3f11738b529f0f
726a6316643a7d13022b085e5bf99dd8
f65b67419b277942ba6afd94190702c7
38e6e993f2724133464255e6d4d43f1d
cfddf44ee022f8f5179a4598b8677da3
6388d302a74b841eee6137032098d2db
5a2c2844c6ebcefa94c6f98f70179e26
7f107bfad5fe3144d70b28cddafef6e2
7d114393d9b85064d0fbb6adf6907ea4
caec8f1afcc03fc20f3a5b3c1831bfc1
82fe2698c5cc1e4926d30059a68ff1a2
44e73bcc08ce9da06707a31f2baff15a
ff859cad2507500d5c4cf6d8d2fe868b
2fc967bea83d4e3d01d4cd57acaf5519
533bd0453494195dc41dcd4fdd8212d7
38497f45947d9fa5497b321f1eacc4c3
546daea6acb8dc30310d0d842ee281a8
d92ba366b5571e2394c2b55abc28b387
4f768dbef627e204a172aa29f6f0d7cc
d345a60e620432dedca0ca79269b8b32
aab0a28aa896ff3e4261e48d783ef24d
fbd22b118e42b2f92b224991b700b147
15583029e674e942aa95182564207554
7e16f67a50ddd8b1c64a496204247a97
b4d9517471bce0223d469525e2112984
fff2b39cda2fb0501c4f7de547d4f741
aabf723500dca2bdc40c5a8985546602
fb5d04418ebf562c17442bd0323950b2
e0b37357f49e2c616de1a57c73b68e10
a940c8d4e0aefb76ad74e51fdd5862da
7a604716e1393a449a8d32896121ef87
eb4376417eb65bcc5b1da97ce059c860
3c189b78217d80c039fbc7a3f33cb18f
c69222eee7dd66fa283bd916e22e02a2
fb1f49c2c43aa7eb3e6110acf2218d7e
785871c19e3d56edfbb3c90856166d3a
a7dfbdbdbe9717cb5c46b722bcb0f923
51f0d4d3ae62c7ea790136c5737a4487
33e5dd5e21b4ff3c40adfd8911e997bb
fda011c187415c19492420bde0bd8759
3f9b94fb4142a457836d31ae623baa23
3d88191aff1cd6d89b89cbc10460d2fc
d3af95ea68157aafbd0a29dcc23a6f91
6066c647b07b5ec269f5f4f9ab3433be
7c4523174d6205db2a6714f1760c4d89
ba1081d164995b0a6339f7b5699acf37
aecbc25f9f2c14d356ac197f544e78ca
7675ec5ceceeb418e20924b1f845baae
2b2dd1452d3437c90e7e06558e7972fb
49f5c9a6f8a0aa9da62f5ccec8c1f62d
fe2c00720a996448f08f9c2444842ed3
bfad49585e87944e8cea4a0cfee0f322
aa576502347850796835899de89046fa
43d2e62d2a888dd9016b56f97b5eeb28
0fd2df1651e9462d2bc159f9b5d893a9
16a5d4eb7ccfc223746839a3220ca028
20f24ceb1547952c9be7b0cdfe7ec1f5
0a5f8d76b1bf4167a992a410175b6af7
4f0c127372deb67ee09cc70f6f4d0fd0
2847016268f4ae97bf369e9bc023a608
a4d5ee6f58b7d521bf6f7287b3bb7b77
98c134536982e7857acb5ca2759357ac
01f084815077bb02e712c93f027220fe
9edd7f9e688565e09fe70e261ac395e3
cdf831345793410ee3909f6d646d58e1
acb18361a0fabc17acfaf71439b32104
24b38bca3f6b82a093af2300922082ff
ddf2a80daf4e77735fd14af3092523b2
da1bf811e7cbeebbff720991113544e7
7aad8379a35384dc4ac247d76cc28b11
a794edf4e3eb7199c86308298470c720
e448cb2ac3016e390bcc4c033b8eb085
26f676e907a71bef3c5d2f68e3091254
a34fbf3c4552f67c01f0a231d2c666e4
66b97f7802558eb558d785ce31a5572a
ab9b881cda3f979f36302e77720838d4
a5fb5c3ce5755537daf6add6140bdfc2
d829c50d4ef1e3498ed159d4706a18ef
3cc34475e714be1689d639dae164b187
fc368317f48e7ace75a4e7284ca81b0f
de4e46dce396514963e4e2b7cfc3a55e
a67d7320894c590a8847863ff88e3191
433fbc55aa3ab1806f1fbb1f7994f132
b40e13744114e588d1af0707fefa3f64
55dbdbecd34b6cee4ee9c2204d619d41
512db09514bb8a7c01fccff09e373df0
350fef09584135311b15ef4c7fa4d40a
35eefdb1614138d049210ebf9bdf32e3
0f6535cd31c825671e48e3afad5b74d9
f1a199193cfaabe73aff5badb00530b0
1949c2ba577cf603efb625e940f557bc
a476e7ed0521ca5c1e8509a22005dd36
8d3e27f120b8470198775345cf6ff119
85eda22fde93e60b4d8eb9643da0035f
8a3e777690e1b4777808d8f7c0634d67
138a11e600ca55a36d81544834fbce31
e913a97dd7ec4a82b82934534983245c
ea94c9192498cdf2d8c98f34284ff31b
e92206b0443cd7b3ffbc629adbfa2fa8
7d91e7aecb9b8b50675b4bbe33c2e2b9
8f69866b7696c56a40ff0335a2311e79
be44daafd3b2c6fcc3c32f70f1852e7e
dedf6c952da89832210748f3bd53b394
1f7b9c3672c378ff181d3299faa04fdc
41e113c227bc22e89f4f170066fc2dcc
353c65d1e0b82427440f5ab71469b0f4
34994912971f411f893490ee9137381c
a8516bcc668287e4f9984570c39890ed
5fdc3f3f6d8ef1f3a49d2a6fa37f639c
c42c4f6e793ba9670ded92e96231cd20
e2a68b9b46241311efa5d1846d8cf105
2ea659d44cca884e98c7def6be3cd9ca
ec4ec1e3910ed5c38a9d37b805a788c7
b1410c7721b6c27aa8a39ea47a9e6d42
3b96cc4f3c7cbce4c520f1740f7b1e3c
fba240ef0b41931e7b97bf3baf1842bf
091083592b87c1fc33da8e848d949caa
63607f0c45328cc4b791edc224d75a97
7cd97127a9139e7edecfe9de16861f0f
04f46b51b43054d6ae7450bca67eaaec
204b0b842f8ce491ad053f535e279c65
b2d4e5bcaf5371c70fce76bd91c68001
9f2aa50bee963c22b0af58fbc2805c81
56f0ac10490ffb7c449f55e365702080
983856318d2f1bbf36d65b45365147cf
521b69bcf0b48e85b384e6466174b911
28b3a780b53e7be487ae306a13ab7e40
9affcdda62314be400897e34e6fe794b
4d234893bf75160bf4f497558ce6b31d
53ac0e44084a732e93d7c94ba09fa3f3
b442a093a6f00049ee440204906aa1bd
1c597fd59345f3b3e85f3f725d2345a8
b9da1c76eb5a173b11063e8aef3a4375
861bcfa1f22ebd555043e0cc9eb5f6a2
6eabbb8ed4bae85709556a0bc79fbb20
eabcc24d795d2ec5875e9f4c22d3a38c
d0cd4ee27404eddc45fa27c9d9ebb0b6
cc324789ec13d5414fbeaef6794b5985
7d8b03ba2bb744e54ba05e757953190b
f5ce2e71679d231c33059f0dc56e3bba
cad2ab6f050f93f7c2327f7f9805914a
dda9491efa14a6d2348bd3f4441343a9
2154d1b19834f79181ff1c03636e58cc
44deafb06b01e4c572205d0d19176b19
2564ac987bbe4c38422eaed23b39db64
b98910ec48f1403eeed20e79654b60cc
a32c6da222183f213ae57fdd6f7da2bf
ea0508bbb517b6d770d345fa9600e650
8a1aee8b6e250af7a58e55534048f595
8d79c23200b65149e2ac0bc31083cb80
f685514e371e9ff75755abfc62166419
05636a512bd549e51c153b37e529148f
6c7eee6ca7f0a25be6abdd5d52885db4
5c8f26086f7dceb92a170935d37a7910
73bd334c1f6f05aa094ad207166daef1
000b2ddfdd31fb175d5340665ae97f4e
c9d4201dee766d6d4a4a5621d739a92e
ff77a08cae08af49b81eeede84a397e1
81480762225bb6c5a99c290dfef19561
0605f07f58581ea3fe5318d195f9e3cc
f33c92ce477abc94aac40a4ce2ad25c4
3553dab1c3674f4aa7159f318bd7b007
f2e24b4db4454038c26d78fd3318ad98
820d78556a4b3bb2ad3bb5e4a397a172
4a99cfae3748069ec8b816dd9622f334
887b3d8fb57aa8b089180d3862a29678
cdd9caa396e0361ccd8b17d6a54f4592
4da4223d6400feff3f5f6180e013b8eb
b22f5556b934343a9da85e58c64877ad
cbcda09764b98cd7c5fe819429151bd9
70116f15de39042aaeeb2c5c4900c91f
2c3fcbeb1151795b47be8c5130cc76da
4985f60238edcf446b70a0e95916c44c
657a05db193f081ba9b4321ad10697f9
7418e494c4155224099ff27b6e6ebaa7
c98d2023f4299d9a2b002becb134ae00
9ef1c49538ef69a88b3df8a23ac7f4aa
cc70a3f95905fda7d754636c90a4e32c
1ea175355957994f08c9814c68d4207e
86f39eda39aa760aea96cdc8089f9ddf
0531f27766d35d45f12b0bf910156d59
c29aee915d4f48798328ff4d8ed197ee
3147bcb56f34be9f83410644dd86f9c4
9e0a2c039a2824817de4cc4e61e0a62f
965dde7c4b7d5bf632dc732b98f4da6f
63093598b7c5c3229776fcfa5e07f094
6c5ff2f3daa89be4f0cf17016378b8ea
8ca86301581808536bc648d64b627aba
492151ba74f12eee829bf50aa3bd890f
9a3e10f1ac38c71f5268ede3ab9274d0
ddf12c99d0ee7baf1575bfa00910dfb5
6a1ee73ee088c23fc11397d1a6993ed6
e4ea5a8bd8f476eaf3e289babbffb6ef
d6c02925d66c3fbf2e2dec97417567c7
8a7d085f6bbe9f5166fbcafbc04125f9
0f23997902a5a12b081a9a2c2e50721b
e28c3136b5b55d5579a53902a58d7dca
7e8c2ae4b30576fb7c09b5166aea7e55
ee06093798a6dc074de03c26f980c5ea
d80128991a7c4a25faedec399372b456
599c7ead8fe044b5a4338d3917a3e2e5
c6d78af8e4382957d4399bee367bb34e
422e2925f971fcf315706600d17138af
dc036847953a986c16b21724a9f75191
e55647925a365ac748a80cff6c3cf787
16bdb9599c6ef007b0d27948833a08a9
06c8abd50a53cdec8544cf63fd8016e4
86ca6843d5abeb281e3280d2c0c4650f
a55b87d7f4732de9b538ed08c6c83fff
de6cb3dcc23fbfefc5d3b6c6a157aa32
68fa0aff3bd185c329c0f6f16719d9c6
5ec0a97230e76035f67f3f385fc08345
7f7ef1ef8198d88a3355361fcbf2f83b
64cfab2eafdf4827a53e04ce8d0bd07d
f80045670727838160f4e693236b6a85
003f2158af8c951b7e37a4c89fd44759
d13e4f4e1b53e72de3301730bc39d0a4
e46a557d9b4f9fd7fbb0d0f88f4ae38b
385dbdf5dba0add74b9aa0e4ce6251f0
6ccb87823248c2b81b17d0eb2d8662ec
06b88294b1ccb99485ec2b4305255200
789d13d3e3104551be61a858876f47e9
9aa66bd01701b315d3a239a47719da45
2d7abe8b50238ab6f50673e9659f0a65
5f380e8e72d0eae233800968a75f9ef0
eec385262646127d45e2773385355c17
76800c77da2055775fc215ec7c52c4fd
a6bad82332a0fc19a7439786bf3e40d9
07d712b95cda65b989250680684abf86
aa1496bd68604aa68db950f80583a0d7
c027ae1b503f85531b21e4308f956445
5beb78fa0f9eb4f4813ca586ce103467
334e345c688a62769c0bab53d70b59ad
b20dde50615c0c55aa7061de7c3b4102
de8475adf613aaf65a8bd9032205cd05
223bbd477a6358ee424d79dda112b181
23327952e6b1c205c164ba3e5ba87f88
2581a7aa115dfad1ea5a1fb0be5ef94c
6fef33842d0ee1fe2a8d07b69c2096cc
2185d8b98e17a57ff1bfe150be9813ef
3cb2c2c6c3139ef7aaef3ceea26a359a
7cf626e7fc34bc00d1c32d9e0416e328
50d5d3c29736259b55c5ab0a0d900588
4fc7c64c1e5d8fde260945927ea76a54
aaa5127656f4867171b79ff54e0c2257
c86c79af5837d8df087d814f48db4001
ef8fc13f378fa7153b688f99b6f451e8
9098d58291a22f4afc7b006bd779e94f
46281617934cfc828ae7b25bdf527179
7e5b81eeb074778cb6a55a8f80a9c400
41b10d2ddf562b9908407709ac4a1679
e4b304b43fe345b822f7ae3ac6f96633
ea5e02bb3a648998bcc52a53701bb025
c34428a997e9ea2b5f92eb5d9d4eeed4
295b596462efa26bff413935a29caa41
372f4e8bddb135c8841273bf1e404808
291382f8b8efc354f7835fb3b28eafe5
2f9bd949c45f069c7206d85ffc5cabc3
4e591086218c02f0b1187de6849a3483
918b52a81a7c4995ce005405a5059b3e
ea0a10a871f49acf46eee08cac5a3237
55584b6a8bbd4b2badf53a7be61ea492
0c6728208881e172abccd10718737624
980c94a0438044b210b32c7af27dcb29
0ac9462e731861521c61d0f838ad9a81
72c81fb70b7515bb7dca8850cec3903e
b7217b3ac2ba86d0fb82bf47f889e649
c0888c5e13a94693a7a58d130868fccf
9bcddca64b718a1bedafc77b581e7ae9
b7dc407dd04d0f14da0b276d2b3a9a99
218816d6827ebbbac26ff6d0bc3c059e
336b6af90635eaa4aabdb601df9fe296
459caa1adff36732c14a2cabfd67b3d9
64557f7f571757e3072d30764bd0a990
13c5d571c2bb81c8e6f94f29d68549ac
3805d4d8e27688fe8c75a9b8f03e2fb8
e04f0b2070898d464639b62cc62d2239
4644b545d2c3250262e47ff35bff25d8
d9215e408681e8c9d8954dea30e63a9d
c1f92e44e73c45bf9e446df05ae57453
395d773f8acdb069e7ab16aee55baa8f
d163b41a134436c848fa4243bfb75ff1
cf6f3e65ba445f19327f8f0c7e223aaf
eadeafb833fd9000021c9cfd9d5cb690
f518bde824f7da49d8d0c477a08d3cc2
b85bdd4b7f6f7da06792243d3fffbff4
e4779e19a6d4de3c097608540383c030
91a95860a7a047950511fe61e98a6435
71934dc546b0d483fecccb13d4732d44
1451be211ca10eb252e3ca62371af5a8
2309517524341a7e3b76a072b2c138e0
57e481c376d429b33e052e2bd85c3a2f
4841b345296ad0f2ef40defd39b4cc6b
0d335929fe59caa9684e12cfc672affd
40e9ebfd842e9d5f81d405079c1317d1
1c76d7252598702d22718b13813c4adc
8524a17faa44fe8fd33e153a44291b23
b868a52fda5fa7d548491ee4001ce2a9
c39422d045b1e37c07f54f48ca2f19ed
9ce37b57a4a946fc92ead12308edc8a4
11295987c6f4408d9eda41e98158220b
ead75d5daa4138a8e8f8aae765647c4f
dcd79b45035222484d53759642b93665
f96b2eb0e1cb97388ebabd948cad74d9
1892e61dc0dd7ec418165a27761a9557
a04712a3a1f436e68a59b8d0bad9a8e1
a005cd4334cf33262ab52d0613ab62fb
8051c4f5b361dbd3979f3cfce8504fc2
2162ef4e6bbb2d06d1070bc8d8412ef2
30d74ee5a5bc219a09dc6dcb53308dde
74ea9e27199fa6cdd3d99774020c8e7d
013b360f1e00cc6363f0afa4dc4ce32f
7f0bb2c3555b402f1ecd2747b90448e9
9badf17a9baceabf0a6c6b0d54b889fc
51a6d0ea763b7c291ce9f09309644c8b
fd75eaae91db3a8eb319b758eac1309e
1886086562c6e33a04d9bc59c2e04dc1
c4d9840470507e3721a16260873ec36f
e244fd573715cd4792b8dd6b5dac1f4e
f62964b2c47c5b09643f9373d31315f6
598a877f91e5f319896181f7e8390f2e
eacc1da9b63624e8807b07c4f5d20c1e
7e6f1da2d7523a7a7c2837eaea1959f4
7634bd1032a9383d00048994852a4561
b602d0eb979ef8c2321ffb80ea6763ab
1d3ebb49ebfec2ab73ceb596d73a39d9
bf60bd84fefd35ba7d0863ba80a04f37
10656ddfd81c05f228e94d3435045ad0
00b6ec7ec648e185f8cee68d06c21a25
c53f0cecf11e6f450aa205f49d74d7ff
687bd74f93cc31b238180e21808e691a
66b053f3c5431f6334047e3c91ad871c
32b78037fa8b9e41a97023bad08144ec
1c51eb5fa87193165d26d0cc9b8c5cd1
c5abbeec3ccafd6451925a730382c32e
af16943beb9bc38554960580f178d2c1
93567bd542e71ac1b2a7b6b42424e4ab
1a0e5228cc68da0c9c78d86c1ec73227
6cc5fa33734d42b36b7261a0123d8fef
08d314a8dd4ec97a92786b9cb3861f2f
0cf4bd674f4e537bdb553a46e864599f
d1be7bfe81f0564b757fcf8e62f3b8e3
26abdac9c5de985ead5ef991a10efcc5
4bc1d07cd6489aabd9bf9f7927abef1d
1945f26b3721cbb14fe636106c3c0685
6783e4a0151b9863a409d65ba33df8a7
50e796dfa21f238e78df2d11fc7936ee
ff781c9634f48fdc95d251cca72c4b6b
d51436ad2a8d1b3365fb50f6ed3a58c4
08bf6f78201a5d9a5a31ce65badf3877
b3ffe40adc79d1ed399a9a050810f9d8
f507b1e634adcdcdd55f5e5c00608954
17c8e1e819f72a049582f1ab21c9c14f
7372250de9e7e0e55b69b386f55f9763
3d8ab75da407bf37fc71fec304e0de5d
ca6c3e8c501aabda14e015405ea7b8e8
657400c21662ff275b3fe199dd2d91da
9662e83bef1db7498453159c9602096a
dd0dd9fe8de36e17db48f82164b59440
c4c3d4c2c32f9a6eee3138571a2a1844
233738e22083ca064ddde08c1fc3640e
56b720d75e1f960277dffe67402a0343
6ce6d667ec9550311784ebc1ce0f4a8b
6ce3bae6bca3f6b4703618a574a9bd2b
9537a403ed8d3583a8aa6baf476a6ff6
4a1b7d47e99b456909c295d074656cd2
2b12c32a58cb46f29cfbaec834f76e50
25934781645d48b477f763dccaab142c
3434a8631e0eeb7bc368969db5be08c3
f33d53a6e5fb6f107824751141a9bec0
3a38a66b0280dec01af29340f6fd274e
fff707ac69af82d45e93aece23e063b9
bccc362ad7882828b992aee547e8fcb6
49c44f1ac633cca5a22d605482b4bbcc
1852be42ed9ce8f107b99137ae772f7d
e632d9ccd4d85e9c7064f9ea69e30952
fa391faee9b460291726a624ec1d287e
2d79dfddc7070b30b8051a5f3733d037
337f34d739970675209e7e5e8a750f8c
680e1f6103812938f7285f594011d4bf
700167c5af92f38a1eceed4a3cc4feff
d78f70a5fe1dde7ef92cc181cfa1cef9
95213a2df58803ae7723ce77a16ba479
ebb773866331eb0d6812d29bbe0e2984
6be328e38712a111ad8c2a43b5f277a5
8f30af6ba84ec01dfa042a133bd0a9a9
d9aa54c257c08faf21eda1b91ff8d08c
d92693352fdc6b63bbb4ace813d969d6
fb711a07bb08085e81d45bb4517b422e
6e1667ff47615754ee88b7dcf2d6f7e1
d80b0206604794d9c19e73b4d6c1228f
0f15ce99fe32d256e15c1168962fa47c
06d1ba57f82d5c4b1a3bac5bae7dc8a0
dfcb76b2d274aa8b6c15da08eef2e40b
3afc5c9dce7685bcdc9219e2ef6a54ee
acc7baf300487b4aebad9c1fd3039069
a431d461c39b9b95a3809fe781be89cc
4ad3c9fb8137cd53010ec180b22e6f5e
e29edb26d7b1c5b5ccd57673775652be
ff9cf5bd544946222f0676b29d2d3867
0fccf1779e17eaa97c5cf3ae8efa4042
8dcf772a00ba94c502c9d893eb22035d
939c29ad2fd7881a87fd29018b16f500
bb717bd8f3a8180b68f3ec96b1f8178e
9f6bcdc15ad1c49dd1e5dea0f8dcf4f8
f5f785ee588191aca28eeb66fe5d142c
0f1931a3f0ddfeaaced195eb9e96ff2e
8e3e9a0ce093e2383a24e479a9cc843c
57ed8837528a532abc105e0fa05898a5
143b70ea3182c95686e4412a2b492c31
369269cd079010b0340773c260dc1726
d242b9d4ba766b8b61c3385b5ac17e4c
66c15a7b2189b1afb778de012c6907c1
39b4d4b87ef88e514de6d8e0daa6bbba
b6993d25be180045c78e4dae0e1e2c9f
fb7ffa744314487c2ece43a0f6a54535
f099ba5eaf83aca5d2573d2ee7be5201
f56c330e299785d6f53bb23ddc57e92e
dfb92f1de5dde049d6db08912bc281f7
4ccbff70ec8002ccce838228ad56b4b2
b296926bee661ef43e0846fb8291a105
32daf0eac160e7fc43e35dd4c005c793
85d02e17b3f9560e63701dfe8c56ae85
d4553538b6dbff91a87a9b80da49e378
c15ce798f11f04cc87df6f0dfca665a7
a210bf67e09f85b3cfdb4c5f4aab0391
21d7c399dcc6abcc5218d7a6eda31511
f97c41ae97b345d557d5f7c201621856
a077aeca8ced27ef5dec1f83a3775052
7753810b171a7b09f474644e00ef3f48
26db88cf0ab8fc0bfb462e1eb929b2dc
f6a715a45e37b866069afe1452389e36
3c1ce8853554c0449d164a71f339b2b4
e3fbbe395e54c218d8f523b264da4281
d6c24dea9ae141f60a6632a6633691f7
6419a886db419f592ecac562373f52f9
40ffc0da57d38f33fe75cb1d0a026dc5
3d43903171675b2950aabad5f614756c
451a33b4746b929bc6d127cb1afbf542
7f3111b4fbe38b8ec50a61e5d9eb56fa
448e82560888768bd9d6e492dcf6bbfa
e6574986234131a802e373b1e9beb449
8d9fcc4ec3172c378555b178a8152d37
12d2e51a32d812ef3160b1e8d92aea29
3cb945d1e6ee3d8fdeec2bac51ec3b6d
b6009cf2909a25f90e90c3d33bb7f6ed
f1796404b848943ec221c1f7f4f3873d
7cb77e3bb2e804af51221f81272c1de6
e36631e389ad6280fce744e7f648dad8
d12e8c30e8f68c95f3bb1f8a193e047a
2d9b9868f8d275611cc064a4a2755bdd
664a12aa237c583370d20a9209c6dc8d
f09c8d077d1415cca9309b50bd5d11c7
0daa94f0c36b1ba95959ff88861dfd83
a142bfe63d062fe0c4a5fbb178add84b
540472ad51764d22249822bb1ff06774
5ce40bc1f790f5340c8d096120d628b9
33ec9c6f7e381b6b67d0bd19014c165c
7dd84666a7c9e03bcd4c4b4675dab068
60549061b1182539678ee24bc356b8c9
da1a6cb3961ed85bf1940894b464cea8
d1b7adaf9446f612a8503e5a602a6f04
496e71f3d30f9544fc9e8018b686318c
29454824e85f9375be5deadf5c29dc02
3abdb133c5f15b6f52ae6334d6fd97a0
c96ff41322a1df2b87e68ff09bcfb45b
5260a54e371b7891f12d2ff2f54ff984
d62292f8c8d9aca8870314613b1207f1
032ccc47a61ad1806e37c331d27f0ec3
06b4f02c71a9e8471871da5ad9e817d4
1bbf74d5a40cd888c5a0440a4db440fe
5ca272489ff8ba170ae9af27153066a7
27cf468de4d0466945681d0ec63782a7
81d4d1f6fe86bb679ba015c4ba0ae466
b3657637febdd0d4b9316ef86c44b1cd
fa1a7e641eb66f52305302b1245615bc
abfa22292fe905af3e444e666d17d330
f835de82b439ba1daa94dff8d3666947
7ed5c02321948ef36578f3866798ce6a
2f478bfa2b7f5946cb42b243c8c0b1c9
8d03565354e26e6e86f15ac5234c20f6
abef7c216cfcc72dec58bde3928bb079
2a733d5d0b6e98542b44c0e41159b288
c659240c18b472665e75861d565e4a1f
15b63db4605f53e249707b7fb8926a71
89c2e857ab52a41303bc07e3731e3b23
713ac6a917a5aaf98d988f96af54b6ae
330b340570530e15c8e0b9688ed1c2c7
c48a0b3987429f2dece61096eaff79b0
5707ca960216869ff3c4dc9c1dd00677
930c9f522f0aa138f49a7122b273532e
d8a48dcad9596acb79e230498cab61c5
bd678c47d159a55b858054621d585eb6
3d116dd512d1092a75248f442a6dd30d
36e4b8a30aead1caf158a869bd2bca5b
dbbc8eef8603045a26cbd38446a7305f
093bddf467338a64cd49342efd4f8123
6f726ce56495ee2a5ff0714fea60f9af
d8d14d2c2a840bc3f3adfae8ca8270c7
a96dbf8f7e7bfac2aa12b94dd78170ac
5901c2678df6e8620e4b1eec559545a9
3262c88b018619947117099dfc7ae15a
00f8b2921d8d0198435bbc28e29f4755
8bd2d00b7693fcde1eada980fb2ab061
6161935223123fbc0af18ae0017f3898
76acfecccdbbf7a643ea1406f8f2cbc7
fc7c2c3b49bc44d22ec2b12fc30c7a5e
f5807f84e63c2cbf3de469acd36f92b7
7e46d55328f3e4c3bce1163b89f0d6f1
03ff781504debadb11da3610ba6c58ef
1bc94ba7ea98111d9adec7ab97c12d0a
373a483cf691c4d8b27f7bb49980f51c
943d2b06058ff50a324249019d340edb
6a771ffffb7dd5ebdf281c5e76901167
cd2d143f2e34609a3745a71221e5d241
9ecd32504fa27ff1f4539340b048cb94
348393e3fc42ee651574510d5bbb020e
0812b42edcf3cd9e5a0f988abc19ea26
289ec37c39c2f9ce9af70e4c53bf8e51
e33f785c71758caa2619ce9888689d96
c255efd94dd7600e70714c5ad66627b6
d0771df8bbc2a01e48818a5ed54ce548
0d458b14d1dd96749822a40eac3a5377
658e30952b8b654c01e6cedb74358dff
7707365de0a745bd296eff4207c8dc02
acc3b616720894a0a0e3b0201cf1923f
e326426b2e4cbb533eae5fc1dd6f02f8
e247914d4b1df547264a3b0bc98812e1
39ccc188a870e520f72f0f8f3971f6bf
510547dc1f9afd8a2693da32fa9c68bf
2b2eda7fee9be27a675a5218167fff2f
73573c58b99f2f760d8aac04ffff7ad4
ea1ede13d72b956bba77b87ec6a0c050
cf490f86102bb19dd59a6e7ef65ab489
9af40dcee61e21fdc5837f8e332b942d
59d023c8c36f164c36f13f2c5b4d6faa
5eb3749e9221794f3671ff1cedf61413
36a475850e265868608cae0ad184c319
fd6e036073f7c279b8413f6212c6ce7d
f8db7edb0e6684bb8ca6dcf48295070a
2ea21258fd0e6826eb246cf3acaaeb8d
fb9a98dcc5e2f90ac976afbf2c457a9e
5c7d58000d790e21742511d3b6e514e4
0181b787042ce02949bb4312d2c62589
ab520b4a3336bfd6d625acf3272517e3
195eb3cc4830d456c9b751c95162637e
c67bef3203b0cbb5a2be68a0f3a8b1b0
5bb8eb938c6f1a67aa87433d256901ed
bd4c417dd7c0ed31054918d38c6416cf
28e5d58260e1f753e039ec7bc6416e81
d451f31d38d11bfa288c0bc938a85f07
8bc4b1b8f80adcdd1132dd1a17138a81
f2100db6e558f6ee1409d35bccfa6656
8a6b8596f47b93093fced9fa8323b2ee
44138d713b96cf2f31ba626d2c1828b4
8c211b282ff33daad1391ca9fc31a9ac
02cfd54a59f9d9856b150014ed848c1c
687cdd4a6a4e2a6422e0b7da5da11cee
271801f156f907b54a6a5158f30c0d4a
124213868d5fbf96198222c27e1542ee
8d1cff5cc3d3e43f44765c242d0e9f1b
f0a8075b4e52a0e588ffb81cf9830b2a
7d3639432b250e17a182ba3dbb30aac8
2604516330dde81d79b500c3fdceef9c
3aa5835890fa22b8a3d8558b6bac6a22
31e8178a81a37bd8bbc834935bf70dd0
903ecad67186b88eea858073ca8ba682
94582e009750b2b1aaf7a6377f1a21c6
1a24b21301b83120830ffae8cb1927e0
f9a73259a8d2902ad98227d52e2568f3
07c7e8262cc3b76331c56dcc4060524c
58105d253f40dcb74ff4fb225e952ff2
89bb038e90d00ed302c19aa52b11bf5b
576474ffe3d652ea6039fb6b83aa4608
bc5cf014e7c3679b9e833d4578433ad5
3041c81f3fe5553e3c3e241f23b43ae1
81ff05b2ea7a0ea6a31a3e6a57ae8eda
e04331a91abfd6cd62e46b160ef0048a
96f52e01032c32677813528f0c29fc29
6fd103916ac656aa3ae14aa5ed620c41
a3f8e5b173ae97704d9bf3af0b7f9688
11dd1edd639c13f314d4b70693069afa
0fdee76026863abbf3521e3575d2368f
b8b354373876dac61a89557fa7e94c81
1481e6fdf94f76a8946a4688a70d563f
f710a735022287443968e685422a2430
ed30059970a103ef90876550520a0871
4d2617fcca0a8ec803065864f721c847
1eb19780dde644e91032241fb7c13d6d
f2994f6871d9a8e70a6d1410d44166c5
d66ec571cfebc7e67906dfdc78bafe74
e1e35a74e349b8a6f4b98ad3f54e7708
40ee2abdededba12e756bde9fa5a0c30
2532e145f9da03fac96533db8e50980f
492776121e66d4f0103286b6a781e3fa
5a5e8402f4ffcd62a28b3b90c5eeb16a
328230a3c01e630f85ec2f0339bdeecc
f8ed432c9a6ee76f6ddce4fa6d8ba149
a8dd45fec471db9043344e6686665f67
22f03f5296ba0ca1777fd60bab0cffb6
35e50727175ac93c79c3527fbac610f4
5c1d909f257c59bfebcb2c3d12587377
2f9e6f433493a92769ef4336d00d824f
5ae75079a9bf208d1fb23f6be4434db3
fae204e8a9b51d203733241d015c3510
b03447f08b82cc4f70340cc3b2c966c2
5c924ca426acb66ce031ed8b122e6610
68188235d2dd58e23f9b25d8b4fd6e18
2536b7b533f74e8ab1eebaec29c8d89e
f073a23c9f3fdecad1cfab57d681a628
c9b1ee847db674e9c930a63657785aea
047008eb956348ea1b08b9287b16f8dd
45b0daa21efc42cf8233ecb23ce6068f
2161483a87838833d573be9a21fa1edf
102189604a808ffe79fd02f6ab5033f9
1d8baccaecd1673a68e848ab664a4bf5
9dc1e7b9cccd6f9bdbbbef47995406ea
efd331ef37729b8a0ef68afb2a3f1366
c05c4510c3d1be17991eda91e4c22a25
7d859a5f5b262773099ca96e7e3de75f
53325c05498ffeb9bcbeac54e5ae7601
78279567fa41880d9dd61dc6c889e4d2
6580736c0990b8b01a0933a060eb845f
2258e386e64cb3100a5558c9e91688c2
e7be392f9da0c6fa5e15eacc11a9c07b
83be5a26849d865ecd0f92e118598651
b1d95bdd1f103a62c63f1d108734151a
8cb201c637c59cdab8644dc8ca208d31
305d841b6647fc7a4b06d80da65b70fa
63fb2ace335e9a87c7122b766bd5cc4c
b1eef67bb3a03fa45b4d5122565db6a1
f8b352053bb94aa18bd436c373bb037d
71a6e2cd1cd5c0cfa6ed6a696484e9b0
d6b427467996e9b749c1df7cf50b1e07
3b81137606b6d860618da03bb94ef17c
840f467f08595ca4203c972ffea88dcc
e9115d3aea99af638bfc43406cece76f
be37be2dd37c35ed7d3c33f6ebe01230
7b86c69119311f56500bd89b252ac544
b6ae0bbc94a0f45cecf36e9742da593a
80c4940de3dacc0eda0acb9ec9ff4320
cb918943175a9d2476c5a56b2aff20d8
0662ae5698c235230e3dcb6f5f4be0bd
26ae49f38e2feb607130eb79022bb81b
ee6830801d0083fed7e18f0ea09d2678
9dfe61b69c2c119cb000d7e42e681ee8
07afdd2aa042110ab6113b5d03d5366d
e71770ebb5f0b413a536285e1f71f292
ca2264487f757b5493ae1fc2dc39bb30
1e662a53af4ac01869d52d5d261fa8c6
e7afe1b506e189a08d3d61a829d27438
69cf621030a52cc8253912d53fb9e00f
2b98e5ad2bcf61a81dc400b03d0abddd
8f03ebc6ab80ef93fa70b35db12ce3b0
a4c7a4f8a0f550966831c9fb1289af10
ed5819ae09682c0f6baab59b1e4296ff
3b7f633fdcb07243fa094266d0634164
4f8788dca3a4dd5299088e14876633f5
d8dfc4591422d546a63dc8de890e4d40
02ea219fd109de38386456ae39edd06a
6292f5983b7a3fa5d22f913374b95107
f32b30e2b7d2bb3b8b262ad1b0fc63f8
4a20663c9e1159d22015728ca69d5526
09969562d1b1ec4ac6b09de6b922b316
b26332dfb94300ca350c7fcefe61f3a2
9ee76a3731949188769aa1c10f81003b
6077c9cd879a5b5c0e3e970fba7d4227
139fcfc61be0ff5b81aa786a75020d80
4ee51624b44fb7ca43cbaffe2b7d943c
8a3ef880314b4664a107270eed3f2046
dfc1d074c3e953533bc055cb0af41dd9
8c06ce12f1c0676107fdd8925d584d9f
a38cb6f7dcbb1721fc274ad971c7113b
fab87083d46f37fd38edf43ec7a69b06
6c0eeb5bde6c4096dd0ba8e3b60cf930
aa357ab6d1ca8a7ef97e61a6802dc2a9
b9653723ee98dd5d94f8b22c2688ff97
00f91b0984e8ce95ece2ae83065e11c1
3476d4c5adb859b313c5b97b6f60928c
9799e5bff5045203952fa63bed3eff1e
527e65a4c8ef6dc76604a60e59d703c1
560fe001c04deeed1e7e9edacea34f56
0d58d16deaec21d6e02f0a884fa5a187
f6c8e9ba98604d35b8e7517c241943f8
fe0a47600cfad561e5df75c2009631d6
2f8d4655cd54549737d0ac98a9985c53
d5188636550ffed5c22836053d8e6349
a7c40555404ab09df000333fa2f85645
98516aaaea6f683f05567261a46d04a6
b138f7e2f05ab20d4c1f3b66090a12df
fe50bf134c707af9325af8196915e28a
29f2cb977d58303b535ad96a177c9189
931ae036bf533a87a8a3ef5d4b10124d
b02298a69019a09e3c71d69327ffec08
4dd1ac5dd24e208ff65b02d62f158ae2
180354de9fcfb70e445fd7b00b88136c
50eaede4a2d4dcc623549577656de173
cbc4763c8980dba0adbc53eb96da627d
8ab86662d3c0da1c449ed1697b31c55d
5279249efc3dfb64cdf90375ec57b637
c82377ccf381fdf68cc44963ec0bdef0
80c36b462d5cc2348952318041bffc93
d0360797a136925c528b259d5fee6a74
7fa9708b29be69b2524ede4cf824cf70
3cf6bbee28a5812acb0f8314aecffd72
d59f58f10e305b4beba1bc3450b27cd9
97127036080bc82869b68c41d03ea088
5830bb09831c96aa99a336f220f586ba
ee8c10bdef5fad3f2a428cf8e0210980
0493301c02911f623d66e5020c211ee0
47d151bf5937fc71fb0bdb36cdb1647b
dc3c51569c65bf96a7b56a2dac9de510
b3e42784e17e7642f63c92fb3bff26f4
26f6ec26dae40901fd3ddf8b44d7b5b9
ecc575a1b431f72b9131a99d20b9c7f5
a72214584bf0cb575c790e4f7adf761c
af92070d9a7bc5ef3adca91473f4d39a
d9d0eb0cb04e0524bf4757131cadec90
57da3e28a4efbc956d315f858325cede
cec0eb26b5cbcd4c1270b50dba3764c7
fc7e56dc210eef46e8ab52c0e386c622
877be697257d95b151e81c09ebdab831
67cbf07acfd2f2323dd0ed7623dc6712
b60dea6b0a7d35ba849badb81d2fa1d0
ab25fcd9c7077f1d4d29cdf9d4a6c85b
0cccb7416ba7af665d5872d56dc9d5c1
b54bd11d422d9a4ea71a24c014aca055
385b206c7d6b05bd777dd9b27a8f4e98
aa153b45b88beb582de2a6166db1d19a
45c975311e7ea1ecca73b2140bcf63fc
0e9819be26d2aa5e2834c96d074a6a3c
5cbda0481d9f4158ec36b3b1ffd09a94
f963fb0a70f7265d2e5c903adf7fa607
943b7cfdc68f58d42549fe67d2a168ac
9a7a03d3660f5e8709224b2ecb100fef
5e707d2a56aaf2beda28c2542b41c7e6
b7f7414be1b672618135fdbe480fe82e
55f7cac67d32ea19e40b6d8775c5c6aa
f0b181390361824e55e61931c181f549
2ce73b628a5946f3296e2c3d69e7d96a
6269b1f633ece936a6241b6a695581cb
bb749b0fddab18cefbb1e1793d118fde
8e532d557f4b66a9e9a7699f35d9fb63
bd1d0f097df2b66bf5cae6e12307ac34
bad93ee7ad0528925d1f50a6f3d638ea
b849cacac26e0d276d4c5f02baacf95c
b24c812a0fd8e168d8351cfc7b62bdde
4b9aed408fc459021f8e412caccbcd55
92ff98da68af2552057ff41f7baea496
db31327bd6f78ec61aedfaf9e2d969e4
deb817b69ef8ba6fea4e40b3c560ccc2
5af6d8c88dc9ef88c0163f14b86b521a
d2882af9fd628212cfaa71067f172aec
452cbc242d92451ea6dd481472712360
873622b3faf70ff80c63fd9e678802b4
c963947442d3af4b1834e45212bffb57
7457dfcbac0b26904c44e985a87e2ad5
f122f7f7d29278f95a2e1310ddcca6c7
40a5b67227b96de5ed82316092f533fa
9fc8886a20544f34ed81058a0755c66d
0cf1b585eef3f30d9a2feafd3f87c68a
b77f5dad31827c92bdab735b45a8314a
61ce9845f9a3516a7988f8fe73e3a23f
cbd9b50feeeb5ca406b25e4c061b483e
f6bd07fa11a93414d7f85e01e0179162
1ca4065cae51f685cd059e63b7b06f03
d3887f55292ea952b7f7c7dccaa22d1b
0b958a2565d5f5ca4a18116f08053bea
b38e6397103751cded95ac87008e6a2a
6dd0b3c899e98a46e4d74635ae5ae028
ab52dafe9dbc778b432235f9f7a1834a
10f16783a0010d9f101696d548abb14e
8971cface5f8f0369e762b91bb89d952
213b096cbc3e82ceed8b85af17143869
54cd7c413346ed09a0d4fd83003277eb
8c9d9444773392044c3a43e963e86104
922e21186783d3388e8f558675050f8a
dcb1168f68a86eab4f8e52ee9226c25b
8afceb71f9e8bb2a3d118a58428a9469
9d2b4759781f77709a08d1e949c4508d
db578da76c51e7f75b3375e5b145a167
0056cb8e3b157b63273364092e3e45ac
2e2d99a470d193590d2b03154c705afc
1e889a5df904ea7e24c281b9d2a30b9a
7b06b6dbdb885db149709a85662eeec9
7c2feba50c76ed5b37ebb05a270b46bb
fc47e21aff9138fe3dc515a0ead3a60d
ee7ef241ee09043252b5285b3cfd520e
336903b5a0d7f8c073273a6575779439
65e916fd77ec87c3c9651ce4446deba1
5044d21f09ea434a45c1c78419b5a939
d8cecc03fb32f11ebafadc3eab48efd4
68e6fd6a9a0465c49469bcfd36f41f41
e5799c69717908c6dce9a866039a351c
f5888025a6e6f134a749b53088aee582
82bfe1d668ddbdd79e8f526c52455227
01a196d2fb4414fc1c3c1eb51ef5ad6c
9758e99e6765e78496023deb56fc95b6
5e758e95531233786981e3600b2aafd0
5911dd4766e19ee5d267a7211a1fead5
54385edc31f2eec593401befe0c4a643
091efefa4256a11c176cdc3d9feb21de
0305bed76308b499391cf095b6fb5449
b2fa31bb1f37635075ae6b95c5d80852
0b3082df63c2e28efa398b801a19cafc
de8406bae2e345b117352b2bb5800b66
ee557d4f049d64d3d65b1168eeef8baf
40ff139c936471d9daacb217def045a1
5b22cc2d982fe5834d149e3da005f8f4
da9ee813d631b23346631a7399c7f396
13495d4ecd09ba4e55eb2b881e78657a
5569a0edf57a687f7af92a67616b71cf
eb4c959378704561d6769d193bbf0037
f9913ffeb91d62ab20acbc3abc0063d9
764e50f52f278d870b36e681784a1f8a
2e8c6a6fda862c64e74be20ef99e6348
bfb4119d52740967364e95d19cf9d0d3
92a212757f600d3d625d41229787f02a
cdb09fe9e7512b80a951da4272a035c8
34dba620fe6192c0368a8472a443db15
17e6cd345708f981a3a55d824856e384
3e302d98d006f91829e20697d6f0f680
36cb3136383173e948e064ea190e151d
d013801d60fcc7a8813cc5479ec895a4
57d6bf55c7cf8dbc561a37b24ed161a6
34e15fe07ac918b1a86247d2800ad8a1
81ac084916b523637d46e5da1e451b17
a810eec04f0ade28969e616284bb95cb
ddd97dc224cd1e7f7badc70950712a8c
1d4a49757c036530f89f0b7fdcde2840
23ac4de92fc85c22ea407ad3ce2ecb05
875c38d0c76f3d0e39d80f2a0f94f701
78ecddf72e1f666fb636a8ea3becbfc6
fcd9ea03500306874267cd98697d0f49
af508c4ecf1d08eb60b0c0d3bcd24e41
8e022ac93852620c297f56d933794a95
6b1e8705c43b38ed7db529079cc337fc
d58062383f90e28b0bed6ea2ba57422d
59efdaecc9b93350be642cc5260f811a
3812078b8eb74edab48c3ca567ddace7
36a9a3437e1cb3c174009660b7cf2eaf
8c43d3e9fd5c3b933e4858285e7f70b3
2f29dc164f0595c8038443052e761dd2
1ae1546c0b390a88a88a23bedc254587
70597843d7094b04b5f5d23aefd07bf7
743eccc8bba26ef6a183d554139d6a36
8561781a8af3a65b1dc18266fa2abef0
c7a90425811efead598fb52d125f756b
f566d8b6fb0c69e7e6ddb35729b2f01b
043726abf23f568ada1894ac31b06543
434ba6111c41607b3d280eb77c359d6e
a72499992d6fc61c323e964fb296265c
d8c0f973cbe44729c10957c6a3117961
bdfe297f603499d17ccba45277b536aa
7b127b1d62cdc8633f4e97ed14d03301
2a5fc4ed9ee8a682dd11199170453dbc
6d9b713fd40195613456538ca3671b1b
4bf7fb6712969c4a672cbe8b381f8fe6
71ea03e86bcc5feb924023734a362c7a
fc8d092b831059bb9cc3edf3e5eeed71
884cc3229cb067adc8e38c4e5e9e5acd
eb40bbd02cba7ce95f68cf1fca36e38c
95902db58f922649e30392bad0bd60b0
e2bfd0adf5f9852e914e81dc47243abb
4ad36fdfd2de2d4e21cfa8472a9c76a2
83388f19d99682afd7572802f0851f70
e5445285f70adf06cf420741c74d7134
fcc2bd524da351f9a10a020cd6328d31
19063bed6c24f0230b4e37436d2e3bd9
020be1b031ed7663501a700d42832b60
d3f9f7f09e7482701e844bb823c4d227
5222ea6141b6e05a566f79a24a26b155
2a091e8b56d61401e47eb6cd2c21ab23
ddfbded17e5cab158eb9f5460fb9071b
c1dda2a94bfc5ca3bac6ebeff24e3c12
2e76c27e8039a0e21a732a5c247fc68b
6289f93445ef582c6fbcbeb551373240
e1415c0e45447359d9b47906830d8014
cc408af23b73dfd02d8845fefb63907e
aa51e4bcb51044bbb4fdf0113158ffab
eaa86f048223be66f98e1c83b17aa554
b0d31bd0401126eb0020d3c917e0c32e
ca77844feadb42ede38fb4387516c08a
16f25c45e3eaf998c7278308fc39b16b
bafcf65916ad80d3c7c96b835b5840db
a318fd4850f534bb4669d2dbc67e7078
e3bd994e6333dbe1454654b7ac7ebc44
0c9aff5cfc47255be9bb96789df121ac
be82259480bedb23e3f2400145224e93
a54a9d1aa99d01edf1c4024434c774e8
83c923c3d42c490a831f26ff5ce57f9e
4b267338dc6c3a89b05343e8d878e988
3af46c3be7624fd101de7495fb87454b
c900ab203a5f84068d5b4ea02ece66ec
eb18237e21cfa9adb1ecbb736536b74b
75d67a54bca91f3483dc3bfda503fed9
013627e2171ab9dd2fa447441ce450e4
2bb4e13d3dd81e2b75dd70df060d4004
bbb7708aacfcd31b1a153f2e524f22fa
da559385791e60643655fcf0840ebb55
a1cda8088abc41ff16338a99d583d461
0d47522199b84df6305d275ae9c41558
46a3934efcc148c216ec0b85511a69cb
8cd3f5815f91582f43973cd8fe1be29a
ff72ac4ee2a7e1bdb2a90d0e83e489a4
eb9175dbf52f605b7ea448f6199969f4
0c54f2c1069cc8b7191cda42d95f3c61
0a70015eb50a77882dd1ced7b3e6c138
e8115aa1e1a5244b78e803d9f5a45f25
853e1cd7414322d04873151e077f1ecd
3878d857cacf7400b3215aa2f2392178
390e9d5153b570eb14b3be2610d06f01
e40dbcc057dd4f9073fbf2898bdb620b
8fe2f696e2b2da2c85b8f97d81649098
45af4357e8ddaaf2f48fc0cf742716d0
edad647af6731e694069ae7bb9914875
df31927b7e62ebc103e6162b1ff5af82
1b2faff1d022b0e61e5b14de71fc27a4
75c14b9f0316d583efb85ad92be5b43d
b0e46f33d1c508bb6b15bc6c53b51092
9adb6d0994439f10bb5c3792b7ec7b21
3e9d3490ebf016747acda657b7eccb29
d545df65792accda316b1136e6774cb9
d48cae150a06bc23e3293c48daec64ae
af1f08eb63421b27e21cf167d725d357
ac9a0df5a756d32b6863dc885864ebca
e14b5d7bb5433ec8f02d65dff97575b2
9717794f4a8c3e3459d3570ef954a88a
e975a7b0aa3b15a454e514357ae018a8
c0a37a3fce49e6dfb1d1f7a9f03ff8c2
d564dce538e9f9a9abb63175a5c5e057
84c616754af99362190629b089ff7716
fc7b59b8c040c7e1d72d2e0a3fc6da64
127ef10e640d1ef8e1d81b80d65c5f20
621b81461b35002b777538c81e84eaab
5d7407d41b1244d8904516a9c67c6871
3c39b990942fda75e02a5a7e32ec259d
680b98ee3d856ef361f3596f0acb46d3
9b5c5d6289882144d83a2274ed950d75
80e787e0130d65a21cd86a450d81b442
ae9a32e6fbd32e94f551db99db2dd3f3
b77ecd8326e6508f24016f54a9688051
48573b38f456660e83e6b757438eb079
442aa157bed2bf45f7899872f83d46bd
69d24eaf934bd897176dbf46d00b9da3
1682284238ef9df8ccb7368f7e03e47a
ac6c61a048bd3938b8e72aa4a79caeb9
b2164febcdc259120fa273071290f925
95b6cd2859a0207fa2e00b6b34c6f44f
62deeba1fcbe6c5e90c8ca22484d47ac
d2cd1eda0a4ec0dc5ecb6bb066ef43e7
3e0deb85885dba2df53557dd9d4c18c7
9ab08240babd056932d591b3240bc649
62e88403d11cae4423df2ca736f9a077
11af0780a1ca882fe48a7990a1c71837
faf87459186588f0f36ad8b50af43c42
4c5c20ffcdc77c64b89d085448f801ca
e17dd560f1fbb69d885ab3b81aec2b41
9ea524795ed10809ed36a56eec28f7d2
be0bea6dbc3c844b0dc04b57be91db18
60586380d43595b3a85c8484c39f435c
8c76fcb048a9e442cd8264c4386d3a12
80de5eed0a15a467475e7c8ba2fb37f8
c15745bd49e2bf9e52ecb7d09946b349
1c8be364bd945f4c98d378539c2fee4c
2de495da74341e3be8169627b85250d2
68becb3a6d09f467ba614be554b60c85
4903dc0a5469cdc6cd9aa38526ab59ab
ea1a4e508ae8aebc8fd1297a5f474ce1
80221103a778db29406faf292ea0fd8f
af57125034c8a24dce7706f724b310af
daafb2d7d8dd66dbe3514da897489b94
8b6293e7cdae7b23d7b9f35949bc88c3
206a776b003b823ea8f5519e4053935c
34c780e2baf6e90734419fe481c621db
fd46d138d62d1cf80975703f48ba2d6d
1c944189c24bd2031db264d17ce469d9
1faf427d02639c522ecb097cc1cc7096
b8bc7cc06353640bb02a88bdaf8bcb27
617e2c16bc6992db5292a5a9262a3bb4
e2ebe6f7672fb6e2f13e78319804cb0e
be15f8ae629151e966b1b008c505e65d
4dd5bc3326159149f0624d507a317ab8
90b57ea68096157352d683ea853be8bf
553efb0729451e77c07c5fcc27736d8e
64ebab74e90c07efbb72435a169150a8
372217ce5b2205f1abd28591bda58185
fc3dc88021d02c7ce655497314c85e98
0c82beff1925e64c761761fd4d728d87
4522aafc6549311f073b0f91ac2ea961
1b2f5a5a24966d52d49439a358aabe0a
0f04fb4164e5cc937b0306530ddbd606
9b132b75f4c5f0fd4c4ba75ece2433e8
976af000e14646582e2258abd27eba22
ba03adb59d7652efec7147be0df33e2b
98cdb2c7cb1c77006086920279a45bb3
908c4876cf5cc01c537390529fa52cdb
3ed9c5944f7e38e29f7d0aa41704cc80
a50e11e5b95a9d60b69cc6ce2aad24df
e83faeba8f6de1989b6762fcbe129bb4
4f03d6dacd4d907ec821126ab09511d5
8a27c68d97c42a9231119768a2b54f3b
1566b5475c54b33c1574fb68b2efdf70
e2e6a7b99da0612caf4ef5501e2dfffa
19f0254be02606e9316f1540730de24a
9749b10a813d7141ba6bbccc4709732a
5d3887a5e9082c33952acd057fb6a852
7c1c9a7c906cf7d0dd3617230aa050ac
27dbea023cf3ff99b0c4c4b7c57ec42d
e340ad858f1c9e2088ddcb264dd40009
7c864491aa125b4225dae0ac67b22e1a
79250cb170e460ff5d85827a131a2db0
63034c5f7e3d86416ae87aa50ab7f84e
de36f76a6b1f597d4463ff29b087ff99
7c97f09db6d64b61f2dfea088da05e5a
c1ebe4827285f35c0d36b8e3cf1d64e9
c4f5aa22be11c90918a496899a91aed8
d8520fe618d950352b1f9d0fb568e534
3dc137f8e73b509d046bf8eeb92fd06c
602077515f107e55a15fa271431eb93d
a1a1830fc4b28862d2b8ce4781c3517c
a720931d09ceb328050c7184abf34438
10ead1be9fc4bff69fc54a0f242f9b69
d60b3927f9a727567ba8cf2b896106f0
371cfb1786bdd420f4857a6a41c494e0
b6208bb7d361be323fff34b9685ce9e4
6e3eafbc546492610b9a6068ca6a57e3
0f6cd940e7b24f8b49f299d9d0a3e22c
9474c1259d243f156d8ea2667f9d2b49
ddd6f02bc4ccc4c30b08f18c38039e17
10ea532135fd864f8d9c9f79cb180731
06aa6827ff1f4092e4f7ff24efec7a8a
0b83d3b86057ba5efe642d3392ff8749
8db945a7eeebf00bc7ce272a2b987815
763d9c6280d51a6e111e138ad990642e
ac16568e1c384bc186b4518d20474c0a
24635911400278b70b144ca220aa777e
c8f1e825a388fb6991342daf2fc85ad3
4a2275f0d13f43ff0d48ee6060fead1d
4a9ca17bfb23347ed81c5ac52688e162
42223fa6ad67610dc16f0c08f4991f94
7c48bf3ede301a4843682fa7d7363bf2
cc40d9bdf881db481669c00b4665ef93
1e51e0404de3862405aa7c7e8cfb2450
d50d2d91bb3b2db0ac90f8535d9ae78f
82122af5f3bcfd3f1311824f0fdc422d
5f8b59e91c3303370b071dc9eb904a4b
2add7484a25306d4787a852feaa72338
49e4374846904d29ca5b4827dae1d4a2
9192a5629067cfc5e6e82f46c9f6daa5
b7b0ae4efe2e3a4811eb20f8fcd7e22a
e34d06315e77e3296d0fc3c702915b98
facda4eeb60031576f9ad22b5bebecbd
97bab985bd4ccba453918c68d161a518
41a1e841e18d078d164be2cc5267633e
ad8ffc09013a29e3e94aa6e13a4af773
f85d37313742381f51509f33256dd9c6
e0b0b87a551cd9fbc11e0864387c42c7
f55f90f293707d23a0bdeff28a70c819
ebd8dc3e46b356de1d041f43b10de1ad
a46d449e8da6a471d3bc31a8fde68f9b
4e3efea9665a08f619747a7cf145eb83
937efe3d07ff0e163d4bad94fd3506a6
35f6bd5f552dff7136bb25b4d8580446
8013dfa260c8006ef9b54b438bb88d20
8a925cac2e5a3d0950de6122b2318443
23ebbc64065c146e97fe342b2c9f9b7b
8eaee081f61588a71c4a60dfd03cacb5
95c6a2b6c504859da09fdd2f742c96a9
18fb89fe3b2ce4fc160ed56e19571353
91cc1b533491767b30def19fcdc4016a
362a6e59bae66ea07659f6721728c400
cbf09fcb227c9b4f41c89d224bf3f11a
e655699d2b1f0836d1bb6aff3eba5c9f
cf23ba6b69442de90c58f2f545bd0df6
5e6dabcfb99c73c661c2d613ae3aeae7
c11fea6a80f73f663983d84b8c836c51
a75eb0bc2a7504f3c8171cb9fc7b7b07
b6557b931afd8fd4ce1cbb0a36a0092d
0fb6c53624435446a35b9b7e7139d868
92f3649cbc02e9f63cd1c8a319b660af
d743c3c42b6f6c9cc482c845df959fad
fbedb0578157564e3d43688809337eec
3fcebe55cdc14c0bc80f440c375708ae
4238b71609e7c45c9264418ea3776ff0
5e0ef8a2ecb086b6a4dffba2e156bcc8
9ac29f5b932e525a707a68184387c705
6d4174b7b3bd83a47649b3f7c7bfba5d
f5c235deeaf9d0a9a1161619454d977d
3ed04ca34d71b3ff71d08c7afa9c8d83
350742ba1f103c0e322a17ff3778e3cc
820866c1b9163476f11796c1d40064db
f047d76496830d5fd08804abcccd8267
c8b7ae04e7605554b598db63cc694c3a
c6e45d434d4780899f527599028a536c
09dfb6f0dedbdd9d2abbd8f69bf0e5d3
20f326d9e83f47db4e6f5e41aa02f9f3
00c3ffee03f23b8b1603f0792d2b8504
19073f853ddc64e531ae57b97bac8c69
a5750ba13fa77bc2a62336cb12629915
278fde051d3a106881127a1fe48e6bc4
77c419a5e7ab9fdb00d2e751fb63f2a8
499f7e4cce1c2e6a95ebcfd9479ada61
37c7b662e48fb0c02e0f169cb6389540
14ef8c10426376b83167d1a86d4a7b88
8e4400dff434d3821996f5a74a530fac
4fff769daa4a2cef0ba47ebb27c49fce
4adf61b0f7b6e0ec660109580cdad7a0
44d40d208f483b404d2a7209c66a0f26
bbe6ed3216737677329ed2426c2bd7fe
616d7558f390765a07b101c37d7dea07
5b3c2a01c373eca7dfb2e299ecc03320
24246a413afefbf5728d800ba0a45520
d758d3ffd7004e789261058b4d0de0ff
8187f7b826bcf21091fb8186fbd53b91
731ab5c5de904086d3d10f1aed7e25a4
2c9826d4ca8ab47f57a69629bb5423d6
a2fc006e96f6c6c3b42fdbe8cde96aaa
f3e8729c4818afd3fe415f37d89aa0c5
e412e3221f5656caa6ed6f404068ab87
2861a1a2998d55d77ba4107d1264c36f
c066f5e247735670063f3810a87114b5
45bb486248b7f71885c1c0a7deb5b7f2
ad7499bcfb973f12aeb586a45001ee32
c5b42e8e6c7a45bb87ff2b4c8c132e23
a4984909cd3271bd92adfc6aa853b4b0
813047287940a8970a00200a384182e0
96c250e2b4e2d391858052cc722462cc
ea0ad273479a0e5db4a4dac658235478
14ae8f9cfbee5ac4a83dd9b4ebbca4da
a79805dea1c2c02d7c40953a0a284700
89f0995ed5141d0a8dbe47d1de62c60c
fd98854845dbaff2a5f80163f01b672d
6a246848d27de21cdb28e88679d101db
755a3eb9180775f9986f166f3146f75a
5846ab45fb593670352bb3848ddb4e5c
22971513cc72f811123504c687f9c37c
92797d4ebbbcd11cf7a4ba70b23ff5d7
87dd497ea2abfb42d292b62e8acbc8a8
b3d2653c4900fff53a77c4dc1ede2c90
2e198eec10e59b1428fbdf5fa2adffb2
e895da1ac3910a5b29b0d63d710d04f8
bb533687decea502f116500a4545a809
529b7c6f88fd9ba1ce6d268a5ef7a734
f9e88245a131eb2e0b3414a49acbe6eb
242fe9dfddc0f62d317d0650d2dc5854
98e54062ce65de47954b5a091461222a
576c44be4c0f61978936f21bea2d0817
dad781b41ad589508774f15472e070e6
96aa4dc0bba43a7fe504b2540877ecba
620225abba4e37b08d86b7ecbb94de25
825e48ebcb263afea4c97a69a9634148
3aa44c273f91975cd3913a28df76a744
2ad0b3b275761ffb0e2fc6f3cbe9b12e
56a8c948ebc6df50a8a0a38e5a5b2849
b93f7a31ae32b51512264e6725662a62
0f85a6721de5e5bc459608c7ffe875cc
655fdce4ad932d3ef49d64b5e52e8c13
f9029f6c8047caaec809eea130aa8017
7cb1f459bc97b0f7694227767138998a
045ba93f6f33b8cef5671c8081168ed6
f678a23d2cac800b483b5c0757f0a60e
c558880967e14dc7b1fa3bb9b0376eed
57be410dc60d9617ed527fbb60e16771
be239417c23145b7a3fd82110438b281
23fb7e6553cda87d55ab912e01fa0ad5
700d7692afe62c2b7db7c955de748aa1
67f5a75c5ab9f87380e18d3b75744a4e
0cb1e34e757dc90df922d94ab6f1a55c
6ac268a179e9dc0d03bbb9c2968222a4
583ade732b4b14905aa42f6cf283781a
66bf654f751b8ca892f730c29c1a9aa5
884e87e7a58b3fbaefbe04fabd2e1297
780df6995373b930a720b25e83de45bf
bd3e42f05900cca88cb3a6ca3be98e5a
732c14fe4061c7fbd60e1e229d92a4cd
9fcb85ebbb497cc99c1fe6ef7b17bcbe
81c6293078be19c44efd18955f6005d0
048fbfdb0f1cd6cb5c43fb930b8fbab0
ee905236b1c37786af40c0890f5baeb6
984486f85318f75e64070945fa1d38da
e39b86712c3b41c863539366aae5b813
c34bafff28846b0339203286e1456e29
c5999fce78fbcadf8138b6763bdb8fd5
3e19ef8a03de1126366dbfbaa2e435d6
09d4f94b27922105c8a1e3b7d4a287ea
a237adf8cc1a2f873823b083f76966fb
4295272779bb445e308efd5c4b4c25f8
181a4c5195977a57b4e73057d687ef4e
8c3c135b1cef1bf7443e14ddc20feaf5
bd77cbc40fdd6e353b735a3cbfa24a14
dd6675b56f476cfbdec5cbe829b73589
7f5b703d9b793f04601c2cb21170ea67
30d62d640468541fa0fc3442bbeda05d
73bc969986018e9f5bc0dc45e0698da8
5b5c5a359a8b84f93b043e43ddd60a17
34c85364ec5b2886d2da07483271d3eb
5c8492d2cf8021554b18f3c4badb36ff
2280d14144af670133bc1dda821ea5e7
481da90f3cfd3295aace5b0eecb39626
19f4e8a79835c4eae219db4d3d75e252
d3830eedfc36b2c40e29df1d4e056daf
f4eb45950407c87530b0d08cea0804ac
bfcace0215b3bc8f419ff37f97b2b64f
acc2ba49644e1a88d6df6cdb27e919ee
384c14c3b2c6fd57d489f1405fecec2a
b376ecb448e455bbd2301061800fdbbf
c9485c245649da646e6aa6b35a27974d
0852fe9c544015363dcc0b05d5c985a6
2154c0a63c514d8b272a526a6548c09f
2421c60ca21789ed0a9b5f19b7e037f0
de37d5aa0db3a14bfe9dad70b3a0961c
8434485957ac89f8c74af2db7e574442
21159f0252e8e190d02ed24b4885b62a
03eb10678aaafd828be6a672371ae401
f8a343be3ea1039d3ac05aa7d7dd8c63
01e52d2d18490712e9adf01d40397923
4b5456ad75b4f4d810cbfb98561c6208
89dfb1a6f52030ef1cd8ea4c1722b1e0
2c51fc0b2e1120ae4a9c4d4f82c0829a
34cb157793bedfafe2dcb8faa53d9441
45e812071108cef3914dc4aefe4992cc
c8744bb120f47272bae686e34314ea6e
91e9599791b7e16bcb7d94a5eb4a617b
3a173842c3505b9ea416b43ec05801ba
48eba90b91161b3922e574e50a9ef323
dd4840786a7192300fc6ff2e09e78697
8ac0d1cab2acd95998ca4ff842203593
db597b5fa7b2af3af17e278d5195763f
2ad79f11b2677e5f8db3e54894d64e44
3b170c68f2847349a79b038f93cd288d
73ede02712078e528426812726f7b627
6e4a8c181a07bb58ba2345a707654faa
94714149af583bcff3663d0eb1ab2746
d908e660c07cf9ef03af5f70cf9ff954
326b3b1426d29a89a6c9986612d1e2a0
c194dfa8b061adc5ddc98b60a272f8d7
f736d89586e9915c4f06dbcdd7b9ee2e
4b229fd90481f3610511b736ad346798
4ad74fff757be21a34f9229287e652bc
f0624ffa0a8dabd301906840306a8d7f
b071edc7f8c3d0b829cd2ad1c518824b
40a815bee83a1a1dad3c46b51471b05b
af219030919cbbee8cf6be8a199a925c
490c2c37ed2656d3763004d46fbf5331
c8fb5fc77f243e4b68ad3da7d3ac4915
6a5629e2f0252f0f9ac4233c20d52e2c
a638234722c9f2dc64b0ac5af3e5a160
b89d7490fd00c5d118bb7f743aa3e445
cd22000db47beaddb30f70c08e7ffcc2
004c85d293efc00ff30b3774553fe939
40410b1045c8b13809593e8ac734cb2a
26405ea1361d385d336cb1da1324b03e
53fde7590e122aa355c94cc839dd868d
defabbfcf525bd914831e1bc665f9d69
b9cd154efa011d4037e99fe9a8f396d5
b8c83c26f68a5bdc070612b87dfbd979
bcf14d3af66830a8061ad50b0db71cd8
0d4b1987d1303b5ca0072f8e83b178c5
b8f4e4c60e3693ee70dbec73c34db9f5
18a7f9cf49881f53b43055dec779b24e
b7d0a43cca5208abccfc4aca4a2b836a
807143d911ce955a86d901cd6991d9bc
75a08e6ecb41d03eb4bf922a427a50aa
8b2bbaac31b9d23603eb45dd63da96b8
6b491edcf6f86f293655ad3dcea4064e
143bc374468c542099dfbf35ce3054ce
2d45bf6bbe5c548ee251173f569f079a
8c700c96812aa132e9fab96c8caee894
51967a144f832fdd594aafdc7a4ccb8a
e1fc36b778b26e813f6a4d117bf7cbe1
9943cad1c2c695ebe2b9e6bf88dd6ddd
8250b9eabe3c65e1d8ce02621067235f
ff466e5a8d57a41070f6d2a47838f477
baa545942710ab430c26407770b3ad63
5f47b234ab5ee4a0b2066e84d9bed101
f1807892d10b348fe1c10cf900c9720d
ceb8eb09536f21577246eef5e0dd97ee
c857e51c103e6ce1737265d624a01241
4e8522eaa9149c2f46a94008e4a29a9a
5b119d25cffe8ffa26d996f820cfe2fe
e265bf24120e8b511c434e47d24261ef
5657ae3879887a9a9a87b6c23a322e9d
10aba3b2d53e8f57718fd73cd4207dbd
6a97cbe8b1dc43e70a78e4901b0d910b
0e2e01fa2057b5567b1fbeae5c187033
6f2fb0b525c0c8b93570bdd76bab1665
28054d49fc4dda675357591643637f17
0e3e9782b21e856262edbf5368c4d93f
71a560d8d69a4b9850f57b46b2d7d55d
136353f85e939bb4c8f64d402c039fa5
8fbe95888577c53cd8334438bd860511
1ed9ef14a4bc0a1e47ffd77083bc73c5
3d84cfc6bfbe4a053fbcee8f9b366f76
588fe4e68a9fcb18f3476cdcc45519ea
282f2b9ce1890d12b37dd61d78974721
20b1bab02db76d089bc14e9abfc96265
5e6f07d875d2023bde302ee1e3e72069
1de54385848fa75521b1dd1f5bdad4d3
2806b60631e34d2304d8fe9890c4303d
9df76abb241e56768a8652d4de39e2dc
b408cbdbd5b1e50b4116c092a4645fa4
da10b778a24d1c4e7026afa2a2e48c1a
cc023fb2493d61cab803ed59af9725d1
2a06cefc78afd2e105fa2101b959c796
1428f44c920b968a95f73e93531cd863
24adb1cf60ac659a0c60b27c2f6757b1
17a53c8d84763d78f26a94765f7e06f0
79b3c39e7861239b1f44a8c8facc916f
643850a2eea7381cfb85efedfd64a9fe
31a088174fc391e4395aaccf55be3efe
e6e819506361692955aa73d49686269e
11b7bac6f95f67b77e27ec7c08a0bf7a
6b62a0379b102cc27bdd49557cb2a149
3463fee2fe848c7cc3866d9932dde6a5
e8289fc1084aca011e09c6abe7fe472d
01448202ccb7bd39e83bc26396773e82
c09679ac7797e9a3a7cc4290a3da23b5
e1945ec217e0ecb1d5702cf9b33c697b
ec7fbda655555c3e9c6fc0f81998c9d1
642c18d9bba0024e2084371ab3d67b4b
b7abf3743e4a0c0fed6dfdcaaa43963b
9cff424769da12146448611786a161a7
ba35767245f4bd38ecfe79f43680814d
62f72a121426e4251463b99e6bb73491
a2157a9094507f5908829fb24d8dfc2c
3ae9c12f67e4d716d8579589932a85b8
4d48f91458a8278358695538c7de158a
10a64fc0e5bb87789fc031309101dbae
20fccc4b8b8b924b32a2c69ff46182b4
835c26f9a1d414c43ec19309d2d2ba86
92e0fdb98feecdb8e298a27daf3a0cbe
734cedc5d914fd1e793c6db0b0525d9f
baeab2f4dd4a82eaea215f1f973e5d95
eeef5d810146c7d033d03a1773aba250
857ba7af9141cae11c2814f822b7f441
4880c17c24bebe4cd5e69f811ff1b920
0b032de273dc445bbac5e35b14e91bce
caac409f69959d1d9605fab040c02828
1d73c1510edfd2b2c629723d83bc0c9a
006f644a00ee62df5f33568dbecb7b9e
7a36aaf247af25d8ae17041a52fe4d04
0d440681256ed291821b4878a911ab21
e403751f3ded5cb95e7c96bf9dbed07f
38302ef66f880e2817ee8e872cc1c2ef
4015cfcc2a26f04e7f75fd5d7c3a1bd5
07aee0b1470de8204c4c1b2ac8e69791
1dc96622a0361c7b28528b1369088fce
3858114bd1758a3ee83af5dd3f3f5bfe
822e9482c4f489fd0a41f0e9d8048822
ac653089111954ca79b58a2255ba9f7c
5e4f42d5c582c1c772520f5720de5354
ff4253d6fe99cc68454482330d83f049
406f836aeb36cfa0639c6524d452a92c
15949d3ceb916a55e41850583c7f21d5
f040f176dd5a7d65e646fe25d256b7c0
e57594e00038e6bd2c9f7e59df5146a0
4b0038e121e6d6d5607898fcad70977d
00af67783145b3e4723388c2f8ebb49e
caada957e166c3ad71629c5d57b47d81
2d887adaa2b53349177e3d981e41167e
424a5699b30ca7bb1800c38834eefbc6
a1f9d272885cbeee81a1d513ba280131
30d4ca6389092b4413c99fd5c7a141cd
8118b06393c1cda17e349a747d3c789e
9607283a6ec1927890be6cf82846c88b
64100addc355141afbc4dc7cd4ca7689
97625bb9bd3a0098d3ee27096f262ab1
efea316715bbbf9b0635ea861fa7548e
ec780e3f446f1a9b2b05f8b9947b41ce
605d862f633df2d68adc6ddd67077869
9374a7becbbb7a32b39ff472417b3ddf
da0d13095a1e2ff9158655052cc815ed
3ccf42fec3ba2a1929a6af2ce210c798
2409555967055f52dcaaf25c1d7c03ee
349c729f0c55f7c95f7ece54d3d73401
b44aa2fa4464df487487d2a1bde721fe
94108f24a24b899862ff36fe8cc1d3d0
709ac3302c8c45e4b2d4209f99f3aa2f
7feacb1a5e8b57cc2a5d880068864d22
40cb4a3881d35dcaec1102d8a8722994
acaf52db00d9436508a0f16545772ce5
13fc0190a2c07747e1f6882a8a18cb31
6b3f111a545850398d7c28aef9a6649e
5c3534ad19f566e44e2e60c31eb11c33
02bae93748f368c57fb7b139939b3a5e
f71eafc4195a4948556358a203150bcb
9f9a0d992eb5171eba6edc159edc4ee4
0625ab9e60de2667d14b97ce5754e743
84a82418a6964a0021f26687557bdb8b
fe45b89915becb9378d7ee199c0f3ab8
33e91a8ffc68714d68332b489364d76c
9014991daadf90d0253b365383f0e667
8ea3bb5e68c5345456c967690cc6b7da
0973f5b4a55e0fba860faa1faa6419a5
36f5d7d5af01df27e106c14f0888d796
ccef70a5cc3b64122bc83ad7976f463d
4efd1631cb16a5f34c1fac2092be56ef
097f65347f6d5a71c90b78260cbe5a1f
077ffab9c63858d68a575fb9843ad411
61ea2a9e75316a39ffe9faaed1ce949c
07099fb35911f96f1540d8a5c63c9a28
f464ee12c3ce6110beeceae00641c253
afe347a6e0dcfe6d240401b58142cecb
563a628766a296f28d2b3659e612f545
60b21bc1ae676232b8e150443f98c3e1
36c33392d5e10545575f7b4d6d4807da
28a5744fbd54a9672d75c7d11aab4b19
cfcb3bfa7ed8c8a54388afdf70ddfd7a
380056176fdf3fb52da954eab1de5231
0027e12fa95d34ba0f6dcc6a9cdc65f4
2cfff5e16fc2bf41670fe8499ff5e18d
a6dbfb3473c5063ee0addace05d226d9
aa5ea35abc28f61dc0550d6ae3c4dd58
e1923f2b88dea14afd044811936bbc45
bb0f8fa5aa3118e135507c11f67de6da
bf0900f0dff7eed78ea5bce26fbd26ef
21b60ca3b8d68615c6d6cc8e4113018d
35504e77c485a82e724fd2eee5a33a11
e23bbab23b8e1221b63e7b29a1976e87
90352d7df396eebbbc372e6da5835416
54f399078e0fd3d8482b8399f136076f
d153d1236872a617a3da4ee007e8a560
2031bd182d064e4112979ae6fc24ccc0
8ab1d5a9ef2c47be76ef4a22ecd94e3a
eb3dea9d29d8cdbcce28e6c70ce24c62
74bb1558febf82c74fab5d34860d3a0f
a47891fe152e6d82776a9d3d2f35bb55
ccaf4770baf04333f0791eea93d3e75f
303afc332202a2dda6021b30bd668aea
4c0ad6f94d367815424eed053f9f0212
3bac56da3ed87271c442587ef5c69442
365f1ba5dd4c2b1c6b2422d93d016cad
89d483856dad5bf3faedf03241597183
f5c7336c5ff0b1b14b550d539febcb16
5e930a16ad4f8c200049172aac36946a
8af831fa7b2d39a2c1a304376e194b6f
d284790e180b7092e5fe6b051a1b21be
506a82db29fded9b930fc6fab08f18af
d8c674623504dfa24f3fe2aa114ac969
2a06217eb56b5941308b5da34a27b69d
0243b01a9ac35a29c1f51158dc3d0b21
05f1440d95dc7a658f493d35bab543bd
4072602dab7876aaf550a4fb422afb5c
323b24d499c39fd72b309f29fdb6406b
61f34bef0684a43eefea7dadc246dddd
1b002248c27c033e49b9d174d55e345b
1e9cc1698038362397526a0f44044a65
784ef3a19de2779c3c95874e3cf921ae
4bc44d6f8b10916f038ca024a95ccd4c
69bed013b0b65bfb045967f7db19bfdc
e93e5d06fcd01087f375e2486d2471ec
362838e78773dc231f43418b3c8667db
dcfb518a7e351325dbacc2e0a532db03
d3a9172ca6d72f9d6450bb782423abcd
01e0c408c369c706180d3f120dbafaea
156a2121966025cb49cce9738b0978fd
94004618dd9b18cded2f765420312e85
a6f266c853974011596317f3b0279bcf
675f9087c5adb44fc8a85cdf2dc14ed6
151cf5f9bf2b16cf6a64485bbe9e7a25
fcf01ac9441e0460b6a940fd897b5f25
a0d73f815979db51572f4ecf1dada960
7b6c597f6843b761c868bbfcd32f2fb2
bf702e216fac0d44ed9a2716d8eb1121
f85a94cb98884929f401afa1d9b796f8
829522c04cb920a0fa8e81c258ed95ca
8640137dfe169c1e192bf3d92c18f789
2b2d1e376d0bb050ef4ff12c39357735
d5b60f91c96c287f9b74fdb4f282541f
59491ff70ee5ac8bf085c090e9f84924
590c53312a343a81dfc1319a86258488
30320af556bea27468aee90487943f4e
6e6f50bb527700e3126dc3b9e30be200
e68976e57787c7fc54a093f8f88905e0
4da1232284120fc3cd9c1088d93220f6
66b9ca675cdf12c28404a761fc267608
b42a7cdb0f820ace17fe6b91ed05da3d
cc1447dd793a828c760e2ba79e2aec95
cc307e3db685f3082fcb8e1747b3dfb0
55fbb36b3b5a2a5f725d71f6e34121e6
cb25ddb95e22e774c1d95cfca81156b8
11e8ad8e20c5bbb72274fa6e54b349a0
19e3beb7b003350878468e5d55f41b59
c7067c5d8fb7b4aa9f7950bc9dc1576c
68de9e2314a14eeba1a437d20d373b49
9553229c4596fadc19a94c87a19068a3
6541c6178457e8d183903d36e302cc8b
58a287a24c5365535d4bb669f29db857
b3e9ad62b5c3d9c0c13efd051ba4ff7b
ce0f45a08b001fec8bf82a9a3c3659fe
a44cbd8167d7076939396d8231d014ae
7ed77d249bb668d66096b90d3a6ef757
240ab99e110e819082fb19b8d7654d96
e158fde77f07be3234d247a2241b03f0
6c5059c20e5d74a26ee17daea34578d1
1ead38354ddf2cf16bc34a1e15926758
5bdd4530b3eaac03422fdbca5dc2b56e
8c64f0c42504472649e031046da1040d
007652901b70974236e40ae988ee6baf
7c9cfab60c7f8a7d08a8ec213a151116
0c65fbe666786b2fdabfc68b0d116291
ac1012dfddf52c3349bbd901de88c901
8873c4e869374f17c3f61384a9718b33
b284267c7c2e690c0e04f50a3c7c42d6
871a804b21daf95f39d6cb79e437e433
840fd7e37af3b44436f2b44f0ccf62f0
85c2fa537aacc1cc0da0d5a9b4233123
87747c2aed51a698d317f2512492ba1f
e2f72a39f9058aa338c52262cedb6be3
867a3e263089f23009b43675e668e418
47f78555f38757a0cbee97ee0dae5e5b
efcd9761ee63ee3993acc004166be19b
61f2df68a573212bc4a16e0a25cb0d19
5e73d049a41a7c7706e1b3695b8d86e2
232e0260a46e21af9e05cec079ba7afe
a067dddab4aaab89a370c8a64a4a0112
ac9f3e211e63a55512eba89897155d17
023d6fdca7d634b4af2af2c9e6745507
c491a73ab9fc547b04c6f89e857eab1d
9bc3b2466209b6cf045deece70289cdb
27ae1e454666ff08f42ac290c976c417
013679fbe0f15de942fe9fff6b6a3413
9f6c261b4227b1459c693b3016f7c369
4cf888b1792ec2e0f5e922e719e74e82
bb81a49bb35db665a0ad8e0a88e1ced5
3d85ed29f4aec2a1835a8ac728b63ad5
844e018210ab00505df2280bc9704bd6
2810e614dec9252ff7c2e8513cc13d50
e4b21585345a13c208766034b6fb8916
925e4b6e89a4599a0dd23dbd375edd53
fdb1d549f13f4ebba2b37517cd5b138c
7c4eb7a6fa4a33c3526cbc23f377153d
15fb97f501c34157abbfb5fdd4ecb4a3
57f5a10af3b0c42387af1cee13c972e8
216bb67c2131dd67b84ace4ef187d7b1
b80ffdf3c25847ab4eec3e757324a89f
b5b93f15eb21a26c909678693487a774
1cfc86acad25713a5cb60efed28b102b
a68a1d5f1230587b07ac92c83d38d510
af330062e62e68ddd201b2d0daf05e70
804acaad459b8a1ca7592072dd589126
1b98091147eb546c3af63d8909ac01c8
16c1e74eecc622f8e42e0ffd6b45b618
f5f83524a04e3da3ee3c8490b1c0f7b3
85dbf786cadd82df3efd791c2ed3b98f
7cfdf6b08ad20e10777cbfbebffbf473
8882621e38844d84499c73c2ee66677d
686067bc6d4ecec0df41dd5d2357bea5
716fcc1561ed27dfa8a18d4452e07888
9a1cdfbc91a4c052ccc02525e122177e
1717638c5c316788dcd1a8916f755029
ef3d178578594e8c4e26c4d939393384
1aba28930f00a74cde6442e7159a89fa
3f651dc58fb51158ccda50974da54378
2592d966fcffc6f980b34ad05fbed699
d8946713fd62dea07d7479633ec7ca8a
4747015cf9796e48d91d45ced2fc4893
8204464594d6b4737e4af22bb6e444f6
fd966c144d4fcc63169cbf8a57994fbd
251f6ce63c87a84369e89bf2ffefde1c
f2bff43a2429328e1554d03669f809c7
07d6cc8b14f3b0e91967cacee1d1d6ae
c75094a3ae2fa88d89ed38efbe4d744a
c7e289b70d97e2955f837af30c34433c
2d89908ecffd85354d16d02458048fed
ac1d14ce5e6159a303c936e7bf3b8f9d
61d7c398bef8806bdfc42085879cf4e9
2c09c8d1bed11c2c238500694a5dd5c3
2f6a844fa3f315750d63d89d2a327c00
1c786b578d544d4d4b6f95a79baf6d5c
dcbe6bb1aeeb49f545c6457eacff9fb1
c2f90012013b2fefe476464b6da2fd3e
82de278fa816b5ff6d0ca154cde94a99
3fcc59c37e1a24dba194836735a27742
a8acb08108aea39f698e29393fa0b472
f1a0c1d656ea45cfbedf0650482d023e
cb449eeb7e9bbffc9f734823a8226df7
59ac09b952b49477d5f6cb62a2df909f
1d2da3a6791b2a515a8f7b296931550a
87ec496464e962fa02aec22a6c07cf1c
bc714857db87507e9a768d2770aa640a
2dd05045134aaf43b17a6f0c01e3f137
a93f205d6595a41687111cc2d2632af4
f3d2679f37ed5d3a9582da5acd35917c
321b90813bf4b04063adc69eefa55342
865ed39ba535610d6a1d169803680986
09863144d78ba6a3ef8a4364641db66c
4a0dc0fe4a96855046608cb7c97fceb9
677f2de5ee9264da2da7ea5694185be3
df660dda13ca295deee8d64260d635d0
5de7304df197b50438dc4448b7a1ab40
43acd1e9efcc48330a5f02b1162d5453
56d4e877b8931dda698687568a49e92a
46d18a2bca490123a0b67f87a3490187
6111d7b42e0a23ffc2b3ade4440647f8
0092751370ba2341449eddc07496c837
65481df3309b9c7675c8f2a98801f9bb
c6de8a03e7c100c21c7bd42fd385eec6
68fb970578898bd8181e21f49da6e53f
374f39a6083b051e1aa65dbdf7b7eddc
cd6413cdf007d9c9ffe5d9422a0a9b98
b903eb02427ee7aba2df5c660a584c0b
19d52572715e92e3ac9357874a19c1bb
c5da82bc695c2ecd0fb57564cb45b293
d725f17746088fc4136b07c48bce1731
de9cb1ea3b30e765f118e6717955ae99
d58cacff95fadcc36de1b33dc85beb70
eb46488eb96142dcf056373e21ee1bae
af82cfa11060d33440669519c271e9e1
559d0a97da1c73db5e4294815799abe1
543a4a004e57bc27d80a34d4de482d31
21c5c240fd83d492c072ade3d952bcb0
692f9dc067ef526bf48b19f1ba42e954
79ef26079a2eaf7a32912b0c6c86af41
e1e7482bd1570b5315e2ca7f90baa411
89ec1162e5253abf5fa9354c95691da9
31b3d589c678a01e9a809930653bd0cd
41fcd310daf14d8a509d0bb2a4600a56
496106ceec295ca5b1cab840e2f164a7
ec571dca1f5c72440b00d2a1ca00848e
4a523c962e866e27182fd62fe58e5b53
7bc672ce6adf559e85907d1778b0bec5
94ce0a96d23342c94f914842b68e67b7
e3d637b39bed7f76e9111595e23e170a
533078409726ce920e60bca716060fb6
75b646daed75a97063ccbf62f835fc59
010909c9543ac1164875db312ddce25b
acc25114f57e8c43375cd9cee9bc33d5
1bd6e1e9bc79413415ae3103d0ac0fbf
9e72f7d9d83cef1a553e99a9ab9658f1
b90e117d443018e446202051c901d63c
142c51b94885534b17cf49ea24aa9d27
f2a6302cf5889285d0a77fc574233a79
1af317f63b24ba69e995dcfc95c328cf
3685cd04f96169d7dd4e354cddd70bd4
2503d529294f52eaff8887fc4f3d5e16
698a3afc51c3ec1750ac0e965948a97f
3ca5bfdb21dc7576576dbe47ba8d7b96
4fa26e926d02bbcfd536eae268da22ee
8aad1660a775de0568ff820b6df857a1
6b3b5bcbdcf4c0e6cd1f2d485be725a5
b1081081e0497d089289e4ad2611b05e
22980d6de594087d3b510bd4f9c0e6f6
c31675992a9a35edbdcdcadf0d114d52
05f2e00b1f9de7007d2f0d61b2b0d470
984067e98bb7ac20cdeb7fc7916dd64a
00cf01d1fc7770523a6386b1ea8c7ae2
394ad1cc48fdd1021e62b062c82039e8
b910f80376c03582e67472bfa2c2c0a6
83957f7b51923df741f031131dca5f44
f6604ef4a1e5844be4624dc5ab8a16ce
aa12169f431744e9ef37e23246308625
08fb2b1cc2d3b5bb745d6f1ab7785a07
c36f2b7d7caeb45c1d74f9f6bc8b180e
0ca352d97ff9c197377310c3a49a49c0
943dfec4ee3121f787183b81464adffd
e8994fadec8aa771025e4fa49e9dbb5c
9e5421b20904512e1afb9e74ccc48ddb
fa2ecbc211d8ea7d59f7b3d18e128727
e9e19b2cb028d5b2c4c012461ccf6de8
e046d581b93f249762e41e59acf58a0d
ea2812514ffd3dd9ab6fd8bcb6543c5a
e841a0a91ad88e2131a492efc262a3a6
cc0cc3daacabaf5a571dfaedd1cb4ab9
7e79ee3e413ba80feebd5b97e907e55a
56678019436a2e9bb7cd8986b6d622f2
7f34dd806de911d8be38ae0de11619d0
403daca5eacadfd7d260afff4c766318
99d5266d13b7ac33f7a008e9a6f07ba7
81c10607e9f9930985278ae2080db029
5e44e165ea68f8e32e78386c56c809e0
422fa765ac1cbe76d04109b3c790ff95
ce91175bd21b18c828208332157449ec
1e2c9269c3619150aa7d52206bf07d74
1734367e9779ef20807275181c0e2b2a
6c18a715a9a84e35357b61e193c8a722
1187c9f62ab2fd56ed780ea999acb08e
620c1e8eb20c70f132168f3916708e09
504bd42bb3322544c2297ac281dd841e
6f54499d21fad25394cc5dccaf563ee1
2be0bfad105b7a4ba4e5923b780d62e8
ac021c0c0c1a6a02afd7493f80275341
c935863fac3a76df4a34c2ca8d180a5d
34fa49a35fa99e22c1656c9307539759
4f85c23b5d404ec2f15622e80eef1cf2
c5e53c7e40933828e066b3e61d302fe1
3aad4474df17b32bca969bd863b962d5
31dce8e6b251e795a5d770316c2e388a
a008a04f0cb9b22c8f91c675c88de34d
3df1b0ae21fddb56d24a892388a452e8
92ddcad5a7047a4db3d0aaaa7fd7a49d
6c644cc0ebb77d6fa728048bfc681e8d
c22a695b35ebe0bfc56aad62de7852dc
e5d7dc190ac49bbb5cf1c2cefbed2f1f
3e212933654f7ea68d2f242b95cb75df
8f10da833ae412f916c69ea0cae1e702
f947c369976d21aded47fb074e25962f
c98e38a59d19b3505e7a0b2cda0a89c5
ff51dd8dfbecd9e581ed45f839b7c245
f9fa5239f5a67ad55108cc4be8991af8
f27896625a1cb95d31fbe3d5516e4790
d491638b78ed09cd7e3b2d47db92be3b
949acbf85aab9af825096ef1d3f32bb5
a633ba9296cb7ce674d58e0888312dc4
f8c1892b2613da38585871fc1c061d59
850312930f1e804f262c8087f32eb247
8f3c0c00dda218d8e6bb56a7802aee8a
0b930b056c71a0fb32172f7f1fa1bdc7
0b296bb0521e7ace2e1b4dc3615db7d9
6bd8bffb40b79cb0ee86328971a2a7af
afbd79a51173989bcbe8d4657c811f93
aa67fe72a056c36553cfe8d4f364a506
37867b88561eaeba765ad23866c82c98
8f8ee54c9cc9f26381786774846fcdfa
e5f69f8daf33c976cdb8d4b9778bb0ee
555da13adf0f8cb134abbd117e279535
5533e5c86f72d0e0d51238e6883714a3
52f863ca4000693cf2359d3a5b468be7
a53428e87572f40996a6f6f550546d8b
7d39ef6fb9e2b65db598e558e151b097
95aa953fb986355d126322579a81f2ee
5b6ab5098175909a4f2bbb4a9955e091
b8135cfcd0bdefab46cf2840cd3a43c5
6a3a05061b2e7ca0f25d46a1b12d350c
9421d9abf8ce36002db63540cc313020
31fe74fda01d45a2b27eacab61609924
caf8d8d2404e077d98623e44ec0e221c
6d76d4d43d0ea2ba2bac3c788ed07f4d
879450f34e03817618069fff4dec7a9c
f4ecf6b3434004819b8648822a917835
3511f9b3ccef828a98ccb17431554532
b701c0244e5629144d7d6137abf05707
98f94ff9e92660524c357e256aefecb6
c07b11b95d66442e2f999195fecbf20d
986a855019e99d0214786b49b51eda60
34778dc8bb4b11b58e06cbf1a3fdc348
b7cc6d740d1e2ea3a8d913ec6b83e125
550de03d1f0a419c278527647e07579c
5de43a54fc5464bf280318d1e1297573
ea0c7ee23a8a1fde2359c4fd728f22b0
8db79a477a3aa544c6c4257463330e92
3dcd8f8bd0d03bf9143a25f7761cd941
c5a435576e5902d50bf7af4fb2c263c7
16e62d4eceed49bb0737db396a33509e
53ab64d3f1d75cbfee1f3f9366c91272
b6746d7f6b44481a0b1768241e9fce48
b470e650df43ff1ee214cb5c52294a90
feb25d8ba1e7e2f19fce5ea9684bae3c
812a19be1bfd9528b45419cabe257137
ff584079ca3ffa8b3c1f8c7488315f7a
9355ddf25921dd6c385a6454300140b8
3d6889671e69076e015a9a3f9adae10b
64420ae98322c2cea7e02c29055decd8
2bf59751232c8bca7e625270d74ec91e
86a9fc6edfae294c92c421c3150ffedb
127a0879576c1056b1542e069d803cbb
7bee47239f0c5137c69ea683998bb762
f8de8716f4b167b739d5fe8905e12dc4
8513588fbc57dfc35c8b57e26608037f
ddc0ceb82c9a6d2c8fd5f37bfc65fb74
ddb74fbf0781118268524801344f4a58
da0ebd337121a8b17cd09ccee240ea31
9bd04489e12924470173e7645dd08f59
8e24b26a78eb87fdf2845942b46cf522
498a8db2665e9e95391906d5000ee889
88231773ed1ecd78beb0e2625983c52b
5b7d6e62e00485ee259463000c3781f4
2e2956a096beaca65107a530f9253f07
e704f8bbf2291e1eefdd7a5557905830
b203e37212493f0978da6f51b260d729
6e174e1f02cee2d5fbca194a9d1520d6
25fdfe326c5815193649151806bca132
ec21d62cd1ee0cd55e8ae60e8155b693
2153b34326ce14748fb6e4aff2276700
ad080323089fc09df828648d31416a28
3705bcb85cabcb1458f2d8ab9d087300
cc0b6620af1c575169451521a3a0d4c3
76c11327f8be628dc19bb0e0c0aaa651
ad8f93528b36655524cdbcfe96b71916
6944c1960014d2c9c8dec782514d9174
a90afb5517f01eb33f9cbf31ef2fa368
808714d21fc2e367d3cf01c4aa4d9796
7725586afd184c6237d26c3f6361ef37
ef064c9feed324512d0af1901a8e21fd
70086fbf9f1dfdfc0d014d1bb52447c5
acde92b26d4deb6dc859dc0262153019
2160c727bbc6138623b2c9e80a447c15
acc4211615c65619270c900c85d01b37
1978c37c943a27c779bf1604a238d319
c7bf84375cec78bba5869477b91e3acf
a166c2ff9d60b8def7201e990024e187
1d2d9122cd7672107d33d865496f65a0
ac9359bb070d0ab5502f15c9a6894821
a64ea03f1fcc12f7162fc8a0c86f130c
6f0ac90b7eae8a7a9a5e582bc89686db
bb1b7db6c2c1a3a9b1d223905e338432
67c72c1f7daccb5a0759bd4055c664f9
768bd77db4d6df066df1ebc4741018d7
d98eeecce40b3441fa6801cdc3e41b5b
a79c319d4c8ffd247077e27a2ecaa218
53fcb22ec95ab68852687eb317e27a03
d20202282ef332d99da779fe4760caa6
1172a531938bd107ddedf942df455b1b
39d97ee357c6b647d9d2d6016f63f89c
686f02c5ef1498e4376f746b6bd0bc00
ea92daed075927653796fd618f012738
edd7d4b315f51dfcff0b01dba837f3a0
6cafcad0087eecb3c6ccb6dfad33d853
3ece68a1e68a9e90de88f8a107afeb4b
a0a2f4a115b0090d1ca8eb69264ab5d5
357e5b012528d36b77676425e72a8345
d20f3a64dfe12a4f07de3d3c99c1582b
2bbddc281f763061b9b836aaa877e857
af0475b5ceac6a6f29f9e080df5484be
b40debe2924d02174ed28e543ebe0f35
c2b5e2daa46aa5182f433a1c64821624
8398cbc4e51686c9af17d5264b65da59
f3ba3d6bf65808aa5dd2e5eb18e3e6b1
787b621c5be85e217a58e7f20fad869e
1425b8c87e0b9cd691ef460989e21f61
b7a7c41e0aeecb8578351a7981b74e4f
4cca7b7af56ca486ee2c1d4effb134d2
ab14580a785d6114b13bfd64d883bfa3
f0f7b77fb86d5fcdc881ad5c9b232c3a
9d0d3d6a5574f04e1f5acc2c92da045e
7ef2fa7c8fbddb6e64009259e4d418ab
48cce0210a32bd444bef078a641021ce
876bb8edf0179f2b8631ca35dc623b6a
8b4b27f0c50b822c9af77c83e46afbe8
c34e8fa0889ff55532765d9d74780339
0e51909391d426db7c5a7b55bc079d08
42a50ee3bc6e4db92f791d2cc75908cf
9c33bd018684941ac89085837d71a13c
12c7a043f484326f62716dc61dbc78eb
dc57edf252769e8098bc56232f424c80
de1ccbc42648c18795156d17a8533e44
e014c706c3e20435910e19e14d7b248d
732a52cade45e33c76ec3495d5b60f38
396700d062184adb00722a390574accb
3c75f3bfd83ebf66f19a2524282359c3
7a841852ce2cf3b57fe1e2292f91cef6
6d7465e05b91454bfe28c5835db5f5b3
6e4ce1e4e7fcec6e3d76e19ca820c479
c76b3318a1a09b79831eaffdc04d3de7
6745edef9536747f6950ca582cce5784
6f97bf95cbe68012e048048eb4ef2b48
fb23fc2a300c98418d778b20a0f57674
d02ffabcfd91b3731ee1343a5626a81c
893358008db365565000f70aa3f329a8
81b9c4d932db543cbdb9b66d8995a94f
f47a0d86cf675f33e7ae4545ad478e7c
16355e10df4163939899610e6b575e76
b1bb0624ded8f31a6db84c83c03484f7
a14454bf3c57dcd7c81329198bf8b3e6
a4b82bb6693893d06c5ba235b5f2a053
74d9833f0621fee27b7ee6f1d7fce384
2fc6b2d0f716efdef2d09afa5adf2baa
7617d372f4f1227ba984d920bb4d6164
02f477c5a3e47167796cf9042de01581
bd0863d771f66407746252db6d9184e1
6f8f6e84cf6e446ae22213c1154b173a
77d5fabf906b46a51a57267e06950c76
69e70a349bd295f5fd605b0f1bfa0eea
48c63d3e7d87a43d4523bb7f9397af5a
b51aae51f533ff05a6abcb769254b83e
85e433c5b8ad3dd4d62dec9b0182ca97
01524af84327c1dae9efd4503039af44
60cc37e621fc2b80bf0eb9a8946693b5
c77c07c4903de1316af97731ee6e3b01
91e11f9777ba92d2d4074f869fed8b62
b0bc27e86fec16493c67ac171d84743e
0272f8614ebfd64da214bb10a00f2b69
fbccf42aaf5862a8ce00b6cc47dfb5be
5436deb00260957b3a98eca894ced0cb
de96ff5b5cd0e562cb886e92e97b2d43
6d53ec0405609548f0940c4ffb464484
61df959877ed55bccd7e487115754304
ee6d9673f9bb7c04fefb8c6f96e1d80b
324a2c6923079dd37acc1eee4e10207a
768a28eaef3781cd3f48997d96f64cd2
bd0888c42d7aa331c1b39a5d0e4e0344
7d7abafc3e77171632724e87c7e49b1f
e13df4e99aa4f550ee4c5bb78932a8a2
e3dfddacb2d0d83457a5f341244eda6a
45b223723f158251f23a6a4b9ffa2bfe
d675c00ab8d35b3e98608cf3f9e0dcb5
e491c56dc568db5d3f0cbaabffa79bb3
a2aa6d1fde52825a29db68e4466476f3
59bc9b1fe3587f8ea93907150a02dd66
8e41d663aaa2762cd22cd863880b2e21
baae6e03818877fda4c3ad4f1c67eb33
90fff2ead633d6ef495667e0ee4c8a9a
1070e1267530f5f1982e6ea11a8ded3c
c123a5238590e9771d50bb0b424ff653
9a16470c120f12b82193e67a19c3662d
ef6a043a3bc82a52abea57abd356e404
4d70852b3de79da4290dfd1f8b32c525
521ae83f1bd4aeca55f9501a5c9ce310
e49683287c9e8e1bd5996e088249564a
9ea35f9cfa325c266e12e9abc2267553
219fe7e498f3ac07b109f4f0d3d112e2
e966b4e3b1e654522e8534ece7b79cfb
eb5651a208afcc835abe6f2b43acafca
d992df86a1462f6bc9588a47d6e89aeb
be69e2beb23429080f1d699abc7ffe72
13a8e61d28eacd4a51f2b798861e0cb7
1a19cdd65cb6aeeff9b4ba5b50c933ef
82a50f1c977e497c005894999536d772
32d0850a5e3cb5ba5aa11e7ae56600e9
7139702d2fb074432bb6e07b4a63a84c
b621a909fdbbfba4c0043564a56a6f1b
4fdba64396c67514df7e4be02c52dc8e
b86ef56a1670cdbbe4e2b887bf492112
0cd871708b24fc73b8a0c5bb0f518ac6
6edfc1e6de68862600dea5dc6d5f5671
b8f9fcabcce0ed8e414268dfb66523fe
1bc8b64fc6c01562098105dba5fc42d8
01b8dc5acfa0633a2c0f7fd9e652dc25
48ff20ddc94ed1396d3e1e991a2cde59
7a5cf9f11820de983fb9e547a4e92da1
1c08e53a6e28076d04861c5ddfda367a
bc62f0ceffe463b612afe7bb667c3924
9c324c47559c10f1442c7d5b52b21ba0
a9efb7fa45c641bb5e441ab5ffad47fd
e143feb00146e1edc4ab0cb522ebdfc6
64d708475f178133bbbe5145c9e087ec
e12983db29b9328bb5a45b80a6a4b322
5b3391e084b41f9894d986a8dd313ad7
30f2f3bd57337abfd0b2c68a8a4ec632
ababb6a7f9c656f371779430f2b4fcb1
87bf4f26ba81ca2da99745d1d4001e35
679a3f24375ab89cecfc89eabfee1ef0
c6de91a2a78d050cf49fe341cbda1a0f
eb0c4b4c9a7c17c5d87ea07f7a5ab8e2
32a814634ec0eeca22d4f63c97e2eea6
01b1d70107179e16152cb9654c669022
2a1c0a017af39e4a84d327788bcbe224
2b84cd545b70994cc7226372203c6677
a27a45039002c55aaf118c784860c14d
87fca1bd4dfebce562614e177d346d2e
08bc3afad6d38779083b91144034c1ac
1d46c3f3ab823770afab70e51f991ece
52ce13721e90f0438f680e58e2e27113
c57cda800346db16f34d2f0bc4e89c91
97ddd28c3ca6e8d42210a400951f5d48
088e6c683358ba0148d6e04b62a51bba
22591f305a81c71124f25929108db3b7
847a4a797c34d206b3e08b9689b7a3ad
9ee59046190d0dc3889f0b89f940acf4
1507e963d0e1e822e719e7bc2d76abda
3436b6bcece662c97ae1793089c174c2
723f6fd65d99ffff16f4522ec449ff34
a692d17c04be1ba0cf2f7d207a845afd
b3dde77ab500620ee86b604354e6e717
20e86e019bf67abe06afc7cb7e532812
02e955eb7f8bbb366b8a3dbaffcf32d7
12e4d61dede472bf2a88f48296fa581c
e9f765b8e158b43018e1a72b61d65772
3f5c97e07f02b7e92b4863890cd0a9e0
ce0ba595d4c6b3c7c2061b54f9d60098
8fdeeef6e61fd33ec2e39f9ce7da5ca4
035fec5f596cbcfe4bc6f3226cc3e81f
1850199dbdbf4c78da7a2e76f2197575
1d1ab449a787cfed64f552414d236007
0baa4980aac4bd9a30eb233c2c40249b
5475a9816ea865052ca3c01c7864a6d5
32f67e2c0dfbb381e2f581a993fc8964
ebae9127790b0d8b7b0e038b60fa5f9a
635e788e4a9a2b234bfef2d0430a76d5
23438106b5632566613ae51a639a4cb5
83efed4b6b8cc684a2946523413b8f06
57a1f12154e8cc791747cfee2dc58b6b
ad797fe13f62e8ecda4991c88ff15e64
664fa7b08cb625cd6d13117444e1b7ee
7d7f956b96bfb4cda3cd5b4d87a714b3
76d526ba9de049ceef6faee2199d4362
c4fc67ecc0b81536c6ae01ce5ca3e1f8
1fccc2c3b652b69d4b5f316b684069f2
8c76d0b674fe40fc162fbd6377b8cd8b
8bb48556368c4d620624a8d020c949f9
22909b4d4b768138f2e5e7191ef457e4
46bf56888a95ed2754b70a1c2e4f9e2f
327f54b0c1b375ce5092a1e2236d28b1
0e69f01cc49554b9ee1092930054096e
5e7ac358b854999f4baf01d81a7f5046
2d3cb4b446fc24813f9fb4e8004f6dcd
346e088a1bac6f4f97049db7bbf019ac
ae7f38a4fdf6921589a69f609e018337
478a5871f21f0dc679a50bbf24153cc7
b36f656fa87c0b792e9abc05c62e9448
81348bf96d68ce878c111a331ff24f39
c4ea87fe1a9b40ef184330b3d18007d1
1c1978830210bbf9d4c9792debb205d5
514c697caa3f0ae98cf5850df3c45862
dcdee783098059a4baa1736fd9fa050a
c6b96cbce2948d578f24f6355e454b5b
4fed2f34be5167a26c606b72a96de585
e72c66228e8fe0ba404d1692ad23e86c
4df1f2ffeeaf0ac98d210921771fa435
e92cdc7fd047b6910b244ef71fb0e847
30a7c25e4c26f243e409b1837908ee69
f5b8a8a3421143829103741e18769a0e
e3705454411d884f0e56e85fee69cbe4
207e4844fa05134973551ac019a1645d
fc06ca9579868e3d402b4cb2c5559a03
58884d87ff941a7d453fa705f1a4769b
f184cd71d0f75d565c7007d188b5f9c7
90eaa9db411b8c22b1b05ad6681af129
233b434cf92db4e3b604d74a6bf17153
dcf593202365980d9b0e4727fb2e0f1e
abf2daf1cf179be4373edfacec1646a5
aa749bc132c7818cc0025fbb8a19349c
30c5c608931a05a45e3fc7732c1972ab
2c37b53afee63f6309865d2a41bb77cb
51494687e86939af9fae023647bfe434
7fb7a000767d2ab6f25a4fea3b470deb
a5ed72b400285af2f276e8231d4f3399
c5073ab5547c123e802fc43e1419d091
2e30f1e0633e5fc50ecf6e042e73c787
ebce985e40afcee4700dfaefd5dcfa4d
ae51da0dba094b28a35a700f07ec75fd
dfe1a58cea5e92446555ed4f8408ae74
762040f84249d6f47c4faef73c2a423f
e323243e7d675ea7c27d17091d4d5435
5f741afc1a231cdfd24aef2301c70648
1a7fd8e6d12f5bdc5a807f1211056259
25e7545d8f621f93d2aba7a74c1c20ed
a27ad827ce47c2a130e1fdf35ddf3d85
3657ed447edb726cad525d0ecf1a6fd7
b0d46717ea19b012ea3216382ae581d3
7e5a2b85e7754d995629152501282b84
5ed5bba2a74beb759ccd131fd0b89ea9
8c52c29d59eca5950cf229d307d0b892
6582b35b73884766e87c50ffe4123ede
30c07d43be3c022a124345619e965f3c
a0100af093216e2c6ad55ca0fba436b2
fd6463a41da1d72745a1cdb377db42a0
853613f5fb25e9e4c9efd58bfc4a3319
2f3099eff7b0777f4ee81f59364c4e46
beba38364383c5eb94e72a05a857e80e
b6fe6dd2878679448792520220b527b0
bb1f81c4a58d7d3a8663c7d7f622b68b
dcb2b6610b926cc184c77ed9e225e32d
6c4baaafab1662c20e6f4e90487a1309
e2ea20a6f3a90207f4eb4075f4ae47ce
849ef09947ad1f1269beb53132a4e5b3
5cde21a2e500a300a28ab51b901c5fed
5577b40d6641a19dbd6a7fc7d06d6bff
eeedba50a85de96fb83f3ad2ae7c04c7
493265bd7124d0f9186c3499009c37c4
0779ef732f690ac865d0dfbfb3129ab7
31331cf99851eb287406d4f4252cb99c
8f903499c50aaa2e45c54a93477db3e2
3f08bf70b1285175da540109c82be506
947521c638015b06165de3625cd50982
97b96aca99cc06dbabb9a28a97ce4c9d
f890fe3a0a2e1cfb9866993404300a10
2222cb967fbee86e7b885c0f3c8cad0b
9d5f59528eff0cf6be81a12add8a8409
e796746fdcc63c945bf1383fda60f41c
df6ef00a1120f1e1709335e5eaa19d92
eacb3643d70d460ed7ad3b92c4270c76
39d2a2d4689a8991b45c81b4ac1802e8
5a4d369d3a98fc941634ca6555bccd73
fb11147f96c9d5bd19b6dca93af74014
2b4ab17ca209eedfc3a810e1b2001ead
0fb6f469fa28cd7bd5bc84b7ece57c9d
f68dfd898c6d3725004730df64a4e7e3
1006eeb19a5eb2da4849dd0a9683b56a
094ba110979623be535289399bf6770d
987bf80e7efc69046d42889c6f678423
bfedb624febed959a2504eae59c2123d
62837c6528e74181641ba9a7e0d3a399
4e19b613e0ca7d731dd655d1aa87b6e7
7d22d5cb49c7d747a9a9be6b2a4156a3
c248f021ab0a02efd1700520022ddeb9
c759db05ccd7831ea50c9e12a1952660
ff044c5d0e0f4f2ac1990a2de23936f0
e601c45e1d79506bf3720b3dbaa67efd
d9812772888db2626bf7d4c085211114
fd210b3ce36b5250239114dfce392f85
1339f68bdc9221f51fff2253e4e37ce7
43c75738a7b2199a8d45001fdb68f687
f62a7e1b7d60ed4e2fc6a2106d623c94
c25620ec234a00ab2827828a4f4bc4ec
346ba7898f0ed4e599bfd9e82a936dec
274f70994ba0a0df235049e15efbcc2f
5d78c3e0bc8c9eb844bb03bb8e3b3a7c
8b9c7948645db07a042abf291a393967
5ef3067cad946d238bfed88214f196c8
9af61ecfce37e5d3884f72eccdc12b0f
59502f989cbf25e9e133a8065b3bea6e
87fa15b65e481c8f87f758f0db65e7c4
56ff4fb3b0c4c76c7ea3167d07709a91
9a0f57e0a919846eae8a2a2441f3c8bd
f5ad87ccca6fb5892c413bd56d506d18
a4cfe309caf0d1508f439c71b21885f5
55ab3311a534e8d753a058f93bbafa3e
13c34356dd4de8af989a42df860549cd
14620142e5ee87bec79abc5af09bef2a
d8cd6f7257bd449f82bf1a1d35a0e2fe
80d41c335af171e4dec9e0b23cbcaea2
a1f42a945e0b1c7132ece9e9dbec4733
4f0991f22c82ea6d9b81a39f08332e5e
3ac08f67037e2c7f140a3d7df939c141
0851467b0450790c233c31fee80d79d3
f5481924f4e4fa690d7c97ba4be49c1a
48ce6de58b7bec48d59f27356657cceb
1ad5b8c9e87765c8d0f2e5742dcffeed
0af7b2ec818ccd1b7b4079aac0ee9747
5ec3b5ad42cd3b037930ef7cc8f3e922
229c3429c0c1d820b41c438960595ead
0cdaf0d1ceaede73c2f9bbcba9a19f7b
33e9438cd371985ac1b7b17954e111f8
de7d649983e6dc6984ea2aa8fb66b259
1e03e9021ba47ed997440eab4015e4ca
f68a56b0b3f3f37d350e9d4c0e8e290d
ffeb9aa54fa20e8221a158cdcb20cf52
1fa167f327dc88a5b208eaad092046e2
fb19aaecf417510ddca450195738cb80
de515c0d300b211aaf43c0cf28c2c3f9
cc52b29bb8c5093fe5a9a5b89ae10166
bdc6161708df73558dd74062f64bc28e
5954425968adda0d948922a14fcfc76a
1ff71436979cf39622499e4998aac014
12b6527afc28310d8559a076c1597a85
b8d70c0d641ee0aa1215cde337a8ef25
2652e5a2ee78f3050f2afd1f900bdb0f
bc0959bdf6ad54039f05f0d0ebbcf973
0ab486a8e8d62d22532db0f699505b98
eb6fed6c6ba59f299ac009d6cb50666a
d89222f97c156bf1807f228f93b8f411
35a37d24e8f9e649f55c9ad8142254d1
5b99af9973c23ef1b34bfe3bed9f0cfd
9a99af54a6d5457749e52a84c51f0010
18749805510c9ea649cce35b8d319086
f83f4133f5790ebe9fa6e21230019896
82200f72df5198863663c5eba07ecd70
6266292302261d598030e85aba3def0e
1ecf4e49052d7e088fd4f413c31202cb
2547d7588a4ca4a2d7689b7658d2e03b
93744225e454cb8184a5d7eb369d2f2e
dc46213490a46e74437e9d7c06ebb9ce
d18176d3361df1beba6adb5e07ec3d51
3788fa514a2cf5fffa6b090f62d54ae1
23112d425c79319defda60e6e849e2b5
0be2a741452a4b8d3588b23d408a679e
41191c02adce4b22b010952248e0c745
cdd9dd014516f3f1911cee7def8536fb
e3061e3216a9e5aaf7bebf014f7b1d8e
db62760edb6a14061ee4cc5907eadee2
2f5e3c1d4a07cb7e7f7adba7f47fe244
7d38633bc7ef8eeab873f9e4ca97c10c
273c958e1a8568c34c944affaa2ceeec
ec4e7d547f2e55f276d9c6c741cb621e
b6b33b6ff58e923c07aefe2629eb09ea
48ff9bfae43f29f4025f1e65630de792
37f6096b81b7d89b2188952015543f44
7c1b2a2242a164e97b11cd75b1d0ccf1
6fb7bfed731ce22eced299cec1b7007d
b049035b3768095e0f65b84577d21318
b99f7fcf44b2e300cee6fb4b700b3078
2dea935e0ca5d6723248164442eabeab
98f314f8effbda577e02e22f1a2e42bc
698ff24c0359d0e31f12efcee77b0883
f9e83cccdcfd0458f1757fd89d1b0b08
3c951e194fb57011de8249b2467a61b5
55bbf262ebd51d6a956e256ab32bfd08
884dbae56f736cec5b9544ad93acce15
ab37ff560bf7d6160a69568ada28beee
304456843d69e3dc4360b62099bd04be
09a447f7781bd58c3bd4f18b957455f2
d6eb37f203e4c0199d012b17ab53f3d3
67a323b44589c8cc6448ae7ab183454b
7dc1fb6a9d000b139075076c2f84429f
cbd0d0f4bfe26f65976ea45796ed83dd
9d6ca590c1fbf91326ab70fca64b8394
c7686c8bb92315d87a330be13df52261
b3bebb4bb21799e8d0f0ce4ede322db9
214bd0ea1a2a71cf7f39fe9424adb530
dd22ac7b91f69b9e47effe11e1370b3b
54548a3b5da069cbdbb11299167896b2
29942610178f665278380a8e6bb7a72e
b3fa8bb6d5c52b4aa0fe682f41e55a54
b04c4cc205bc6d39dd3c1a6598c24c9f
45a222f09d968335c7158b285e49f0ac
75c61650e535f7c416c58254df83227d
1c3a47bdc605bfb5f39322f1cab55fb7
8eeafa6a6772daee1317ca27869a5497
85a8c1878ca8ae1ed87942734df8cfab
dc6ba2026f0ca4135669c32cfdb5641c
a10b33747bbb76db531bf18f7f2151b5
42a845e43c05e77cd1dba4c09455c77f
9005c0590d42eb916a81f882e034e874
f78b09c6ccb3a9f4060c2407ad9673b4
1272f3f9bee34485faeacf55ce77df4a
f1acb46d77efcc73716c06e18badf588
267296c022f77491d60b0913c6bdb41a
e6548f5dbae99feb1e63f6a3a11b63ac
7e714f46adb6d0284e6320cffe180245
fafcb00a7427ed537e04078ef59d4a3b
9244128cd9616d2f5593680bd7cb7cfa
22ddddf5b754eb07043f0ce99353e325
a6986825f25342f8a809dd0653defc39
c9e56d94c6e3ed209c31a1ed28392eba
ae9688aba6fbe087ac1b2632acb9553a
22a43f04461644b70c16d302991e2a53
d45da9a3adc386d36030b51beefab6d9
83c58f89bf49912bc4b0397232c5df49
0a1136cee116646c020975be6208de10
4770216ca389d9484358b83a82b330b0
dc81514cbb43c28684dabd61e11186a6
e38019ab7b25961e561232a9f1371f61
e3ed804a95b553de8e027fba4fda0272
2d416e9a4e6010a75c822c9f44c91e3e
9da34335006a403e03c8b1629064ee39
79730387d7c4126c4e0a597535c77862
6b02e9747779aa782f8a9316b450b10f
dfcf93d6ee38107201e7e89960d2efd8
c39240b5e0b90923b729a92c865e0048
b6f8eb5b59127d80c8201b498caf2116
75a5a21a03bccf4cc514ae5cfae30750
4d6e8823e90df53303ef02e0e6aa7aff
6190f0759cc9605c37dd773c2a1d3e24
8bfc04db97004a6fa5be288cc8f9b914
26867b6ce7d8578bef6670c8add1ff00
4d20bbccd9aa806a8be052b2e11db107
b1ee31971ba08bb0f4f68c29d48bdf66
600936f777ed418db38cae87c8e27a72
b5239dd82dcee69d15e658452c5f3b58
449f52bcfa9daf75c00c14c258562c20
496575404ec230bf77faab6851a2376f
3c8e2e340a434fd81dd09496a13c1807
4a6ec8c8b00c40e19c40a6f69eaf82e7
e0c7611939309a34d88f17bdda52bff0
e26114e434d612edeaddc7a10ac677ab
d60f6ec453aa9ee88f0c5ee68c1a9cd5
33ea161f1f265c1afcc3c0c6fc87a0c2
828d3b5d8ff4cb4ffd3d866b1bf401a2
6c1ff492297b22dbad0ea8931b4da2ad
682f887b185b68fdd17a599d92abb8c8
1f5a0a02724c5e209eaf633d8c2e3d1e
c10fff90973e5317d86136b2fa918362
0c81aa0357f304416bed2ff0b98a13aa
5bbc54e6fc9e0f44c622e9e4a8470ac7
1b5cb0ba09823a86f80e1a1101323785
615739939509ecd4cfa353d676cf41d4
35db9d5acb77f0d5dd639f75340b9717
ad5f7a62c0e6606f15f7884a343219a2
d390498a059fe914481d1ef56840bdbb
92b07890bdf582e8716cf12cd793f089
e7b837799e75b38d099ae3c617876d4c
41da5d68ae0c776983ebd55b2ab6043e
df1f4c31575269337ff87656e3aec87c
7ec41548a0ea28c0bf4e2cb67a076c65
fb0cbb100501ce29b6d1c1af9be92ad6
ac814f1a69633819399ad33f8d2f8aa9
a61051508564566d4e6b0c72af83a0c1
ff3b94ff0aeb4a82c6bdff334f04295f
d1b7abab8a7cad1b1ccc43d0ac1d7acf
3ed14f30e4c0f86132f4a7bbbf424e8e
254a4d6e9f0da5a10d8b54d3c5d61d6d
4fe754ec1594a0228f0d8946ae47f2ba
cf4d73af272ce1426de47e6122b019d9
9bbd240dfa23c73614b5d034ef5ea687
9de14268d6c7bcd959a91c198b1ca126
404b045b16a442850ca37208931dbb8d
4b2f1c8d979c557dde38defe159b9129
5f3c122a8442353bb880f8e1d4b2aae5
a6a76550b0822395a56e3edec6ae9169
61e77014014b2007c8e4b3439d4093c1
0af7490a70eb78ae118054340217602b
1f5218e9376e507e03329c613f4bc1f5
289405e8d67c0d8eb0e87926e736bf96
cf922cf7d1dd55eeaf075d21c0e8b136
cdb4e6ff2a2a918c9a13c1d1593409ec
82b21b1c70a35644056e08e636cbba3a
b0615851760fbb7343b38e2c58e7e827
6ddbec4435e8950400cdce526ee89b9c
12926da961be0b15d79bf63013097dd4
1c88e5d7abc17836cb55d29a89d3cd43
96fa5ce0ca610fb6656993fe3cffea73
941eb6226cd5b67d5fcf7c0842aefa12
13029d9ed4c1234fadf9062f4511cc23
a6cda6c2cd37fe0a0f54263aa2c0e59d
24114ed63b818b4f39598d5ee08251d2
c7a8d336223d3f8d191f879c4d767284
6ac4c8397775b111be27c71d76abe62f
76b353a94789e7dcee78c620a54e5584
69c936a45ffa435d9fbec29d8cdd88f1
be77b3a952db285fc1489d51d74fb784
b24e07cb2d419f3657cc8eb3f5393948
56db397bd99053784dd4a17b71df65e8
8cc0319df9d5f8ec289c5cabe6325dbd
43ee14c4d5877d958f216ef7e0bc3fe3
fd82000815d6d8f02ff3e9cb0d0174dd
011e8504837ac31fd167c28247864eff
4ec5832262c1be34ce5f46c93349bff5
f9366f73aa8289a5d2b30dabf06b5ee8
99156f54423d3c127f7befc60b1aeebc
07190d1638616b32c7436729b3e66d23
a6ef087679d910073e6fe6cd49284b0b
cab9b40554aae5f4a88a9aa2abe36e02
ad1cc3a68e081e7f6a7e26aaceff2cba
3fdfb8f5c3561179c1d24e05fe5ae99e
86a6bdbf88a7dac7f3dadfcd6362eb65
df380b1398f809df126ac76ba3452a99
bbca3e138f91967ca3806e1f65bfb815
34e3fc053628bf529f20e72715fbf6cf
59abbaae46590474156bce02e754a6f2
ffbb54fb2fc916f9c3132b332d7574b7
723e29623a0a8026818efd21aa76aa21
cd4779ffe4a283af841b66cb288beafd
87afddce3228716aed1afc47b9ca5314
d2ad2fbeda83cc2c13b603a23429b14b
c8092ac50fc6fd61717eff1f0344b321
42663198610487c83e9a6fc4b6ef9954
3798408f595f29e70b558d028a9d6747
c7b496282be3d4b84c7470dd91a0431e
072629ab453c3c9eac9d64c59f711386
41bba262951406dc588a063228219e01
ea5806fecab7f8761afec9ea6ceafb61
4485f228933ec263649b846fc51ad503
76b54b914e2ee38801fab3588c118abc
96f5fded8d34e5fbb39a695fef907979
6112e49bd9420588be4df8d3eb63447f
5d58b798c4209c1d5ddefa5f09052790
62400342d90ccfc8fa356472a7707e57
2ed9ce5a3c9074cedfdb9b90921141a6
0f68cbdbd4f6b1d8d0785e3f4d846614
b93c2a67749cda2710fbaeba4a860b62
44b5b6335cbeb55e5f4f3b5d7d777e9a
aae7934acdd4d78f87e234eec04a9fb2
4c0918728303e995c0d107ed9da38871
5723da7785215d40413280cfe666e0f9
26f5ddf3486d2da3ce742a0da74a8a5b
3b31f24e306f8c3b541f9581ad1f3e83
9c9a3615e2fabc237ca299d1953dfe71
80a8cfcf2a69274de35bfdd080a04733
66a839ac0d5946765256207cfb4ab398
f188cbe2766b77e745080a619b2245b1
4ff3a4e12fb61ddb3c04d757b5a855e5
f196f84def32ac63946787010796a999
50086a1f252bffb2b2bb589d4eddc803
1619e90c1b8a2bba74c8f3e19a96bee8
df29632ac23077189f2ac4c0cca0fe77
edaee96c7a28f83b720e193565b5dbec
1a003357f50e53024cb39d381e01a89b
18b1a59d76cb0a3eaf292cab76cd1a5b
ddd7a7452620d06fc5fe0350054dbcfe
37d53c1ac254cb141ecfb35929ff1965
f4017c5a8e7e976b1742a5b4a4382f70
32a311d11f571449e5df76fa1dcedc20
ae4a0fbb3c7af26afc926237fb739f12
adef8044a563f6183f1febb5f89d0ed1
1dcfea8bfd710e0d046e207d56f707a7
f1c7842856928622f23596c2d4245d30
68808ea57c17390c9de06108f28edb1d
8b6341ae2c5bea3e498e4d9586b1dd12
740727818676125303bf81fc5aebb9e9
59f45df83c535eef2be510fad4a5e332
d04751e6c326a45c060ae1536b30d125
1b170d838e5aacd97bca60c0d05cab3c
4ce46e6bab08dc75d750b7677160d562
8000465921143833379f1d697c823a09
a785e3bb3d38b8e3d096e760d8abd9dd
2ada6bb3ca1b5e334628bc06a8f1110d
fa97c79431b602d78cc7160faec18bf2
8d6cb763e3f3c6b578b33af289c2c3e3
15e5bd323967330ea2ad88da749cef79
23202a427b67e999fc0d860bafd5f35c
ad8deb837bdef3774231a81dd6f35dc1
f685cc8b050ee9b55de464dc0004d0a3
ece7f64fb0f06623d36380c29bb4903c
249d42f99274a810a8f8bcde3d573aa8
b151ddaa7535f01f93aeb6696b60e2bc
ecbfde890a90a20bf493913eb7b5a140
68c1cf4d4455428c9ef37beb431d5c3e
80fcbaa91acf2df85dba9ffb49b4e285
cb800b01aeb53dddf35a88752ea14a33
3268cbbd16b7e95694f31d17411444bd
7e7f6eeaa471dafaf2fbcc1a10d6a61d
6251f70c718d1b5aac0b6a97d6c3cfd0
afdfae2e5aeba258febb28df6dcc8f1c
8063b06764450ea617abb906f5b1c974
a7084fa3a6b8d37ab1553f732376678c
f30eb350da2ce2da5184a109499bf5d3
54573cdcb390e0b34639a01d8d816cce
9558d0d1157c1031924c2226b6d19f0f
dea12c303839e2e53096321502d867f8
50140cc87ba24b95ae4c6f942353c969
28992aa8764b06c041c078836e6bfeac
cb7cb83ebe63f807e6e960c19ce2f437
dee17d68e8e653b1bd06eca9fd380f0f
a0f7e7e4708aea8e578218839209a237
c3e54d4d1a94861b02b4815a86cc5307
86ab9382b69c66e236b85161f4e262e9
85b83d6a06b97c45b8996230183d7611
c98658895f79859d4238f46f31f3442b
4e9d7058f1a251201b49699041e5cddf
77cd4464c5be77406f86e965210d5e33
567746de59ae22da0e35b55b2b17a9ea
de37e763cdb1178ca7be6142ca858437
5244a14dbfe26fceac17e5f02f0c8c53
5d02ba191783fd3e5c0058d2cfc83011
5f36a897beb54045a4d7da82bcba56ac
cb905cb48b23f5ce7e8fd6de505e8432
b1a32154de1567b3a78a836207ec003c
f630090cba6930d4a3735ec01ffb0bf2
567d97f878875b1a6c98c96509c89433
c4c457cca6c145130ca87251f58308ba
f70e0dc5b30d627f27432c98492f0872
7532a91673a4449c0b205ae46f0f364b
c6c94fc5dbf5d43f4800c11a6c348922
5cd7b4e4ec2a3e38c9753e012464b220
7384d0e4ac0a71d7739633558a588cf2
df56d2d92cf13b49a801230463372506
3a68d21cdac197739b108b75f4f6791d
c5cf725396a47fca0a7c3b6ac87c1f20
44a5d51458b977802e2a104169c3dd7a
3fa42faf2bdb982d8bf3fe9beb3a53f5
4bca811000119ad2130263753cae67d7
6758d8ca7f4dafe7f0e9b9b4d05b4726
756c3806c4316283198cecbdb4f33281
2377dde6351285890667be6ec4418038
646066164604520a9ee931a7367f49ee
4bbd56068fbf11c9f1b771d38c01f893
6fa4410b6c1b227060c4d184236a26e9
61b4bb601452f1bc7afd99b1748b5fed
de0dbf3dbdee79a758bdb5d32dfc44c8
af20516dc7244c6d3af58a600a955c9f
029bc7d9d92f850df72e75b8da3113cf
56e827bf6558f3a8a3e945f0f25cde70
ec5b3d94d192059c7581a7dce6299135
70276b6086cf93883479a900f2f9f7ca
e7da391524bf900955170429b2c6c881
405bdc648e85cd91aa7aa422a8f2de03
ac7e95d4370bb31765f0c4a8b12b6a26
088cc9ca2b619e1ca146a359300f939c
ada651573800546e9323b3fecebf24f0
6abf4215c6d75aee5bbfc18553a1811d
81103f142069f229c5c8cf112e0ccba4
1f05889d56c455ae9c56460fb3cc15cf
2b15600da4e17c40d9449b11f49de1fb
51549eae6d9efc23950d5df8b4411223
7ce92880f711c38b5c8d3761d9b77a52
28bce256e0f17e5801a60e0efb6fdf7b
04ac7f2747cc55a5f37f9cf21d0df41b
3983a398904303b0584098a0255b6025
b193f0d341b0fc113303fbe973263212
370284d92f60db53ae7eb8973d7fc89c
37accd62ab2439328c09eebf2d9b1dbc
acac7b5f758bf6729ffafd7535ecea19
b1849a996e3ae3d7daf8f0c9c5a40711
61ef0eca037a38900a94d8296c259b18
65b9d3ab460462fae1d7ace382f3886f
42dd2d5f2808a3d9a17da31cdfe70c02
dd3fa66b1d543564aa10f8100a971f47
7009f8e8c9e8aa5cf591ae1ab511ac2b
05a5e70a18a63408ecd9bdfd1831ba76
d728158b549664a382f8ba71bdfb4e7e
5d982961b269a2f0f57fe1afe7f026c4
4cb3fdfb01af48dc46ebf041f9cff0b8
45ceddb7007e3ca6de362a8acd5265e7
e2109ad565990a112eaffa5e937418c6
c289da57a4caf05d3b070900132c866c
2a19ae75d444f8772e52136ae5b313c0
0c8286f02f728026521fbab89c741ba1
d6e2158f2ab881827cec0479a6e62a2b
a7c90f1b4aebf3c359dbb7206379a732
2175e862980531d56e2dfbb3cfa7b6b4
5cc2ae04e8a9cd8eeadc58fdaee61ad3
d0824ae67b72353c1f28b94f6307c866
1650424eb744e78200febfe5f1913985
68460c9eef3c72567ae16cfa8ba7d912
9010f980e36da58f431b81ad36c764ae
27264c2d83ac937585dbbd4d785c5ee4
e74b663c424f77187f26315707f869c2
37956a59056463960f8c578cf493057a
8fb3e3a8881229028a6a2133a63d5332
be05dbf5e88123910b6659db03d5181b
9466a4ec99eef09f7fc7b30154dfa326
9c9ee8e3b5c2394f9a43b96bf68a701c
01f5419f733a9614b427c3a18d2bdd9f
d17852efb2427438d08506cfd1aea4cc
03c9d666e1a6013cc6e0ddfc6a8c6044
aca9c8d52d4785b0653f77be3532f96d
9381d06c13c01954b0360a80d3dc48fa
bb1b8a313ef2149896193c3e0a698994
a7f1dd515b625edf8a103bf0c2870b2b
69d4319e40ab7f4722dd4f5e8dd1c7d0
831d17e8ffb94a5f2ba02869ad3019f0
316d6946acd09715f44e93d54fc9d8d4
400af5999abc1941858edb58afce3762
ee94e10c92cd4b21e3be52ee2c9fde5e
c4f70cf9cac8cef5a173068da8135123
08fe857ef45f218c3ed903b2c5a36e3c
c3cd5cee47100d50b4baea892ba48509
91cd55922ff2947bb4a9af5cbef2f273
baaa3c91a67ec6d8afd7de9708dd407d
b051f43c4f95f5820153d7817ca0f99e
de09fa6b021261722d99e3362b3b4f41
6dff4a89369a34e0c2e1add00ad27f4c
e376dffbd2fb110cef401534ca82dc50
d4fee681d89699e96d719ea4818271a3
b87f31e532347f114933ba9bd18204fa
a57d0ee428a2e48baf86ddae195b4868
26f9a5b433b90010f0a41e9b724d1719
e82270b08bdf32b7e4cd6002a42d074f
b67edd29e20e4ec395ff16845c19f0b3
b5a46193fb2a6c289ae6f2625c795a2f
8a4353d01e1b604f52ff2bbf24c68fca
d9d83c0986a131b1b58abf5336d32e24
1c31cb1c26594a10bb5e64a207dfdd98
dc298877ad3936b16ab2b2a8420e8d2b
ed7889018a112c8651c4531649353286
2542423a121efdc50fc9dc0a66bd86bf
446a665002d5b2cfbaa620942cc20cac
e23ab3d0536ff4788dd7551b70aef5da
2dda101aad55841fedb2ea1f0507fc9b
41ff95f2d9c24514ca2107c4c9471c92
923f75d33b3ffd45fe7aae1cb5aa900f
9848b9c769eefbd37fa5b58f2d55820f
666f8fc9bce170bd25139255274df2e8
ede29bd53ea8aec277f835f49bbf0d1b
8edd7cf0110005bcb637e094117fb2c6
8afa9818c9dc97a93029313ee3e0e683
cf5caf0e915f122d3a707d57e6ebff8e
2f83c65c746f75f4c19d569c22171844
be434c86d3a786c44ca75a6f9f82798f
166d9ad450677e706879f69fa7a99637
355b665815af2ffb2cf449bc313926b8
958d0b10f8f9e894f5d2e9171e2015a4
ce9348d2be0a490719c04dde9c1191bf
d2ddb72a520dbaafe4a85083009f1098
042b5aaf43a7cf1750562e427c086c9d
48839f47aa0ce4e8a8b0360311b7fb50
11c88fb167993086db1771d19ab29473
245742bca3d4a7742d0551f9a3d6745f
5af6753b113d7bbc22ef8108d3b52e52
3566ac5e04200174c5da01f87559986c
206c3dc17642e413afbd5d4e7c7269d7
6ba165d2dac5114018ddfc070b0cfdd3
c82b952f2510457b59e6c2a5f9e6c6ac
81196616ba662e178910b0966417ac18
4bac1ada29fb6521907f354e7115abb3
a1e2b9c6b844b23d2057e86a463723b6
582e86420bb217c69168aa9dda92fe77
5d3935c08e4be5e18c54f784d1473e20
025f783769c3898b09a629b128d689cb
4fcafa85d97fd188ed25b7ce0fd59b4b
db9b8e510c0fbb1a6c045b1f6b940de5
9fcbd692c05e60f10d21ae191c89c111
82cdb65603e969906e2f1152cc7007c7
4b010bceccbd53ebd5451cff62374964
7ea053fcba03ba6eef6c5b6c30fb2fa4
06dc9007e476ab6e33ad7e5c7ca1a6f9
5a2b8ce3ac66302ebef45e5ce86d4c0c
c7d6b3a76b2903e8b49f9a86c0c1038f
0bfccbd8dcf94fdd1c5a2c6ceeab8bd9
3b8630b59bcf9649122e19c6715db1d2
12f6ff31cb2e8456c2c32573f8c1f2b6
c3d0e4d79dc8449e4acb5f6c400dd792
5eb7d591ced79d900e2b580613976cf6
84a82a69838d58aef2b399bfefd32cd3
3b37c417c289af720087ef2eb7daef5d
80d4273f57934e89356b3aa2460d49a1
d1bfdca55a04c95a7984bc0bc001abda
ed4b21785449f9e322aed18d8b6422c1
c7005f70c69c866e399ee8c3b9f2eea9
d5ced77a4bed9fbdad0d4c34f270220d
23872fe942487f8dc523960071444dab
56fce4bbe67bc5e4256d5a09a1e9980f
f10b355735b2f4f2559fdfed033aae12
957140e3f9f4df74bb88effff7b12959
b51b44afb5fc1a9e54427c0c0bbf3798
d3b1568dcc69b967e46fa98dd3da611e
e38d5acf4d684c6e966ecd741f577344
5565ead0160a21e37cf2d49e065f2b68
a8de12e845828896d9e837f0d26fc51e
60e16a6b267e579d22b4d3c40e9bf69c
99bbc0ccc3a694a10a33b52dfff2b8b9
41a83d4e9640b8f682a68c62d1295a0f
b527f82af680fc87458c9d1c159794e1
580777b6d3761f1336b7196c11fdc0a1
fbd9889d2cd660d920673e23d401a906
84ddb45c8dd72ce80bf73cf3ae5ce518
d9f563ae4cd185d13e1ae9c210cec1e2
a88848415d86864e685532611ae28e2f
c985f06b3f5d359733804fd2f212e684
8d39f81e1697fbfae199a49e07e4a50b
13b856639e8ff0fc9ae23166b3eb5506
1a474ed3db1c40c63ebd159d10377e46
1239bbc2a09ec498f6e49c0bb9c074cf
650b6c40ab54da510af8b89497f6cc15
ea0409c0b2a9b908fd4bf91d25b96fd7
e98eef897e3abf4ab30c3da46b983946
e1668a54ea8df4a85654fb365b096ce2
3fceca4ac1297e9278513edea3c44fef
5da7fef4c9630b39b243844108592415
cdb13bf2a02caf9cf0e6155a05c2148c
3e781a37766f92a3599539bae622614b
d0012e8d0b717063537cb2f3ec524174
415da417c7229198d032326d4e91e679
779ff993663dbcdfd7bd6edd48913dcf
09e2ba7b010da97c5343cd51d50ca706
37591237c4983e8c9e80bf82c25d7053
3f6746b4143692976ed321c8dd3bca2f
15a420a6cf77c5e42b4770b8a7abd937
9265d77addc743e9cc9bccb1735b3a74
1b0d862049491982e4a20b303b9acad0
d0d74d5aebd8e2933931e5abdd4a288a
940a8a1a6f7b44b12474b0ff02e18cc5
ff30c43a564a60efe32cd6ebb238bd1a
144515756f291659e0af2fa1f18a74ce
948b70378b4f91060096b86b07e0418f
985c9b0b217079ba0ee53312c9f88bc3
ed95f9b4775c51def9189ee6e2d3fdcf
5b7d36a068daac0c686f0a75070df4a7
d54550ac265194fb717de9354cc77460
874a55803eac3f99a96f32b443725d16
637367536279268e71e624350fe41f3c
467192f61e7c04cf5bbb36c24875cf7f
29b41664366fe2badea3b9f373b47f9b
33b67ade190248f2f707ecd57067e6ff
0a7540ff70e405e987ef448447789ad2
0a7bd980a53bdcd1f30fae4a9f113996
d691aac4028850dfd58c68ef3b34c1ec
5cdf47453eefc9a14fc80bc576efa6f2
54f7c0217d3ef346e60322d3bf0b3656
69530c5cf289482dfdd782910954e1f6
83445ea5d65b3d0abafba8fdd74dc053
ace8d7edb0c4ad3698895b1ded2cd4ef
3196cebe93447a51654bbf7ab3e16858
4fa530f7e6f1241ef1e2058c12079c2d
3a25f9ff2b75fb0d5a0514aba045b658
4212abf4282df24ad490fc10465875a9
9002a2c8ca77443d00e9447796bd6698
352a49bfe29162a2a7cfb944dcd2721c
4e11fbae70eead1e2b9ae92528c30cdc
203b7260d5b1e2ac08c684a82d447ae1
93b164aff96c24d8b7104a6166b3966c
13db76e0cca65b32d3284bbd0ef21d41
2d6d25450659c9a900a16574b2a71dd2
edbae1fa0b364264f7c25d03a877a50d
2f58313961e5eee1a1d353cb6f4293eb
81828258ab86d6b222b3c91b8acf0c3a
e18ef1917100afc50176be2e12ce3a84
af04f1f06d97ca83a0eef439f8147332
23362d176d0f3dc73edac50a0ba7472b
c582c99ebcf5d31f628577dd55bbb8bb
12ca2e59fdac6a56c846f09db8e0781c
6915cdedc749e1feae336f4f4191a1ab
0dd2adda588390510fdca5f74822cc6c
a29fb3b0df7e78f4e4bf261009f1d299
74eafb080ae64f2053f8517c59ff70d7
82d288986a4990e10da8a68b214fc4af
4fd98edf2aaa4364bf319dc775d985fd
dc087f65e489cc3882052df9c35a950d
bb07a0acbf78f2380e4b1ef920607c8e
edfa655b1d9cf44fcf47fdbdbd3ed6dd
bae94f8ccc196f906999632ccdbf991f
4ba7ad97170fa5b9bf4d81f70ff53905
f633fb6d5e9f038375561a0e90c0abae
3a9321c1999a82b572d22b6a6c13e2e4
39ce30709715eb44d600ff2bae628ff4
db7dd6b0e24a6f416e300e9c026f9667
2191188877b0bfb8518759a5d26b1c5d
aaa79fe18f6607e499485de234abf559
c1d4d42846e5b5957cc5118a115bf773
78ae0399b5caec100da3442c66a28232
33a82a02b4275d86dd45b91005ac5c88
d495c4e0f5c5d79d06ec857f3da35f54
58c00687f6618bb88a46da1a11e40c63
84e1055f57225b891a9744209a4574f3
9dd5591cb9aa7579abd5aa8a4b7c04bb
948deb82716dad58e938ffbdab26733c
17a02f30c40a3ec5c9c34b0f18f190d3
d9fcfb6a293c629351bb46f5a63392a7
da30e3000fc50841570ee6aac0807d4f
1dc99b1cd2bdacde36eee3a83ca7b3a0
15e34a9b0e8a5b7f5069560536d94d3b
515cb2eb9b7b0f1ed23ad0f8b1165127
f6eaea0be0c3cb9b3e290af88426b44f
2d46ba955af0f4efcdac52f5527f3ba8
2e85e2c8e563fcba74f9c2b7bff378b0
ef7f02c58a7a314d778c5d5349cb7c79
7067b1968505ba6814f067ade4e6d7d5
029d9e2879f8c40e21e8b3bb5ab96a8c
92e0740aa68d5f4482202f7f01c36fe0
27a8b6a2a6a6a6865f81530850fda841
6570499d8b25d12925699971fe0cb3ca
fb8d18eccdc5eb7839abcb10c27ec9cb
cf22cf69cd1375de2c65156e69db5310
12e95e4bd8af96e20202d3d184ca1ba4
204aecad1fa1596fd4ce3da80ee8e09b
a35da994c9d60be44e5ec942b072393b
b1227430ed18da62e3ecd1f2ec0a2a7f
50985ddea2448911b8434e99860ca96a
854cacb1b8a932b5d468b7e3ba4de4f5
777442894c7789b0057b2202f21176ea
4f9181ee12e80f187a956aeb87ff8bc4
8f4442cb599d49c581929e0153072843
65f7d6945c7dc10a113a7a7a56098095
ce7546acc5de436bb37a9b878faea2c7
a984ab30673b2a39946545f1b00ff0ff
5e54253c0a0d11269a5d78e4f72a17d2
ddfc7cdecdac431b44ed103e9776fce9
3f83e579c1187b04f2ca2970bc5c499e
176a8fec28365fd647b7e40acece9827
9c43da65d1662f86a11beb006ee33d3e
831c7016edca56f37129b3c9b85450b5
bcfc2f5b21599fc9e27b31d1c82f5734
da4cd5467397d212e805161e838bc1dc
ba4efbf59a777fc155e157bf117b2765
f13361560f39e2fa44d4464c7fc668cd
74b5c07cd5b3eb72397f8bdd5a39d340
5f2f429bdfeb2fdd71942bc72bdb8088
c1f05b204d2ced1052bb4ecb45e043f0
49efa93ef3034d049adada590ff1b7f4
614c0c684aa7cd18a85e2a2f769cc849
224eaab647b17688b53d4e665de6c990
c0352f0700cc7c35ad0bcb171af7c08e
df2f29318c44b8c7f94f62c5d79e62aa
dc76d2bc4165dc8f4358ff3de6704a80
0b5bfc0b59c7b1bf9bd4096adfe06078
4931a7c59689001a36361b0180cc2abb
dc12d2be6e906392b00119cdc3ebe501
aa72ba151de7428e865c88f6ac1d1bf4
eec90072f05ec7bb69a688233b4a4f52
ee813c568480ee56b46b88a70e33d983
0d325b419b9b2c287fc727a8c566d145
af6c4114a3acadc7ec4ad824117da76a
d67ea6cec9102712815a5f6ad405a2ab
d26db2640b43e7ad4b44edcd038cac44
f089d7bb6978b55d957c2c86fd5ef719
c6c5e5d7c8c1a0ebf500b824a7bc80ca
fad309e338f7783853deeb340037689e
a7a83f1b43c455505089f566d6ec2cbf
6446db83b418049cbc3d470e030ba070
5cd03bc9c7503c7e64fcceb6026a389e
53fad6e9c0df35eaa1addb4b68d89cfc
a38a83e913bd06ae466cf10515d0714f
226b8fffa003440c51db8c17ca07c98e
e9ff83db4fddae23e2853ee168a1953b
4ce0d9812e813e8e1097ba0980d94adb
f6ff291fe4004491e48de475ad6c915f
4e0314be7e521f8e19ce541899448541
05720995153e58304affd2e1d0fd090f
e0f828b0a66e6e86be2baf647b798032
8fa2fa7f00c1d8694e10499cb6684c46
814b0479a0f00f1d0f9b518ee8335d51
99a355fa67f2a2c086393255ee29dfef
4adc2f08de57fc3dde9d7fe2d51b1203
35adcb59ca032a3a76b3bc876ae56dc6
e9e06a49039a02f562222f993d0bf25c
ffae1a19e305648e1158fc2fd70e69bb
eeff959bddf619397d1a57977d8e288d
0d1ba97739abbfda4afa4d98392c0dbe
e691602e3f55243b583c4731e27d65fc
0cb7bc1f448d1a6a24f8b7e0154915c7
156abea05284a3c119528af5b1f31d91
cc692ec3c264b57abe83de8518f3621a
a9258f8682491f7adbd087aa275dc63b
97d816e724604f233db52106fab801d4
d4daadebfa4ba26c6ca646169477f2df
4ebe1afb4f42272db1d8843db5aeab1a
7ce962e59de1fb831aedbf609a702b95
cad8c71bb042cc06d2bfa3ec01460bcc
1d42fbf5ffd2d5da70af5c7f2a7429ff
0377b2cbbddfd78140fe34a6b74f6712
0927e8ae628f4fddea55fec91e035546
d547385f1d23c1825077e715a6c91a83
a44047b9e00eb7a4eab782c2670f27ef
a81b292d4b254eb3ec1b63a972930409
c276115fc51ba830622450bcdb3d9ff4
62b18b6df041b229b8f554ee25c51fd1
f01a25e5c95936d7595031e88fd760e3
6a732ffd1656640bf630a86a5f4e6a3d
3b3bc0414c4aecf40ea5b0e2fa17a40b
2cc7626d7f14d54d08b4104c3753a522
8a5d8eae9a0cc5e3984bee5bab42a2ac
efaab661a7d8c7722a2942f49a026866
66029692e38a81662e78545ce35d6710
1699727a26afb172bff8d6feab4f3153
607405b89e7eb892e294c4ee2517033b
b28da8c41396ea0c758e539382fb32fb
cd70042074265f349cc39a7c72665ca2
c2bf09e2b837a330f4ab3b451cf80092
b36da886bbd4dcf02bc607c03f1929ad
803564f9d44ef3340622821c8c24b1cf
c71b45cfdeb90cc1465cce045ff3a97b
1d9f6607d6c524d8e32ff18d251976a0
0a8cb15255c9f471230b560f0f17a004
f06bd251f323c26ca77dfe4008652ebf
d283bd11b3a1ba910745345c3f009525
099de8d2ded962dc518182947a4d3c75
1d038462d67bda46453c4a8dc7629a11
b4e5db8a57c142c3139f00b32f36629c
f055528e240a690657c723412fbec190
b0a6e850ebb83037399fa89f776c55eb
b7f9af7b6d0295aeac4c984c0f4e9266
0592b5fe285d768ca83b9e05a175cdaf
638450671024201c4de3fb871f884713
d35d0f207ac251e4d3735cb52095828c
f78fbc175a60e6cc0f2e7f1ebbec70d2
f3bab1fcb6f72206ceb55a7a40c7af3f
0a5c1c9fbf12d7cf9d26a719d71bc18b
1a86903b48e9245240a95e7dafd4caa6
86d18df4ba798a650b384dc00997935e
8f028cd120eabf3cec0162bfa598329f
b3b97dfd0072164b02e2b4c03fd81e51
e2d1b4efafb8a1409972b91781a39220
9d6abc2da97cce0644f70f5e0a1b8bf1
ebca14bd4c8dedc0ae9223749cb1e01b
437c52d8411f4573bd4cc220127f6dcf
5be45d74d418e8ab3ab2de0cd6f5b1be
bfaf4a345ceac80740c21f8e0ecfaff1
4c4eb4f02aa6f82d8981c2ec97ab7b74
56e8129719483b2a8f64646150dd013e
9ab1e56133393714b30ef92251b1a7ce
17a5f6d3c3eaa80abfe24c28e487a9cb
79e16aa5688a808a7858cb7702154ae1
c89d343c09276c55503700bfb57a0bcf
146cbaeba3a1d534c5a7b287f871694e
26f6e9290cadb87bb51cbe19777ae5a3
db273fb6315b45cd26fd3dc19f09d3af
be64775aebf8e58adcb349b944178628
c48e253a9b3c152b7ef3209064bc8f4b
56576fe128bff315902ac887e2f939ce
4f41d0a0288f171d7f1c16040e596c1c
5a06e70617b3a90ca351a4035e8ba6bb
412ed28b01d8ab194ea4dc7f963626af
5554a18bed5c2ac699636f3489f6f620
369fb6d032954cedb784f9346b09b94e
4935341629f962a0150c4fc20e000e7f
031ec0ef578160054d9bef8c53edd71d
7846d84fac92b7a8d38eaa7525007e77
f3fb224a5af8d586fb12f0b5e79afba6
497af3e4ef563ec6db300d398deda0a6
2570e98b4670635ffcbcdaf3fa5aab61
91de0190a3eefd24129da490a957dcdb
02d43738f7c8de2b95c4615cd8506a34
4afd9bbb6fdf53e38de064fc7f7b0300
d17ca89727093313491d18ea6e871bbf
9045cc328516aa1bb6908423824c0ec6
a7a07885be681982eb9748bd87343bc0
13f24c7cf57c0ab4a2a135dcdbeee83a
0a43b7cedefbeb4b05f87c75bc4b9974
0a0a9374a8c0d3b8bdab052aff198971
faf6943c22c07542728232b126636198
c1cd8194053983708b9248ec25cea044
a4a6f39f36ee8a4e828b1e1ac9681412
dc2b855bf01d047a14bc317593b1430b
961116d788a566f5255a638d448567d9
8c60b44493e2310a4b9e19f51a01067e
7fcd7c2a21c233ff748b55e7cca01889
34c1975b697cb4dcdc277099a8fdc6b2
43a1c77a7717ec28858f5c8a6de42128
70b8954c3fe7d7f3673e861e8ba49cef
833e4c305882f2c47d815d4d24332a1c
316fe69b006a5f382e87744578bff90a
d20cb04d0025b6b32f4144211ca206bc
1a8e48b0a7d983a55122e564e933dd9b
6c35b65c577485f24aa71f9980ebb482
4373a876f7e94895f70c8dc378db63bb
0308f11cfd7c9a0a2f4da24b88734078
7e5b3df8cc04362a98e43eb97304f74e
8ffaff9ca7163b03f844fed59997499a
215d461a4d91c4e3c466c3e91fe07ec9
571ac730503769e8948c90eb4a6f1272
ab9979d49fc99faa45bb385dacd60587
7d6b8dcedb2c181468bb71f6fc150c33
85dc161d8f215602ac6209a7d9dbcb46
1abc127fcce8e0d88451d10f4311df13
991debea1b1d1c244b8d8aee2fb59a43
967c9e301eae4a7f140ee09715d6c3b1
c6db03104224f7943130342adca19c2f
ccf8d1605192486db47129e40ef0e9dd
d384da13710e3e19fdae383e00ad0c99
3b052f32d1a63f032464c958d85fcb27
eb5230badf47b9dd9df1185c48c46916
10dfa7f61c1a11692b42dc55a684865c
1ff2ac77b39119c502f3dec4c38763eb
24f024b2861330aaced3f3f174d89f8c
075400e74f2335bb4ac19871e9157c62
76b55d0e100006eea36277dc002d16a6
c67aff4f9ad27b36789a850e19c00e18
70f62016eda331f62a31c25bb5b21e4e
a7050b6464da974cd44ab1a2e05e5341
c0d7686d79fefabbd7fc647a4d20847e
e8711c4c4dd0abd0b658a740e24ff8cb
3273a63bfe69260c07aed189e4a8806e
681cb830704e446273172e25b1636047
54fd5b90157699d714b811a1703073cf
ea6da959c8afb63fb39f42705a27bdfc
783b85ade1826bc3b4099cbec477cb71
5b5b6e3064cfe68135edabc6575b8336
aac7adffba4ea9a660a1246946c6b2ac
3b68ff8e5e2ddad8a9e2b5d96c83831b
9024d92961fd591b897ebcba8f99eab0
f37bfe81bf18adb5e5d2519a61ab0ef4
4cf6c27e8434951f40961d85c81d73c3
8206a163ffb0c5858324301946e1e956
33181a98999c14308483c43f51ea0520
1fd28b3e72204103a12d20bba13899a5
8809bffbfcca6fdf87c9f4c5c8b70f5e
11c28b298498e5c9dd258a171ef08c71
ce2a19b47d8a2f01ec3f0f469497da71
e2fce49da73f5891233002cf430ae9d4
58d2a2bd6862b61fc4ed08a8a3a33b5e
c3f40cb83ac5e534ee64e9b2b4426d91
f8bbc1a550bdfdcd205d371bdfd31220
a77493f238c851741b9e1955d1e11307
9ad2364e0335e38f00439f782e2da5c0
ae4ea9b3b4300474598255c5fa136bd4
acec6e8e2f1f9b3cf371cc145ff72543
6ee7c1b05b9f6fc7f449177a10d0f2ec
6b4d8139c4249fd7153397d379504605
101f276541ca8e88ec749adc51b74d50
747d2a997a2ec8e269e942db3e19d87b
0f13f9bcb7bc33aeceb5abbd1f3410cf
bcf9138e6cd0004bcd17553206162cfa
1429b1a4661dc603fe87953e33766d20
66ddbd3fb58ae5c8ef507550291654ea
c88323886816cd0bb71a4bb52f061c7d
d047e627190e7015ff4318d4f96fc84c
5573dddc74f9324b2f54928d099dc3da
1b8ca0587d0055f909fb3b5a4b6d3b65
6796b5371f7fd38177d0710c65d7f8c0
c3c0f7df23d55de73de3dc988e76aca9
e2e488a174fe4ebeaa6d1981c1261565
c481ce768dba63cc6bcf469166363f93
4c98657079348aed95ad551a5afbefde
3865511701c670931d1aa0b586fec3c3
15bbcea4aabe7744d3a47b6f7f03492f
cb6e5ea12e4c39cc73de4efe2a79e539
06660a8285b7cc4ed8f6072796fd14c5
8a8908621925eed1d1dee04368fa2686
0db54350aa44954c721772c252dc2e6a
2296510beb1faa458839b7e65f186ce2
cb8a235f8c854665db8f3587a19f73d7
4fa4ef064ce83b59dc9b7564285ef28a
359b760750410a2a64357a598ea5dadb
17fbcbd4380b7f1d38c152e74c804684
b11b11042ff3c7c6c3e580a5c47f24b9
eec723b8ada0043bf819296e18bfb60e
09380a4ec3562fdca4f6453f8ec3800d
38b3fbad936c53ceff18262e816f849c
c3c93d4229a8c767998d9f142f557d4f
1b6570c30a6d7f6823d9e6e613e83c03
8b998ccacd6575fb01d803a07f0930bf
2b48aa36ef806356e8a6d66a995938e2
babd08663d4ff361d8f66bede0abec58
ccb2342157d3a331a58d0dad4af4dd47
5e12a75e79442374cbfe0135557baf13
b612b6655bb66a9c0caf9c04ad9b7d92
85703b5768bbbc1a03c9d47747ca6366
b11e90a96718ed314400f491fa5e37bd
11482872af18b071027d74d5ca2d9bc3
46aa30126a851f68585d886afcbe097b
7b4530cf33d787559223ba53a40d25fd
bef3d36ad45ec6ba6d48d8b9c3428b90
4056682dac5085ff6c8b352958695b9c
514d12eeb168c7b8cbd612f90b8a01db
0dcb497e15c2c09c938fa18a2ca3e7cf
61884f1e4042f826095f0272dc8eab02
c0ebdb2af0244cd08ee3c5843efaac8b
3eacc5724ea6947356e23791dbe2bd23
2f186e56a3487fa40d4461ea5683d7ca
e0adbe4aff82bb440a4ae02caf055503
8ebfde63be11a1647164c1edfe917028
d72aae5746d9db5b0af3ef14e94f78a9
40b2ed8fc4d41002a31c2c13bdb050e6
624b048f6aa7217b86053116f38894eb
b088de635160b7b213e215425a21b3ce
8cc84ad04b75ddcb449000a63e8b2d74
bc07a0da1d2071e74d2b6bf81f6ec502
2ee35ac76b8162ed7c27a2eb115b9f21
7574ffe1d0fa803ed5d5935f2754f969
9319ecf6d9f0ee3d7ef91d2cf50e25e5
91f1b5e1663d2637d7c2b84a5309b217
457ddb6855c1dd3417bc8741c6687b30
211d9318919629fdbc5ea4d07a769075
a5cff4b0bd48138e80ff11887ba4cd6c
5f5c5deb96bf2576265f8549a487cc34
09f8cd83638398fb0b945091a4176c4d
b6a8cac270a26bb2c5c3122aa3c41506
97d953cb8cd49bec89c362a74dd1ce3f
feae6e2341a19aa780e1827b76ce7ca3
e3f9a62a36d9bd8cb2d1009feac6ff53
425984a4ba13ef3dc33789ca79d13959
de9941928828bdbd7c4a87cc2a4e78b1
73f287b72ac65809b0ef4c27672e0fbd
025fe5f00725dd5693a24b32bea8bd9a
99dd0f9680a48e0aff88b21778c89754
20083d4144ff04e5ca560b139cf40290
f14230a2b7c7b6cb465b5041e012683e
47bf457e71a4b948c0bc0dcc8e4cd2fc
f14765b1d7042577c9ede8e2c380ac47
98982678fa471312aed416f31847edc6
4b32b66b348744690b54abb142b89348
c46f9d770e872b4eeca2a36237c23ccc
f2f0669637961d4d18b8335132d1f191
22ab7f1f9a4d7eada166efc53780a42f
8b869dba830152eeea235634a82a3c83
0cb5f720bf8aa804fd260f8f6cf46ede
0664e19d4d8570f362a59e9c5e0b3057
53ea077abd511244f35753c479272600
2c153854a44887729e3ee7b75954e2ed
5d6eedb810438263dca311fbbe6a9655
cea60752f01f335965dbaf2174942264
0c508eac2457abd7e4fc20a4c61f1ca7
f6e301ce255ffebf00ad9b2676267746
0afc796eb07134dca2dd133aae0ac992
091bb7a0682474dac008bd8749c2fcba
469f865e02a1554bb0e80c52e3714244
155857f71ba92bcb34dc2539b34c975e
12db363a29b31621f669ac91878b5d99
aa7a0ab049c5716f39adc48f804d7242
a404827e54c9ad0e11755bb03ff6ea81
471f47cfcda968a2af03171d3982d89b
9605aabffe89abf9cc6045945deba48d
5c4d9e2ff2ef7bdd37ebe1639d4eaaa9
52380ad6db9211767532d60362c9dc74
e12ab0f1d57a96af9ee5ff16f132cb68
9a54b6a69e865160a72198faaeeee3b8
08c8b2de92b982de0ccfc7316aad7151
f47fc5bb60ccff76ab733b1e98146ad4
9c23df705f15c7f808479aef48128334
d2a7f60dfabd1baabf50355618114aac
d14a434c95c318123524260dccdbb8ba
82247c838bda16c56dd2cc7568d41b3a
ee0e5e19b6c37b38152d1e24edb4e116
9b0b48f0ceb8ad02fe06fffa31557824
fd1a0ca7bdd1dbcc96e1d820f9059298
606abc3aa5041c7b239e76109d20897a
eda9f6a945a129261a536116728c1a56
da67a9ccc7246869470191f3b3d34f47
32be2b54b892a055c14a7760bd841e86
13a6af8dae43376cb9bb33895de9185b
65f38c98ba46cb5499cb53361d5089c2
60401e931291beedeb76cf2d6d874411
5843494d8e586528d175e03011c0c9ef
7efef69d076615accdef1e9091e53d0a
cb9f0619a402122dea75b857781eb00e
64a70309cfc975a4373c89562d754e89
715d58590fee6cc1145ed27725956453
be5aad72ca1c8292596de4fa4891f78d
e5e2ce51e59aa54140ae9037b375da85
9c31fbff33be366c5f481bd2aad1c949
6723ea15b18cc6e73c69763c424b44ef
0a91b06b2ed10c61e77a7dee3f3f55ac
8fd7f913ef7ac0ce6e730d50b7f0cb9e
375904f13d233585faa6d96fc1c215b7
1a7bd33459bdae6ed49c7a0acd93ddd2
33183d504ae6ae5e6dffa1799d54afe5
da5a6a3ccb7cc7fd4ed64fa58bd26c18
a97f20ef240d1a58f775fd3406f76102
825df50b8a2d173486f842538a09ae54
29d49fe3d280102a9da939297e671ffa
a8b4d2878a9d672b3da61c7352412363
6cc6c4568c7f7229a07d8d55cece7460
b2a943c92570bafc72821de36f76dbd2
5c1a737b178b2c9ea7c657a908557367
eed7cb1b6894f29f4d183e9c6dfc743d
b2eb3602d6bf97c923b599f2ed2143f6
d1af96177c5ef6d0c2afad39a42953c2
b6d92c9f760be47d3c89e55de74ccacd
166495f2e6921b628dab566b4871b1ec
bd960551ef1e5b4f8ecfaaa93baf2a7b
6b2fba398b7a2ca57cc66207bf2c2c5e
2356a41d8d83669ebc2f66a2d0f562a9
3f01001947158789177fdd2ec5bcf8c8
8b3cea6fe3d903415fa286edf1142b79
8751fb9ffa0a6dcaacd5d30ca6efcef1
50f64d838dab2df1692f3fe7fe6d25f6
04933c9b2f38590f2fc12776d92f62da
8bf50df7834cb81d859b2087f33cf220
e25388c6e6212ea85909a5e608d58b82
84988edeb4830e5226c53e488e9b4cf6
b71b2db9ea23fee5cf8bf169f96a2e89
5b70cf583fba45f85019ba7323c65c76
3ed464e56bc9a2606c2371d38de75e1a
bb8c4db736b56c0a577663d98adbeb48
c21426c8cad2399882e34b3927960c10
7e2f42045c1da7164c06773a025d1bd4
c49384f4d857d099b0dc5b760597d70d
973cc82f5baa25e11d87545445484191
dc8e366f27e7992906c4b9d46138480b
e824a87c8f1ac76d35ec7c0d9d4042cb
b8ec531fcc8c47a37f2dd0464b6c68ad
2bbd062d97884e6aec561a41c87e25c4
c70115a4f0111bf9a39ae41888b7ff12
cca9d96989c19fe4ac3e1fe8d5fcfdd0
8b65aa27c33bd347f2bbeb2cd4c25e18
8f06efe6c658cfc8030c8587e45fff45
bed52ef9798ab5158c15b9dc852ad542
5e97a470a86ecc1db3882353ba675fef
1cdae217b1ab8838be40895ebab454f7
eb77be1073dc25736e89f531763025c9
c81569b3f42f8b405e7093d6d170c069
020f56c4a181f87e2f6434a506f89456
53336d7b4d214a1d1524d844636f9195
d20f54f18c6faddeb9ec0ed458f64c6c
6d7e4f5b38a8da9fdeb3b7d80d9467c2
d2fa8ad2aaf2ed5115132e4675f27ae9
07fd9a86b0a850c6cf09115dcdf7fe1d
9ae40709d4ce948d9121f49c01368948
3f0203283a8e70a43bf53d8438d4b8f6
7e631a9e1017eb5e56e73e9bace666fe
f03741ff8cea6a8134555c831b591f45
6844e0d0d1a9cc81f0c5870e13ad77fb
fa47d3977fe2ae942b91c210b3cebdd5
4f2aae18b1679977c455defa9a9206e6
393e8040e742fb83fdc8959d27fdc929
6948c0f00cc3179949000d8e8834b5c1
5c5323f659b54a709bd392d7c6d6affd
b072ff9b87f4ef9a6a25db0d8630eba2
8dcf748c997ba4b7ebc932d3e28c895b
d23fa516c56da42f705322e14222a3f8
d98ff2466eaaa737f797bac8585ed1d5
4c56290456358868338ddcf90323106c
fa9f59354b8e029b9785ad864fa2d3f1
d201e20615e3df04887b684a6de84430
ae6ab5a9d7cb3a8f9806e77839afff04
502f97bda78648f1087740cf2f90a9e7
d0aeef79ce6359a6aab92d30fc827be1
a6b51b34e5d0929b78b51ade51564ab2
c1190f696c41f3f133ee449e41ef4a38
3514089959eb7202e64bff8456247f8c
c78db2bb7f647f519edb93b28806cace
0c9b4b2543f0ce9921db2ea92eaf157f
cf8bca9ab5d1afcc7f316551af73658f
81cd1bd35b0af10af4278935f35a66c0
536840b0b096e380a66e09d8672573a1
352474bb8a8446a37e6012d39d9466f9
ee21d90a476f97191439b1b86c2b55b6
31ad4504e147d4b325175d90445a3c0e
6b9c9341a78040bbee32fd1fa9cb1f57
f0dbc96af47534f10fe766e56f482637
4952b323e08d0a1f616e1f75d55f17c7
6c63f0dd0bf30ecb42f815fae61cb83d
8fe59cfcbb2328f06481a0f2259cf31a
f195bafb77cd1c781b2b38c8afb03efc
514e5d227964d2f5b3cc984b393149b0
9a44e48dcdb976cb9ea5a67c2cafb121
f25dd09f0a65a4e86d03bcf783f1b728
486a7ab0ade82d0717ed6d47c6418c82
6007d2cb7af1c34464e558360f3827d8
80d7268c96a25c2a619a5fb1796cbd5c
5e0a0d32c4d3b676aa26d8848cfa7e51
3f4a6349231f2987927c2b9492b1d05b
4ed7ed562c4499e0e9fec0498cea0ef5
ade77f7543155b2c24e574f3cf2eff39
e7d33709d9322f8b1f1b7f03ae51dc16
46aee4e1e42dcbb6114a62a9c25ec115
326afa4f4b4ddfd61e1b3b67e1530551
020844f1ab6b02c176624b45dfa13eff
0c1598285cd775f5a38fee3cee890bb4
a74d945a53ab6eb74655b51f5af67088
f10af39be6b4450a56a5230db7a5dd9c
2530eea641818393ba6e58f7652d9c74
ea023c9462fdf05116ddd7fa1340b8dd
23b41ebaf2f9fe0b318e875c3d159528
13278bf825906f4b45c793bc833cc6ff
76bb77fed9fbfde4e640652c6cfeff31
4d033d1bd78c92c3a2b5c5d7ef698866
bdf82ef1e99ea893fc96e9807b25e076
36146e1c1dc0c46de5396325ec6dc901
adcc8867b8ad5b835fe980e716ba427e
cccf25cbb0a4a55ad273c0408751c777
4d981784df54b41b3bc4c4952fe7bcbb
1f9e35ed70e710b9c7683b943464ec08
03c7dd119771b47c0bc809990ef39012
61c21e996343a6ccb668e28a4de0cb56
f7d094409e7508c6a7f8d39759d7e221
63a09d2477ed764ed13d0464e8363609
17a6e8bf01fef2744c332565b2aa8506
29cc144a2597b3624f45d8aba39e2bdd
b82f9235c6b031e94e59d40c7c6c82f6
ae2e84d3ec2602a335892fa72e73d378
d238ea10230d2c9651c115279b1a7842
b85ef5cd98e45847a4d69770ffc2fc70
c9020e7aa6191d79f26f1715bc864f1a
9bc2aaef70b5a6f947b2d7234d8cde1f
775f26d9664cb8d86f5392bd013d433d
fa1c7ad374cd9c18aabcff86cfb79c94
7b38b49289b8094a759e2e6275a06fcf
c4ac0005cf8b09c5e5a24691fc4ce983
ae4b67a7ab0580778d3bf94281a2239e
f8cc4ccb5a7c125f0c4a7f07a3b967cc
214200ceb5a7c823fe91292ed49f1033
c6e75d381ef783a1646441f2b5ad7d9d
710ad90a2b1118deb5ace79ffa0479f7
dbb8ed375bbb2e49aa7e6bbcf8b9ea7f
267fdc492fbae0373d26277a0c482107
31e308742719ac8304017523efd754ab
cb69cf43ae2003ba7da6bcb380fa3510
67f45ec9c16bba37a71bc391fab3d956
4be84d43e78b6f7e1b72f9972938ce88
27ed4bb2f5b10d27ff58e037b1fd42f5
76b50a14fa40a9858fcc1e4e25ff19f6
185dfa9f2f40d41731c560e670b5931b
8d6863d5511f2755a9c3032c05032844
86b5582f68dfc1df460f8e9da96923ca
be7cea4edd33178c7d8836f74de0b1ee
b3e271c9df1073ac1333830cf6d5fd36
240c98815bb91f1af81de9d37636327f
b9552d9140e852d4abdbd9f543f3bef8
1a9080c5d673c084274d82596295ab40
6525e3ae2e87a61481faf5760ab1a560
80bcf59021f15ef531d417dc3b385288
815852319b3b1c7c0a308adc9f287f7d
c8e1fabf767dc0c3aa859d6a5f83fef9
c1e17ac54918deb8a6f601f16a8b8bca
2a59d1c65806f9288bcdf90ee7a12404
d49774f99fa1d689a42f89a85326bd7c
8293224d1804d379e4db7845af24f5eb
45eb74d0b48d2c11566bd1106dbe71b9
d5209bda63cafa347a2d776b917fe2e4
fa7f6d38740bcab2bb3a402b9d811cbf
18e2653b07a2f668ec7a30796bb154fb
eaa83d17a2149754a7e5accfbc921c03
4f789eaf82cea81df7ed1d1931189e2f
e5ae88d5570b5d8261b579b0ae264a16
bb4116050875a51bb55c900a7eee20aa
3559a3a6264b22d0b66cbaa04a09b2e8
357cc6e2535fcddc4f4b459db1b289f6
292a941730471806d96e9a6beb80b72d
68f5f513703284811d98ccbc534544e0
63cc65bd67447384a248e0e45f7cfc53
51e433a46ab955fb48f06c52c76f3f12
62423a70cd079c23812b81f9a0872b6c
f1750991ad67bf35db7183fe2306698b
a510a3d8f5e67113c387342e17ff767b
b2782aa05ce87eb4aebd41c6a80e419f
a9b5e8d759dfa7413a8175ff50f5b203
6f9c34e404c0fc71f0eb801f69d9f503
48d81c3025dd90a01e7130127865122f
75ff534e99c976f7caee58487dcb5cb2
b35e2cd6c78d785e0fea295ef7591937
ad05bdd6a7272e6d13b58a54e2dc7d94
4f2fc1422fa8149a9e49b8c1fbd58489
85b3e71c36fcb0d13d9291d132a669ad
70df13cf4981aedc56d99096c774c7b6
1a5bb0c3d334b6fb27da8737999cbb8d
cc4d06b2d6ab885b9d9ab4d6951bad03
1b24cd931648dc2ee638d22c819b5f35
1adbab6a2b4490ca89b19f29d6111a25
271a2838aae270d946bb27d788098c04
7ab0d789548bc29dedfb96b4f8b606d6
e67f40a1ae683df8cd8fb1c96eb56bce
3984ec469a87cb43ffe069c3d564bf0e
08330cb6595b9b6672ea9ff1e15fd8d5
06d5e0212ea02b80a0a8f26d64e71b66
a814bad89cc5c624a0403127c99c4a7e
9f682e6c594e9b5518e51f9ddaeb1324
ce0c906222d4b9ebc744a4f0d4987158
28cfd3e5837eaf98c98cc8e3163d3597
cf72ae8427945b8764a97faa79edf5b3
02f10dddc9245b7def7fc2b1e5958c82
0ca62eade3d0f25ae53e891508d0d1e3
2c898a6dbf0a359f64373cf52c7c8e76
6470e1f247a977f2ce0e42e9a941b72a
1efdbebe9f708b302e5c4ec0735143aa
5cd41c594d5fc0cb2d4639645113a880
caf08ae0b1dc162796e77f3cbb911ea9
1dff6961e4bec64e0b08e1525bb7e1fe
a7ba87d966219df40df83f5db843a348
4a1f7c4372e0e46f1beba0d6e1962fc8
c5caae8469cbdfed1dc801df1a3804bd
2bb6bb71a7be5eb0211bc69428a5c555
288eb0de3f4e96c88e618921b594846c
392a20daf48310e23af8de4473a2f0b5
150c6565eeb534b523fe91c0c691688c
8776bbc1adbeea0b73154c2c78451253
42eaa05b31003d16891a41608cf99735
078f39ba53e4d364198dbc155be7eb9c
46326476dac51882b7e745d729f4597f
bf6d7f095413d11d207da1c4bb5214e2
009d23c81660e289556d1bdafa4ef07f
8bccf32174deb1224ce1cf36533de6f3
676bff1aab771f69177c80539687f457
fd76a787d1c299b0b03d15036716a80f
609c31e4a1f5cc0d904c6563673a3f26
8788b01fb00d8f3cdcd15792145718aa
b84c4dcbe9908623fe08df4c0b792f09
d86aef6579e9d185f9a5d45e35436f9b
09334215378307f1ac3a098558bed79a
eb99e3ea5835284a3314cb6e01ff0b12
8e2c9c7e075f1b7d72dc8736a5960bc4
713f030330bc84b50196be12b85258f1
8e13bb8b4d1d6ccf0d3b399bc28adfb4
049021673501d8dc6b764840b75b7b60
b3c35a9077c2c7b3681f61f88be113dc
e3b2c7629c4ef4363195575d61a8cd47
c7bd91e596a62a7d0da4d672970b5f00
016b7500b7b7519a10d694496852266d
09f1c87c1d3f8c5446eeadf364eb7970
ed6fd841a3aedc8c34307de735ef0f3e
a3ef144a62503964d979bed24d04489b
89b8fb346c372dca30c544e8270f266e
c6be92b0c6aac4663c6dd6c357afcc15
afd7f69dda0305b4c16d21b37d8fb8a9
7d0fe998187c6b22d770bfb79a34c76d
b1381b2b533317a60396441aef86ed80
b70e163ee1b0c1793537ff76d37a3637
f5435cc0c5e5ca771b1ef4c1bf8d6210
63f9ea03c6c9e2261a8ac1314ef8c6cf
a8dba74581a74fdd149dd338baeda44e
bb7643b258d3491af6105ef55729ccce
986d5cf038ed3246c5279979c547b97b
060340bb90cc69cb22cf0c3158e2e0fd
bb9b5caf5f5568e46b81c99a40a60b8b
7345cb765271103dad5bc7e09cf9daa4
b1f37dd4cdc5012b650a471320486ef3
2f7787d30b712dd999b2b20a63d1e428
6221a61db4e8b8244c9f50913d0998d0
e89c6f240294f641dc6a6456617cc87e
0b432a1c00cb1b9af67d2c1c96230509
08a71e433bb950f0d8d5e790a5281658
55e1a77b3e5cd7f473aae6973ac56023
a9a4a026516d08fba740ed32da329a40
b11980612f61a7163843137d37e43b61
a24a809540bae4e331851712e40eed5d
bcdd2aa4ce0137a8711066073ace4648
770d3839699050f9490872c11cfe6f44
72b861e8ef59b4c7517313243e7eac4f
9b95df2d165246f2d2d2641f404516c5
749262cc866a146f28cc7c3e9f72fbdd
02165157b6ff8a3a09143c1eeaad6964
d8cd20f8f80ca183bf809a4e398546a8
09c06b73c7613ddcca31b2ab5e9f17fd
829d670d481a56766d41680b1eb40245
d15be5d992a6380ed664dede7da3de73
da3f3525a7f70e560d744528bb39e61f
eb7d13e18f7a110844306c461f4f6f40
7443c40d85b81c00bb3e6e854cf9931f
aa125299b1ff210908556ec773b44f1a
4f832a5efcd7c43dee1120dea490d001
e5851762101802a1a8dff1e4b0a3ab36
23436ab4e362b6f56e5f84d52874c49c
316b2fc56d4081eb8f912364696fbbbe
b17ee7cd975473c7ad89a4f87ae4f620
6818cd5b65a80ca3495a904621b02eff
0646533216e496bca1dbe0b674363c01
f38056270a02e26f391eb64483e82e58
fa260933a18e89c6f7abdcf913e6de17
53281468548915e9272d328f136aa5fb
c2be15323df8406e0a80764b88eedc5c
a2d9bcb85673bfe6e1421241131f73dd
966c16fb1e9d93391f53abab5ea2bab2
7ac3c75e3c9df70e03fb6daab4986759
9d4c8c34c682c2e4fb942b4a29b10057
ff9518a6286c213494c38ce3e8028099
1eed819aafe4da06cc97761753263f3b
ad88f04fae88daea8227f8cef3483a68
86b74cd9fa8219ca0505b58a2f9becb7
2c867e1919d6dd94afff6cacc3f17059
48a35c14103db544651e1edabf1596aa
ba183dc653bd56ed350b768af1f50909
12ae0b2bba3f5d375107f82e44f7ffd1
0122527828856e5e5208cad44ec18932
551b3e43f9ebb6d5833df619f4a70acf
17915d730e08ea4822bc0eb9d524ce12
93851e835054907e744c2f6cf6981f6d
f38fb2f9af5a745d757e5a5cc717748d
8684e21f981af1a3d3623047a436b4ff
d4c92c1653bf9bde8ddaf0e57f5ede37
5ac4852dccb40ffaed9248fffd672712
249852f56db0669ef82ea87a2c90cfc0
ea8aed31eba00eb91f5907ad6fae4eb3
a5e9ae7bbcc7d102a3fb76f81fa1e08e
06bcd9136203cfbacd8cf5a7e50aa40c
f1fc432a40f9ae55f974bf8c7074f336
9afc1c203ade1cfbdf8bf659d9162a2b
79ffb47df59d56279183b4cac2104392
42928c45ee706dfdec54854bbcd2f584
1f177cde08e3f92668b92c0b48a81596
4f71aaf71b36dfd127730cc522c926c5
0d822fab6e59f15c0ec16f1eed223b64
79e35673e542952bc6ba0835b874b598
be98cb41720e1e9751cefdfac2412fba
ba82da181109dfffc86f87ed6d13d49e
2f03ad846c9400772be4e41f3b0f247a
349bf946b4ed8f30ab439d97c6e99bce
c5c4ac09509570f08ae4b0a11bc603e0
bf5554c37ee27ca2d3e9e5a2912615ff
c01f0a617fa8ddcdaafd579d1b344e05
f29a232b62c7922b001a448b0c43993e
6cda071bf944c669720fe74426c784da
a34a8835104be2ad9fc5840d3c5d45a3
83b72fdf435425940c3e2df9e926a3b5
fe078f072a3c792435edfa26f414c620
bc091600bbb20876eaba266ed5821955
eb2165c7360d5292c5b1b7a5b8f568fb
fea9c93d2f1be083115dd9b4a5863cd7
c05dccfa00bc34528eb60d82441187a1
09e7c39d9654b628c31d69ef3d2b19f3
a603f7d8de4c49de2494398a4ac7ea37
a7e59a6a4d832738a55f9e403742da35
5173878febfb692ee32828bacbcc25db
db5635ca9f89aa32a804800e3a90eb66
d41e60466e93640a76e7c9d26bd6c12e
6bb5deff92d962c078c5cb6cf5020d66
a6db4305065baa4647253eac95465a91
fa6677294d4fe74382ae8a4000f20176
7cecc45ad234956c5709f31c96e78615
c80cf90adbf17fdeaeaa7a0457502595
7783980a8ac82346203635b244a840c2
5232c9dca64bb7a23a31a977e74e77b5
705b92b29cf2bb4015ce84b8e660df5a
7b4f6a17145649ca00dbb2b32a7156d0
1691515058dc5641b402536ee643db46
e15d837602fa2ab38fdbfcd1aad96586
d3e33f42f00aa516d5d4f3978fd6faf6
5a1cfde617f656753e1da885dd797634
a9d55047d7971df21014317834d2c4cb
5550fae694c50d21f276273d8d1dcdce
cca3011b183b7f069d8ee2ab4fb5be63
dc741b4da01f6d9656361ddf1f05bc6f
f300835ec3cb9b4bca99f8b50e5ab6c6
b7374f79a6283e6525dceb2c4a24ac81
3b828370bfa713bb78c4511c3cd93b62
3b63d09693acea937711737f603a20a6
f11f617c20aa7d4f77f39eecad4c4977
8cc2f7823f938169766933c87e76bf14
bf8dfe37cda9684e70646fffd9181537
d7c095d93376840437be76fd82d711f9
339bd13c943bf17b6f0079168e5bef56
bcaab5b986d5b889bd51ba48d17d4a16
bab983f803ccfd60c238310c4d084e86
de8c292f31f1ffffa9b3d8ae353b1a87
c81c2ffcd37a9eb0aa47403e691b7bb3
06bd211c65994fc324f9c64724f285a0
f0e23fbfa6500f81fbcc9def977287c1
0574cfad128be67d10a9386401ee61cc
cd43a661f6dad62241fdd71466fcc95f
af5ad60fb312249d4291da9b193b5982
4e47d6d5161102bee44be509c48fe844
c88c2cc12f4493d8ba720bdd5f61d02f
e40b3ad7d20625fe4dabee074ad3a735
ce43c2382a44ec87698a55b653f4aaa7
6d6ff008d9c0a05c3d2527f81d7bcc93
dbaa83eeec93b0be05fb2ed6d62b4f9e
dc7b9bef1d0f981429f8dfb2cd9cf97f
ff9577adf89b03f7245b14575e2cc192
69f235f084bf2854080fbbfa9c5af63e
2da28066c15ee52410818817d88a19df
402a896c1b2a454c2421baa4e5cf40b7
8a3ecf90ba941f077db8b3bd977a12b7
72e92650ee311f6bab062ebee3f9fb1e
8122e06df38fa3511b3d58a04fd9ba09
17668758f7db0ad1edc256608c9603a6
fc9b7e9d8aa44ac32daf64418eb615a9
1084e5425562b4db22dc62069e5b8279
bad2c955888b38f02166d286aa011008
b0b6ac64538c4892aa4b6bc7923c1ddb
6603acc0530613565e1a4dee085adfa2
4705ee100c9601a4463c061b161c2d90
d6fca897673ad9ed1fe212064f3c58c2
d4a9b761260dd773c81d8c6a735f9335
76d552e645cecc2a5224035a30e772ff
74b48c99ebb7d1f3f379c8b0947cc026
6b8255de09cef421b8a1dc78843d5d6a
536f7f5e5f80f279c496db8e8189e6fd
b4f7184ba888a931d3f9187d55c60e91
2aeda651ef0d51b7b952f822844b64c6
3061b53a3887dfa9b1d74dd7435ededf
d0cfd82655cafe7f595b855f67db79b7
697e739520dcd56a11c2c1ba001709dc
0b05456bb21daca24ded1bf5ae0a3a99
742830e7d0ae5c624947d83569e60b50
6a7e39f9482441cd812973944c3427b5
2f170fa5e87252d132594fd4ae4956db
a86ee259cbe9246f83180eb9e66853c3
9dd51ce95ea59218743577cb6adba30d
577b2bd92ced7b047db9a8dc260ad0d5
e4aebf061a874d08e6064b541d6b4c7e
4a857c691b707dfbfc1fb79348897ca0
cadca6f0af5ff1901d3d9fed0ff8bb92
7a55712c7ac6f860a92c1c0410e577fd
c766bfac7fb4be7338fab532baf805ce
542722581b323352ca7a8a3f9b7a3f11
58a36b9cc0a7880e802c53a079a77347
954dbfd2e07506834041782526d103fb
3e0db80d9d1eb386b4bb44f1f6863104
498d4addc7b22b333ee4765e821b9d5e
311c51af2a9abb9af283082d11a87c05
dcb7dfd96aef1621f5bc135b86728802
7c46bd90d7945eb3fc4dc96bda1175a5
a2adebde68ffb33038c6c498e25fc3c4
e2c1a0b49a8c42f245111c07e7a3342b
27c5c355eb1b1fd6d6152f1c1d76878d
2b3ed487efab6c94f9035de560dcff73
2e71807806193d1e586f8884d3a59415
86bc27ba7ef1f4342b5322890d49fdc0
b5fe57bf671bee51151f0f2a3e03cd9c
bd154903968182ecab6203491b29b499
99ea93cabb30acd51fbb0a3f793a15c8
b1eec0aefae4b1a3988c0587258d8864
34fb718077cdcf2c0916cf4ccc53698b
5c3f7234eb9532512363c5faaa20b863
12f927b8bcbb65e41f1190a4841d1565
faabc45a38a1fd35f02040fc452c2d11
6bb8dfce8ae3654cd3f35e0fd587d2ec
9b94aea824d84fe0455b130ec74b99fb
2506bb48f9e26c1d401103cac1aa60bb
cc8b72f30d12b1c7079ffafc17d34f10
65c21159fe4c91d89a8d58d9ae2be201
cfbf95fae80e61bedca3c4c93a95040c
f076ca30c91de5870614394d6c117390
34509bf43b605a0bf1b4fd469a5e3e51
38595eb75baa43db96cba141a8b069e6
1e27e81fd98d2535519e8860d59dcc0a
2e9d95512c6d0456b5c80d72955f21fd
c74e7948956d96d6d102fe8992ee5a59
f94033cba92a20ba1650ca7f2b4275ee
ff89a3e4dce17a9e69573c866f26a1ae
bd5ead180f0590fa4f4f29d05d5c1932
cbbac83870888435529a2cda9f7b2a67
a8e75306d4b3c5985080d76282c34efc
fd59dddfe1f5bd0894eb809b4285bef2
9f10bf231adb8091eadc77936fb06308
67d06a6556013badd11aa9a67114234f
7d0c91d08518b557069f413183f04781
bd37015f034925cbecb265d395b69421
1a196cd73e1a966ad9a83f893780f259
df7b28cc0a09ff0ab7353b4182adef9f
0bd96507910720a75e753ea0e9287ee0
7a96daca2635852c4532946564baa579
064098d972425c0ff8898c13ad79e687
23ffd34debed5512177f57499ae370a8
02326d4d29908b668e56da83d0d2c2f5
03c64663e993dc60b50fcb9b37e65de5
5ab1ea42164422b2e6d17bc0c7b86c8f
fb3505a364da8bba2db3994f01c0a405
9861ea67b1816302e2eb4f86d0ce5710
2b20c6b9df8ed89aae3ad85284e610e3
f09314522206afab421939059b2de02a
bef41b2d4662a56549d5f093879c9726
13423019a67af6ef253a36b38dfa3ac6
9225e770eb919a65efd9f9cb5a2ab0c8
10d85dc33fb5c2ddcb1ae24148ca3a63
923a299392736c3dfcacb752884df56b
6747a43c6ab82d653a5213e061783755
c9eeca6f441002493d774c4c8d2ae547
96a353bf9a2ce4c26c1c28afaed326d0
59ca79fc0d8fa6de474102a7d41dcb81
16cb73e14423ec5f3f7d2c4cbc28daaa
9a7448110078b43f83bfb54498704074
93eb29d26033cdb38126d6151e22706e
65259dbb6a5322e0aa9e2b9dcecbf3dd
7f4ee0cd0c09c3d598df89cb0145b3ea
8a2c39c40127f2dfd3dffffc9391a95f
987084ce3b9db566442da80ff3d1c642
398735788633af549454777600f61740
5d6e408db0d973c5d1ede697e72241c7
2e5a06e57f88f8d415a3735560e3e016
52b5663dc833ac7aca92c68ca5491cb1
bc6d8a654d83799ebe410c33d21b0612
3223faac2eb3d056a63131376033edc4
645d625d854c5717fd7a65fb40054191
e3b753df7f8b27bebded12f8f32804c7
298bfaaccd1206c512da65f8f39f13eb
38fe65a8adfc1c2cf87a321b950abb14
0e21cc41f84e12e634a5844f7d308fed
f10b59c4601f6d60c20bd84d11aa6ca8
5ed5ffb98ba88995d3ecba76a20ef74f
425e13d9086c9ed5fe6faf0ef1d2d2eb
812eb4b4589282197e7d0c61dfe0cbcd
bb83d7015c38cc2ee3f587fd276bc788
01be61acd6d6a09f2e989bce7be37df6
bc011bc794dafb580414c03e79d4e345
d6202ef1ba3b10fec994cd9b0a94e384
a716483f8b94e9057c4e5ffbbf9e4da1
2f712054eaeadeb6b2b3517c4c0c2afd
3351ce8777672f4625e605b04345a251
fc6a3cdf556ce76ff1eeae416d39a3b0
bf139b8330c709c9dcf4c40d17d2efe6
2b90719c3b057cfab23296b64caca757
a540e113a07aae7e368221929b22c591
6e4c5a08d30b5ab31d3732151bed7cfe
65ec1e77acc9769fb057468267b94448
55453d8f21881001515f0531e143277f
318539ea383b2bf49f1627f6c2723f43
99d532829c1dbf705e1bf3f639e98db0
aace3de6710dee8824b10a833cd42cc1
cc8da186bb20053b18b2d913bdc37b2b
93afd90a9f62137f36029b282c53f581
77a782d3aff77a363800e2bff33a97c1
1c7b625e8d3ee571d6e936b9f4127a57
2e8fdcf4aae4e5c2fe3ecee3a2fbbe55
275a8018a747b3e1571f5f33e658df2c
ba5ec6d54e64e961bc66ca72558049c5
912935469d20a3fb3859463b9f9f68b7
838db769d987bebaa22e9feaf84dccb8
b1e86d6fe6d9472e24acd22db1ff0da5
8e6359a9df33901674be006336cf0be5
3a1d7f5166e7a384b519c3613ab7fb1e
cba6f16a1b93f22e9406037afdf7b953
d1ee7a38aa4b58981f4e185ef2a7a146
5dad135b812a994db7bddd1889655513
4ea3985a8543630e3001df3a387b98aa
f3f9d9bda34107d2949c477ba3aefd63
88b1cbc9b52eadf0fd98673972e8f00f
c7559fd6416bd72e67387961f4296ea8
527b7757869f6dfe806eae26394cb46b
9c708468eafd1a6a58489a1c8529485a
5d76e1d1576e24fdec3b046530a69c14
8c2b70adfc838367208db6d87d2505f7
0321b861660c348fb982345181647f60
03258a38c7bc4ac27a6492bf9e869580
ac357717d3cd560bd1f5c59ecb7a99e5
1dab25e2b0c74cd6ddea89015c5c65d0
df686eb31ea9fecef7825f40faed0246
071910036a754653a0b9939e175e8feb
9add9f3e2eaffe069eac5a5a043805b8
3fd967743c55ae4d54dbde60af20946b
b73909830e5a32ef12ef4d65eda79d07
4b77af267d2f10bc372c6eba6d3b904a
e801be49fcedc08cfae70b76a49dac80
b3c8ae355985f07bce1dc444f70b4aa1
6e06ebaeb5f2b85aab365b8d18f615cf
723c201669053ca61dff7b5b238a3694
1e13ef96752a123e4bcaff421f88125a
6a76597208eb3b83f05fd2a46c5d2438
45f334e25298153b129bd3c8da88b65b
2890b77070e60ef0f40c7eed19214b47
9ec4d29c4ad5fe4b1715cc9a71ffcefb
bf76d188bd860e8fc0e3d76853da53d3
7439209ac9c27ed19bf61dbc12e247a3
d1d3e8c7ec92aed56b3fad7fe3076ad4
b78a5acae2786b6f2781b090a7aee544
29d8a3052dc69f5fcd4773453933b090
5365c88493d9f8390cea99817670e62a
ccc0b90cfdbe7222534971eb52e1e09a
4a49ee861f6f46bdfcb18d5d201d8549
43ed05d2505cac2b886868c9dbdbea26
95d0b4228a023cde7486fae5fbb75669
864ed493fa3000738ca6d10c4945e936
e81b04307d6620609b62e47d1a792323
72689223b5c8998dc1386a5c2890648a
97aa93fe87263372e6b427e7521fa69c
458c1a362d9b8babd23e6fc77ef71a76
f64261f43de167fae0b8263fd2675c3d
cf96d6a090082f32f4dc164baf6e07bd
23a4bfa1bb821d56d4afd4a6c88e0139
5c302cbeaf294938384c6d53c6197087
78644661b7906f3c08a4aaa0ef8d6e58
e9726d841bbc666dc80f3c35cd9242ea
886e705dd6fbd87c58fa92406a85a551
e193ac9354eb1907aa86097f286b17a6
e6912642f11847d3c1ef85202ddef27b
10f2ed6c90155d2e1c59ed31690f961e
4f013561c3f2debc70f8b7d1bf78517c
35ee065afb7b4abc51090f147fd1d1a4
4b8860b27636621dfae697189bfb6bd0
7876d7f2397535c2514cd05b1229e5bf
bb62caae4e56cf9ad7df80fb2e1bb465
fa42f1bb1250acb2a7376344374767b8
c5853a6785a21aef2d5ccbc658c6c2ae
692dbe510fc774afd035a3b79fb1d37f
febd7c9b7a040619e4dba01b9e18cc9f
b95af4d5e03ff490f875b4114fd80615
48ed88c2150d6ff8ea20de721d164c03
e7793f8ffa298ab456234dcf50eacda8
237d057f5c1977b0a20b7bc043cc0a46
4b2a9b8b83f7366a9497a132fa1048c5
ec1eb3aa7a01c91e9e45579fdc322914
b096201ea24e89155dc2cc007581ebf0
b0b169e8362d4cffc7348f0d4e1c6d13
20c1b2f6a6ae0a3f4d689160c8c30df9
554cd988da81892b7d18794bc5f835eb
96fa1b781cfcd7860130af21c020b9d0
c3a0e545d9443e43e4fc58ed76fea06f
1db4abc9ec9fff83f82096911ff0de64
76681d3ea31e83235e3bdfa76a9e0de0
d41d7f02d7c7211734d9e46d17e2c0c0
956308558264be983cd27c1bf14d8659
0c00ecc7e2754c0274f6a6d852fafecb
5a62490d02bba8f637eb8774f4b11d69
83662be2f1ae8bd2caeceaf7a7a01334
fcbdec726e925e57349f025f933ec382
5e6941cefdf01eef895b5b662c315aba
fece3aa1edab982b3fd12cfd7b0b79ac
ea661b25f882bb077fb92fc7e290fd9b
7e0dee4cc5e3b28ce083653c8540876a
1f36d85a456fa9524bd968ebf9ca7fe2
3cb2928be86f6f40c752c705cc20d42f
e0e3598a41b79da5999b8a9a627cb91a
2402f8b23ea1adba75268a88663b932a
312c5e0ceac7a163165cab264f46d542
25104bc85f8633ef7c235dc4f5668ee6
fa153a9d0190f9236a3e1d6c0882f4f9
3acba55516ca135a3687d9f847b7dcd8
7b76aef31e836bf0988d9b7de4b5c543
da0a1acb2cf4c79cfaec823e96fcd347
50bddda95b3ee35f26a0034bc2bc95a4
6037313040714102cf9cbb6f92704433
03d628a5142f06f140cb7a22e52c50f5
cd7ebeb2acccf16e1f2de0e535a62625
48082a8a05faf519f42508823fd25a56
e9f63100fdda067e987c5b2e18510f9c
5dac12f8234858145534e77608a247f8
00fe78c182c3fd3eb37246130153bfe3
8a071516084b25d089d7a6b3b6494c80
fea6aa5cdbe574280e925079e6aa7b28
6062d7795fa2fe935705b51a8f5316d2
261172e1802f8f4588ef45e45ad45421
2b1490518688614a2259b689aec3ff1b
dc8ca6b13dc3546c9c76a89772da853b
ee544b556e640d9d06ba30c4552bee44
73f8caa41cff4e65a6ae0a662bf46b99
21092fcdfa4ba97793de34fdf0dc3627
3c948f017574ce770a7a1fa2b26063a8
ec7b0e0c748ae15f0283a0d55b2016d2
8956035f79fbd869bd37dc302837e915
bd54d820cb0499eb457ce35347e0b8a1
abb397187c78996c6507e62471beec73
c7969b85b97a9ff215fbd04049ffeb35
1c4e3fd4e94c5dfa278ef5756dfc7c3f
a360bb09d0e760279dbbb6775969be70
63c1681daea479b435bfc522afa6e8ed
7e297bcf0aadfc48bcd586ad9c1afbc3
b87d51abe00615ebcc5271b19294bddc
1505a91cfac3a162e193f515ed1e8c27
51480f84edc5fc1faf11b146505de58a
b6aa0c1cf4c6e253156f853ec19f0f1f
f99880841fc82d2861a805b990f2c794
700299aba7a033236c305b3ab5878ce5
c247e730ec725b5e5ada8cb2500fea33
0e924bdd02684675eacd2faa89adff77
d8316226ce0229d6a2da4d6f4b7f595a
f74b61d8dac2ea679dbb4125b4f910fb
6c6b8a929c9f910f5f664fbda2f59897
f0d8dd501d103cce2cf88b0f703bb989
a522df59853dd7bbfab74f742e3aeeed
6c5f215310ae7b554f8f8bd043d1d77c
1f5b36b705a42fcbfd339fc274495051
17a61b599691107eec5b1fa5f0d4c757
492c953952bb38b375428908035b9c7c
e4fc1a532449f4d9ee88b6eef5be3af3
a7be16d44b2c752051f5624c001921b0
697155d8396b093ba877789c1754266e
b13a4b01cc5ac106b231f7b512f2a984
768cda7f0b67a9853dbbe5fc432ccf51
ff80b13369edb1f00137bc9fe3414fae
48d1741bfb7f2db8ab3e2209c1475d01
0210cac6294c89e4d5d5ac68ee24fa6d
c2a00ad7a29a342f80839f5dcd6078f1
e91ef0583e1d39bb68ccc10b8a5c136e
038ed7160c23303da556cd8b54b15dcd
4aff1c5b43009be105ae43ffeed4624c
482c9233df28ba3759d4a076e99ff565
c9ea20de50d3d8f2172ea41fcff82d0c
c842d3eaa98cd2c2189dfed145911370
166b7e1c2426f6fa03fd611d458c538e
8ff4ea66763bb6fa90bc5a1e7cc4cbd9
9c2f6030306c6d16892f4e5dacb11724
cdded2daed1cc52af66ba977aeda6f83
efc75f5b8b40902bbe4b0db279e960ae
5c09706b62ca5737c45a6c12ca7a1d54
3ba8d5d4624a1f99155f0b922715216b
0606f097e4ff4e9c7ddb82bd341c5a43
c2e578c11d916c2d84deb61d14e2481b
092aa4961aee06288a8bc226c140b211
9c0e5a25f75c1ee1b8fc6072cb165c18
10dd2b61f171e9b47dd230ece9ff8eaa
de93c34991d33b06d3f891b2c14522e7
27ac40fc555f3c789ac12d04c00dcc6c
04888901a46d826d7809738bee701ec4
db6bb1b266b070c01d987c52c1d01048
eb14274c8d06a03879f96d4a656022e5
47041a8ac89babc817f1afbde51f9f80
7df1e6ac21c751a247bd2dcae0b34f94
eb38fbbac5492daa75c0cc6e5624cf41
0df126551f0d69e9579efd4cd9ce97fe
00a046f068c3da34632427e027be0a57
55397afbe75cf7d4a16d4a4241f2cc22
928e4b3443263a70f451557b742a847e
1857e36b110380d57ef1f6572b5f7605
0ce473397cf2efe2f83349f801e7a9d9
1cf57b73726b4aff23c4da242f0a986f
abad18420bffd525f0f0fe26acb6fc2f
8808d814c51c7865f3679e8a08e98bbf
077f4fc77d8a7e6713bc191a1f2efd49
c520a58fc01822f037dc3b24f7d09a05
9f2c5481e065b6ac684e779ee4fea595
af93a9a1bc4850e97670731e111b6a5d
63a7f5ca277b7a046be5f4ec85aa3a0a
598eaf9b3c2dc6e30e73fd8c85feeace
a3a0c68acc9ceeea8cc74e457cc09339
85baae30237b01843688f5ffaf7e50ff
c1a3a12a281a0cdfb3cf693293df4614
a5b45be70f01392203dde19eeb822b26
e0eae2b105af9dbcdf13b0d86ab2dde0
42da07659bafdaaaa1b54ca4d574a5b2
cbb0b8ba006ee8d592d6dca2acd04385
e940e609053eda29ed0d631b38ac595a
bc4ebbb55be4b2c5a4b0cf992c2c56b5
202c790a55f19c439e96ceff9bec9899
1df5d1c43dab46484d9afe7f81d60150
128c3e461ecf402ba1dfb5b47a4053b1
f3b2f706d64ce7b6c9d89e0a16e1986c
44130c027fffcebc2e6fcea753842c5c
ce4b7e1f71b790091755b8b05edd03bf
f9dc974e01dfe9d09d422b1ec04efdf1
79e9decc24f52262c64d728446b0c31e
16434b75ef73911ccb8de97aa0465d5c
f08996ff0cc116e516abfbbf875ebda1
4fda0e0f3d9574e50a39b7984c6de95d
98cdc4334710bef7f3f5fd4d17347d4c
8b7bc04e4afa6b73731b7fd6ed485031
369224672d203d469dbfd351bb9db9da
f297b6c44e348386bcb18bf2dfc49003
1b97f5c680ca692250c2e8f77b102c85
b4c89655a29a4cd0449c8e9a390fa1ca
ed9a13a2d36cb11d96a9a48b955cbd17
3886c14ee9c06614ec8f38905565c833
3b04f6af164dbfecf42ba5d5f97d38e5
fafa2617aa7d83e63c5ce4b45e953549
8aa406e3219320601830382be66981f9
c1fed9fbc8e64811941492e16ad19196
dbd4cd47d70ee13b97e9d738bcbfbe76
884fa07b4668918fb3a5ee61de77fc3e
5478810a6e0edcc8cb18dcde9151da6f
48cecd7a5b4445f4afd23c9d87028ccb
abe037ffc36a65072827e0274f87d870
12f70625b243a8a967597c88a232829e
04eaa7b59029b2a456377bc52cc9fe6f
e8e9eac9ceb7f30911915f274609f14c
9466d743383727ccaf5c44594b533ce8
178499deab9f9debe995513144f5f7e2
5dc3e79a0e643269ad001706d33af8de
52f6c63b46066c892b81c9e99e905a65
9db1a996b3ca8d84672a289a576f38d3
672e3ba84c793f6f3a8f9952998a9ac9
5ad914da21ec3b92e67651b7084a653d
e6873c7f07800b6a0aad04953af880ec
829223c3d644fd89f97402bc83c182dd
f1a43676d228527c380a18392ce66783
5d705563f1c934ca78d861e4454fca13
9eb34e9fa073da95777bd84c6141deca
f40c572d88a4c025d0b405e09d6dfbb0
0c5d0eaf2c6b64a2df01b4e5b7f7ecb5
67b67e150907f4d4a6481c33f4217604
7726a6926de712f0ffaa58bec03377c3
35c6b88dbe35b3af9aa3a9b6520dacab
60dbd622787991641581c074d2dda752
2528dc998a25011ed26dd0bdfe9b42d7
63b96a14ed7d62599320a5eceda1454f
6811990ae90e6841beebec1db198bf15
45cb819f50fb8178dcb9644455f486f4
97688e1f5772ec194857ed352d75a6af
702ac725d7770cf02a471c7d75b22456
c3b4bf7b20050865ed2a6ea70489d28c
a7f301cb1653e64b1240702ace205d7e
426630d9fab048eefb28c1d8b387c8d3
a6b2f0e87c8ed59257704aa19d4af8e7
607229c81e4e4b922d8fd935c1789cdd
ba52d24ec7a2d384cb59c89cd7108d04
a9a6646f016a58103cfacc52588eff61
bc2d4170b258026ee8ba59c3209b7c42
bcbd099a6da9a36f68dcad0b58130ff9
fb6fe971427250710555d028360c38da
5d0613a19d9466a222d87e9ae37da849
f75272d0c52b261f7a3b96cee716c413
f3ccbc3775a37d0133326e605e8af827
5216fdf0bcffc75d5a81a23e573e481a
b4dd4e9f8c96b2c07993a275ed046328
f083b99721251bb6bb3bd77538c89971
e505fcdbc7edddb5b70bc5ae821496e3
da0ce9ddca350223c0bd6756887f36d6
54a4d22778f687ebfec973b0f23a61a4
9db2f18b64f6ce53fac11e58df19bbc2
f45ad08716fe97385b9a1f4e55504c95
d960ee66de5d73cb1d1c8c20dd39bb1e
68ee3b7844821c93a6652acb538520c3
fe8dbe291759a0102e7db20899804aee
4997d7e353ca923212d24af1414af005
4059b88e3a3d62f2ac4bd790981003fe
18cc2aa19bcf6d95d8954034209d13b6
6bcf9b7ef84d5093fbf356f8d09b3435
6e4c397c2a34351de99df90daddb9e0b
48f1fb8a2f4495162d63414ae0f40ddd
08118cb545912e4fb4ea75b9dbeeccad
9a02e926dbdcb03398a6d05af21feab2
adad49da30ee72bf605962659993b030
ac963d37d6999f3a104b4e678bcb6fb7
8d248dd27ffa6e56d5ac63f21bb55f41
ac973bdb5bb6826eef83a7be38f96ec6
a89b48d80d10284e806826e84f58c62c
8c2b5ddb40782a62ee35cd0fa8b4e593
d4b5a274aeb85cb6ee40e481fc382c4f
3096e01b30a35a2b1d75d7a38c1892ad
b79aa23d2cb0a3382616fdf71b9cbed9
2b55f71832bf2cc2eeb749030a2ffa6e
15f9a8c8654dbdd1b0625853731c402d
19811d2a59ab97cbf96ea44ebbfe3f28
de01a9b5ced1b7a462d218f74aab1ba7
20f52626c1ebd75159066711f0ed4cfa
47a87a36f6d024eaaff72deb4ead8cd3
1c97390d8aba64b34e24e8d56f2cfcd1
2e4def6dbd3b0408cab2f715a0d5849b
a75d23511d498f72cccef500ff6be12d
332b4a62f165985cb8188c1e896af63d
236965b92f3dcc204b0cf8feb95ab668
dd67e3601eb1e4d89c198afaee7a2483
c01597c4b882e9424f47ca766d675de5
3f6e5c093e01dae6275a24c79c362239
e811871ea9e9bc802873940fb8f55a88
1a229d5f85fee9966d36a8a43e8c7a40
1f1b8de09876d5bdd80f26b9be4ed10e
a221d3109ad1daa593726b26d4e0259a
e905e041dc0291e74f10c6e0661c5645
c6698acd592f23a5fd0f70cc79e91b7b
7a8677ff66e7c55578e4b452953205bc
b993e55b2f9a08f0b78e7217bcb4a8bf
2de276fc9cf908991826a4acc946f922
6765963de2b37c3ffd454804dba35c15
6dd80bc1c466f667594215cb4f462522
9af33cd3acd039f1bf2527af29fa6618
ef741e461c59e7399db655fe87c87034
f392b49014cfc1fdf5c55d1c5e1c1759
d0f8a2c85069e3b168eb26b4e561e20a
5e108b4ebe0f9e32428ec327c93a075d
df133d57d372f975059ed40963272343
55fcf6ad10e8380626058e18e1dd9467
895050772d98289c6c05bb263f87e551
c1ccede1e932f5aeec0bf12a48a0785b
7e0656eb54cb773a54aa58b74c8bf86a
bfdb06a52cdf890d8ebae93652a6b6db
f55a87d206fc8b4ff09effa98c3daad1
63c4d8b1679523ffeff9a39be0615f0a
3d128549e89afc48b9a4a0f7d79462e1
7f4c5c24bb3f10739bf46e28cc9328b4
147569993ac2bc6b972547c50af80457
962e3d426be4198f858de12437656cd2
ba3efad564f61bed85664330f0f63620
548f0955af46aa26de312f26d340a619
7282ddb1dd4ae06beecbbfc6fda82765
aa6a84ec97a0453477c5f0dedb35ea4c
dd87117910945baceed521c2d7a89e16
48353e536fbdfa61684e5c4e3283d2ab
169f3f9395b53261009931af902a8108
cf679a815f32ab0aa26a7aaeae40092e
a2013831b6a1451e0c97b8764fd58bc7
07a15ee4eda1758f3288c3c8c592ecb0
cdcbc8b0f99c8e430c3f741f03741534
1784bcb07a47494880739a37eba22dbb
73387a90596d5ec7bdfb55e9af45c240
95394d0007d0828588574091d35c7138
737d19445c60199320e3545083b78641
696c514a6b7a4f203ebe984d343001a3
659d408a427c43f2e22b545ee5020623
ce3bbe1b6c141b8696a29bbdc709b090
8a671144d265f52b20ac7baad469da4d
d3c93ffa46c2725e3dd2cf0627812b14
39a9feda0b760d159df1f442c5fbfb5a
7e29dc518c337cb6169e1bf8cdc288cb
5907cf782229e92050eb7242945709a6
bff6810544be2a5bb49a711121e53145
99ed6f1b80eda66a7f579600fc6860f9
789971f251260463b5de128c72366826
642eb78db6e372832b0fb60460bd624b
da53671a49fc49a1a7cae260b94107dd
76280fc02cb7098e963c6d0b81b17f36
31fc4e2866b2c9b6b60cf814e7bfe0a2
14b349d869e930539d723c4a80b91dd0
c56f2c0c95a7518d0a571674b6fd06e1
c2e3d99e7ea1c43c7b36225aa349a067
ed004c0307c5e47b6c0eeed4c668500e
9e988ab5930f44f8f2d4d7fa6ac3a40b
3778086f8db3a5f65a4f06abff62b721
54ce1b7d0099e91eb6004a1ab2b4484e
89737f0c6d422023ec93655e6a265225
6769068d17e7069703e7ffcc2fecab6a
8eea504d779bd1cb7aa13e7a72082839
73894db3d668facd8ea0bd560077762d
262baa35827a84ece7f04bfdf965b582
a88f06f9d74d3e6670ed437959571410
85e76aa74165471a8a50ac42fefe7fc8
5cb716d9dac032bdcf8f6d40a4e86850
fec0ac140294dcc1083aa1d6fb6605e3
378b809b8c0706ef079b179adb9d8b16
144d7ea03c71b148edf4d072b5341a49
7ecde6d96a4166c708581c7b93e5495d
5e5ca4836180f1f2479141cfbb4060f2
714d83386d2300e271f2b07987d91596
14c28fa0a106d3c7466c400c829fb5f2
d31915f90bf6974a58f5f64fa15f584a
14988ad17f44f57f3e296c9e3ce0e733
4856028b4d302129117a663c996215a1
022bc3a48219a9d57271be0df91aea95
36f6a8eeb0ea624c9c09b4c767b6b42a
6fe7d55fd43fd56ab2be24a0a54211b6
c1fd6bf32b0880ed1280ea0db77cef64
c10b497e86aaca5ee02327875062f2f6
3e59b720ab697cda6359e566ad8f9edd
a7dd925a4c6199c1a4d2e3854e47b9e3
b795f9348eb0137f6dd7dfdf9d5bb610
b1eab102e8b93714ea3deac651f9e4e8
34532ca3d1957a4567f3f997c6e06c89
e1eb15136b92ab2b6d4db764b105afe2
ef6c549236c621350c019d198ef18eee
bf020214b6294c263052f553b3e23d3b
776fc2e61f3631bc42ca185a2aedf84a
d0ecfcfb214b5e9e29a945030a333812
3f186acce710c8c71979732ba67e9ad1
510416c8602890c5195877d53f59cfab
15c29fe94106ba248c724ceccc004f38
e161e2a3fa95491c3a2eceb7f7a85196
b597bfe891606637dc8df4c4008bc2c2
d2a8c0318b3d340773d42860b893e14b
788080dc0df9627b4371956dd34884eb
6b6b2390d74f378991e36436388978ee
50c2504bcc066341e5fb776ef4e58d5a
43c83670761deaa181c804b5e86b4ddc
bd34630cfcbab4bc06dabaa7e2f97427
d54a0dafcd2b772cc2cb038b7d72b1c0
b3e8680240a36e52eab7e6b2636b2e4a
7b7eb61e91bc2e556b3c59efd8949f5f
8b3b7066974d87fc1b13aa0ce9cf73c4
3db64a523c7ff9fd2057ed6bee9d26fc
fd095d6d96cc453cff785f4c788ba5b4
8bd62701ff232b57f47daeaa738a8600
7ab77572fa2f57b17f081440ca0e974b
c569afaecc6e1f77f9cba68ebed3ddba
ac45bbd10c41c7fe098d2f7725e84fa2
f78796a44234698b0a1b8e61ecd1c711
0a2404386994d05713af3e4f074cbf93
8ffebac7ad2670c9ea88ecf1b61425c1
8a368f7f53b12b7b303a192ab3edf81a
1f9ef888c15f94d3ae02c8e1ab6c2c0d
82921d83efc1907e01308f674dc658e6
951b60157096956603eb31ed27195d97
bb3c0dcbf0f2055e74fb6425ac1c85d0
4b3c537f912021a73dfe16a36caa39fb
b27f3e8f273dbd02a45cc0b201d7cc38
ca3d3adbf5ae13eb46ac1de5b31e3b96
bd5633468972a02671f6ff408b18efb3
5eb5b86d76f2047762b86a44a943cbd6
31bc354a4e281dd32edf4c61e2722cc5
8ecb81b3f8b3fb545700e0b35e385314
9b81355aec70446b904c62bfbc3861b0
04a201abd19f267c1781401f97649fd3
1ca1a5ca0b8341bac151f0bac13105d1
e3c1601ff855c74b57d2f06d9e444b6b
41051f752a6d3391fdd2ede65e57d911
04ae38b3a6d53d519d5cd6d34a4d4e09
6eae125185a09c8c5e2c1d8fbfedcfec
4f592e16b5ba86663af8280792229bb8
14e780cb1066ce02a89cd3dcb357c234
49d7a4b46dec2b5c7eb33f39fc312a5c
1553764217044e8f1d93d16f4f27b1ba
97f309dcc3feee9c3aa8fe6768e811ae
da3418ba0c97378de37f3541c96d8a3e
b755541adbfe89762eb0288fc8b7c558
3b6155867b0f162a38dedba755adad55
cfc5cabefeb03a36e9110e6613985cff
fb8fe4856ff5d47abf79d67e2204d2aa
bf4ffebd767b1ebb9ffd84b501470a3d
6a3636a11c7f4a851443f8dd29cda123
293a979b40f8b34d30d0a41edfa72ea9
b77a96a83ebc42a9fb79f161067677c0
754057c308027546b16c14d722e6b01f
3230372fe92aa8ca0ab49374daa6dbab
8eb1f195dbf11d23c21e9260fdd80def
78806b95a9c3ef3cda79fb82593fb93b
3fc0cd69245afab1cb37bca08c9cadc4
95e577e4966282268c279694a9b6d61f
edaa7bc0ad77b5b9c570d93a4a8244dd
661e1421de0a9f5d338c025cd5dc5cca
4e2808702841465d67f2b1a3205acfb1
8abe88b79530b781929ee1ac9c36f0a6
50375bdba90de4df63aece7a0e992637
a191080e95b1c9fd244cb1de528600d6
578bffa8d1ee25205b6c28582ba3dff9
7c1c59f18e1b75299fa3cb8fa8ac1ea8
ba7924702c6085919d7ea2e4b474f48e
f1e282a1ae0104e40a813df126921a8a
18c4e28be85f5f64113793b7c97b2e40
57efd0c80bd119c27fc91ef9ba2c2b46
aee9e3a60f05ae078854cc8026ab2cdd
ea8f39be2ab3907526155903d4a3ac7f
5501a8a1d381449a9faa7a675842fb8f
500f46bf9c4bbebd9dd8665c7923e9e2
91100d97d9ccdb6c01332e3df765fcd3
cebed87cd8d0744a4d15798332732983
9729027744219b704bae7c98468727ba
c28de74c4ea8879e7877defb9b9ec88e
4b09f9000dee17de613afba178bc9ee6
2ee375a853271b3ccacd3bea79c7b19d
03b5adbd2b9c3c44004e13ffcaa6ad96
d3dd20e36c02cf9420c8e33cff8fc86a
b607465c1ae84bf4afa1c7f2dc68ab31
2ac0682c3fe69f6c5abf89857d272916
8d280ce555f935a90d5826da7120dd96
2f6c4cf6a2d5457038ce3b7e8c113d46
89afa5b517bfaf64793929b1c174a45f
0fe5cdad734c7dbe67fe9fdc59020698
a0375c0d9969b5587340f2359de11ed7
c84cc64513649c1ab176c68d3e467f2b
39e90ef12ac33a8c10196f10a458bea8
a2bdd9e9fb919466bfcb3e53099178bf
f5b5446fe23f4819b670a9eca969fd38
fb597cff07f01f90dd442a968db1e2df
645861080cd9f7aa9ae842b79361a6fb
282178e92a126f715fd2c755ea79bd5f
800853774931b8cf88619260870f1e9d
05061e797c537a1c2041a0cf49319c06
b789a91ac84e04b30654c7a11bd29e3c
1c477c982ff9747b7b21a9cdc87144ec
a96c446b20fe35147054a3b7dd4a539c
949e989159c5de2be95263c4365c8c6b
2fc0241513a526843bd1e80e98f8ba6c
527d327715c72cdcf7f9c4384e785fc7
392f9c4cedade3ea7bf5de795c41ce08
722647fcade115a6de2407ec72b4acd6
2016925f6f25bf49e284b097d254f97c
eaec5d8e78d2eea1b3c9e4a937df3c2c
25c1f5f6c95df868d092a90450813a5e
053151a5d070a6bc0d901a56a6b12936
b87380427ab14e77700c4d3b42c052eb
b241050c4aa10a0423ce48b2792dc0a7
28f96636ba2d4be116cd20eec4ce05e0
d5f577654196619254636b86c12caf4a
8d2bd8fa441aa6f086e4e11f08157361
5544627e0424844516f6bff3eb3757c5
98a5c043f382c70cdd44f230c1136fa7
3f93478a448b3a0b42323e477ed00e2b
84176c6d29fa07a9d6a9cd08f89d563c
d6d76802fcf3fbcec93230c8c8f36583
be537a632968f99a5e40d74fafc910c1
463eaf25010c04e866c13e98c229bbe3
ce8b57f475a3081aa2ff7628eea9cb6b
75e729b67a00fcb9f972f2dd46161685
5c9cb2023497a809efa43137a3ebf040
9364d55e2d11a118c7344c34467ce1e9
c6b8cd115702a2a1647e2bfdf5741a24
8ded693c4a7f321794cf55282d26e7a4
23849a04bc8c3ed7f5041a83ce585579
d9f4e312f8c4c74019ea025e881124d4
ec4fd02da53ca44cd109bcb59ed0a982
e8f4aff69213d54d727de39449e0a669
b1e353d3fbb7cd8cb79f854e04c7d35c
1680c4dc7476afd117470afe59a79c11
828b28dc419eec099fc4c005cd245fa9
c50f8e5b3c4b4d8f939ea19a34780a57
ff8d4bdb90e662061619d0967621bdf9
8b45c9a8ff6911f366f9f5962f074b12
874b36d43c1946ad020f5b0e919d0892
a6b0f6de14d4ba15d392680efbfeb61c
c974541b2e40da99209be202668a94f1
927cb4458105d634420d9cc0513c15c4
051ac10957bd315a3e057ee026adce1d
a78872e3f1505642f9ce7cca5165a3d2
0bb79de0f0b632df156921a77fd21706
e31f39d5239badae987f7fcc0217deda
4c55f5676fbb649e990cf0a4d4e40b06
c2466358209216fd6047bd850e4c57ff
a3724a66d46630afbd2d7888ed42704a
a8b00dfbb4abdb13cc2754bef18cd77c
85db13e5fd9aad95398fb2e8321f1f53
932145be4a8e8c3dff1ab5a63a7c4b74
28444d5192c99b09f79115745fcbfb3f
fb0a7486ec3201bc166c1dfd7480711a
f8c1ea41cefe35d1f3e6c3f7710f87b4
e8d0921ee165c596d1444a17954c6e88
479b318d345bd965743b584c075d9e7c
40c41e3fa5a85a91f0ee9df910ac26aa
cdae292730a3d09aa71e516650b62159
4ba378dd3f7bd24c822b580b21596aac
662cc6d06a0272d9549e85c626765d70
081389f92d811b08c1cab6a1fd11e3ab
f95d2afa9f39491bfb72432099d36221
d5a0911425c0c8a5b90c83cd8bed2ff3
4561af7798abbd89cdc10ff1cb52fb2d
76619ac3703cd1d527af740ebfbefb48
933c652651e92e7b1cd6c23c346e11a7
3a5c3d1672689749886745016766c464
3a012a1e75c7694952a8070d6380a163
dc5ae7ac5321ba4b68ad9b3cd4a33b20
fe7dfabb73f8c45830c84b7b95678149
5d97c78bed517c61506609459564e443
7e1d2cbed39a4d972faf234e5088caee
24c31115043679c20f41fcc3dadda159
75a1d6780c97c8df8524d13236844b6f
e44bc04264170eff331e634b107318a2
d987f99b387133f10781820386439619
68db7a4056b5e0e517d1dc5397b0e403
1a49e3ed4c59d0262af9d0482215a27a
b3155b6361829908fdd6abb2cadec3da
13c69eed633a151a3eba356e78397555
99fc52bca5377934d6fbafa77a431fb0
de22182eb48ad41fd0fabfa2e322368a
b862ebb0ca4d50ccfffecce4c3a01783
67bda44b7f093b6fe6c5499a38e0ae90
4d51c99c6b2dadd9b6d723462d704db2
078b28a9c98d501804f1033f5f13ef09
05f4235d2e21187715168431046a91dd
86287c8ef99875cbb6986bd750e4be15
68bfd689145efebae4a5a6cab68ec1b5
e71968d89bfcd3805bc4e4684706d522
3c6ef88a2bbff150a68662f879a2abae
6210e9706e70e0bc4f495ecc70494a9e
e7e24a7577d1019e817cf2b137a7e9c3
2debc80cfbeb4a61b8b1713faed3f686
75cbe29347b122b42e8888e8dbc3f95d
610ba85d4d7bab03a3f8067fe8381014
2c977677cec40c6cc18e8b74fe0a057e
5faa3f904340f3b8983137e02d9373b9
09700098681179fff4b15b1c40f46534
0f02781ab0c0864cf21f41dcf2425c09
99294a006676577004d4bc404513d1ad
d00722e28590eecddf1d9eee8df724c8
410907d2fe5b8cbff4c60b109a1d670f
fde804c0a979cf0f568c5241430f5cff
aa88d01276d10e2dcd5afa1404648240
322a041b93b676801c4d816e638fdecc
aa1cb8e47d53483a31f92fd6853fdece
c553ca9c70afc595ee314565711df5f7
9c5b985e46c9a44d7f340584b2e6399d
b1da915a8663a910783a9f56e7645c07
a438632cf22aa674924f95381ca578fe
cbb039490048d2ca83b63f1abafd7a60
a795780ff27d3f221c68b4ac465a6047
51d7c98221f05a0101f5cd3ecd92d0a9
0bcd463bb30d7cec2870010013036420
45371a96cef7ea240f57c3fc37fd9767
d19ee15c97ffaa0ebb054d28e6bc38b1
7e515e53ae5d924ffd32ff84757bbf7d
d546d06de83b38fedd5e31831191d1ac
459afe0a67e4409713acc31983c2da6a
302ed9400cc16c225d8b4d6691167eaf
c8c92530d7236c90575bb87d7b1bb5d2
7e86b0f3f05c9854d1810fd5b510cb63
aac1df5ba3d0eabfacea4397d9c83dc6
d3aae42bc7ea5b4bbd14f9f816a0d7aa
d19cdfa7573a6a9bb498c16db68916a7
907e2199aeee7bce8822794829632d8e
36b9af6df66f8a4a2f90734b6990924a
b7888e6926903fb601d748da800e2ab1
62fbc4d998716ac21a4b15387e87c7f3
23af6a3bffa830b2bd0de2e59333fe11
4228047b2960d53fb01938c75ee8116a
859321f6ec3bea337c8fe749129b6583
dd1f3eca060253bc2b218a2adb6d0651
b0c6f439abf011ec2e1a6fdc34e177f6
2c381ae6cbbdd57f45c2127f665e3c17
0c894956e6cef4a7a0c37120b4120541
a25a20d79206e159938cceb5d7db6f26
13a5ebc648f36cb297a5ff52e9577921
d35bceae61f2a83d049b607c7d8a7b47
edbd407063c202c7cdc4c6dbae4d9506
35482322eac64ddb425dd1064b8dd1f7
ee11afb59043319aaad3d2ce63ce490e
9ec93a4767e08001b59cd626401a1f36
26aa129af5420572cba0c004acc10a89
0cb572aea6bd03643557acee13685130
073ccc5af99d3ed3414d76f0e84e2485
2115a2a9a153cf74ee2baa56d0313816
60e9db0115992ed655f73e2c80febb2d
175a31044d96cee2053b266a9d121ccf
29f85a2398865366cc6faf37c1a3babc
d4b67f1e40842df8a2067e34cfe62b90
97cb2e58da07afed72a77b21a0108f9b
1e70edd168f001b5ba2f490eb6ac45af
f7247ba17a46de15cf017529f9e258a0
f07042ed88915b3a98997212680ad71d
52f5150fd42596b742b5162fc3ed7d73
1c566410150467d2c192f9352b188698
4280b79a34e24606d406d7dc20190515
7a5589de6819e4fbf22ae9f37da45437
66fbbf8ab07d921d9a16313cc1b5d46d
3daeb0504b9b3d38207eeabc6377c08c
82e608dd2982cd8ce243dfba0413e43f
4cdd9c77f75393502572f7a7644f1610
d0550465ae7abc87339d341655adc2cd
ca2c9c63e03fc5c5aba7aceac4fdb505
4ea29190f8dc6d2aca752b124c8887ba
abbbff5a7df25c4edd12f1d1e585fcc8
fab6f3cb73bddde9f7881a47a5e6fd4b
6fc2d3cdfa70e5ab15249599c7d5cde3
bbff2d7258b3ee29ee83f2b882dc253a
1f5d37f1c423d4c0de7428a273dd09c3
b5d0c614ccf58ddde4c74bd7a62ef83a
f07ebec5fd96bbe6da17d574fab92cab
8bce39b97a5c74f782537b0e054d4e2d
aba8905962587196d458d43cb48b75d4
fac0f2281223318a489cb6557a6fe083
61cb16a483b163abf7b526195ef30c68
d96f08e59c3e955efa146347ef902957
999e9878e1afdbc839e55e27f628ba63
560076c058aca91fe27d1d54ce58d20a
607376a35a9525e972a9ed3a5bdde7d3
08e6d1fa8edcb9172c793c19df1a8280
273b29ddf53de82a6788de25c8031b86
9ca6470f80dccb287c6065a433e6327f
0c07492b8575d460c347891c032ba882
0cacdefbeecb004a282e35d0808e778b
6657ece168442d78a31c3d732df6caed
2cc95fa212c3a697012dea86d7fdcc6f
8e21cf348d36444b284651bbcec9d4c2
46482d3b585998f28a303e542592ad70
3c65d88533aac681bf3460194c5a686c
1f2c9c6bf559ffa315d596e59297c5bb
0f93340968e91527233352515eeb4460
16122aa03973b66a9461c9f161ee41ce
819e59a80f3bb8628c085fb20674f268
b503d08018e6e7348c693675decc0d93
3bd49c5c5e3b91312fd4b498f28b0bba
12b8369216ab58262f9e4bd1e27e4727
fdc9f4dfdbb773c87868522d2deee189
07944697c00649dd4220019684eeae6d
a57516826c6498c73a99ed271fac077f
9eacf1dc80e35b4c6e878461501bd2b8
30a000602a076570854bc4e677a33390
50f8deeb76a3c1c423749c91dc08c9a5
3e54e3ca0b8a9791e7d203b32d454997
6cdc062e286e1e0d303a4b71390ad6a7
af75a69c65775490395f55337f5e165f
8cedf9f685f2a9c2b2c42e224eeb45d9
817ca6c387a5cbeb7eccc59f57b5d81a
096c13a3d9f2ed8e3ca41af9ad85601f
d3a07f92f7f8763429eec2aa4b4a05ad
1e1737415e2e47e60db4248ed62d639a
22131fd25f77a548b0abbdd7be8c182d
85bd84bdc4874f3dde19dad1ea6ab0ff
f0236ad0a4cbfb82f834acedae15e312
146a9b79b2220311fcba35e363476814
3cf0428e1637a067fa8724100d63c24e
48703b1481374003d22db2bd7ffaa112
5f098773938e2e7b82c047ee4d282f57
a407e992e74b16d56aecb29f1e530032
747290b7dc4f9fb6bc4b5ab88521251c
69da531784faa76567aef50fd8192a06
6d57020513fbd7a187029f25b92e3b6e
1d66343759db6b96e3c9a26f9e6a7b4f
5238c0e08c15c79b353358b4a900e285
86c3b48503dc6653f2efeb62782e6bcb
14c2678d1d1d3c3e10a71fdaec7948ad
9bf187ecf7200ba58d356731c457acc4
f22da6f27668e89ab798662c3a8151a6
f2fa513198de50d082bb9ccdac492bfe
f7446c89ba4c811e9873ea8f8415ad9e
a219e310be3659ff73846ee0b4fbcff1
b7c9cdd14ee1ba69f0654d8a72636dab
f2db38184f7ac4b0237d0d011f3393c6
e3d4beb98497e2b638c08f79ca4ec8c1
6795be3ae100677a559d7024394c2ebc
bb3fb90413531008ace539ff6573ef60
8d40e9dc8b5abb5d5a27745d2296053e
adc8125b6ec721f6d05892ca394c9417
a6edcfba71601ce7d760276f29b70b53
257bc6cd7c48d4ad756db7cd28e55cee
8181bc8c3d514d55357fa96cd41bb117
7ae5b5e10266492ed43bb66050e8146f
afcccad90cbf4f01635fb795f3dba7d3
a649553d56126cdf2f1b7b21f9a6b9bd
07643c2fe034c988150cef2555648ea4
8bbd895359ea7a0b2cd4e9c8893ae1bd
48e67f2f44e99fa658e279b5a20d4a76
707f2aa798d1e0cf27e6cf4ee5ca412f
461039a8ed9c2f2c9f8b87fb06055b6a
139c602c58e40feb53be78fb9d5cb36a
bfcaaef3454cc90780f17e637c786b5f
280d8848612ce19c4c1f0210642419c8
f7cfcdbf0f800283def6e450a3d37e3d
de788f4619a8f7ff976ed46e0ffed2a0
de08eae5528107729760d445712f9a21
ea82075ad34122eefc6da2d156a6b301
6a8601d0c3dc878beaa07d18a2dd170a
135c95e1ebd157bbbd6702ea8e1ed53e
d5e9baf43ea5912c5e8459f850319e9f
d478db0810121cfb43365112900811d2
bd33c82ab810f6152be0f69c5437dfe5
243dcff2bc6fc91d8aa819593ab9c9b5
e425c0fff8767bceb2a70f2ffeddcca6
57c1b24d2119f18dc31393cbde75b5e7
0b42b90ed22cc9c09df003499196e422
c206d959ee791fa346b4b5e95064a0b6
6766ed5f902f63c1c0625322a19f7699
e831200c9956f00c776d399751c5bff0
ba5163bb261a2e32dc061fd22d2f91f5
301906da9a1b8040063a1fdb3e6fdc88
6d182970fe8a00b5ec0eb77faf59a71b
f9de73e50f62c60fff11f4c63759d952
eb68134811e326f986f1e79be7c0645f
9928cb3ffb4d0c60b154112fe177b566
3f3a68b831b928183c33485bedfe1e41
9fa692f94a5b011d3e990439ccd5b3d2
37aa404cada1bc1f2b5e12fc5351268d
e0f373f1d661966545f5865e3cfcff78
012d6e5ee9f30835b96a6950880f9b09
e8f0a93af686fad98e3e76ca93cfb7ee
b8102e69ac23d6cab78c9a829b18410c
2cb8af8ec292ad4ac55fe0adf80860cb
834d98bc5dcb63b79f4c1af6621dabec
0c993231e47c6727b2a81c3f74931d7e
6d9af959493f7c196e96265de0accc50
f34e3a233b08c19c7f73a486173112cf
44063a0921f2774fd47593cee69e399f
c239ec6879484444c8e7880cdb51f7c5
5e887eeb5e7f190e109cc5b67a2e0a53
a35fccba66bbedd542ecc9d0c28eed7b
af34b76e601d64166ba957c1d937698a
6f51c2aaa7b6b966c1adc130a5bec96d
238efcd71528d7e87034bf9f4918da9a
e181f1681aea566099aac57e05bf233a
0a309440c4a4501e551b6c83de4b7d82
d1c6d0e254c3f1d2a6901157429344e6
26182e477d441c9e3c057ca8b455eff3
110feec615f8269b3e37889b5e46db1a
d4603058b1733bb26a4a40fc8a4da4f5
f5a7fbcf4191b07b455e5afd7a7817b0
3dd378a702040539e20d5bc7ca1b031a
7ae844138c231068fbb2aad0a7ec7641
4bf6521f3ff41a159edd8f8c4c3c02cf
0dee0a72a20a43d2e353dd96a5827fab
96106750e8cad3d2e10ceaab75519993
a14230b7a5ed9a2c0eab0b20b55999ad
eb80721f95d5c20bd31601a3bcf67c26
843d8f24b897861f60b9e59c386a228f
712db837dbb8055400621ffcf0d3c59d
22f98e22903bf6f89a9b94c2bffb1dc4
c55ec2fe6b4ff1227466a4a8a4b6a7f2
73a5f292e0ab84dc8e06f431eab09132
db1c1a8023325968294d2dc032787b7d
0565d95f4e43f6427bf29e2ffff79ec3
ceebfdc1a502404835bb80851b9a210e
68669e3a79d43ee16aab4a3003217e7a
059d11aafb616d6845908a256ce59b53
bc812047e1b41fa712392bcdd3336b01
5bb791f58306a7d850f02b92799a66c6
060203076a28a325c8fb087a3b9efa3c
8e67e98604f7bca944d9b92e505e6386
b312651c42b0ee928d6e9548742da539
a2afe3995c15450dae41dc92619d20f3
7103dd2f8eec56f253172cee64f35d0b
a517b5fa0546cd2bee8970c3e1b7546b
6fbfc59f8a2fb7a283b7421d12caaafc
b196ad72ca1a77f7d566dee4e201e365
864f5fb80a8fd43639c78de1279929d7
84640ffbe352e05229cee6e8f39a3327
2511a2bf83459e82ff987eab6f866c4d
0a6736bc36c2a6cbd4a717117d868085
0c190c90463328b70eace49a97d21f06
ed37518b9269a2b459500446d54ce703
2e101e39ba949c72117cb34b5882b6e0
0b8d2f894c1ad5cfcd29a139185a4ef2
e03f9623913af9590393cea2f079bb4c
58c257a6bfdadc8b58ef000f81ec9614
0493fb6a19bfd16a31118aef09f740cf
5c4085458ecf0265586dfa4f26514618
a1090781656ea9ca2b5cd134b3b5557f
21179411a87e978cde6982f4129d4ff0
8c2824c34a2ccea70446cfe9a4beaa2d
e02b61ccbf511315ebe7ce86a6963d6a
1afdb3eb63319f92fb1a2cdf7f414a18
0eea5b67d0cbe7219e638c1a029e5afa
a30772c0e6c40c4fd7f815be2b5fe862
98ca1d72957831fc60b2b5e56470ec0a
ac116af6318b44f77c77618e85e4d043
60f554a9478c661519756bf577d90a32
3d14976108e28b55dec769bd54159e52
6d63ba74ff4324d95ba34bc67956c8fa
2c7752db8170a837c602bb43fedae607
1cc4e8aceb1ff584446e8c9bd4d08d58
bbca1a6ece820776af28948d3d016b89
80e68b49c318459ee80b85f47b7fed5c
06237a1a2d0ee29bd03a7954665eacbc
9147eb79f1aba9502ea0281a066aed57
43522d4df58b1f64f1391d383400b628
7938678e301007d4d35e4218745768b2
5e831970b9c3d43811ee362b939d9cfa
0b4a16b6db2d7e5017b701e316b14428
2f13a35af57bd7cda41c15093dd33dee
679cb038736a311fdccf38526dd4d2ad
7b83179198349b72e65a2d8ce2fd4c98
a98cf2fc1f6b3a2355956e5896e8f963
a5f49a46cd4eb273be0b105086be368d
dab9c842d6133ca70036bec743dbde7a
2704eb169b01e68a60f3a304b81ceba3
c6a0bd3b9c64e5588ca5f2368750d673
edf0fbf190a2c30933fe5db514084d00
9a71369081a91ec98896488d5b5cdc20
397d25b5123ba3f288bf0af796f9812a
0000001a0000b12d0000b12d7fffffff
0000001a0000836d0000836d80000000
000000150000bf3e0000bf3e000122c1
0000001b000016fc0000e5d8ffff7329
0000001b0000eb1b0000eb1bfffeca45
0000001b000015430000d49a0001450e
0000001a000018b00000f6de000038f1
0000001b000017f40000ef8affffa1e3
0000001b00009c8100009c81000143a3
000000190000bab10000bab100010679
0000001a000082d8000082d800000940
0000001a0000150e0000d290ffff6747
0000001a000015660000d5fbffff974f
0000001c0000f6450000f645fffee32f
0000001900000f2b000097ac00008ec6
0000001b000017360000e81dffff69ec
00000019000012ce0000bc0dffff12b7
000000190000a4330000a43300003d94
0000001900000e90000091a200012bf4
0000001a00000dfb00008bd100013ff1
0000001900000de500008af000005e17
0000001b000011420000ac9100000897
00000019000012230000b55c0000b1d0
0000001a000012be0000bb67ffffdd05
000000190000a1f50000a1f50000af0f
0000001a0000d2ec0000d2ec000136e4
0000001a0000ec9f0000ec9f000137f8
0000001a0000bae30000bae3000053a2
0000001b000013390000c0380000030f
0000001a0000c2c60000c2c6ffff0140
0000001c0000186d0000f4460000c900
0000001a000018570000f3650000152d
57e374cfa3d3a5bfe14c18a338af4eae
1d097ba2cf42f70e854dc2ddab1e527a
45ec6b124583b7e7317edfb6f35c9c94
18102a709492d9820535a6a0b2255d94
18e1ab0e5d8c0be39d87072cc703dbc6
ad86187f6c65569657460e877421ca7e
695fc1da8bce50f78674fb8800e3e3ee
132f9cb298933a4ea7a4813fd1e7f2de
c0facd08e3af9efc7e02e87805625b4b
8c825bea6515e6bbe070fd6197064788
a91779d7d2e8386b00de434ef4fc51c9
ef400333df9957922dea13edb7ae6139
6f0c5f0805af18f8584b0ef2f310f821
f19c95b6eeb8107e04e140de6db81709
755c2d14c58e2f4b80398851a036bef7
edb1a303b93dfa9b34598f0d4c82e79d
d74227ffc3adab6ed5dc66e86e1537a0
ad5a1ac55d5d1f8fc93412f823f018f2
ab528ca4adaa374a05a6dcbb9b7772e6
c4fbf182daa975e46379b3399c533184
9e8cb38da3e0ce6cd3bb91c10fbd2b99
ae5810ae06d09d3b8a45959a6e03ac60
3093cb2ede46f927cd94de2837e48b40
aa48efac0c8b2c406c382606ab3f0625
a048d61ea96196f3115efe98bd1255d5
4141caa54f2da4b29f971fda1bcae4cf
52de2bfa70ccebeda82f7e05def2ddf4
8d1d3f3e0a1427f76c6985c1ecf5cac3
d8b2c80644e0c08f1cd874e8cf7139de
e64c9cea5a1d371d936240123207ca98
eff1dc8b50bde0ae618e5a74f533a895
017e81067cfcf61459a457e0be4fd05f
8c43e1b052cdd488b459f23231970daa
c02ad90179619fd026c32a8fd8f95995
22b835920c0c858abe78b1d53628acb6
03c4e79605c6c7312c3c05960c04f20e
312823f89461685bd539a0ff86ed727b
f0ad5ae1278258344e8bd91cd2cd5222
e22059b6ad04a0959949990dabb852c9
7d6ed8165723cd4f016b5231f7d09d92
0452269c9ca28adc4d4fd25fe2fe7f38
d60054e4fbf4272ebb28e93e1e08bf36
e4d1f8950df2e28991c5f17574f1cea7
deed4c2aa2deb1a5ff92678ac12fcfdb
a896b36177677637a27de6b52ad3434e
abe86f505bc1ee768192a681af1efac8
99d8ea20849e3f91199f176ff8386710
157fd7701227749db0c1548566f01f91
8fb6b948945e25470ec50263d6ec0bcf
387eee277cc198d13d2d563d5b99b290
5410d6d57765c44a83531f460655503a
b0a68337cacf3b8bf6c2b403826ff9f8
9bca1fd781f98518c5c667724b7ff461
401e392dfe2149a5bd3f391a23a9e640
6c791666f3c1c3abc59676f2661dc441
fd440b696d0c6043af9641bd202a4e27
7bdffc90721d084280eda9771a63f077
ddfc5eac17b07ad90041f9663a35cef0
33eeab72696e19ee6964b7a78db3a830
a88b619ea3574eac2dc4f83861c53b4d
d761ff3c9f4c8e4a433e9bb669c48a52
560ae0a8f5aec15e896bc5078120f58f
5ce24dcb790608d7725b59e65b18de02
a023fe79e3f3e0c79062d0a992c75485
4447edabdf7235f5e4c1250345b7fe44
60cfed41e8ee5966cbaa9b6c3537fc60
b2664f9762f232ad19f5bc2317ca17dc
293a64bd58a912039f48531b5398933f
85a46c1b79a44e38efa5f5bb475f14be
c2fa3f0e259bc567adb06d3209e53ce8
04ec9059f9ab49261c5a64cf45b8e96f
8d9e444775ed7d1dfb26cd7f0426a1f0
d782ca17efb07385384514d9312fcf04
e81bbcb073b2f23774150916e3a20572
7e23638fea58b7ee340cbb15fa1ad8bf
6518c2a164af473adf3104ed22adc0c4
258ec0ace2c6ca0c449027ed66c9ebaa
1a8162efc0d34475fa5563369579e2f1
3307961722f02495dced14b6885f631b
bf907900bed0e172569ae76f1263af63
65577ef40918c5481d13d680283b1c0e
95b5dbcb311fdfeac71cf583cbfad488
86713156c1af1ac2a87080cb6c36152b
c2305dc4bffcd59088c86bd6c0a064ca
cd692df96e8ac427fea9ffaeb1e616e2
cce93e3ed345c13d8cc24f71d1f0e2ac
7bfa76da7bbd7597217493c8d28a6245
92d00d9be189a156fd2e27d1b7719ca4
1a001cf39f13a50234ceb5f7b76a20a9
94cd11e4b3e956733d7ca23029cfae99
c5d82f5c60f36d5d1fd60fe5589efcaf
bdb5a8a0d9e62255979324f5fb64e57d
ae819b444be4ad6a52071f804157d79f
e8af7c5356a151ec5ee640d53904cbc7
455591a8109e4f89153a7796d36137a2
66cf2ce4f69ff583c7a1ba74d73e13f7
f4d7fb348acaf848c4797e88efa4cc4e
cebdd22567c5e2d481a8ae368cd7bdab
c891ab1ad46ad4e7c6af8f01e9146324
33729a9fa4f756b08d25c3f6f3ed6a56
d5c69dd7bc27d6d47d95f90fcddeab52
daad1ce90e471fcb83fe15f3856de478
645bdaf0add493af65df7e24a57c846d
3a57f043b138cf6516d7a6dfc3307b8e
9db0ba545b152220def22caea973310e
11187130060f3cf730b71d655e095eb0
96021420dbfb977d6288ac13fc365bf6
86a632ea846835bda31022479836e98b
6ae0cbaba850fd58b0992ef6628644e7
70ea9112af39da93aac2c57303883fd8
6cda91885ec7df460b0b975eea539fba
d946ec2257bab4398c5140fe15371d05
55b63dd30aa428e0169084aba2423bd2
0088039574e0c9e5431bf1b6ea59d053
5186d959ae3d2aba28610948e5e2616f
00833315499a44ade3b9be7652ce8f2a
49c6ceda0008f98df75fc4e1d60ac8dc
e9cf25fde9a7129b1320b94bc3700515
22b3b0efff1d4f5670a825a77873d7c7
86056f2af4171ab6e477b1ef4a2b9cbe
94d5c521bcfbfdaa86ae68f8219249f6
234a2163cecfc1f2ac19fc1a90495299
0c538a89d17b1b77f6abddb9e8a5c10e
eb2c330860c61bf8757e373b9dd76a7e
059c35eb19f8d2692dac363bcacaf516
7a706e03a9c5f32c445578df2b38eb32
3f6873b25b2013ae5f8f5a0e89f2a8a8
7cbd78cf81d94133d37428d0d197843a
6a43af0ffe34253108e0718cc2381226
e038cbce439e528292a3518018c9d76b
ec95c3098b3d05d1b7475009859a80d9
28abe9c7b297a2aefc4a9dfb6fe4306e
3993124649aff891ec05dfe674a71686
f8e0c7fdeefc9b399528a2179fa8528a
0bfd8af6b8c73e3c9c75963181f177a4
f1528b144c4cf34d0358cfd06ac6cfc5
c505aa00bd2895ebc615e19ceb6501cb
d4b9c9a33390121c1990fa6a5055fd8c
706981d1044c9e08de8df1424f107595
d1a88c4c67e8c83e51cb8a31fe029b9a
12864370f50585bb8e4719491b10ecdb
d4065a758910d308a6a1b914bc25666a
0cd012c6fd480c875d861177b50d5d8c
615cd7a9cd05d97b36024b3fa2c67361
f84148ac32586ed34aa519ed7d2c8c5c
ab914a78b6d829036da56e13d9e245ba
02dffaf223bfc179e69447c99934e610
f5b0720ae6aa58627db20dd172d1b771
4bd63b2590b5080eed03fbf956c5dea0
eb4c3e4f095b7bfaefa31668b82f1a76
4ea7d0f40689b4af944f8e40996c93e6
bff8240a9be6b5547bb463b1e03b8df9
ec82ee9e8eb6924004312e82eefd4239
bf17ae4575c828bad36c4059b1bf5fb3
f57328fef15082337aa85e8e7baa0c16
89d4d2f9fe226f49d6763615bcb2c316
20632636f524038d3a73a3120f063c30
306fa41999e80d12bb0790ba0c15519d
7242c9e2d26a44b99d2426d26daaadae
53e3ed4b5dde1f437c0752a3cf1ac665
0f9957a7db8a71f5a96443a82442eb5a
96fbab187335447e431e3964f1247ea2
4ce6814c30264b406d9a239b02a4384f
32c27c5f1201e9e6eaecc90257dfedd9
e13894c3437846c21cf895d26a6e84e0
21a632ca5d8a1d1d7dfc4321af8e0701
d67ec4e01f6ddef1c0109d965b96aa1a
7e43e4cd81012c8655e08cf7085b8eec
5f4ce1dc868e05416795f17493779a3d
4f0ec278e875043dbba8f7b62a748c04
525b7e6b40400fd7de77698a012b7dfd
c57bedd644070888ec76a3baae17736d
4b07e2317d070fc39aa1938effa6d587
2f4ce17b2aad78068b88656fb2ef7edb
50d238f7032b911970f8699fc5394600
38219730d37b10ba713da06ecea10728
b0b5f211bb33b8eb0c5777d60dd66607
8927a7c2064771722d5b7f4183f0457a
a9f246bc8d2cf8b889d56a44edbdc641
0edbad4542dd7578a9cf273939ee7d11
94ff71aea19e40b82404111a924b7ad0
bef254385807c684db2510e0f808ab6d
ad6d009ce58f73bff86944f4da114938
44231ecc3266dd8701e9ab8f814c2679
7610e8d180e4872a66f9e4bd24c78eab
7d20378576aee79e2e0140b4e62e2db8
b28ad933493910d2c7c4cbe0fc2c9b3b
7bfe1cbcfb083792007a027b67df10ed
82da31ebd8482384cd5529ab827c6c45
e314cae4d61b281d675ecefc795001ea
e9126c1e3bf6f7a04b7f21764e78e9fb
f747dc3ed8c7262492ddaebf09d7eadf
9da8436d850d8c6ba7ac1729b57d74f3
fe493a63899a10dd80b15d8cf7178ed5
45f82365b7d6d7d37257facc5943cfb6
2e67fd60d8b5b5b498b399c63133ae87
d06ee2b687ea20e4ed5d2aa0b6f8aced
7cde05785ddbe203210a12031767947a
2e8878417b214cbcea4778d8a1fd123e
40e490766aa379b163ef7a42edc8cc8d
5b1a5b93f6765e810a99f4e54b2b16bb
fca312bf19246d4cb904e5fcbd2e2803
77b9c4e0639f47d0d32a565a533ca2b1
5d9c53dd80742f7180344291a8de765c
73ceae5519541e442164954bcc21b437
e73327f11b4548e51d1c0b83a49bc3b6
32ae25a88df9e8100e1ee2022fc6b6e3
882de5f186800a55688d2d3cc54718ed
87e4f85d8bc6ed7d0cb123581b6a1b31
e041226c8d504644dc394921d4eb22d0
3da02de006db209de0c4b7870e6b1ddf
17c81c7348794bebd4dd976133ada1ea
a257f2605b218ff210c99ab19754d141
93b9f96ced94524fb4865338c9e65266
9ccbc009beff6a8364625bd218c4dbf6
3ccf384fae3b4a5fb60857c5a7fc655e
687b4879448d157a3ceda1f71cb47beb
e1cbcd2c4775ccbce619ff368b82ea14
90782bc1d3997d28e36a503b90631922
eada08133df02caeb6f48f1d170165d0
390f7fcbd172604b23f6bac58840210e
5cb66d45f337bad827026c1e9ce5ff41
60a7737de62225cf1e30a7eacd0f0209
69de740fb24442b35e009ba5b0165b73
c21d4be5c0cf3ff669d12de4ca050764
8cc1a4dd951c61fc0fa612c713b1bf0b
dcb461235f9efbd82430084022b411b6
28e68bf66415c482855a9b07c1af0fd5
d6b95857649e9e9bf6d8b277c0509f27
6001b2c43abb2325fbd14e9d2d8b1f2a
2fc50e81d25c672b4ffe17bf73724acd
a11e81f5c97d12ee27312f23dc23c942
4ce62b72bb0299f73c7e564aa5ecc06a
8d4d9a877c22489a074a1ed53398de6e
8d5cd78607d35eb00d699f00fdef1c55
cc91c6f8acbddd524219360c6c287849
66e5a913b03c98a40521265319eb20e9
d92a3b02502b39a77acb00eafe495d10
9ef84f89fc88ef9fd83c9acda26be7d2
1024b4be0434b586915d86687a1eb2b5
00de632b8cb0a54456b24e5ff05c487c
9595b9db54e80aecfea62fa89221daa8
0891caae108de4f4f2a5651930007424
50e39a474c29be985646fd8db00fb580
69ac7f656266b83069751120764394dd
b5f8e94bcc69a9b6ba0bb6a17823d3ee
a354b45ab3828ce03ea02096daf7dbc5
4ad73007f1b1351a94cfe6d8185120ba
65f705e5ec8ca74ebd57427ea7c7c70a
d54dc00c01fa1bf41f4837ec57061ff3
e090e254cee7997f435982bf5b68d191
6aa97eae8b607d91ed3b9c77a8491dee
566c6ddd0f2f3439374a2f8ff1e18ad9
72dc69b1f1cc023e9f63fd6aed781947
b177dfc50b2ce4d33cfe610f83f94d53
05248448857cbff1977e437e47b75406
de4ba6b54eb5fff18d6c5b1d2a7180af
db711de560a48690e64dbcef3f7d885a
40a1bac464250832e845065cdf4223a3
3c651b153aa69624469f9846535e7ad0
5cafa1cd19839aa8954e991b467c36f1
88d0d2f37b46e826f15c6b697f8836e6
70edcf387f10eefa42caddcc1a4a882e
0e40e78736a7ee31acfff2cd41f8701d
1213bc4a13677afd4d4eb64b3be036a7
d803f0b13fc332c45d74271bfc738361
34b7495b8d674993a0c088a0d152f4b1
a32d773104791954a5d29bd4b7f754c7
501df82ddda8504fc4ca6688768ca8d4
ba7e6385219075f1a3a59c8e96691486
956e7d937b950efb98adab8ca6c22342
1ae051653dbe0e1f9ae110a3d76367db
c897c41ebd6b9d563f5d3124ee3727ae
506876ac55c9e59ea70bd1df87b45b83
f48999633ac04c22ba0f5630436ef1f2
08c2ca68dd506f542953ce433578a20c
2f7e19acb28ccb725f581bd930c99075
e8a0fd4d1ed93e647b22360e687354b7
7623e1b378edbdd8bb7657a70ff9c7c9
280912a9a355ef3a2972968f89b411e4
558dbb7b26626cf7f66be0d091f8cb89
08fb9a91076ebae4abc24276b6aedf4d
8e0204e91f397e27842eced9499b0dc0
4375e95a20949c7a726854b66142bee8
1e4cf2a6ecff70fef7a45712dc65f3bb
0c427f5ee40d78c41bfa7fa1e6f9310e
cef342dccda85cb415e5f7ec16c6a372
14b90846acd73ef99ed99c5f6ec5dac4
47a50dd6ce1d0ec8f879398fb557d1e6
ae8e7578ef4cd3725b9cd9c0d1bc5f5e
e5195404c5b7f9863f35e2537e44ee15
163d2d4b38b49fca49d4d6c34fb68965
278c45723ba4bda2d9bd69bab09fc156
76a055052791deaeacf5adb2f05e8c46
cecbeaee188f9a70660d962e0b249ee4
9aa3613b107fbe0c18f0d0f23c7f2409
6cd0b8d8c4e00f55f19eec6dce3f917c
e362309009d968d966e93d7d83e3f917
7b53de7c610f565e99054d3a3094e03b
b47e57a3a1802b96f0f726563e29377c
ca9b9640d3ff26f4f03e78288f8e65db
34d8d2a2322fa4a256b72e1ef8d54401
be7b8b06aebb859a3722978c2a51bd5b
f0f26648ea3bb18dfca3122ab4f1613e
049e8e09d79195c958fae39b615c56b1
746e65f7b122109f3527ad1124e4eade
02eb7c30352a684aee32c8d4f77cf47f
f4a4dc2f6edfc32d0d6ad68019fdd540
91446fc6d882375a21f2075696a27817
39b16c003106eba75a06ef09f4ed6514
4338b0f9f998c8c372c95f3437dbd31a
c1e529afe43f73463a0920d1b6a11f7d
23d2027b546fa05ce12a38bd1215aaa8
4d48aca60196cfe90fe1936ad14d9ca5
cf2b423a328bb326cf66ad8c99955086
c2116ff075209e543d6ff46fb93bc53e
09818276ab5b5502fe08abf632285357
5f85f4ec6e4b02b2689fe550e850476c
89cad89d0d4aa5bda038e483b309c71e
f736c314bc7464db23feeb5d6af89578
da640dc63aa953f63961520ee6a82ed7
796166b06ead52914484f3873714d0ef
df84148c7645516a95eabd38f21a1c2a
276646faad98cd0a49de099b9b657dc7
524ebf9ef263096d2d5bd2d222aaa601
21c1d26f55925881088155e52b7a337e
1f3f2b7f639a851ce98e1e74d9c15248
6d2763f1d319e121532f66d1cbc16a19
9c888728728435aeec786649ba43e260
8d1188d6a1b7ef5025cad1a746433bd4
685854de7aca3b7a902e3f040489c8df
97eb3648cabc6cc1965c0991fd772d19
f6a3ca23a879b7fee1132f54788e8cb6
18874d711cb19ff1433ee1eee50c03b9
00b0cde806cb132a58c455e8eca5e453
3502291f1684856b71e8776de9f50a6e
8605550c9c4bdde9b777978147516c83
f33635a7842140b94ab291d99b6cc698
3e388ae18f9140516c5d07f0f34dc8f4
fbab7362758ef324b0ad4e6e6914a22e
db7a43fdccb55b88e23357cab55664b2
a7448ec45f602ee91a6759304dd9c254
47408acd8f791e713d9257cf1d48cc32
0301eb370ebdebff5c8affa06cf148e9
cd9d9ca56333519f4eea0bd433da75d5
c7cb023eb2d16dfca95c35316c4d00b9
07e972f0a3f5a5ee5c66c598a4394a51
cfc22fb763044f78e1078e57310a6e65
efc5c1d26a3785fe55558547915ab85e
eb73d14c34dce83245b5a464be150c9b
b5090b2fb3fd67f1bac27cb3624dadce
52451970d59a9ca6418b1bc26c256b85
4e8d63cb699ce595d23f8b265ca1d985
74dd8320d35530687b0d5e162f327cca
259edaa21c951581ee52a765ca5947fa
8b65d2f868039ff66d711d5600d7a32c
d7c4e2c6105389d638d7b22a7f23396b
ce4efe5bab7091dc061cf9da6acaaac3
9cc15a6ef885afadd3fd474799b5ecb3
b7ea8131a6455a3bf9178f6ce014995e
312ab56baa233ba6f7e57c1f90f8efcf
f7d64c107c66286e6c263550082adbdc
88baec23aa2d383033f67387a47cf85a
c6ca50249620963e9d770cd27f59633d
4c71b284f63e171ec2cb9444bf8d4acb
47319cd450c6b821288fc5c4ab02c9e3
2d719d2819f85f70d4287d1f516f9a4d
8d2e1b97a97cdca87829468312fb3581
13dc2dab2f0a384af076e2da68b28cac
35e8efd091b69b7ed723de154b3708bf
4d8d6004a33a19fd37b6d7abbf5ea3ed
37e882647682db180786f352fed570ec
28a5dd21a885dfc5380f1f9e3b375b7d
f99461f486478016a90c0ebf0c15f5b1
027abab2cfa91a3fcdfc3216cef2aa32
2101c89286994c53425fcef91a2f4b9b
7dc64abfca5353768bacd594e629b0f3
4b66b6880be975d3a6d14091de96689f
e2a1ccbf170b3822f1e19608bad08a19
c176d62a33ea26ec0b3d555d45ab1384
2143f9430ff7904d35bcb61a0aa83538
2321b916b97bc83146f4dc586b10bf2e
22782d1cc6a382fdc0927607a090dced
22b5b8cb3dd21b58a9afbffc5b2a7de2
3043b69a6e32406a98ded862fddfc140
0aa91a82f3725fef76fba0979360a10f
365ea26688f70b4697c900a2be02f9df
989d0ea800480617b3efdf21df58d678
a32e5106f1d81148c346e3678b8bc64a
70fcf2b3cd862c5291277e0c2112e6b2
5c731ae29d78994427dfed69c45977fb
4a3b9b8442b3cc96ed666dc056efd657
dac934c581790125ec8067efd406541f
3e75e0bdb5cc9615d3b7de5515bcfc30
799ff8f2198b7ffcb59e5eeb904824ec
823482ddee029084560ace23d3223f05
79ac6a6cbae237cb5cc0437f49bb1cb6
d8bc74558c013ea9e0dce0aeef0c9324
12ac049bc4de882bcc4c03aaa3ad0f95
107cd53f19346525e310c7b074fe99f6
63c2cc138f8f83d9d9c06abec4cc891d
343c8c31e4b474c8a9458176fa933afd
2f96d2d0f6ce18a7f539ec9dc134d4ae
21e75506d9805ab733dfacfdabe9931f
fdeb3cc599cf9a41c96e2a0a7bb10874
625bff9c1b129b35b2e509b8fbe97154
854568f320a3052651e2ccaaa6af13fd
681f007644f5c7e69b6e5aa18717d5a2
6ce314683bfb5d9808064f93c32bc6a1
b2849bf0edcfbb91ba32600cf97b536f
bb1dcaaba19dbe0eab24d61f3a7ea064
1ee0b9f6cc825a207f05d97f88e7c0cf
33a4f67ad3ce67f61e579fb205e07289
6046aa863edc4ee98bb5ae67615b8c7b
50a07df702897d68d4a01e941cf5b6fd
b216c66101bfa6b4287cf87b7998cb28
2bd32bbb624a333e1500a0509f39ebdb
18f6ba50f5d991cc43a0d01ab482a4e0
48fa513c506945c7b654730e1426462d
f6ca41555eb3050a6fad99efc08bc30e
698c04d8aa4588538e78463929694b66
de752dca137761a81cdbbbc6fb916198
767240b40ad15ec15934a3b751d87b7d
525169e54da310d80111170e0aa53884
70fe218ffd1112309d98d2f509f26bf8
fa4872c10e29c5086e6e0308a63128a2
4dd0a2362ba98ee0b9d6e9da61adaaa1
615640fdf4dce47ebd9926c29e933046
b7352ab272e545c8eddcca1177fdd943
ac374ccbbc29e41dc22001a7a1ee9601
06e8becb62d9852ed74d7279fc8331c7
61a76345e03dd913540a1c2500728ea7
8dc6c634ce18e48af66cded1a74a2014
8e0752def25e7e77a028908e020931c7
f1d3be6019c4b2350c44edf1102bf8bc
0b3cf4d1ce24343f3aba335ddbde0ab5
d403db3c0831ccf633e5716b17faed68
a1a3666d1d9b3ec1200ecf63179062c1
584792ec827c0fa4945f2efb6186e171
950a1964c8dfd6ecddc3c6b5ded20c0e
06a95ff9013abee05e26e665ed580c8f
9dea7e100049b5dcb3c090b3a474276e
cfa675fa3d0be095668e10348b1d5ed2
7e1ad265f9290056777eec82e4471e63
70979808cc4690c6a91694baad10276b
97efadc3cb8a98bcf9f3aded2706c571
6f6c672e9430743462f989e9bf314457
acff1e979d3d0f5bdc50a1a1e709d384
470b7f28c41b061178c97d0cf0a741c6
1e3005f5b4aeb20c1ec046fae25e0915
37ff32b7968608eb4b2823ef36519d00
623d8af139e49404c860e32c0b22217a
4f396b4d2122364d9054030610dec40f
0efa7a0922687c1f0d32fb9904ea660c
a3ae49a3cbdcdd30481f9cf848b94fdf
ec482ecc639663e9d7ff1a82aa18adf7
dd20fb4bab4c2cbe5b5ad23c63028efb
7fbfbcee26f7349aacd799fa51a80db1
93a88ed0652c2b1aa417773216bfc977
45d062cdc7c77e15edbae74a0ae6b9aa
3c31dfc00111515a51d4c68285355aab
faf4918d4b3719c737ae2598cdac9eca
a2512f1737a4efb9358314c5e468e2ff
d19e4eb7f9f7814aaac2612f9645f04e
87bcc08e7241de76a2a3ea92abbce9be
b1349328103c3498e22576c48ee62be0
333c77c5ff689228a64ec46cd49208f2
7aadfa6befc5f26f42688ce2b63f9331
31dc7b71055d53c8ebba23d858b1fb2c
a981a009473da8b8d59a810c4e963094
731a97af641b5ba457538f6a5163298d
f1a08cabb1751affd79628d75c9d682e
3a5602a6a4cad871406bc4e5b50bde89
1efc6aa3b67b07df0252f60c37100dc8
34867fc141b00c336097ffe07847235d
5b9baf6ff5f82ddf69e4d0d254354b03
442b6bcd7651b508825d0876eed8a928
50bdbfa5119fb874abe36b83af2b64b9
339f9b15132ed98d1e977f60d2b4b400
f63193a2129a96fa4561ac74ca769f24
80d79f1dd9e2da6fe1f31590275347e9
855b0d381d947f6502657458acee4740
e6666494938dea6427613b63d38fae22
775be39ce705a07ae2968ca9be2cf4c3
a6e966ee1056581faacdf0ae1697eed3
769b52759fc57752a5dcd22d86e242cc
65859d645a80ece05785e63043dc5d53
681b59ad6983b9a04a4aa8b7ed815e47
c09fdca8f4ccde7a6245af736380308e
f9d10eec08b7e47f78340583fe5fa149
fecdd2216e6baf145a2f0a76c4e1d51a
9ffc06ea549c7953f34a66ec4323f6f6
379feb559c06df5c2fa5e29bfda38b93
ef0754f94c200a6431a4a46430fd3b7a
26d617ef5c4141ab52329523ba6ea354
ee4d6d67291f3d8cbed538d785a7a5d6
a0b82ee655ea6f1355377a5f2e570dec
25f2bcbac2e1405a983e0c2dcdc37010
4b680dbd2cc9ba3a963725286407512b
ebb81c59b31e62dffa675d7ec0082a57
05a9df35e2ea9a1ed79bd8ad173e5211
6f9c706088e897b749de4818bcffddff
df3da28725216763a63101b9139a39da
713c6bb0341f88ec1b054cc3addce1c0
441db2dba45728cb1aff4972c9eb2054
118ce5b7de314c4ed9e1d82910d50cb8
7d8e4ea043523b6bcdd442f01b08f70a
03eb7f2e04120bd4842ef0d8d90dae17
1cacca7874e54da423c706acc4ade4be
25f02ccfeb2160b2f8b97f7ac91122bd
bea07ca681bfde4d9b65a9f18e179675
5c9b515a6793921d983252ef65646bde
0000001b0000bf840000bf847fffffff
0000001a000015b50000d90e80000000
0000001400000db2000088f70001535d
0000001b000012f80000bdab0000d805
0000001a000017600000e9bc0000378c
0000001b0000e1780000e17800015a06
0000001a0000c26a0000c26afffef33f
0000001b000014a60000ce7affffa18e
0000001a0000c53d0000c53d00005107
0000001a000014160000c8d90000c736
000000190000bd5f0000bd5fffff8477
0000001a0000ff190000ff19ffffa9fb
0000001b0000d0b10000d0b10000a53f
0000001c0000f5450000f545ffff93b7
0000001a000019770000fea700005e16
0000001b0000c7440000c7440000a487
0000001b00000df800008bb3fffefdd2
0000001a0000c8680000c86800011512
0000001b000015e60000dafeffff0748
0000001b0000908900009089ffff6458
0000001a000016920000e1b8fffebb81
0000001a000017230000e75fffff7656
0000001b0000181f0000f1380000406e
0000001b0000191c0000fb17ffff5ca4
0000001a0000178f0000eb940000713d
0000001a0000110c0000aa7c00013f9b
0000001a0000e1fa0000e1fa00013d6c
000000190000856200008562ffff3813
0000001a0000e18e0000e18e00012684
0000001b0000148e0000cd8bfffea53f
0000001a0000c0f60000c0f6ffffdae8
0000001b000017760000ea9bffff4237
6aafed417f6d211fb33450ceec18491f
2701611cee91a15fc79ae2d0607cd488
dfc46a03984dc978bfef93ee9fbacfc3
5983524ceff98b53cb0a2fb5b7fa2652
0b828bbd7b777d91cdf4b2fc0f56ddd3
55dba06b48d622f8a9094471c3d237da
216687c1a1d1f87007cd112bfbeca9bc
cf4b3b67a9b311363d835173c3d635a0
7432ab84f0533f0e0c4b75a983fb1958
f6bd75630ed8bfd3d19eb398a4d304b8
862b4eed724660083112cac71e0adc0e
a21a6e88fe0773a866ae0938fa1497e2
e9c8a9d310b5dbf941716384d8f2c02d
87f46030e150f4614a62657a1ddfcc77
413792af541667424172b4bab2c84235
24e75298826f6622a71e6934b6e0bd40
0caf5124cc4c544e03772ff41737979a
fd059ef57c80168f02ac7960275ca7e4
dfb635278d46637ffc015f17a5c988e5
72e2b30474b440606614fbca8827de35
6eb1863f865fc1385c41d500223f5ffb
c38d23c1a1ce5b1e1a309f561fbeaf14
d932d9165acda02363c1b87244938a8e
5fd3f993a99eaf6f7956afe0d77a6025
a7e2f0d1290da3b40a1100d3f059af2b
7f1ced1ff7613982a10069774b825632
b1f11404dc0e917cd81ace45b803d134
ff8d3f9385994ff78a3e4161f3133ddc
2b07c1d779f953581225990e23d390df
6ebb475f702b5624983dfd0a2ab442f1
7e08403beb92280979a4a93789f24356
7d6c842fa75a06d0eba44d42177b4bd7
aa9921020e18d27d3fa93dd5bd9ae911
bec4d3d8a63bee9a4b9a8dd471748efe
27b6431a422f5734c4add6f64a899312
7dd4ec5845642eb8d22c321fa0e743ce
9430dbafa80dac09f6247ac7236cc2dd
50dc68bfd54169215592bc1556189752
e8f634672de55ff6f49c5126b51b089c
31a20a33e0ca84e3b3932f61f7350dfa
5fc6900ba36ffa314f089f3f45422e30
a155df4b07e7634a3dce9dbd37daacd2
a441a380ad12cec06c5df0fffd1f87d0
ddb9d72e4b48121771a756a6ec849be6
01ea86d2227babda9adf94f6c985a116
c9b07de9966002db79b2f5247d2bcb06
198768b19dea3f7c6197cbc971672577
148e5acfa52b8449b0b19f46f9b87d74
9111e5c10b94ae417297cd0cd98a32a8
8e8746613f20c21302c4c7c0aa03e076
eb710ddd0b991a6ed0a56de7ab816d6d
9aad07cf12cfa727d54e6d1f05425ee2
133e1c15643030463121c890052aa183
ca0723f4bdbf1d02e72513e4557077e3
b426e138dbee0118bc378af9cbf5e9fe
567dbd215f73f03b3200a915679dce64
2d208a18b7116c726691abb3096de8d1
d9cf829f87e95ca5bf9b294bde76874e
34f52cd07ce7a929d23e8435c3cdd969
195eb75232c8544bb02df79d6a65c64f
d8d9d8a73ab3906dece8f106364f1b29
55890bed21ab4f3c5e9e69a220d48960
e7cdb1ccc305502da1c68285c1519326
83ccb545d7efef18ea1fdf6760276318
7021e4df194e6bc11a3bb71c84acee5c
c18caffaf5035ec7a09d0257b37e37c2
660f0dba01f6b508d710cd27bb606cf3
05445bca3da23fdf6d1d51ce3447ea96
471df236798c596e504540cd4682bbae
13d619b8112d16ddcd45ba73c7bd3463
7a77489e0f9db422bd292e5d663c2ce6
fb078c8f711318580fc2c18eb7a1972c
7c1bce7adee24f14a4552701188f8dca
ff117b44a3ef3bc5d24dd6f9b589e89b
2c46ec38a27c72bb5775449e601d4cb0
cc22838c8dbea73a8a53fdeabd366a85
74048783c7f72e29a94a163bc2381558
840ac777041b224ffd9fc1f57213afbd
22754d5b5bde0da6d02bc9ccc1d56552
3ead12b44d3d9c484617ad7ec4820730
880952494e3578ccba508786594973c9
6130dba46df13f47136b14a1d29bc7d9
6cd12f04c38542da70b91c3191f99730
96c194b237f3a2ef39a1350c8e1da1e8
b55c068e5361f699da48c2582beb191a
ea6a0ddc97ff6cc3258921cfb382c8c8
437cc9f3038cbca4deeca700cc3f4b42
feb5b28c94696e3e2edd01eceef8789b
97fffe4d04c97fa8df56de582d473946
f0afca3933053d47c40f22eb9dbf9689
7808323efa94d4b90d010b137d52ad3e
fdc056d0edf46b72d3eb9bd63aae7765
30186013d3b3e46353d44c279e7a8816
47b3b223b455454fff06d77fe2cce3d1
fbd5a5241c2b837b0f69c20fe169de26
278aa15cb2534b2b38803d8463efb0c0
1080f0df4c979f9d5d64b9b635ad2430
e8b78750193e8bae18d030e2ca072626
093df94f8b9176d1d7215ceb610c582a
556eae5659829b2743e89e2a24a2f200
fc65c943e00cf6c82072fd0368404adb
31271a5ad638a8cb75933f341aa2e1d4
771d7ec372411511f6202424e5a94642
606727975ca81065c8cef4ae2ac90be1
3391d394a49ecf552b541dbcbceb01ad
500f6fda44a17c54feaa20cf892c81b5
b1f13ef06144a1688795b2d34ae1137e
ac9a3eb00f424750396ab5098473cf42
ab25790ddf755778ea115b89b3f93e7d
7a677892882e0d090bf094dfa432f181
3675d1f77bef0b2411674f26fe1edbad
f20c38109280370c8cb62543e5a0107e
09d547fb8580f71a29549033d8f41e91
961897a2e447267e9302b14f17a655a7
06c3df24f70c2899bf79ef644356beb3
8aacd7fb3c1a0fc9448236c72010f6e2
443e37ee2d3486640b6d6114172cd854
4f723f5122a4de128296cd86fe84d78d
9bab3c6355bac8c0b36b91f639f74a85
6ec28e0d755855d4b879e73a69be1669
1a3f35f44973548d204754b8781f3d98
fab755b7b80f547a959177f3367baf11
f05abb0c3c6b7cb5748f66fc88e90b60
5d372811bab5935aa21903ccc251a165
c0f9e277ec9ae2f0bc27969fab6f11b7
387632910f5aba3af2ccfa82cd93f220
c164e5155b9c272ba812250d0b605743
4b97d5d49d23eaafea6aac69ad15dedf
eedaab2765f7de82089c4bd5a47afe49
962a455685eca25f93ade7322791d63b
0d9d18786449531ce518d6bcdbb1e32f
b7c6fa7d93feda450561069fa8595dfa
b2a1257d251bb017ef9ebd0bb1d6818a
069581c47b50f9817c6fef94672e6297
52977f9ee857ede88b4d483fd5b424bc
43aaab30c7e390da4226b896a58bc907
fa14a992c5f05c72df7323e8b6c0eb92
edf684f4ce78fab4c0b6667e61f99ba2
762aae0a4c4003e223368e774bcdacfd
996925c7109997d751550391a1af031a
0f26ccf0360258d969921dd2946e5e88
0739346ffc74aa929e29a3a9e942816a
59e0a6bede3c7d5d60b6e168b8c6fe9c
eef2c1a09466cb3b05c20f4eb96b5827
a75ff91d41b90d4bc12a27c51f13de31
e7ac52c0cf1e649163f59537f6b34043
1d5585d5dd48dafac5f0fc34f158fb61
c11e8de4782e667df4998fad50cb70a7
3395796f382d49312bb68710718abbee
e4d7246b6737aaa553327e927fab2042
e088ee5f4917d924113d2e75cfb4b953
cb12e0c40f26f993914c2008ad765bac
609f13b59a1525254c907be2b2a3332b
6f2433ee9a43ca1fe57d94499cd62067
8d8d16c24b2644ddcf64b51cc7c2e572
15bd7eb1c6f22e6f8698a125556f893e
bcd4e8ec4710b790fe1070eb74e25742
9620c476b8a63957fa12a37987c4235c
ce4ec27c87e0d1176e9267707e2b73d2
11fea49c020cbd9b410027d939cb18b5
3afd182a11dec5994fee70d19ed72206
97c117e5fbe98bba7bb0dfef1fa7cb48
8f35119ac5dcc2d285639a439c59eac6
f05095d320a0066b1e331452c132cc16
ce1bdaa5003a0594ebb9a960f5807b4c
266e644dacce14814e5b615227fc1c1d
1bae4efa96b951cc69002372a1d434fc
1a54fdedb8a8473a87138976a24f7868
d37d1b6f5ee65356a5f989c2c1cd0c47
9217c52266c7d3fc2eb4b88da83474fd
fe3a9f09616de5e7b377b93893098463
457965ab2ce168a1229fe75927e2cd2f
498d902f310a0e8423e54ae0814ac547
52d33ec7597fcbd870c6468ad3cc3d43
a916ceeba01667193bb9fa53a8747b79
ff6300e5225ac40ae4ed0c3d7339c58b
2bcbfa68dc5e14fef0be46b75bff606b
1e3f2b78441a0f4b93871dcd915b5d2e
f710afab03c19073d389b57a4f1e70b0
05c973151e846f852082ebaec849c4f2
8db73a380c0a29a0c13e18d25586c2e7
91c48ad1b4ae7da15f6c245c8a9c6f4d
a5db8aafe3dd781acd5794e1493bca52
f60df8efef7e90f4193440fe2f929a31
abb4d2774709c7fb18a34d9067318b10
4158b5e24fd802e1e324fddca032e1f8
20694e9ece8490092163ff1690ffc410
4b4c5b3722c4b589a98611adab326357
b3b1e4f72e1102d04b75f94a5c3a857d
946c232140a5e8deec930e6970054162
04d0ddd3a4eb7772da81a7abadfc895b
4f61e1dd8e3b5019b670ed5d56f6ec3c
f3a16a4537b08062105e97cd9b1114b3
cb8bf71448ea37ef80102cb396da352a
69752ce52b8535164309cffde1019a09
0d498ea0a52d1d6fd0c2ef52f7168300
349d166808d6fc20fbd8bbd95ec91e46
589831d452c00b7fe3a9edf59277c819
9160625f308d62a36a338b9b66269fc1
b3c76ab072c5239a730a856138f8bf65
3b1b700fb50cad8eae6449e42521816c
f98ddcab5afcc9b097b8952ed4d68bd7
dcafa6917cd1aa1505c7783ec2399f62
c0de389fd7a25c0d17967198ba4a6576
cea7b548cdaa23b06646dc9df424bc51
df0d1e7cad80b2ae6b7e2b3cd20a1510
74a508e7b6eb279f3311d9bb83ed08a2
85c9528865042c3fbfdf60d598bd4a76
8d5f75d013631e4e7ef43394bb0a411c
7daea55ae46857f516e3d61cadf92ee1
f21e3196e27a625369cdfee3853ace52
0d10c2236ad969d9e3fd7b2b6212aef5
1c49fe7b3f59d6cd9a9c9e756298360e
bea8b9abdcfc11944396c79091bcb868
1167ede3c41bd14c36a95fce7af26e1e
2f46c14ab61ae5d1546aa16297966f40
90f8ee97fab015d75d6e362d2c7db934
6667ae451bcc76ee89a1fc323a10158c
8796f1a11a6a697e08fda4492bb6e2c4
d87a219933bf044e4a11539c9ed12dc8
b7f1baaef6eaddd4af008889e41b7471
a64815864ec5bfdcb7fa54f5db39d99a
f33d46db59d1f31a852fd66d5d925a15
06e760d72b8a0d8d8f31d695322e2dd8
e1435ed2a1cb479ccca1765d2531228f
ab2e7dcdffc68280be42ecffd82e759a
527b7f4c34cee3e05acb0462abefe49c
ecee12c245ebda9b24955cb7791a4d95
253c8bc09ea6f47fdf7b2283fa0593dc
4635e21e0ed88b1de310eba1b6b247ed
d848f78b35dae4350fe80f8cc33df0b4
eb380eedf64e680b675472fc28dd3cf6
86837bd2511103ebf73dc15b8e9c0751
4c4ea6ede58cff2d86a6158dfc0e01b8
740defc2c6c7e65cb28a4872ee2c7649
ab5d0758f6652326462a32ba06fae5f3
9ec758cd032fa25eb9d7792b49054421
f10ee58d948068ace42e6b79b804f214
390a8da59d5a2bece4ec782078bb8f94
9c8f4a691896afac13673d8c1425e061
978059c9e82053bd825fb9475927a6fb
10bdb1ba0b8cf68bc7a1197b6f9a5746
8822e75331b4714a5245839ca39ad1b2
cf0a33f44baf502144d980a0a63cdfc8
5cd87aaf4f6a0717c956ae4e7f9c30eb
f79e0b73f3250c8a457a758a5ed3356b
addb75690f232f074124b1924b8942bb
ee4826e2dfa54b21205fe4b3982638e6
065bba0abf3637252f42f65cd87c7c0a
6a1fadb5e8703ced18e8faa2b3b44a37
e97b91651327c046a2fa3b3ae27c887f
7971c330351f7f43cde085f4d7a65b05
dae2cc270e183d2025cd45942519f07c
94a2ed4b4a779be59d0711f93b404e76
8e52fc7c4b9f5e650bc60164e10fd4d4
22d5ce2147e526a68a76095b8a81925e
bbd11647acbb6d579a37694fdcca1915
823b45d8b3db16116dc57825d2cc5dbf
b64d4379077893660e8a4e425e409ef0
732ba95a02e31e4d86e9c0f6f15938c9
558af2bf8f98166d5513da440a329fd3
5da15db94ff3f65c0224915a2f074da3
b686d79ba86442c7ae07d4c7ab545c36
4c58470b0bc5473911259df6ce8313fd
0524a05681900cd3a3ddb5f06a830c19
69243489ccffe3c8692df3187e54afd7
d32ba578d82649dc4480d840148f62e4
7baf9af90ef6ea02421347d6e35ea952
d4fc80a97a7337f86b09528f57a08c42
e0b7d130ebf4fbdf3fc52748b3ad5882
a8b85fa00dd58f83d05ed79cff7e56f4
0757454d50b47de506168c760014e39d
24edc5917d7fd28ebdb6b6e1b7bc93f8
7b624be5d077e5be58e4daf60c3fdb0f
9aee59415fa31e789d2cb007c742b774
42c5038aca312460d366be2a26a70fca
02c54e0f972e535765264940c2bb825b
831d74449ba8282625deba7b09b6bcfe
eb9e0cd234ff7be94dca218efd2e8b47
6d54161cfc08d6ffc3e26a758940cb1f
3349e5a4971201027f520f47777cd58f
cf4b9fdfcefc1be920d72214dbaeb628
d2986b5849d3e2100462e6a9236f428a
cddd7871083bcf2fa7438e4c831ea08d
b208cb3dbeb50f3db5fc084b71831c03
83e492d82bd7de33ed1f9d4c3b5febba
bb32ab284b5b1ba24ed4d4796e6b4f4b
1b5fc01434882e2d40c424fb6a669c57
e2ba344c5ba68f97a50b62e070610e73
bef6db17dd0254776eb64e1c94c71968
036eb262d616b7c488fd4965854c63dd
0d16e0dac6d1ea259258e271f970a427
20efa3e901a1680150d690555b683c7a
1785d8e71533ad947708e3bc77618718
93c646d2301ef4d65504d436af29a03d
0a1d9d03d28457fc0f529e1add59adff
040971bc20407a005221b4b21ed99593
53e9b9e201c12bde33f9857d6f9b27c9
bdfe232ed966b0a46ab15d58e2ba7a5a
8030171fb4c009322cb5dd672e40e053
e68c25da8bcf6e9a4257ae9b19d101c1
fd9dae0d68e1e4f15979e12111dde0a1
469b8fcac2b59c8eb916fad664a7e975
657994805185a2c353f047ab37da5dab
72b51fe582b4739bd3d1ec519ec5c004
e629fdb062f1507c00558c8a374a06cf
f88f19da683eff689449a523ca8f59aa
5dfeea9662a60ae4aaec66aa8f6547e6
752e69b75527cb86bc406c59c0fb9b24
5007f8073a3cefba7586f71a9f2a946f
0b29e61f6c30814ea85932109137d9a0
132bf7075aff4e4f15e0c95119883dec
6dc5c4f94b8c2035865de5cea4b8bc56
e9ad172c16f157f48ef6980a21a954aa
927735be097ff06288155fd159abe421
bd9f3a27811644f3d4376f164bb98d84
7da3d4a9ae6d791952ac13280cce87da
056cf3cfeffb521785556fd5cd0ede53
e789e65e713102d063936b4fb47a11f0
88fcaa2acbb06a2fee1afa8e5f226467
20285caecfee12eb942899df972403d7
1831496646fff375c51651571ff03417
4ed5754073ef9e703b5a7ccea2762b8c
2bd207a5ac585c5e7b98412ea0560d2d
010c544dd5c5167a16ffd4b937fc964b
5ba584da672248e316dc32cac2bc97ee
4469a6143b1eb208541c981edeb7886b
d71f43bc43a1c1ec739d0bb7b162ea6e
51ad521f65e51f635ae1027a097bea86
fbd6c91dcaac65d20cbc916192298fa8
3e9814b2cb713c5d7ba4844966451a5a
3aad1ca3e8c61cb7630bf82ef4c0711d
ec22752052b891fc28cfbb49d077ac94
ddb5db9ca1c50764feebd7f3e641529d
83d7aa8017d41549583e23c59ef83823
6781933a786db12d8f0904279c7f6f46
4a027d848a66f9a83847b5dbfb2364fd
d671eb3861c858fe9e09d09304164b05
635eb9f51e7b1e89d8a4a099514665bc
37b62edd0246724ee6ca5eebe67b8a36
b5bff649ae7fd1255fa6ecee85239381
83882e908d76521e9c0b2757f6852285
9363f8cca66dbee0712c22f29af2163d
8a27f555c9d2641778e43020cd5b0ce4
03dba17064a3ad632ef6752caa2c9979
9ab62256b718c804df3fafd124125b02
b2e518cdb94c09f7fe337d1aa6af0982
c44ef810c259a502b36aaa4f08790d7f
ac891d30df3fb1239e9b82d0f865101d
6aebb03a89ebeb2e7cddeb780af812f0
412c2fa6950b84ebcb5ac5aeeb098eeb
80dc2688b786015fb2b4f2bd01b99110
3bd394e46c87d64800aec6b8e234d6cf
3a5ededee9f815a3b415210183d21fa6
e64511a454c7b883bb157e0235a5e6a4
6d540eadea7d93a64270a97359bb1afe
d9977ee50ad3197d7f3a46cf5029fc07
b0d6035865bcd199056bf2ae73563e9c
6f200e3ef0ff0f6dce3b6f3b7598c38b
6ad812780f04b65c75a928609f2d397c
52fccb06cfadcff7dbcb571054a74cd2
423de35a3dd00509ca91be5477a3dc76
dc839f69df0e1b029f68d09627ce8fc0
b24055cc14979329c3ece8ce43807e9e
2329377accf1ae0fa004945aa5083a7c
489a733feea683a98730e3eb2db8f1f6
db684d93d87e7ee0e753d86e8b9c230d
2bfcee504d1db153e745ba06eafd9cfd
c130b31304798d4d8a99e178885614ee
4713039647077f35de2b244b7fe0d976
16e913df5764f456e9c47d1d8feb75a5
d840d624746fcfea802d285c30d40724
42c0cc4c4ba7aeafd5f3ade50207ed9c
d3e52f65bc38c48670bfec5ab3eddb66
1f5a3c78a91df0da9454063edc2a6cbc
8b968de0481ad920ffa6bb6376b1c806
c564ca5057c0856d14e2a89d050adf1c
600bb951d12b64799ff37c9dd2695024
d9403f9162dee30977ce8782c2561a86
cabaeebfda93871c7ac3c73414db199f
3f6347a42b94a995229357eafb35175f
b1f1c515c2099d7579e7d78e75e5f0ea
113c7c16580814572ca7f84029b70821
4721f7e59884c8894e9ece367b286989
8ed76f8872a6c7b394347bb7f8f8c8e8
f7b732866b372b261a31e453f2b36306
3527c3795fdfa7be4769f4e143199244
7feb48b65415ee1de71c1fe91cef6305
4f1a988297849baf9f24e5dc32ff97d4
a5ef9e783736a05c3ffd692073916794
0a26c2679be8a55e6a136e003f2715a7
537b20af4740af71ec737d441fcd4ea3
492a70a1bfb52c7346f0248023cf8e74
de10c003323af0b06f70ff506f2bb865
c1a3b5a09c4bfe89ea2b207ed791d5cb
73c55db260d26fa76240d3d0e674215d
34850998fe54e91c81577b8db8232231
36ab1d95d8b6b2737a678ca420c26d96
06d94f4be1ee09531161e3214d90b148
90b222c293b225d2034b3f19ef9dc19c
2b4b7e674a36a410bf1c842b2dc15599
11d3821c0b415145dc69f3bfa68d3372
1c4ee843111ff2a063c7612b54c9211d
85c1236468e219265807a15a89ec6521
76af7e0e76e5465ae4cf6f2395967ad4
d38b4f5070a3f160848ff2448e09d241
9435fc142403340c28d9006bf439446c
836a3e8bbaabad08a10d4401bc2d11ad
2b63ed61f95aa286b14f93a86fe8114d
411f15b0df073cf6b55df4b13fe06340
45ee6128aa0f1b8c581d9f193b054e32
1db7b974a3643a8312c0095f2465f335
86343bc5aaeb1b74edf3f713e91000ba
99d1135f8a072f482b8dcda22530b0df
383b8271b2c4c874ca372a99c9489aa2
484a4f2d61c059f73a869760524b45e7
e859c3955279c4c3ee244b4308010650
262da2464bde0d46315cd945dd84645c
fd3aa3ae092620fd34b664f1f9421750
a5133e9ed162b381b2b17982fd856165
456ed94d694dd54ad1e31638fa6e2fb8
df3db4bd568442c12c126a7a3584cfc8
49c2bdf4f542adc37b3691d7f02fd0ba
b34a4f6d5b89532c7cb193ce8cb56a22
bcf98933cfc9283e3728fe224b2dda6c
83674212dc6df69e50541fdf8349af44
eaea9a65124f16b6a8e79051e07a8cc6
e301837fddbc574177a0f451e93a915c
8627a01c06aeb5e2ea17393775242982
e6c49acde892ac4185926b303221824a
1d4911efc3ac3db68945ebae8cff506e
38ab28999ad26eccca585b731e835ecb
475fbb2b0175ac91bc18462d6254e02b
65710e28cd1bd92b2f2521965b327eeb
15f18bcec05d447e628f6584f5d08dff
12aa0eee2491569a813ee6ebcb8404b0
f4aab1a67bffff273cfaf7d9761d8a25
d42345811a977d241fe4539b3d150084
dde3d403542904673229b4f632c2de10
a8c571c2e5e754c1d79b068e53566b9e
7377101e8f2f896500d28b86b75641c3
46641a1581d895dec5a0970ac8db0387
e8669742dcee0a4592a081d75fb03e5a
ca50d7a12a191fd44b1a92c40bb4f0a2
b9c65b449a00b8fe10f659a226dbf790
8e2e88f61e88012a14ea65f4d0398382
f83c60403e3b1af51e6b938ddd310fa6
8828d888f89dc960b24dc2ee18d53485
f22a071e817d5eb504bbde4f2f2b23b5
a8c493eadb97c674ef61483b5406be3b
58919d21521f7e6948508ff37337e5a3
3638ed5aa707708cc16689ac38e9ecfb
bcb4b2534212a64d8f219a8c6300f6ec
6c69bcb11f9c642f984d025196ef1594
3270f55c42f62362881716181a5bd933
8c830fc53b019370f7e8c4546a6aef87
6c6a4e53dea12445c8c2f44bb62ecba3
912eb5cf243145e9768581febfead8e8
d21987731c730c94f46cce260dcdc82f
d823c68b9572529137ba06c6c024d690
b321d399725c2d92c03c4bd5c9ad7fd2
060e1adf8cdc44d8b7bc0fb4bdb1afc6
4a003f726a8f9d4281e4c9d1471b0ef2
8d1174613f7a770d31ed9ebf680257d4
358e6d6c0ac5fd981772381f96573e6f
64f22d000894abfec2f83ce06d39ae0a
e2029bc3d53871288e58bb1a13de5712
df610e6823a35a39f53efecfa1bc8777
e597cc169c6c78906db9dc1422885c8b
0f8cc97efad388744552c9ff904658ce
cfe6e076bb6e1611713c5f7e116bd575
565c7648822e68605bf443824fca0748
977ecc6be53147c1b0ac4fd4bc0f5e4c
558a21aca04a6efe980d5f0a6fef53b2
ceeb3dd260d5719f8435fc2f5b703278
f49c186ef5643646078428df4a7e0c20
47a9f9833767feec3e4b640d9eede4a8
d48c0581115721137518bb54758d4494
3e4bde032f7d05bd090ec3b743f4d8e7
8ab1622956bff5925e5456768b05cf02
fef3ce76e24471770c93a3721bbd9631
445af7d273c98a5492c92b20fbfb93c3
dd98faa677a9fecfdec1171bf3cd46dc
4b3cf47857c9c2c9747248b9bb77c138
0495a876e643381282397a57b62891b4
e77ea72aa05265bc1c8977985e98dbc0
385f33b039cff20e9f7e4847534789e2
f49e58e42be24f9e4c1f5c275e5ed3b2
c906f0e817aa4af4a8eb499b77eea4f1
e93279d7471a33fe63c8c9f3bda3b0e1
8a99f4431e1a59c6fb096ed2f3ea4828
7f75a50154e2e5d8bc95fc4aa40b3c14
38ed77880e892aa9eaaea26e50fbd14d
d5b34d6461a81e13f838795ed9bb2281
cb67b4e6232917348affd8c9e3749177
0f5c082e824701ed54e480a4ccf7b989
636401534c3556649aa1f650204f4718
8357c7f50119eac66937cd007526ebf6
fee65c0527a109a2c88a7dda4e8c3fe7
162e9d2896bef9adc4ec2c7871aa300b
47cd7874dd0ae71e7c28a2141702aad9
298ca73dd1eafa011ae80b0c197d7c38
7f7fc08875a3cc65ed5ea63f0930adf4
f153e97b7172db8755e7b65c0a303320
7314de5da4ca92d56f9ec6b277e51359
a318f575182436705956551e579455be
b8b8f89a89184a62224144fd31e8cce1
e9d6ecb5519097703e50dc0cfd306006
646d7492827a1132960b6e591ac186eb
b5a9b299b46fc27acf04df0c99693182
838a06421f4fd809966c637beb3f01d2
9b7e80adb32b062f73f7f54757484f4f
8730e705733973e5fa6682f3dde72ed5
74b0a867dbe7fbd0bfc3e8b8d58af493
cc4da78c05b1c8e3e86917b08d29e1df
8c0233d2233ef32534da7c1a5eba7446
083a3a47120caeebf2ae6c63459e1543
f9d56511eac4fd217dd0042a45aba518
eb07331a4449aae75f5c0a5f6e22b604
dfd084aafea28ee8a49921cf269f7e4e
06707c1982d55d6fdca4f2d2a0b23c6a
fff3eab9240e44b696037458943a3b2a
1ee4a8bfe576ef97366879522bc385e0
9669248d8896d2a18f3bc0ae59f2c88e
975862d388ad3a0bce7e23a0f3c12269
e5d1557f5d5df22bc331d4fbe7e8a073
7a1402d1d8a2a31b4ac744164e8decb0
0839b3d1dfbcf1c8d1cecb136c76d15d
9e6dc134a9cd336847aa326f0ce81eb9
affab8818374beab095ee31032619fe7
ec0585efc61f748c0a3d280c19704961
916b4052720560bfe63ec4430e3818d2
511a6b34730770d7a080ba0cc81d05b2
560f39afd513fa55416ee416ecd035d4
8edc974a68e765fbbe63afdd9f79bf71
99c115d93f54fe9035911059457cea8a
32c0314cdbfe808319ab0b898feec926
548bcbfe12f4a7278c9911f2e6db96b5
b0fdb7e4f36f2764d177cb2603ef77ea
7814e75374881c6dd792877387445cc7
54e8d801e610bcb94204314284b7fbdf
04b93c229f1b9dfd972a24ea60141b99
58f4f128a48ea500923baaad0caf88da
7b6b407e2e1a8d25353f2cab0f890f12
059837045b395aba0ee1aaa6ddcbdeb0
d1f1daf76cc216de9675a2f229822d8b
d876ce363087e9eaafd498ee05014b18
5a4b0d91431dbb1026e0d0d951d468f6
6743c19bc8da7c938cdec20ad93ac7e8
508bc9f55cf9fbd9a42f69eaea1cf9f7
ff5d1261793c52d008d55c1a4c9f28a5
3368f9797bc77504098c62800ad4907a
4c6704e68b53c4f63d61566b32340a1a
1e5664bd97fc7fbbbbdd6ecd3d658f79
72eef8703856e942193ecee9849698fb
158ee89173a3768b07cfd34f98b0461b
25164b984afe8b140c836e37ca3bb532
0a44d097659dd7134eda54372be52693
f06c7689ca6483b026dcc32b4e85cb53
1e5c285a51629dc9927a90e6d518dc9c
d0ba61f853dbf632c23d793bbc826117
35764426f9d9445b9e3db6276cf112e0
b15fbacf01847b434d221fcdb50b038b
5c66c6a6438eba0810d4b984853e9a34
71eb73ed550d5844ff4881b9314c14e9
d15287290744e4ef6c614477900ecea6
cd23264ce9dfa888b26ced12ab750d91
70ea992928faf69b311f5d4a89002c7c
13b3a9de787e0d107fbf48d373264497
67d4714ba9438f6111172df08a9e4a45
da61f28a418a41c3e60073ba70bf6988
40bad18bdd4a240d105cd15b279cd877
41668e076abb2c6a72d69bc6ac81b0ac
e95ddb26a2edab261270c4019b5f3d2d
508ebbc62d12ae8cc955a8e8687ee646
521b82e69d37d3d7624e61a223fd7b26
0000001a000012360000b61c7fffffff
0000001900000ded00008b3f80000000
0000001400000e2e00008dcffffffbf2
0000001c0000f1e60000f1e600012ec3
0000001a000016980000e1ee0000092f
0000001a000017720000ea720000afad
0000001c0000eba90000eba9ffff4889
0000001b0000ed5a0000ed5a000119cf
0000001a0000190a0000fa62000099d4
0000001a00000f6c00009a3dfffe9a38
0000001a0000175e0000e9b100004412
0000001a0000cb620000cb62fffeb13a
0000001900000fa300009c5b00012a52
0000001a00000dc30000899cfffed4e1
0000001a0000e7e90000e7e9ffff6af4
0000001a00000fe000009ebfffff242e
0000001a0000b9990000b999ffff17fb
0000001a0000115e0000adb100003155
0000001c0000e6a10000e6a1ffffa984
0000001a0000146c0000cc33fffed576
0000001a0000af840000af840001075a
0000001b0000c8f50000c8f50000021c
0000001a000014bc0000cf56ffffd086
0000001b00000e2f00008ddaffff5f9f
0000001a0000e00c0000e00cffff9952
0000001a00000f7f00009af700009d04
0000001b000010cd0000a8030000eb19
0000001900000e0100008c0dffff27d1
0000001a0000151f0000d33affff3e68
0000001a0000925200009252000064d7
0000001a000017090000e657ffffd7a0
0000001a0000d21c0000d21c000162e6
93471df4ed5b3751c6aec8debd57a2b4
51724ad1eefab1ef69ab540e31bf85f2
06f4b9e112e2205a4eba4dcccfd21b9d
cc9a59869d21509a7b9a677a6bcc198d
b9ffabf71a0d0f9aed37fec800342105
3fed4b179930e354ccd725296fe7ed39
59915fbf190d36d5a59aeb7891e5ee70
632d97d97731ac3e9eddffb3ee448af8
9f72bc1a04556cd133fe5ff033eb757d
63d7b90eb5afef5943cfad81301d2b74
d6099661605aa86ff98f9b19389c22a0
8ccdb4d27d921ecfc4bacd74bb399aa5
75c943298dac5b1ba57910e83488ff5d
febf5e85df25960388dda8fae9656756
933430b59d7c0d93740467e9500c2198
992a28db26044e755d7a64b8c0b95aee
b977fef53614be6b51a4d56a2bbf946c
7f235dbcf31015df65a10364f601f587
fd3b1c8a06a65b0e0e9b74762fa97b8d
6baf7a260f07a4784a7dcd87433a85b1
b419387302e2a1047c7e00331df1b3c3
68bc35d320aaaaaac331073d20a70d8c
9924c42e6502bbce05da374ff66e7e3d
9f434910efa735976670a3937b8b2e74
ff0a0dc51f1499aaf17ca6f790dfacc5
ab9624afa421ad43a426f54b9c07ad0d
a96d0152af6fffc24fe1b308c9745412
11a6f6c7c9faeaf060dc07fe9e43a460
6752e0a9cf8751deb6a9bf61a3d6c50c
1cdb062957c8bab42a75d08e62f25316
8a4ba4cb7aafc57ebcaea87736251edd
9a25231d1f90119a6ff95db62d08b57b
0abd0525517d5768e81930e54436b451
ac212ad781f521a287efefdc4d7ac979
2ac881d427fe91c3d30c3f67c74e8c0a
23bd54054169a808d1dc32c34691e98f
f58e5fa04af347e2b4d71ec71c4b4c6f
e7f8a01b34765733cd35bafe7652035e
76211e6d9a5a19089e28ee7b65db8e05
b926c34e6a395bec49a205b9bea98bd0
6ccf1b79dc7be327cd225d5353e0eaf8
ca44701fd155131990579a9b31015f3c
8bc71354078b194eda84b1e8fa7271a8
64df98637d05d6f20e8367f8a265080a
5e82f7a78dd8bee136794846f7e21cbd
2bb05681e338d9af235c94403e358edc
93f79c5a44d7238e8ed746e135a9b1dd
61d7ff08488b37ae05ce3706faaee046
8d89bcf694ee78f548ec147ff5b6412e
6f2c63d0039ad7c5f43cf57350e64e56
48d33cb923c6cc4896f592c79a2be9ae
c8c25ce4b89f8df51766eca935b6d9ef
54a5a90781a7d015fa4d3f6337e21b82
46d575db15a2ba53149dbced57af652b
792ad726793e6ce17c1569e53d148d4d
224e96245359fd40987974ca2f942c98
2b835a495ed123cae33baebbca577cf3
c967fb43fab4ea613fe7fee820c1c103
b8b8f60e28e509c7f0600be8f21ba5dd
026540da757f03cdd5f682047ad6537f
277c596c768bcef6b5ded74e8a39e119
adf7d640fb06a39a2606baa9b39c29d2
a98d6976cf2ce97ad2dd4a5fb52f13b9
19d31613ec62ab00e5843b2d51b9ab67
9edb918c02f6cf3ec18013fc0fda69f2
67da4325086fdbb2ab11be70b4d92ece
cd707cdd9862f4cd729edc302e854298
ed9cf5ec36fe837918bd39a349db5b84
bcafcc86c1a87a34eefaf1eecdbe7ac9
555f17a1f9e475e61e1246a91f7d6957
f8f9c71ed089e38aa223091fbcee82df
1ad6e86518400bd10d113ea770c6de65
a7989712673fdb7f138749bc462dee60
82c9b47ac393a7e31f3e715d6a59ce23
7b06d9674456b9d53358fb172f6779f6
7e37158c5cd6c3bd9644ab576c8d9340
bdf80deaf21799c1bf7998ac5dc78b38
673e46164e4197df722a633b34b7990c
5b1e11f2b7fcb2009b99fe0e67ac143d
03965bddfd2493a0d693c8338923491f
5620ec5b0e786704b6bda02e9c6c43dc
4757fc9a89dc7b9e444019fc6fd64a9c
90976f779e9ad3b010d0ddafd400903b
e18f998087d6cb4936da63de76bfa675
0d712057148091a6f2ec007d399122b8
88982f15eab5aeb9d4a486ad3f5d7800
2093513bf6c7646e13f2680ad3d24ff7
2d4226922b76bfec90a6cd3a621e172a
553b1a3e4cb3a923728f6389c1f53274
043fc63a86bf2a6de1090da4927ca7e7
b826c2669313cad78ca366183c7e409b
38cac4b345c3dcfbf3cfda3c1d490f44
42e64692765eca0a8244da9e58d6e49f
123eb29bc59059f9ac6de788077169b2
6391f837bc17867b57652c3c3b9deb41
c782eebf80fa2cca90138718db83c38b
11b7145e54333561280a74683fc14a4b
eafdca509acdda80365c156fd0410b9c
1dcbe1a82457964461886044e4a42eef
3a5ae7d07dde1c7661d7cdfe135a9db6
52a2953db86b65529a9d8694669e97b3
99f130c9494cd73ccfe6a22db5133c4c
42d9a535ea1020046874411b75537072
2de2505d333292f456563f11ab2a5938
501a61885408a23c3dfca290ab7bbc2d
e56a089e887da5cc4bf841befc655b94
6c37a174a887c624a3aa63ec73712e91
88e215c01c2e2be086371c0cf7ca12be
61ff4d1111ac17faaa760a1264513151
592512da507ded04002c511ca7c2db77
84b54c1293fd3bc37b7a65d7bb542c41
16e2fcdc231cfe80d36c5a66918c5a18
cf18f334ad8b3134f7c01393e63a8eed
50908f3863c155bf41f3cce35716c85c
db54673ed8927714eb9d8e260e0bc89a
82eef5aea09405b9a7e0de8454ae4c06
13308628adce536ab0404d7939e96689
9679b450b1d750087a59fc5c821019f6
2ce62336e5e53c5e8d54e96756044ebe
18e4b9c036a995c7cdd9c5a742e03268
cbcf0e325012416aca2aa13c81852471
540df3490677473e8bb5fd275c13f12f
510145da19efa75b775bd7c511b9d66f
8cb76420c486b31ade48a2e4098af5fa
bd325bcae57aa6abe2b2520ce1a58820
f79f5eb7fb0af96189276c6bd1772974
6600cb2a90c6c0388039f73b5a2c5227
23f3db3d11cc69ae8a76058f465933f0
5e867e0759201476638192c99062045e
857bddc260dcfeb892a3683be9ca8bee
3d06dee46b4be862aca52996f94c5c28
11af89aabadb96be330067b4b09e01ed
ea549aad4839858c875c3c6857eb9b65
44a82691a5986e0cf14a5cef4bc734d7
b2fc7447faa5eb43f154faba7bb1b64a
5ef80638b83b77f2921c1132762c4acd
4a901b8144dde45da7b414154058f053
2f036d8cf43b0d294e881515c47b012e
0d1c22b2fe7ac5204ce6547989dbc9bc
a50b760a0820593fda8dc6b02386a1d1
4c5eba59f3512b50114a60ef0a583a4c
176fd5f4fb88e89f3fa15669e03bc180
0754131eede6d3cee51f5374086a78ae
d6e5ba13cd8f8f79b8f39c469490f540
601586f4ac55cf563f1c97836c092145
2a3810d4fa2d142e527fdc37589aaab4
bcb7b80e7dbadeae425d3fa6c2639625
c7330c1b5ff7e8519cd5cc69d1636885
baf39cfac7a7963c4285c33b863649f0
fa23306a7afafd86b0e0f37af0da1f4e
1a9b018dee64f1da98d8a652e56f3e56
c3d42c7845f310782c2b623f56696d5a
b95c6328e8efda8e06371c445fe11df9
9042e6a3e57a32c99b4958927066f1d9
dc521a324ab2d9afa8ebe3f7bfa3777b
719449f3e486aac36f4d176a76418ec3
6811b6241379f7dabfbd085eec5d30c9
f60e26e6f28782aa3601d823170f1fd0
222930aaa15f7a24a5782591a9d9afbe
03eae221790e7410668f3963b6082fec
bfb76c18d147613436644cc6e2af0fe9
3936d82b9c2634db80e2dac12949c746
f777fd892ace5dad5f601f17342042b1
30786d980ba7e83797ad0d749f289b04
064e02800a6bfba9e4b9fd2c1413fd35
a01c7f4787763ca678bff2fe07d79d05
c0e473c998eb4b35b12cb1b62e0a79f7
317aa6c18d2821061dc7cce3245916a5
6173e534d38723e1051ef271df16bb65
de8680ed12811e031d77eb8c1e79874c
25c9c83651c4d71ad534aa5bdd30750b
a5aaf2a05be5a492e129e51424a409ec
ac5f5f5498f82051d638fe2ad9b7e57b
87342044bbb2597dddabdeb38dfa4dd2
797ba64daec36429d85d26c8e43cb837
6d01abe2dc6e56bde159cc464b2c7603
ab3cc911cf7f9f83f7bdc504ec1909c6
6338f238bc7808bbf4085151b5ffe793
40906389b4f7a051d1da1fbe18744eab
4c5ede4b85bd5ad2676bee5883d3b322
8d6403addcddb909e92571a9522c52fe
9d44cf693f60c3aa7a9eb1542ad1e544
7a1dad8becc4cc70c4c4e3dc18fe4444
0ecbb9025c2194b30fd5823cacac777b
96fa0299e315ba44426e719fe84112b3
4b90cb39b3af78e4d4f20f611dfb1824
3c1ce8f9093a1ad727a5bedc66035947
167162b86a73502a123b098455eda623
854d7bb194918c37a8a1ef8166c7f2ba
00f1072c45deb4874acf7c8958e98acc
ebf5c35e6740332c3cfc40783f9fefa6
3c4fd29992c75da7741c0c1db28c3e3b
acf1640937cd180e614c4ba9c01f97c3
0ae37926aecec47e8c53377dcf86e15a
3ac7174ed633f3284d357a240309f87a
075d74836b29afdcb137bb022c2483f4
640d8d9198a4b69f5926d9b08adcdb83
a8e5f18b068ef8575c88fb374b4d9e9d
b2fa1fcb5dfc735ad8fbe9eaa0a72111
b42dcf6646d199c44507fa52245018fa
887fbca91a81f69165de84e106fc4c82
e4202163f3ad9535fa4aba743c403e4d
06b193350d1e0a686c8c664aa0a4d2fa
f94ebcacf292ab2a3a27e3a418f80545
88bdef0017d224bc56efe1328c6902b5
239ef7d0108dca52a8579fc95541d255
2247da9f7b0767288d7ba9497071afd7
b7136189cadd805d24b3684b39f7bbda
f83b5b139b1059204cbc85d94c912bd5
43c988c04b2f695336aaef8328cee550
b52eac36a2f0bc211b86aada8ef36888
127c4f3dc25b585e9e616bf7d55fd714
57a4520612026d3dfa14aced2363aa2a
075f12559adc15de2ebcd14b7092c503
9530bd84752d12801a3b6111b884ac56
0aa6185382079cbc8ab5a81bfe2abfcf
adacbebe93462d7be188dd086b229eb8
8ec556edfa2852043e77a65b8ded6b58
1526b5934016bcdaa62032060639f0dd
cde4f6874b2dd9cc8ec5bfa51c2362f8
8b1b21edb1f0355fb6f09b9248ca91a8
21cd48256a115fd7523f71f47bb41fc7
87726a03708f415555954697083ebc3e
7e62500200ae786ae2d45ea75698f564
3e272458fc632296d33d07550cfa09e2
fbb697d3db6ed27cb6a35d25d14cdfbd
84cdebd7302956e242d1d328137d02b7
d503f996402e84fc1a572f35cf9c6752
cb390da1b5fee3f4e483ced234d669c2
72a2fd9804ef6f96d3fc989e9a874f5e
59e882396115021a3653ad421c41e2d6
eac60fa83d8345a3ad35406c15cba81c
82f05e99d3b733296ecf541ea8618e92
328c7004edd530f4223813e70ea2b247
d0efc4e0d4319309857d38cf0f038a7d
c55f97a50bcc1a47dc32a5584a9a50eb
7562cae5e22af786cc92be814bc88813
b5e51401e952a12fb0a6c54a141bd9c1
13d4c6fa860bba6f4bfc19c15db148ab
8b5cd4bd9b9f4ce1e9df973b04d0cbf6
f8b8625b5de51dcd1a1131b49ff568fa
09ee571cd1c0d30d0d0351038c6a9940
0348c6b07b1038f652950249614bc0f5
6a419c0a1acbdf9578a12b53e1fca4cf
c971eaf90398dd9878ba9ce391745895
9e5eb51d94b3a7ef529a0034ce773517
6d9b0b7ca41ea47730bea1d9e7b3199d
ad291753658ea1fe2d7a71fea3491f1b
53ce6f76b90bd1baa371038103582289
486124a2e3ee046e7ec957c02fee6588
0bfeab766c002f559ef1bcb88842b2db
eb5ad3b62d2f31935b2050cca55dffcf
92dec133ceb56ab138c9a4e6a341d78d
f8d1927ef3696b3b4b75dcfee6ebbd77
d2203febb3daca363f489e8106f8ddb3
fd3c020552fc538782a86ec00b3945d6
5adf9108a8ef6e78592d6c208a80af70
db6f06b0ffe4419edaf669e29067abfc
33dadbde95ed13e3c4b0b157a0b3d12d
89c65d2b03ab309359094dda6f93f615
78f26a538d40bde1f299be324e265985
ca218ee7700e6ac78541a339944b6371
b18acf08d1b308c7b47bbc95f25af8ac
94103710d8f1a6eedc24c897f3c6543a
d7287a291a8dbd32190c2e976372649e
424dca1bc8f7088c7bd59a1a535509b0
8d6fdadd916571e06220d8267da962e6
38dbc6cffc0d54b0a2c94e6033c85c70
94a4ed56b0878842622ac68c21de9613
46896349f64aa3eb65a34fa8911444c0
1f0adf64ecaaa3ab32a33506b17c541a
0be33245a744b08d002e19e45f65a6da
443e0708eb3657248ae7e8c74085b3e5
1afb2a463b497c054c3006a895a6a770
fac2bbc0d2598abd5631212b46018eb7
e5efd169675d99a647b0d3029c864999
2b326cabcf7ee19c8708ec69ceeee064
2127e093afa26375f2ba2cd7cf6199eb
894205412d3babec1fa3951d9e84e37e
bce0ba48acb01753a247d9737ce90af0
df066c0183481dcc8ec58d0d3c51ff75
11557aeb69a6131265f7c42146002cf6
49027a478d32960d55d178fd84a832c3
1dc15ce9332c5fe7c77517a508a4d3e3
683961c7cfee46a30ce139888774974a
066197dd08ecd68ae777896065614222
7bf5213eb712509647e22bd9b59035c2
9d8c94dfb79588b225dc6dc717178c8d
76856e9f7d63c0ebecb0569fd9412133
42052586f52a5c208c75a12e815bd27f
936d29b245e70b47581aa42af295331a
ee776aec0c92115eed5866e9d2ca2e0b
e191617b68cffe06d78194fe00b062d5
64f3d0b4e04d4e5cd19b5c82b157136a
b2f33243fabd9146a50ea1a214534a97
adbf6fa5218ba48e657c0667b7cfb325
8c2be302d59fd697ff980f1a80250ce7
5a123856529b1cd45e6f027b6f57ce8c
58f2accfc6ebf29424053d40083f0930
4c98c7e5010f7563761c0c67fc68e225
1696ea5d78b316df67ceb3581dcb1df9
1fcd871b0536f2902c77fd40b989f680
5f102ea62e8006175a1ede9c6aa7ad93
0d3662418e52a275d33d4da48a6fb0ff
46295956edefb7039111771ece332907
69cfbb55e08b718e388f6d5877012db1
326937a4f760308756c7690cbf30673e
510a00a256413dd4977683c7032ee28c
c51030f023a5a46e420ff084647e13da
ab66cb2e8eae8cfdc9ad5328d1b18636
7cec7c4ef5ee845d0f9c8fb84712724a
4ef4abdd537267eeaea3251f89098402
5b7c7d52eca313d52ed46a4545dc070b
9cc7712e451955bcd1f407e594f3de2c
d7870ca002f7ed2a078a6bce76ce7e12
2d9f3ee93750087bb969ebcef591872b
41b437e9b9fdd6497ac2d3a50228b757
a002a515c0a08a805844dc8f6b7d89f4
b4c2aa65d3a1f35f825f735bb2a962e1
1dca38a2f028ae29f00a9d123a3e2592
a02bccd11334f77f002e92a25adb0027
d5ca48d4bdf83b689a0f4090fa3f6bc6
dcce3ae8a1e8038eb545dd733f7353ed
13dff06ca791fbc1c692be858f6b5c68
b87570db8f2e33a986bce8710236f45d
1f8fde2e03c809db37d1d2bc60fc7f14
56cc9b7e54511e02f6cff1432c1bdda8
ec39dad4693c07f9e7963e22de3bbb03
baa4340f34437a743392bab084c406b1
1d115342b9189c67a430feb22c2269ea
94e93a41a4617f0312273ee14cc433ad
c4c961b514482e2f3a944c8f3588393e
2c4a0101b87d3519bf4a0d71c36b8321
2b16070d70eea743ec5b7c1b750aaf85
d5e22392c9f28fb08e808ea742822710
8ceec8ea3253d10b5aa4f3209802d1ac
78de32e640d70211f94af961b28ca7ed
994ab1bf214a99b456d96b9bf2210e76
1de0abd348179fe6185f96b6a4fd6582
98bc176cf2ff242834973121d8e633c0
d61baba009978247b8560d3c7ba2d684
c7bc861e0a2bbd88fc2d9a12b6efa370
413b071311a04ec396057716e5246344
34158c7fb1374665e852c024b0754cfc
19b5b6eb71f8611c55124d0bce4f8271
5aac993da1832a873b33b37f2fd227ca
803841b6c3cc7261e94c298c32e47c2f
1806c153dd09c8e8a0303c99aecb6c57
0f9f8d75bcfbcc95e71c026373248a29
2b1b136bbe860398d8d831231b5faceb
46955881bc741e7f719611e6880c8749
9c3ccdf53bf2abaf40f8a13e2297df63
9167757bc8c84c5bfaea790609b31738
a629e97e984d55570188e39756bb2d57
0f61c2ae2268710df3996330481f5a1f
88fdbfdb2a04dc4b1230c30e56ed41f2
758d577e93caf17752ac150067833550
156016facbfed398ef6d6667796e4fb2
7b611f8088661c067dbc3f9eb4e5f8fd
257cb669669315cc73b2072c19168608
c61e329bc747f3d988ce2c4f9269ec78
1b0d49078996fd61a33a6ff5aa84f761
65a4152487339855122e2ed21597763f
bc861edf712e75b8077987d2bebd0dba
ba78851c8c6e832020b060ce78a79050
51d419c719d41e03ea465553d3b4532b
49dbcd7ec4e378227396c333f299d6db
d535d251b8100aa661999d92d48cb4e5
42b4da044692b3a3af7049f40caba9b0
fa518f1ef1662e9bad35b5c3d468726a
b22efc6adcfab323cb67f74b85336170
7c08a8e5a833fdd14e813eda6cf7b7e4
aaee5f8dde5094f52d34f705b71eda16
0d08ca6f021b04a1c32e046f7fa048c4
88286a030c2a6688b1731f43ace6a7ac
b066ee7db61e6451bd7a1b6e47a7666d
8c7a6edbd32cb62e149f65451160b255
c2b8a4064b047520bef92f46138a0b60
1c6eba704914338c57b028830fe0e7c1
586ab89addd2bb87f2c9678b4a0c5212
5e74b56a1f8db95aea40e4e070dc5643
44d679852092894fe9656b322c9d16a9
dd2687a1fd89fb91101891e70f0b46b9
a8800d4d5f58799804e61aa90e5f3acd
d217ab3f898d2f845c217885d21b48b0
e9a0e6c16b905fe64337551d3d48f1ce
eef29707a73798d93e44aa2960d78a09
c434aed0e19ce2486fef4a73a11241d6
9f56b94147f91b15b9ef791fb08a841d
ab4887f9f032000e05dfaa611c6f3a7f
596002666251031801a3a312f35b9a67
27d6bd2b8b55c75d130f3e950d492537
ffc6197773ee40b89176e706162dc201
5eb0dca21d4ac15bed904a15021fc6b4
4f2aab37ff7f46f3401b409d00bf6d86
f30c6c20960aba20cc585efade19059d
3c5a38839e4644baa5415b03b91d620d
8dc93099e2f4ce8443e794fa593893fe
64bbfdf201f542522297df75d9390ea0
ee687edf67d904da39c899e6ff6a91d6
528b6dbf716f41f55d47615be64c55f2
9d7a352c9d43e74f257b4c0aac29b282
5f0478792c6b082a238703b206b7e4ad
28dfef29a4e5905729785eacec5bf3a3
83c2cbbf4afaf2bf83e56643fc45dfad
f60d0948e3a9e1278d3ec2039abbdb20
e3571f48721fd9931a0280c8c7936e59
c7b98322151244159e28a89e53a8ecab
235ab57f47a3386588d1375d399b43f9
5f75267358bc018c5308ea1deeb5b405
d1eea6a8a0ec97523a9074c2bde7c99f
478f610615515aa179a0f71a44ad9227
14f442cc204c46418a17772c96081032
1be1c97eda80fdccaa1e94e4d89b83b8
1521732a1f06cd959fd6f34a03637c98
43c1393ca9ec8d665bfa5b5e6b31edcb
6b0cde855b9b3c26dd7795391be1a2de
9040cc355cabf7ea50bfbecfd1189c61
2562df0b01fc8095933cb1c9ffe52510
b7e1576b676c759da2a0d978473938f0
38597029068ded96e74506916c62a613
3137f5c0dfe6446e901907b39fc2d3df
122e3ff399d51abb4b7f190a22d9439c
a8cfcb3d8020ff55ff250c83dfd74ee1
ac9ed462d9707f92917bc529d2ef3815
dcaa81bdf018ab97d3bdef929062d626
9ffd0551e80d8a7891bef84a0cc962ee
c7d8de4ce3244ab38a237c023c7c4cf5
b2b06130f7a7abb712077f6129474754
09a6a418b3bc6cbf0babe61e158c3dd5
25afa0747b42a908d0bcf6f5ab951f09
3c3d154d979432564ee7d37c34c3d3dd
e7abcccf05263ec9b3af5677fa0393f9
35af9dfbd2f4278d398e68a192efa760
0c0eec452e6a3b759e48332d46e29673
d55e1cf8df30f1a7513394ec05f3c03d
ce8874b2820d34960fd527c08368ee2a
3df52af040cd7ee20112f1c4cf5895af
04db93532c918e18a160258ef3777ab3
807f0ebe7926950094370f077c1d0fc7
8ed9aa0088b5d0b02369ace948b2f361
c1438444e89170b0ac9ee24bf608e2ec
faaadc7ce1e13f4ae1903638d85fc93f
d05412144e109bb30bf01ed88b4e2853
2d64baaa4a0a7cfcc20ca0cd57909ccd
e0bce84d09ee83c5cc44f79842d8e5a7
cc6579665a15ce3bc9669b7a9671b5aa
ea86a001f3bdd21829cf27e4da10556b
d97d57cc5d08b05532f22b4c43c16136
aaa09ed44a6814fa38c2eaa318840cea
320ef11b72ab0dc6a259e41a4e5db629
ccd86df53a4111568950e2ab57bab4f8
2786805b263a38dbb06918d2ad46f334
7e3adcd0880df1ebd3984e7879c4e286
c91414b703e00d55c47397148838d361
7b5959a6b0410b8aa5c11757e688e76e
e26019471c6a3a0771005a129b14afdf
ef0b79b669ccdf623910bfb2b4c0baae
2709e4b27e4519347c795284c3b833bd
98fd93bdc46b587fd05ad156ed85b66b
55326bacbc254c6f0e494cc448f4f200
c6c9021f4cfe509baf7b5c09d4310bb8
5c34e11100d7d571f7d91aa55ccd9db5
43505b60da8c2acc0e72d758a4b7fbf2
68284d0075cfc06348f9081f0b5ec427
779bfc274a33fcd0f2abedc25b984041
a455fba7d0000139a65322c43c299ed7
09990aa3688a9aa067536dc81015d2d8
487a2104fb31799f5561548ae08d7058
c68e80b689abeea9b809614e4bb7b2c3
8b364d40e8caa09861cc94e001b53812
8642f120fa79d9b27890e7b5ee8e60ad
02084091cc8fe809dd1a724a4c7a2e01
0468650d395939900a41cb6bdbbfdb7d
b15db11d7500c82361393ce9fabf3d7f
bcdfff92b6892bdafc0d518aa42cd6cc
729dfd411d3ec3f584c1a93502da1430
8320c0a7a76d42dc426bc87adfb6b194
2c2e373812f0f9b68313169257191b7b
0f98e18ffd9eef1a35fdd1fb93fd2332
483caa0b736aebea27068daeb36d5afc
ad7763d6ded3534df8fd650be2b37efc
6fa2bf6a9c440e59d38016848ac05259
e63a493a19bfde518298ee318d9eba89
54a8e777ce81cf85299fc6712e3e31f9
89756d4abd26fafbfe89ebb1280b161e
cdef10fc9b13dad1cbec23d7f8673a3a
ff6b87842053cf5a5149137a2544a47c
69a1ef3b4f3c091ac89caeeecf702ecb
9d7a02c86ff80043b50ccb59df5974e0
b1e19caff5c86aa257dbcf3a2face2b3
fd771ce00ca8746cbd7e7693d8fed889
64622695d2493f389de3b75f76c36dc2
4d47407144886cd2080f1ebdd02c6484
b6abc3f1c62576e98a2104e2fe036ccb
8354aa5e6f18aca18e24a2df480fa9cd
0b7c683e5498f39121eaa036f461283b
d9195f5ba7fb8827f1b12fe361545ec0
f01b61c465f9a9c3fa80862f07018b53
05a1f618d88395fa5038d3f29ef67fe9
b80363665dcd978c340521eff2818060
acdb279096ac541f507b0c6bb1f9c1c4
13b84c6da138104c2a39888daa0ad16e
fc2da56564888b947ebba940ebc36791
a574001d66025ddc164bf7d21fbc0c8b
be47348c26944114fa156d5065164f60
4fb6d6b5b223fef4ca7a44469ff2fc1e
c13847a5ee1009ed7d31c8a5e79ea5b9
332014da68fd4197a042abc10a46f4a4
21be0f6a3dace4b050f08dbcb1615a11
f70d25937a74a2e519ebe81f73e7b53e
611bcef510c358124975cbc03cee549e
2f25ba2a260ef750183a7f421923aeb7
50c04078402e0fd1551cc5cf152baf97
67fd817c49e1fa0bf22dd015149c2541
ee00a3c620e4777d2323ab794c29891f
3b8553af85a732e4de2852a75314425c
98fc59424cb7dce1fe7c87555c49c802
bc75eeedeaef3f223f94e0f937d6e7ae
33158155681e2cc41709270ca36efe8e
ecc361eecadd671bf1a4a47d5295af10
5396dfa538f8139de7a12233d0cb7608
66341d1e6bc3bc3dcc5a88456769dac4
e50dca1047444a43ce458a8eefb7d0b3
6ad885e9f9118cc9a3d4099387551f31
f448debef0e4677e67477e9a5ab4bdbe
340df15e26850278c390f37618458a85
a669de787d26718dfe60f2c80a984f72
2f426cfcf08958631ddb653a458b5949
7e1802b8322b6c0354fb6116dd31df39
c18bcfc4eb57622a731705ca249089ba
2a0e3ab3d1ed5516d04219efaaee319b
865215f4b84d03f49579978e25737ad7
0e4f53ca73d0653de3ce89093b4dde37
e550ec9688d7bb00bbf2453db5cbfd79
97c15e8b0e7ef1a64bd2c7b2876cba00
f24af01be8710bde636e8b0059d9753c
0b6a3fa2613349f6f2717fa3d6925594
c96df78740c6f5fccba788e728cf3458
4e2b982690b69721df4edc7ef5a25caf
f50e0cdc1fc3bb728040ef5b69645252
30915eb5050f76437c95176ee4c6cbfd
fd77e488b5486078621f004c86536851
7c7d343916e0060c758082c0182175a4
36f5e5a2b88b40977edbab2e9109f612
2f0ec9c598c12ab084c72a4796eb319e
ccadfe54b4755de7da610acc989d46cc
7210f04a35500ae132cf78f4b401ef8b
4f023df9648fc25837f8ccace0a1c8d7
1b6c35eba42f574acb70a3b313c37e83
d632c1ee7dce9340fd097ad1a66b05a6
fc2cc9c671b8fac8e26f9716759c642b
f3495c4d25490337f5e72e7b56770c61
285f4285196e4fcafbdfad7db22fc1a7
3e7c9b61325086fe22849a3d68a8eea8
4b30a1179bff6ddc50c66a6df3ecce6d
2bd62c72ee2ad9cf16165d73003f3570
6e3c0467da67e95fafcc7938a864e043
ee2e2e2a9b2ec1093c8345c3575f4c35
4bf26380870aeeefcd762707b2005540
8a7b8f1a45762d0cbac6ea445c2bb676
5407e397229232ac7d6d84dbccaa2260
f2720cc85fe191ef4f87ffd2d2521c1e
68446d4470666e34eb48f221f9368c02
01b08df842f514e33616018851432df2
dd81504c1d67c3d999105232b402366a
bd6c47547da1aaaa98238c155d84e836
e20726108ae89a8058ce1b6fd58d3635
a7b036820f6e057000c7a1442272e656
347b78f54ed970f5a2dc10435dfbd498
4c733a606427b61267b42cc0a4ad1ead
cac616069836a8d1c718f71776c49756
80ea73c8a84b8cbfb60208dac458f9f2
bb0afe800f9a00d4916c0343f3826b6b
792a6ec60b2d9f14d1df9e1cd0593e2e
5948dd07ca7a72e3ed09d39edb100927
